P0DPT8	C1JAR9	60.700	28	28	147	9.097E-06	41
A0A3G1DJK5	A0A0U1LSP0	41.800	646	729	997	5.585E-137	456
A0A3G1DJK5	P11544	39.000	672	729	716	6.522E-120	406
A0A3G1DJK5	P10248	38.800	671	729	713	9.285E-116	393
A0A3G1DJK5	O93967	37.800	672	729	740	2.381E-113	386
A0A3G1DJK5	Q96V77	37.000	687	729	724	2.056E-112	383
A0A3G1DJK5	P52777	38.600	526	729	754	1.375E-90	319
A0A3G1DJK5	P45734	34.700	645	729	725	6.306E-90	317
A0A3G1DJK5	Q9SMK9	38.300	538	729	718	7.203E-89	314
A0A3G1DJK5	Q9SS45	38.200	549	729	707	9.764E-89	313
A0A3G1DJK5	P25872	35.100	649	729	715	9.764E-89	313
A0A3G1DJK5	Q01861	35.200	645	729	723	1.324E-88	313
A0A3G1DJK5	P45725	38.800	519	729	694	1.794E-88	312
A0A3G1DJK5	P27991	38.500	517	729	713	1.794E-88	312
A0A3G1DJK5	P27990	35.100	649	729	725	2.433E-88	312
A0A3G1DJK5	Q42858	35.500	620	729	708	4.470E-88	311
A0A3G1DJK5	P14717	33.500	674	729	701	8.212E-88	310
A0A3G1DJK5	O49836	40.200	488	729	705	2.771E-87	309
A0A3G1DJK5	P45733	38.900	513	729	712	5.089E-87	308
A0A3G1DJK5	P45730	37.800	513	729	715	5.089E-87	308
A0A3G1DJK5	O64963	38.000	517	729	717	5.089E-87	308
A0A3G1DJK5	P35513	38.900	513	729	712	1.267E-86	307
A0A3G1DJK5	Q04593	34.700	635	729	724	5.785E-86	305
A0A3G1DJK5	O23924	37.200	527	729	713	1.062E-85	304
A0A3G1DJK5	P35511	37.900	513	729	704	1.439E-85	304
A0A3G1DJK5	P45726	33.800	649	729	714	1.439E-85	304
A0A3G1DJK5	P26600	37.400	528	729	721	1.439E-85	304
A0A3G1DJK5	P31426	38.000	513	729	590	3.577E-85	302
A0A3G1DJK5	P31425	35.100	649	729	720	3.577E-85	302
A0A3G1DJK5	Q42667	37.200	520	729	722	3.577E-85	302
A0A3G1DJK5	P24481	37.200	527	729	716	8.890E-85	301
A0A3G1DJK5	P45728	36.900	517	729	716	8.890E-85	301
A0A3G1DJK5	P35510	37.000	517	729	725	2.209E-84	300
A0A3G1DJK5	P45729	37.500	517	729	718	2.992E-84	300
A0A3G1DJK5	Q43210	37.800	524	729	700	4.052E-84	299
A0A3G1DJK5	Q8VXG7	37.700	529	729	703	7.432E-84	299
A0A3G1DJK5	O23865	37.300	517	729	708	7.432E-84	299
A0A3G1DJK5	O04058	36.700	508	729	667	3.384E-83	297
A0A3G1DJK5	Q42609	36.500	520	729	703	1.137E-82	295
A0A3G1DJK5	A2X7F7	38.600	488	729	713	1.137E-82	295
A0A3G1DJK5	Q0DZE0	38.600	488	729	713	2.084E-82	294
A0A3G1DJK5	P45724	36.200	520	729	717	3.820E-82	293
A0A3G1DJK5	Q68G84	37.000	509	729	687	2.349E-81	291
A0A3G1DJK5	P14166	38.900	491	729	707	2.349E-81	291
A0A3G1DJK5	Q43052	33.600	649	729	710	7.881E-81	289
A0A3G1DJK5	Q6GZ04	36.500	509	729	698	1.953E-80	288
A0A3G1DJK5	P45727	39.100	481	729	620	5.426E-79	284
A0A3G1DJK5	P45731	32.800	649	729	682	7.340E-79	284
A0A3G1DJK5	Q40910	39.800	413	729	571	1.865E-75	273
A0A3G1DJK5	P07218	40.100	348	729	506	5.267E-59	223
A0A3G1DJK5	B2J528	29.700	514	729	569	3.149E-50	196
A0A3G1DJK5	P45735	42.700	247	729	416	5.912E-46	183
A0A3G1DJK5	Q89GV3	28.400	502	729	519	5.847E-43	173
A0A3G1DJK5	A4YNK7	28.400	497	729	515	2.409E-41	168
A0A3G1DJK5	Q5FRR8	29.200	503	729	515	2.409E-41	168
A0A3G1DJK5	Q92195	56.300	142	729	142	5.674E-41	167
A0A3G1DJK5	A5EQB7	28.700	522	729	515	1.335E-40	166
A0A3G1DJK5	Q8GMG0	29.800	520	729	539	3.140E-40	164
A0A3G1DJK5	A4IK90	29.000	409	729	504	2.975E-38	158
A0A3G1DJK5	A1TRE4	27.000	508	729	512	3.951E-38	158
A0A3G1DJK5	Q93TX3	28.900	411	729	510	1.632E-37	156
A0A3G1DJK5	Q2IIV4	29.300	408	729	508	2.167E-37	155
A0A3G1DJK5	Q5L310	29.200	407	729	504	2.877E-37	155
A0A3G1DJK5	Q1D6R1	28.700	411	729	508	2.877E-37	155
A0A3G1DJK5	Q1LRV9	28.900	525	729	533	6.730E-37	154
A0A3G1DJK5	Q7P188	27.200	526	729	510	8.933E-37	153
A0A3G1DJK5	B4UC43	29.000	408	729	508	3.677E-36	151
A0A3G1DJK5	A9H863	30.300	376	729	515	3.677E-36	151
A0A3G1DJK5	C5D4K1	26.100	535	729	508	4.879E-36	151
A0A3G1DJK5	B8J950	29.000	408	729	508	4.879E-36	151
A0A3G1DJK5	A3MLT7	28.900	493	729	507	6.474E-36	151
A0A3G1DJK5	A2SA96	28.900	493	729	507	6.474E-36	151
A0A3G1DJK5	Q62LJ6	28.900	493	729	507	6.474E-36	151
A0A3G1DJK5	A3NXA3	28.900	493	729	507	6.474E-36	151
A0A3G1DJK5	A3NBH0	28.900	493	729	507	6.474E-36	151
A0A3G1DJK5	Q63SH6	28.900	493	729	507	6.474E-36	151
A0A3G1DJK5	P58083	28.900	488	729	513	8.589E-36	150
A0A3G1DJK5	Q8NZ46	28.900	488	729	513	1.139E-35	150
A0A3G1DJK5	A3CL24	29.200	488	729	513	1.511E-35	149
A0A3G1DJK5	Q5X9K4	28.900	488	729	513	1.511E-35	149
A0A3G1DJK5	B5XIY2	29.100	488	729	513	1.511E-35	149
A0A3G1DJK5	Q5NZX8	28.800	512	729	526	1.511E-35	149
A0A3G1DJK5	A8AZ70	29.200	488	729	513	2.005E-35	149
A0A3G1DJK5	C1CWB4	29.500	397	729	499	3.527E-35	148
A0A3G1DJK5	A2RGS5	28.900	488	729	513	3.527E-35	148
A0A3G1DJK5	B2T2Y2	28.800	455	729	507	4.678E-35	148
A0A3G1DJK5	B0SYU6	31.400	372	729	511	4.678E-35	148
A0A3G1DJK5	A9AGP7	29.200	488	729	506	6.203E-35	147
A0A3G1DJK5	Q3J289	29.700	384	729	507	6.203E-35	147
A0A3G1DJK5	P58082	29.700	368	729	509	6.203E-35	147
A0A3G1DJK5	P0DB74	28.700	488	729	513	1.091E-34	147
A0A3G1DJK5	P0DB75	28.700	488	729	513	1.091E-34	147
A0A3G1DJK5	Q8Z896	26.900	503	729	506	1.918E-34	146
A0A3G1DJK5	Q9KSQ4	26.500	506	729	511	1.918E-34	146
A0A3G1DJK5	B9KSW6	29.500	384	729	507	3.371E-34	145
A0A3G1DJK5	Q1Q9E4	29.300	373	729	520	5.923E-34	144
A0A3G1DJK5	Q8DA21	26.100	506	729	513	7.851E-34	144
A0A3G1DJK5	B5FP58	26.900	503	729	506	1.041E-33	143
A0A3G1DJK5	B5QX62	26.900	503	729	506	1.041E-33	143
A0A3G1DJK5	B5R758	26.900	503	729	506	1.041E-33	143
A0A3G1DJK5	B4SZJ4	26.900	503	729	506	1.041E-33	143
A0A3G1DJK5	C0PWX9	26.900	503	729	506	1.041E-33	143
A0A3G1DJK5	B4TQT6	26.900	503	729	506	1.041E-33	143
A0A3G1DJK5	Q8ZQQ9	26.900	503	729	506	1.041E-33	143
A0A3G1DJK5	A4JG46	28.500	493	729	507	1.041E-33	143
A0A3G1DJK5	B1YT80	28.900	493	729	507	1.379E-33	143
A0A3G1DJK5	Q6AKP3	26.800	506	729	512	1.379E-33	143
A0A3G1DJK5	Q54JI7	26.900	461	729	539	1.379E-33	143
A0A3G1DJK5	Q0BDK6	28.700	493	729	507	1.828E-33	143
A0A3G1DJK5	Q7MK58	25.900	506	729	513	2.422E-33	142
A0A3G1DJK5	Q3IWB0	28.000	485	729	523	2.422E-33	142
A0A3G1DJK5	A9MTJ1	26.700	503	729	506	3.210E-33	142
A0A3G1DJK5	B4EDX5	28.400	493	729	507	3.210E-33	142
A0A3G1DJK5	Q87Q77	25.700	507	729	511	3.210E-33	142
A0A3G1DJK5	Q2RUU3	26.700	520	729	514	4.253E-33	141
A0A3G1DJK5	Q57RG6	26.200	503	729	506	5.636E-33	141
A0A3G1DJK5	Q1BHY5	29.800	442	729	507	5.636E-33	141
A0A3G1DJK5	B1JV50	29.800	442	729	507	5.636E-33	141
A0A3G1DJK5	A0K8U6	29.800	442	729	507	5.636E-33	141
A0A3G1DJK5	Q67JH4	28.500	400	729	507	7.467E-33	141
A0A3G1DJK5	Q7NCB3	27.900	403	729	514	7.467E-33	141
A0A3G1DJK5	Q5PG61	26.500	503	729	506	9.893E-33	140
A0A3G1DJK5	B5BC34	26.500	503	729	506	9.893E-33	140
A0A3G1DJK5	Q9KBE6	26.000	522	729	511	9.893E-33	140
A0A3G1DJK5	Q5LRD8	25.000	489	729	512	9.893E-33	140
A0A3G1DJK5	B1KP55	29.700	379	729	510	1.311E-32	140
A0A3G1DJK5	B5F069	26.700	503	729	506	1.736E-32	139
A0A3G1DJK5	Q73Q56	27.400	403	729	507	1.736E-32	139
A0A3G1DJK5	A9MJE9	26.300	529	729	506	2.300E-32	139
A0A3G1DJK5	A8MF64	26.600	404	729	507	2.300E-32	139
A0A3G1DJK5	Q0AP92	29.200	359	729	507	2.300E-32	139
A0A3G1DJK5	A7ZAE4	27.500	379	729	512	5.345E-32	138
A0A3G1DJK5	A4W8B5	26.000	529	729	506	7.079E-32	138
A0A3G1DJK5	A1STQ3	26.500	525	729	510	7.079E-32	138
A0A3G1DJK5	A6TSX0	24.900	409	729	507	1.242E-31	137
A0A3G1DJK5	P21310	27.800	503	729	510	1.644E-31	136
A0A3G1DJK5	Q5WAZ6	25.000	505	729	500	2.177E-31	136
A0A3G1DJK5	Q8EKJ4	28.500	410	729	513	3.817E-31	135
A0A3G1DJK5	A9VPT8	25.200	518	729	505	6.691E-31	134
A0A3G1DJK5	A5WDR1	25.600	515	729	519	8.858E-31	134
A0A3G1DJK5	A9IVW5	26.500	491	729	512	1.173E-30	134
A0A3G1DJK5	A8HA91	29.600	379	729	510	1.552E-30	133
A0A3G1DJK5	Q7N296	28.900	380	729	514	2.055E-30	133
A0A3G1DJK5	A0RH39	27.400	377	729	505	2.720E-30	132
A0A3G1DJK5	A1JSW6	26.800	506	729	507	2.720E-30	132
A0A3G1DJK5	Q88CZ7	27.500	503	729	510	2.720E-30	132
A0A3G1DJK5	A7GR00	27.100	407	729	505	3.600E-30	132
A0A3G1DJK5	P42357	26.600	488	729	657	3.600E-30	132
A0A3G1DJK5	Q6GKT7	27.000	386	729	504	4.765E-30	132
A0A3G1DJK5	B7HKJ1	24.500	518	729	505	4.765E-30	132
A0A3G1DJK5	B9IUH0	24.500	518	729	505	4.765E-30	132
A0A3G1DJK5	B5ETN1	25.400	525	729	510	4.765E-30	132
A0A3G1DJK5	Q162E2	24.100	498	729	513	4.765E-30	132
A0A3G1DJK5	Q87UM1	27.200	494	729	515	4.765E-30	132
A0A3G1DJK5	B5XZ79	26.300	524	729	508	6.306E-30	131
A0A3G1DJK5	B7V3J1	26.000	507	729	509	6.306E-30	131
A0A3G1DJK5	Q9HU85	26.000	507	729	509	6.306E-30	131
A0A3G1DJK5	B0UQ15	30.600	373	729	513	6.306E-30	131
A0A3G1DJK5	Q2FKP8	26.800	386	729	504	8.346E-30	131
A0A3G1DJK5	Q2G2P7	26.800	386	729	504	8.346E-30	131
A0A3G1DJK5	Q2YUR3	26.800	386	729	504	8.346E-30	131
A0A3G1DJK5	A6QD47	26.800	386	729	504	8.346E-30	131
A0A3G1DJK5	A8YYT1	26.800	386	729	504	8.346E-30	131
A0A3G1DJK5	Q733H8	27.100	377	729	505	8.346E-30	131
A0A3G1DJK5	Q81AC6	24.500	518	729	506	8.346E-30	131
A0A3G1DJK5	Q02ER8	26.000	507	729	509	8.346E-30	131
A0A3G1DJK5	A6TXF8	26.800	386	729	504	1.104E-29	130
A0A3G1DJK5	A5INP9	26.800	386	729	504	1.104E-29	130
A0A3G1DJK5	P64415	26.800	386	729	504	1.104E-29	130
A0A3G1DJK5	P64416	26.800	386	729	504	1.104E-29	130
A0A3G1DJK5	B7JI80	27.100	377	729	505	1.104E-29	130
A0A3G1DJK5	C1EN93	27.100	377	729	505	1.104E-29	130
A0A3G1DJK5	B7HCD0	24.500	518	729	506	1.104E-29	130
A0A3G1DJK5	B4RED8	29.400	377	729	511	1.104E-29	130
A0A3G1DJK5	C3P4M2	27.100	377	729	505	1.462E-29	130
A0A3G1DJK5	C3L982	27.100	377	729	505	1.462E-29	130
A0A3G1DJK5	Q81Y45	27.100	377	729	505	1.462E-29	130
A0A3G1DJK5	Q6HFE9	24.300	518	729	505	1.462E-29	130
A0A3G1DJK5	Q8ZA10	26.500	506	729	510	1.462E-29	130
A0A3G1DJK5	O31197	26.800	461	729	511	1.462E-29	130
A0A3G1DJK5	A8G1S5	29.700	379	729	510	1.934E-29	130
A0A3G1DJK5	Q664B8	26.300	506	729	510	1.934E-29	130
A0A3G1DJK5	A9GFW6	27.500	427	729	514	1.934E-29	130
A0A3G1DJK5	Q11E18	23.600	506	729	511	2.559E-29	129
A0A3G1DJK5	Q6G3U8	25.600	496	729	512	2.559E-29	129
A0A3G1DJK5	Q6GD82	26.500	386	729	504	3.386E-29	129
A0A3G1DJK5	Q8NYY3	26.500	386	729	504	3.386E-29	129
A0A3G1DJK5	B7ISJ2	26.900	377	729	505	3.386E-29	129
A0A3G1DJK5	B8ZV94	27.100	489	729	526	4.480E-29	128
A0A3G1DJK5	A6T6L1	26.500	498	729	508	5.928E-29	128
A0A3G1DJK5	Q6FZP9	26.100	483	729	512	5.928E-29	128
A0A3G1DJK5	Q82I33	29.200	482	729	512	5.928E-29	128
A0A3G1DJK5	Q8U8Z7	26.200	381	729	514	5.928E-29	128
A0A3G1DJK5	Q637H8	27.400	377	729	505	7.843E-29	128
A0A3G1DJK5	B9JDC0	24.300	487	729	511	7.843E-29	128
A0A3G1DJK5	A9WVU3	26.500	388	729	511	7.843E-29	128
A0A3G1DJK5	Q978N8	27.200	368	729	495	1.038E-28	127
A0A3G1DJK5	Q6LQ56	25.300	509	729	510	1.038E-28	127
A0A3G1DJK5	Q9KWE4	24.200	483	729	511	1.038E-28	127
A0A3G1DJK5	B2SD96	26.800	388	729	511	1.038E-28	127
A0A3G1DJK5	Q2YIL6	26.800	388	729	511	1.038E-28	127
A0A3G1DJK5	Q579E8	26.800	388	729	511	1.038E-28	127
A0A3G1DJK5	B0R544	27.800	409	729	525	1.038E-28	127
A0A3G1DJK5	Q9HQD5	27.800	409	729	525	1.038E-28	127
A0A3G1DJK5	P21213	26.200	488	729	657	1.038E-28	127
A0A3G1DJK5	B8CGY5	27.000	507	729	510	1.373E-28	127
A0A3G1DJK5	Q8RFC2	24.500	461	729	516	1.816E-28	126
A0A3G1DJK5	Q8FVB4	26.200	384	729	511	2.402E-28	126
A0A3G1DJK5	Q8VMR3	27.800	383	729	512	2.402E-28	126
A0A3G1DJK5	Q5E0C6	25.500	534	729	510	3.177E-28	126
A0A3G1DJK5	Q9EWW1	28.400	480	729	512	4.203E-28	125
A0A3G1DJK5	Q8PLZ8	28.400	377	729	513	4.203E-28	125
A0A3G1DJK5	Q0VZ68	28.800	480	729	531	4.203E-28	125
A0A3G1DJK5	Q3KJE6	27.700	383	729	510	5.559E-28	125
A0A3G1DJK5	P35492	25.800	488	729	657	5.559E-28	125
A0A3G1DJK5	A9MCL0	26.000	384	729	511	7.352E-28	124
A0A3G1DJK5	Q8YD09	26.500	388	729	925	7.352E-28	124
A0A3G1DJK5	Q1GSH0	29.600	353	729	509	9.724E-28	124
A0A3G1DJK5	B9K288	24.200	507	729	512	9.724E-28	124
A0A3G1DJK5	A1AZX9	26.200	399	729	513	9.724E-28	124
A0A3G1DJK5	Q1IRT8	26.100	405	729	516	1.701E-27	123
A0A3G1DJK5	Q5WWW8	25.100	494	729	506	2.249E-27	123
A0A3G1DJK5	Q4UTB9	28.600	367	729	513	6.877E-27	121
A0A3G1DJK5	B0RUX3	28.600	367	729	513	6.877E-27	121
A0A3G1DJK5	Q8PAA7	28.600	367	729	513	6.877E-27	121
A0A3G1DJK5	Q5X5I5	24.900	494	729	506	1.202E-26	121
A0A3G1DJK5	Q4A173	24.500	380	729	499	2.102E-26	120
A0A3G1DJK5	P24221	27.500	518	729	514	2.102E-26	120
A0A3G1DJK5	A9WHT8	27.600	405	729	523	4.856E-26	119
A0A3G1DJK5	B9LLY0	27.600	405	729	523	4.856E-26	119
A0A3G1DJK5	B9E7E0	24.800	380	729	500	1.483E-25	117
A0A3G1DJK5	A5IBM2	24.500	494	729	505	4.525E-25	115
A0A3G1DJK5	Q20502	24.600	454	729	677	1.191E-22	108
A0A5Q0QMX1	P0DL13	40.700	320	353	346	3.048E-72	250
A0A5Q0QMX1	A8NU13	32.500	323	353	345	1.051E-42	164
A0A5Q0QMX1	Q6WP50	24.900	312	353	399	2.333E-21	100
A0A5Q0QMX1	B2J4A4	25.600	301	353	323	4.513E-20	96
A0A5Q0QMX1	S0DX56	25.000	312	353	357	2.184E-17	87
A0A5Q0QMX1	A0A1L7VZE7	24.900	320	353	401	3.923E-17	87
A0A5Q0QMX1	A0A1L7U8F2	24.300	320	353	401	2.267E-16	84
A0A5Q0QMX1	Q55012	25.200	300	353	337	1.804E-13	75
A0A5Q0QMX1	Q82RR7	25.300	302	353	335	1.358E-12	72
A0A5Q0QMX1	E3VWJ0	25.400	300	353	337	5.721E-12	70
A0A5Q0QMX1	Q82IY4	24.200	306	353	336	2.402E-11	68
A0A5Q0QMX1	K0K750	24.200	311	353	353	2.402E-11	68
A0A5Q0QMX1	A7NH01	22.900	300	353	326	5.673E-11	67
A0A5Q0QMX1	D8RNZ9	24.400	259	353	368	5.099E-07	55
A0A5Q0QMX1	A3KI17	27.600	127	353	440	1.140E-05	50
A0A5Q0QMX1	D3KYU2	27.200	145	353	481	3.521E-05	49
A0A5Q0QMX1	Q9F1Y6	26.800	127	353	440	8.198E-05	48
A0A5Q0QMX1	Q9F1V8	25.700	128	353	437	5.877E-04	45
A0A348B784	P0DL13	50.000	326	342	346	2.091E-101	334
A0A348B784	A8NU13	29.900	321	342	345	9.120E-40	154
A0A348B784	S0DX56	29.300	320	342	357	4.863E-34	138
A0A348B784	Q6WP50	26.700	316	342	399	6.153E-30	125
A0A348B784	B2J4A4	26.500	300	342	323	3.633E-24	108
A0A348B784	A7NH01	26.200	300	342	326	5.391E-23	104
A0A348B784	C7PLV2	24.300	300	342	321	9.805E-23	104
A0A348B784	A0A1L7U8F2	26.000	345	342	401	7.933E-22	101
A0A348B784	A0A1L7VZE7	25.700	345	342	401	1.440E-21	100
A0A348B784	Q82IY4	25.800	309	342	336	6.873E-20	95
A0A348B784	K0K750	25.800	313	342	353	6.873E-20	95
A0A348B784	B5H7H3	24.500	309	342	372	2.393E-18	90
A0A348B784	E3VWJ0	25.300	300	342	337	6.101E-17	86
A0A348B784	Q55012	24.500	300	342	337	2.050E-15	81
A0A348B784	D2B747	23.500	297	342	330	1.206E-13	76
A0A348B784	A9FZ87	21.000	301	342	329	1.639E-11	69
P0DUF9	Q60301	25.800	302	1205	1181	1.339E-06	56
A0A3G1QTU5	O04408	53.300	708	766	801	3.458E-246	775
A0A3G1QTU5	E2IHE0	52.100	701	766	808	5.444E-233	737
A0A3G1QTU5	Q38802	50.000	702	766	802	3.190E-231	732
A0A3G1QTU5	G3CCC0	46.500	710	766	802	9.974E-205	655
A0A3G1QTU5	Q6Z5I0	42.100	717	766	800	4.965E-183	592
A0A3G1QTU5	Q5MQ85	42.200	717	766	800	6.782E-183	591
A0A3G1QTU5	Q6E7D7	43.300	689	766	767	3.909E-181	586
A0A3G1QTU5	Q0JF02	42.500	720	766	767	1.361E-180	585
A0A3G1QTU5	J9QS23	48.000	580	766	739	5.911E-169	551
A0A3G1QTU5	J9R388	48.000	580	766	740	2.054E-168	549
A0A3G1QTU5	Q38710	42.800	572	766	868	1.446E-141	471
A0A3G1QTU5	H8ZM70	42.600	572	766	844	2.687E-141	470
A0A3G1QTU5	H8ZM71	40.900	611	766	852	1.265E-140	468
A0A3G1QTU5	Q675L4	37.400	694	766	859	1.317E-138	462
A0A3G1QTU5	M4HXU6	37.400	694	766	857	2.447E-138	461
A0A3G1QTU5	Q50EK2	37.400	694	766	850	3.335E-138	461
A0A3G1QTU5	H8ZM73	36.400	741	766	867	4.545E-138	460
A0A3G1QTU5	M4HYC6	37.200	694	766	850	1.004E-136	456
A0A3G1QTU5	Q675L5	37.400	702	766	867	1.369E-136	456
A0A3G1QTU5	M4HYP3	34.500	755	766	876	7.906E-133	445
A0A3G1QTU5	G1DGI7	43.900	498	766	750	8.159E-131	439
A0A3G1QTU5	M4HY08	34.800	746	766	868	3.415E-127	428
A0A3G1QTU5	M4HYC8	34.800	746	766	868	2.176E-126	426
A0A3G1QTU5	G9MAN7	39.500	551	766	867	1.265E-118	403
A0A3G1QTU5	O81086	37.400	565	766	817	4.406E-114	390
A0A3G1QTU5	Q93YA3	36.800	561	766	862	2.047E-109	376
A0A3G1QTU5	Q41594	36.500	561	766	862	3.233E-108	372
A0A3G1QTU5	Q9FT37	36.800	561	766	862	2.763E-107	370
A0A3G1QTU5	Q4QSN4	35.600	573	766	815	9.413E-107	368
A0A3G1QTU5	Q39548	31.200	576	766	789	1.192E-75	275
A0A3G1QTU5	Q9SAK2	30.900	570	766	785	1.163E-72	266
A0A3G1QTU5	G3CCC1	29.500	568	766	792	3.840E-72	264
A0A3G1QTU5	Q0JA82	30.500	560	766	756	1.708E-71	262
A0A3G1QTU5	Q0E088	29.600	598	766	829	7.586E-71	260
A0A3G1QTU5	Q00G37	29.400	598	766	830	1.377E-70	259
A0A3G1QTU5	A4KAG7	30.800	565	766	821	2.499E-70	259
A0A3G1QTU5	Q6Z5J6	30.800	565	766	821	2.499E-70	259
A0A3G1QTU5	Q0JEZ8	30.800	564	766	842	1.108E-69	257
A0A3G1QTU5	Q66QH3	30.800	561	766	840	2.009E-69	256
A0A3G1QTU5	C1K5M3	27.400	714	766	778	1.197E-68	254
A0A3G1QTU5	Q2QQJ5	28.900	636	766	815	5.290E-68	252
A0A3G1QTU5	A4KAG8	31.100	574	766	821	4.227E-67	249
A0A3G1QTU5	B8XA41	30.100	562	766	777	1.102E-65	244
A0A3G1QTU5	Q6BDZ9	27.000	607	766	822	8.978E-59	223
A0A3G1QTU5	Q1AHB2	26.400	633	766	816	1.299E-56	216
A0A3G1QTU5	O64404	30.600	421	766	581	8.370E-48	189
A0A3G1QTU5	O24475	33.800	331	766	628	2.589E-45	181
A0A3G1QTU5	Q93YV0	27.400	624	766	877	3.447E-45	181
A0A3G1QTU5	O64405	31.200	422	766	593	1.081E-44	179
A0A3G1QTU5	Q675L0	29.300	446	766	578	1.914E-44	178
A0A3G1QTU5	Q96376	26.800	633	766	870	2.547E-44	178
A0A3G1QTU5	Q84KL6	31.800	331	766	629	1.061E-43	176
A0A3G1QTU5	O24474	30.100	336	766	627	4.411E-43	174
A0A3G1QTU5	Q9M7D1	31.500	334	766	630	5.865E-43	173
A0A3G1QTU5	Q84KL4	29.200	393	766	627	1.378E-42	172
A0A3G1QTU5	Q6XDB5	30.000	380	766	627	1.831E-42	172
A0A3G1QTU5	Q9M7D0	28.200	446	766	630	1.723E-40	166
A0A3G1QTU5	F1CKI8	31.000	363	766	627	9.430E-40	163
A0A3G1QTU5	Q84KL3	29.100	380	766	628	2.205E-39	162
A0A3G1QTU5	F1CKJ1	30.700	363	766	627	2.925E-39	162
A0A3G1QTU5	F1CKI9	30.500	363	766	627	1.596E-38	159
A0A3G1QTU5	Q9M7C9	28.800	409	766	637	3.724E-38	158
A0A3G1QTU5	Q84SM8	30.400	318	766	627	2.685E-37	155
A0A3G1QTU5	F1CKI6	30.500	318	766	627	1.045E-35	150
A0A3G1QTU5	Q948Z0	28.600	387	766	618	5.649E-35	148
A0A3G1QTU5	Q84KL5	32.800	257	766	574	1.312E-34	147
A0A3G1QTU5	O50406	30.800	312	766	501	1.274E-29	130
A0A3G1QTU5	E3W203	27.000	385	766	569	4.464E-27	122
A0A3G1QTU5	B2KSJ5	31.300	262	766	571	7.794E-27	121
A0A3G1QTU5	E3W202	27.000	385	766	569	2.376E-26	120
A0A3G1QTU5	E3W204	30.300	268	766	569	5.479E-26	119
A0A3G1QTU5	Q93X23	30.900	270	766	597	7.238E-26	118
A0A3G1QTU5	Q84ZW8	27.400	333	766	590	1.263E-25	117
A0A3G1QTU5	Q6EJ97	27.600	334	766	608	1.669E-25	117
A0A3G1QTU5	Q8H2B4	30.200	308	766	606	2.204E-25	117
A0A3G1QTU5	J7LH11	26.900	333	766	546	8.865E-25	115
A0A3G1QTU5	Q84LF1	30.300	262	766	548	8.865E-25	115
A0A3G1QTU5	Q84LF2	29.300	265	766	548	8.865E-25	115
A0A3G1QTU5	B2DBF0	31.600	337	766	1004	1.171E-24	114
A0A3G1QTU5	B2DBF1	28.300	360	766	983	1.547E-24	114
A0A3G1QTU5	J9RLZ7	30.100	262	766	563	3.563E-24	113
A0A3G1QTU5	Q8GUE4	28.200	324	766	603	3.563E-24	113
A0A3G1QTU5	E2E2P0	30.300	267	766	594	4.706E-24	112
A0A3G1QTU5	Q672F7	27.600	332	766	595	4.706E-24	112
A0A3G1QTU5	Q84LF0	29.200	262	766	548	6.214E-24	112
A0A3G1QTU5	Q6PWU2	31.400	253	766	590	1.084E-23	111
A0A3G1QTU5	P59287	28.400	269	766	601	1.431E-23	111
A0A3G1QTU5	G5CV45	27.700	266	766	548	2.496E-23	110
A0A3G1QTU5	O65323	29.800	267	766	559	2.496E-23	110
A0A3G1QTU5	Q43714	30.000	270	766	555	4.352E-23	109
A0A3G1QTU5	A7IZZ2	28.900	322	766	615	4.352E-23	109
A0A3G1QTU5	Q6USK1	30.500	324	766	567	5.747E-23	109
A0A3G1QTU5	Q9AR86	26.600	397	766	595	5.747E-23	109
A0A3G1QTU5	Q8L5K3	27.300	273	766	606	5.747E-23	109
A0A3G1QTU5	Q6Q3H2	31.100	262	766	556	7.588E-23	108
A0A3G1QTU5	B3TPQ7	27.100	354	766	592	1.002E-22	108
A0A3G1QTU5	Q7XAS7	26.400	397	766	595	1.002E-22	108
A0A3G1QTU5	A0A1C9J6A7	27.800	271	766	607	1.002E-22	108
A0A3G1QTU5	Q39760	30.000	291	766	554	1.323E-22	108
A0A3G1QTU5	O81192	30.600	266	766	598	1.323E-22	108
A0A3G1QTU5	Q84LG0	28.100	269	766	548	1.747E-22	107
A0A3G1QTU5	B5A434	26.100	411	766	576	1.747E-22	107
A0A3G1QTU5	O49853	30.000	291	766	554	2.306E-22	107
A0A3G1QTU5	Q96WT2	26.400	396	766	944	2.306E-22	107
A0A3G1QTU5	B2KSJ6	26.300	334	766	560	3.045E-22	106
A0A3G1QTU5	Q9SPN0	30.400	264	766	567	3.045E-22	106
A0A3G1QTU5	I6RE61	26.200	342	766	596	3.045E-22	106
A0A3G1QTU5	Q39761	30.000	291	766	554	4.020E-22	106
A0A3G1QTU5	Q5SBP3	27.900	377	766	574	4.020E-22	106
A0A3G1QTU5	O81191	32.100	270	766	591	5.308E-22	106
A0A3G1QTU5	Q50L36	26.100	397	766	595	7.007E-22	105
A0A3G1QTU5	O81193	30.900	267	766	590	9.251E-22	105
A0A3G1QTU5	Q39978	27.300	266	766	555	1.612E-21	104
A0A3G1QTU5	Q94G53	32.700	229	766	582	1.612E-21	104
A0A3G1QTU5	Q5SBP0	28.000	270	766	601	1.612E-21	104
A0A3G1QTU5	Q9XJ32	27.700	266	766	556	2.128E-21	104
A0A3G1QTU5	Q2XSC5	26.600	333	766	564	2.128E-21	104
A0A3G1QTU5	Q9SPN1	27.000	333	766	583	2.128E-21	104
A0A3G1QTU5	Q6Q3H3	30.100	286	766	557	3.709E-21	103
A0A3G1QTU5	P93665	29.600	262	766	554	1.126E-20	101
A0A3G1QTU5	Q5SBP1	28.400	266	766	599	1.487E-20	101
A0A3G1QTU5	B6SCF4	28.500	305	766	613	1.962E-20	100
A0A3G1QTU5	G5CV46	26.200	266	766	555	2.590E-20	100
A0A3G1QTU5	A4FVP2	27.000	350	766	565	2.590E-20	100
A0A3G1QTU5	P0DI76	26.700	330	766	600	2.590E-20	100
A0A3G1QTU5	K4L9M2	28.500	253	766	561	3.419E-20	100
A0A3G1QTU5	K4LMW2	25.100	401	766	561	5.956E-20	99
A0A3G1QTU5	B6SCF6	28.600	270	766	563	5.956E-20	99
A0A3G1QTU5	Q9FQ27	27.900	253	766	544	7.861E-20	98
A0A3G1QTU5	B9S9Z3	28.600	263	766	558	7.861E-20	98
A0A3G1QTU5	B6SCF5	28.600	270	766	563	7.861E-20	98
A0A3G1QTU5	O64961	27.600	253	766	548	1.038E-19	98
A0A3G1QTU5	Q5SBP2	28.300	266	766	598	1.038E-19	98
A0A3G1QTU5	Q49SP7	29.500	252	766	545	1.807E-19	97
A0A3G1QTU5	J7LP58	27.100	292	766	564	2.385E-19	97
A0A3G1QTU5	P0CJ43	24.800	417	766	589	2.385E-19	97
A0A3G1QTU5	J9R5V4	26.800	299	766	562	5.483E-19	96
A0A3G1QTU5	Q9ZUH4	25.800	324	766	591	5.483E-19	96
A0A3G1QTU5	Q9LLR9	27.400	259	766	547	7.235E-19	95
A0A3G1QTU5	B1B1U3	28.600	275	766	548	7.235E-19	95
A0A3G1QTU5	Q8L5K4	29.200	273	766	600	7.235E-19	95
A0A3G1QTU5	I6RAQ6	27.700	295	766	547	9.549E-19	95
A0A3G1QTU5	Q84NC8	32.900	237	766	579	1.260E-18	94
A0A3G1QTU5	Q84ND0	32.900	234	766	581	1.260E-18	94
A0A3G1QTU5	Q84NC9	32.900	234	766	584	1.260E-18	94
A0A3G1QTU5	Q2XSC6	30.800	267	766	602	1.260E-18	94
A0A3G1QTU5	O23945	25.500	251	766	556	1.663E-18	94
A0A3G1QTU5	Q94JS8	25.000	310	766	560	2.896E-18	93
A0A3G1QTU5	Q49SP5	26.900	328	766	554	3.821E-18	93
A0A3G1QTU5	E2E2N7	26.400	291	766	555	3.821E-18	93
A0A3G1QTU5	Q2XSC4	28.700	266	766	538	1.158E-17	91
A0A3G1QTU5	Q9AR04	28.100	264	766	546	1.158E-17	91
A0A3G1QTU5	D0VMR7	26.400	299	766	547	1.158E-17	91
A0A3G1QTU5	O13284	26.900	329	766	946	1.529E-17	91
A0A3G1QTU5	S0EA85	29.100	330	766	952	1.529E-17	91
A0A3G1QTU5	Q9LRZ6	23.800	377	766	598	2.017E-17	91
A0A3G1QTU5	A7IZZ1	29.700	275	766	622	2.017E-17	91
A0A3G1QTU5	D0VMR6	25.700	299	766	547	2.661E-17	90
A0A3G1QTU5	Q9FXY7	24.100	406	766	577	2.661E-17	90
A0A3G1QTU5	Q8SA63	26.800	252	766	548	3.512E-17	90
A0A3G1QTU5	Q49SP3	26.400	255	766	552	3.512E-17	90
A0A3G1QTU5	P0CV96	29.500	294	766	580	3.512E-17	90
A0A3G1QTU5	D0VMR8	25.700	299	766	547	6.113E-17	89
A0A3G1QTU5	I6QPS5	28.300	252	766	549	6.113E-17	89
A0A3G1QTU5	Q5SBP6	28.500	243	766	546	8.066E-17	89
A0A3G1QTU5	P0CV95	28.500	294	766	578	1.064E-16	88
A0A3G1QTU5	B1B1U4	25.300	300	766	554	3.224E-16	87
A0A3G1QTU5	Q84LB2	25.800	333	766	576	3.224E-16	87
A0A3G1QTU5	Q0VHD6	24.000	309	766	550	4.254E-16	86
A0A3G1QTU5	Q49SP4	28.500	256	766	545	1.289E-15	85
A0A3G1QTU5	I6R4V5	26.700	263	766	546	1.289E-15	85
A0A3G1QTU5	Q5SBP5	28.200	248	766	540	3.902E-15	83
A0A3G1QTU5	G1JUH1	22.600	324	766	607	5.148E-15	83
A0A3G1QTU5	O48935	25.400	257	766	550	1.559E-14	81
A0A3G1QTU5	Q5W283	23.700	263	766	551	4.719E-14	79
A0A3G1QTU5	D2YZP9	27.300	249	766	550	8.210E-14	79
A0A3G1QTU5	C5YHI2	25.100	295	766	545	4.322E-13	76
A0A3G1QTU5	C7E5W0	26.700	254	766	533	7.519E-13	76
A0A3G1QTU5	Q2NM15	26.300	254	766	533	9.916E-13	75
A0A3G1QTU5	C7E5V9	26.700	254	766	533	1.308E-12	75
A0A3G1QTU5	C7E5V8	26.300	254	766	533	2.275E-12	74
A0A3G1QTU5	C7E5V7	26.300	254	766	534	3.000E-12	74
A0A3G1QTU5	J7LMP2	24.500	256	766	565	3.000E-12	74
A0A3G1QTU5	Q8LSC3	24.500	267	766	583	3.957E-12	73
A0A3G1QTU5	Q5GJ60	26.300	270	766	548	9.075E-12	72
A0A3G1QTU5	Q6ZH94	24.000	301	766	595	1.578E-11	71
A0A3G1QTU5	Q1EG72	25.600	270	766	548	3.620E-11	70
A0A3G1QTU5	Q29VN2	27.500	239	766	581	6.294E-11	69
A0A3G1QTU5	Q49SP6	25.600	267	766	554	8.300E-11	69
A0A3G1QTU5	Q6JD73	27.700	214	766	554	1.205E-08	62
A0A3G1QTU5	Q84UV0	23.600	284	766	569	3.641E-08	60
A0A3G1QTU5	Q6JD70	27.300	214	766	554	6.329E-08	59
P0DPT9	C1JAR9	61.900	147	147	147	2.535E-61	208
P0DPT9	Q800C3	41.800	116	147	138	2.238E-23	98
P0DPT9	Q800C2	41.800	116	147	138	2.238E-23	98
P0DPT9	Q9YGJ7	43.800	114	147	137	3.066E-23	98
P0DPT9	P00623	44.300	114	147	138	5.752E-23	97
P0DPT9	P00594	44.700	95	147	132	7.878E-23	97
P0DPT9	P81236	46.000	89	147	119	1.079E-22	96
P0DPT9	P21789	44.300	114	147	120	1.478E-22	96
P0DPT9	Q910A0	48.400	95	147	138	3.798E-22	95
P0DPT9	P24293	48.400	95	147	121	5.201E-22	94
P0DPT9	Q7ZTA8	42.600	114	147	138	7.123E-22	94
P0DPT9	Q800C1	41.000	116	147	138	7.123E-22	94
P0DPT9	A8CG90	40.700	135	147	137	9.756E-22	94
P0DPT9	P00624	42.600	114	147	138	9.756E-22	94
P0DPT9	P31482	39.000	105	147	146	9.756E-22	94
P0DPT9	Q7ZTA6	42.600	114	147	138	1.336E-21	93
P0DPT9	P14555	40.100	116	147	144	1.336E-21	93
P0DPT9	Q7M334	40.000	99	147	144	1.336E-21	93
P0DPT9	P81237	47.100	89	147	118	1.830E-21	93
P0DPT9	P34180	46.700	109	147	137	1.830E-21	93
P0DPT9	Q7ZTA7	42.600	114	147	138	1.830E-21	93
P0DPT9	Q02471	46.300	95	147	138	1.830E-21	93
P0DPT9	P00592	37.900	122	147	146	1.830E-21	93
P0DPT9	Q7T3S7	39.000	133	147	136	2.506E-21	93
P0DPT9	Q90ZZ9	36.800	133	147	138	2.506E-21	93
P0DPT9	Q9Z0Y2	41.500	100	147	146	2.506E-21	93
P0DPT9	P04416	40.000	99	147	124	3.432E-21	92
P0DPT9	Q800C4	42.600	114	147	138	3.432E-21	92
P0DPT9	P20250	43.000	97	147	117	4.699E-21	92
P0DPT9	P20251	43.000	97	147	118	4.699E-21	92
P0DPT9	P97391	39.600	101	147	137	4.699E-21	92
P0DPT9	F8QN51	47.300	95	147	137	4.699E-21	92
P0DPT9	P14420	46.300	95	147	122	6.435E-21	91
P0DPT9	Q8JFG0	46.300	95	147	138	6.435E-21	91
P0DPT9	Q45Z47	44.300	103	147	146	6.435E-21	91
P0DPT9	C3W4R6	47.800	92	147	138	8.813E-21	91
P0DPT9	Q1RP79	46.300	95	147	138	8.813E-21	91
P0DPT9	P43434	39.800	123	147	146	8.813E-21	91
P0DPT9	Q6H3C9	43.200	110	147	138	1.207E-20	91
P0DPT9	Q1RP78	46.300	95	147	138	1.207E-20	91
P0DPT9	P47711	39.300	116	147	145	1.207E-20	91
P0DPT9	P04055	42.800	97	147	146	1.207E-20	91
P0DPT9	Q10755	46.300	95	147	122	1.652E-20	90
P0DPT9	Q6H3C6	43.200	110	147	122	2.263E-20	90
P0DPT9	Q7T2R1	39.100	111	147	138	3.098E-20	89
P0DPT9	Q910A1	46.700	92	147	138	3.098E-20	89
P0DPT9	Q45Z42	45.200	103	147	146	3.098E-20	89
P0DPT9	Q3C2C1	43.300	106	147	158	3.098E-20	89
P0DPT9	P20252	41.900	103	147	118	4.242E-20	89
P0DPT9	P00612	38.200	112	147	118	5.809E-20	89
P0DPT9	A8CG86	41.500	101	147	138	5.809E-20	89
P0DPT9	P39877	38.600	101	147	138	5.809E-20	89
P0DPT9	P00613	37.900	113	147	118	7.953E-20	88
P0DPT9	O42191	41.900	111	147	124	7.953E-20	88
P0DPT9	F8QN54	42.600	114	147	138	7.953E-20	88
P0DPT9	P0DKR5	45.200	95	147	122	1.089E-19	88
P0DPT9	Q7LZQ4	41.900	111	147	124	1.089E-19	88
P0DPT9	P31854	37.500	133	147	138	1.089E-19	88
P0DPT9	B6CQR5	46.700	92	147	138	1.089E-19	88
P0DPT9	P00593	38.000	99	147	145	1.089E-19	88
P0DPT9	Q9I900	41.900	101	147	146	1.089E-19	88
P0DPT9	Q75S48	41.500	100	147	152	1.089E-19	88
P0DPT9	P00600	42.200	105	147	119	1.491E-19	87
P0DPT9	Q7SID6	41.200	113	147	123	1.491E-19	87
P0DPT9	Q9PWR6	47.800	92	147	138	1.491E-19	87
P0DPT9	Q98996	47.800	92	147	138	1.491E-19	87
P0DPT9	B5U6Z2	47.800	92	147	138	1.491E-19	87
P0DPT9	Q8UW08	37.100	116	147	146	1.491E-19	87
P0DPT9	P04054	40.900	88	147	148	1.491E-19	87
P0DPT9	P20258	44.900	89	147	117	2.041E-19	87
P0DPT9	P20256	44.900	89	147	118	2.041E-19	87
P0DPT9	P14419	38.000	99	147	123	2.041E-19	87
P0DPT9	Q9PTA5	38.000	110	147	137	2.041E-19	87
P0DPT9	P59171	38.800	133	147	138	2.041E-19	87
P0DPT9	A8CG87	46.700	92	147	138	2.041E-19	87
P0DPT9	A8CG78	46.700	92	147	138	2.041E-19	87
P0DPT9	A8CG82	42.400	110	147	138	2.041E-19	87
P0DPT9	Q9PUH1	36.000	131	147	146	2.041E-19	87
P0DPT9	P06596	37.600	100	147	146	2.041E-19	87
P0DPT9	P0DKR3	42.500	101	147	122	2.795E-19	87
P0DPT9	Q9PVF1	42.900	113	147	126	2.795E-19	87
P0DPT9	G3DT18	43.100	95	147	138	2.795E-19	87
P0DPT9	Q9PUG9	37.500	116	147	144	2.795E-19	87
P0DPT9	P24294	46.700	92	147	121	3.826E-19	86
P0DPT9	P14418	41.900	111	147	124	3.826E-19	86
P0DPT9	P51433	37.600	101	147	137	3.826E-19	86
P0DPT9	P14424	42.600	114	147	138	3.826E-19	86
P0DPT9	Q9PVE9	44.100	110	147	139	3.826E-19	86
P0DPT9	P04056	44.900	89	147	118	5.238E-19	86
P0DPT9	P00601	42.200	105	147	119	5.238E-19	86
P0DPT9	P59071	41.700	114	147	121	5.238E-19	86
P0DPT9	A8CG84	41.700	114	147	137	5.238E-19	86
P0DPT9	P11407	42.600	114	147	138	5.238E-19	86
P0DPT9	P00626	42.600	114	147	138	5.238E-19	86
P0DPT9	Q9PUH5	40.500	103	147	145	5.238E-19	86
P0DPT9	Q92086	40.900	101	147	146	5.238E-19	86
P0DPT9	O42192	43.400	114	147	122	7.170E-19	85
P0DPT9	Q9PVF0	42.100	113	147	126	7.170E-19	85
P0DPT9	P59170	35.300	133	147	139	7.170E-19	85
P0DPT9	F5CPF0	36.900	116	147	140	7.170E-19	85
P0DPT9	P08872	40.500	98	147	144	7.170E-19	85
P0DPT9	P20255	44.900	89	147	118	9.816E-19	85
P0DPT9	P00610	38.400	101	147	119	9.816E-19	85
P0DPT9	C0HK16	41.700	114	147	121	9.816E-19	85
P0DPT9	Q9PTA6	38.000	110	147	138	9.816E-19	85
P0DPT9	Q7T1R1	38.200	94	147	146	9.816E-19	85
P0DPT9	Q45Z28	33.300	132	147	151	9.816E-19	85
P0DPT9	P60045	40.900	101	147	126	1.344E-18	85
P0DPT9	A8E2V8	41.900	111	147	139	1.344E-18	85
P0DPT9	Q9PUH6	36.000	130	147	145	1.344E-18	85
P0DPT9	Q9I845	40.900	116	147	145	1.344E-18	85
P0DPT9	Q9I843	40.900	116	147	145	1.344E-18	85
P0DPT9	Q6SLM1	39.200	106	147	137	1.839E-18	84
P0DPT9	Q9I844	40.100	116	147	145	1.839E-18	84
P0DPT9	Q9PUH8	40.600	90	147	147	1.839E-18	84
P0DPT9	P00614	43.300	103	147	119	2.518E-18	84
P0DPT9	P81479	42.100	113	147	122	2.518E-18	84
P0DPT9	P20249	43.400	114	147	122	2.518E-18	84
P0DPT9	Q6YNQ0	41.100	89	147	137	2.518E-18	84
P0DPT9	Q9I847	40.100	116	147	145	2.518E-18	84
P0DPT9	Q9I842	40.900	116	147	145	2.518E-18	84
P0DPT9	P00596	41.400	93	147	146	2.518E-18	84
P0DPT9	Q8QFW3	42.600	88	147	147	2.518E-18	84
P0DPT9	P00619	41.100	89	147	147	2.518E-18	84
P0DPT9	Q75S51	41.100	89	147	147	2.518E-18	84
P0DPT9	Q45Z27	33.300	132	147	151	2.518E-18	84
P0DPT9	Q45Z29	33.300	132	147	151	2.518E-18	84
P0DPT9	Q45Z30	33.300	132	147	151	2.518E-18	84
P0DPT9	A7LCJ2	36.800	118	147	155	2.518E-18	84
P0DPT9	P81478	45.200	95	147	122	3.447E-18	83
P0DPT9	P60044	37.900	104	147	126	3.447E-18	83
P0DPT9	Q7T1R0	38.200	94	147	146	3.447E-18	83
P0DPT9	Q7T2Q4	36.600	126	147	147	3.447E-18	83
P0DPT9	Q45Z25	33.300	132	147	151	3.447E-18	83
P0DPT9	P81480	41.700	114	147	122	4.718E-18	83
P0DPT9	Q91506	42.900	106	147	122	4.718E-18	83
P0DPT9	Q6YIJ3	41.100	89	147	137	4.718E-18	83
P0DPT9	Q9I968	45.100	93	147	138	4.718E-18	83
P0DPT9	Q9PUH7	39.600	98	147	144	4.718E-18	83
P0DPT9	Q9I837	40.100	116	147	145	4.718E-18	83
P0DPT9	Q9PUH2	35.200	131	147	146	4.718E-18	83
P0DPT9	Q8UW30	38.400	101	147	146	4.718E-18	83
P0DPT9	P00617	41.100	89	147	147	4.718E-18	83
P0DPT9	P07037	37.200	106	147	119	6.457E-18	83
P0DPT9	Q9PSN5	37.200	102	147	125	6.457E-18	83
P0DPT9	P60043	39.000	101	147	126	6.457E-18	83
P0DPT9	P20476	42.100	113	147	138	6.457E-18	83
P0DPT9	Q6H3D0	42.100	113	147	138	6.457E-18	83
P0DPT9	P00606	40.100	106	147	145	6.457E-18	83
P0DPT9	Q9DF33	47.600	85	147	146	6.457E-18	83
P0DPT9	Q9PUH0	37.500	116	147	146	6.457E-18	83
P0DPT9	Q8QFW4	40.000	89	147	147	6.457E-18	83
P0DPT9	P17934	41.100	89	147	147	6.457E-18	83
P0DPT9	Q45Z26	33.300	132	147	151	6.457E-18	83
P0DPT9	Q9W7J4	38.200	102	147	154	6.457E-18	83
P0DPT9	P20253	43.500	85	147	118	8.838E-18	82
P0DPT9	P00622	38.700	111	147	121	8.838E-18	82
P0DPT9	P86456	39.400	114	147	121	8.838E-18	82
P0DPT9	P86389	39.500	96	147	124	8.838E-18	82
P0DPT9	P0CAR9	43.100	91	147	137	8.838E-18	82
P0DPT9	C0HKC3	43.900	91	147	139	8.838E-18	82
P0DPT9	P08873	35.200	130	147	145	8.838E-18	82
P0DPT9	Q92085	39.000	101	147	146	8.838E-18	82
P0DPT9	P00609	36.100	103	147	119	1.210E-17	82
P0DPT9	P81458	38.200	114	147	121	1.210E-17	82
P0DPT9	Q2YHJ5	40.800	114	147	122	1.210E-17	82
P0DPT9	Q2PG83	43.300	105	147	138	1.210E-17	82
P0DPT9	Q9PUH9	40.600	90	147	147	1.210E-17	82
P0DPT9	P00605	38.500	106	147	118	1.656E-17	81
P0DPT9	Q8AY48	40.000	89	147	137	1.656E-17	81
P0DPT9	Q8QG87	41.600	96	147	138	1.656E-17	81
P0DPT9	Q6H3C7	44.500	92	147	139	1.656E-17	81
P0DPT9	Q9PVF2	44.500	92	147	139	1.656E-17	81
P0DPT9	P0C551	38.600	88	147	142	1.656E-17	81
P0DPT9	Q8UUI4	39.600	111	147	145	1.656E-17	81
P0DPT9	P19000	39.600	111	147	145	1.656E-17	81
P0DPT9	Q8UUI2	38.700	111	147	145	1.656E-17	81
P0DPT9	Q9PUI0	39.500	90	147	147	1.656E-17	81
P0DPT9	Q9QZT3	39.000	100	147	151	1.656E-17	81
P0DPT9	P00620	41.600	96	147	118	2.266E-17	81
P0DPT9	C9DPL5	40.600	96	147	122	2.266E-17	81
P0DPT9	C0HKC4	42.800	91	147	123	2.266E-17	81
P0DPT9	P51972	42.800	91	147	123	2.266E-17	81
P0DPT9	Q6T179	40.000	101	147	126	2.266E-17	81
P0DPT9	Q8UUI3	38.700	111	147	145	2.266E-17	81
P0DPT9	Q8AXW7	33.000	130	147	146	2.266E-17	81
P0DPT9	Q8JFG2	40.600	86	147	152	2.266E-17	81
P0DPT9	A4FS04	40.400	93	147	119	3.101E-17	81
P0DPT9	Q2HZ28	40.000	114	147	138	3.101E-17	81
P0DPT9	P00598	40.400	93	147	146	3.101E-17	81
P0DPT9	Q4VRI5	36.700	106	147	154	3.101E-17	81
P0DPT9	C1IC46	39.500	85	147	137	4.244E-17	80
P0DPT9	Q9PU97	41.100	89	147	137	4.244E-17	80
P0DPT9	Q9PUH3	34.500	131	147	146	4.244E-17	80
P0DPT9	F8J2D2	36.100	106	147	146	4.244E-17	80
P0DPT9	Q9PUH4	33.800	131	147	146	4.244E-17	80
P0DPT9	Q8UW31	35.800	106	147	152	4.244E-17	80
P0DPT9	P00604	37.600	106	147	118	5.807E-17	80
P0DPT9	D2X8K2	34.500	110	147	119	5.807E-17	80
P0DPT9	P84674	40.000	114	147	121	5.807E-17	80
P0DPT9	P86368	40.000	114	147	121	5.807E-17	80
P0DPT9	P0DJP4	40.000	114	147	122	5.807E-17	80
P0DPT9	Q8AXY1	39.500	96	147	138	5.807E-17	80
P0DPT9	Q6EER3	38.600	101	147	138	5.807E-17	80
P0DPT9	Q9PUI1	36.600	115	147	145	5.807E-17	80
P0DPT9	F8J2D0	36.100	106	147	146	5.807E-17	80
P0DPT9	Q9QXX3	40.400	89	147	151	5.807E-17	80
P0DPT9	P00599	40.900	105	147	118	7.947E-17	79
P0DPT9	P00621	40.600	96	147	119	7.947E-17	79
P0DPT9	P00629	39.600	106	147	135	7.947E-17	79
P0DPT9	Q90251	36.200	110	147	137	7.947E-17	79
P0DPT9	P59359	38.200	98	147	145	7.947E-17	79
P0DPT9	Q9DF52	37.500	122	147	145	7.947E-17	79
P0DPT9	P00603	39.700	93	147	118	1.087E-16	79
P0DPT9	P81243	41.300	92	147	124	1.087E-16	79
P0DPT9	P45881	41.000	95	147	138	1.087E-16	79
P0DPT9	P25498	37.200	93	147	119	1.488E-16	79
P0DPT9	P86974	41.000	95	147	122	1.488E-16	79
P0DPT9	Q2YHJ2	38.200	114	147	138	1.488E-16	79
P0DPT9	Q2YHJ7	38.200	114	147	138	1.488E-16	79
P0DPT9	P80966	38.100	97	147	151	1.488E-16	79
P0DPT9	P00602	39.700	93	147	118	2.036E-16	78
P0DPT9	P20257	41.500	89	147	118	2.036E-16	78
P0DPT9	P00627	38.100	116	147	135	2.036E-16	78
P0DPT9	P70088	43.100	95	147	138	2.036E-16	78
P0DPT9	P06859	41.500	105	147	138	2.036E-16	78
P0DPT9	Q6H3C8	43.100	95	147	138	2.036E-16	78
P0DPT9	P04057	41.500	89	147	118	2.786E-16	78
P0DPT9	C1IC45	39.500	85	147	137	2.786E-16	78
P0DPT9	Q91133	39.300	93	147	146	2.786E-16	78
P0DPT9	C0HKB8	36.500	103	147	117	3.812E-16	78
P0DPT9	P14556	37.600	93	147	118	3.812E-16	78
P0DPT9	P82896	37.300	114	147	122	3.812E-16	78
P0DPT9	Q6SLM0	38.300	106	147	137	3.812E-16	78
P0DPT9	Q7T2Q5	43.300	89	147	147	3.812E-16	78
P0DPT9	P00595	38.200	93	147	119	5.215E-16	77
P0DPT9	Q6H3C5	38.200	114	147	122	5.215E-16	77
P0DPT9	P14411	40.000	84	147	135	5.215E-16	77
P0DPT9	O42190	43.400	92	147	124	7.135E-16	77
P0DPT9	Q92147	44.200	95	147	138	7.135E-16	77
P0DPT9	Q8UUH8	32.800	135	147	145	7.135E-16	77
P0DPT9	P20259	41.100	85	147	117	9.762E-16	76
P0DPT9	C0HKB9	37.800	108	147	119	9.762E-16	76
P0DPT9	P00611	40.000	102	147	145	9.762E-16	76
P0DPT9	Q9W7J3	37.700	90	147	154	9.762E-16	76
P0DPT9	Q6SLM2	37.300	106	147	137	1.335E-15	76
P0DPT9	Q90WA7	37.700	106	147	145	1.827E-15	76
P0DPT9	P20146	39.300	89	147	145	1.827E-15	76
P0DPT9	P84651	42.100	95	147	122	2.499E-15	75
P0DPT9	P00628	37.700	106	147	135	2.499E-15	75
P0DPT9	Q802I1	38.500	83	147	142	2.499E-15	75
P0DPT9	P10116	37.700	103	147	118	3.419E-15	75
P0DPT9	A6MEY4	35.500	116	147	145	3.419E-15	75
P0DPT9	P00608	36.100	103	147	119	4.676E-15	74
P0DPT9	Q2YHJ3	37.300	114	147	138	4.676E-15	74
P0DPT9	P24027	32.800	131	147	138	4.676E-15	74
P0DPT9	Q2YHJ6	38.900	95	147	138	4.676E-15	74
P0DPT9	Q9PUG7	36.800	95	147	152	4.676E-15	74
P0DPT9	Q8WS88	32.700	110	147	156	4.676E-15	74
P0DPT9	Q90W39	36.800	95	147	138	6.396E-15	74
P0DPT9	Q8UUH9	34.500	130	147	155	6.396E-15	74
P0DPT9	Q71QE8	40.000	95	147	138	8.748E-15	74
P0DPT9	P48076	36.200	99	147	150	8.748E-15	74
P0DPT9	Q8UUI0	32.300	130	147	155	1.196E-14	73
P0DPT9	Q6EER6	36.600	101	147	122	1.636E-14	73
P0DPT9	P0CAS0	36.100	125	147	136	1.636E-14	73
P0DPT9	Q805A2	35.700	95	147	138	1.636E-14	73
P0DPT9	Q9PRG0	36.500	100	147	145	1.636E-14	73
P0DPT9	P81167	36.500	103	147	118	2.238E-14	72
P0DPT9	Q6EER4	36.800	95	147	138	2.238E-14	72
P0DPT9	P81166	40.000	84	147	118	3.060E-14	72
P0DPT9	P23026	40.000	90	147	145	4.185E-14	72
P0DPT9	C0HJC1	41.000	95	147	122	5.722E-14	71
P0DPT9	Q8UUH7	33.300	128	147	154	5.722E-14	71
P0DPT9	P0CAS5	37.800	95	147	122	1.070E-13	70
P0DPT9	P39878	36.200	99	147	150	1.070E-13	70
P0DPT9	Q9PUG8	35.700	95	147	152	1.070E-13	70
P0DPT9	P0CG56	37.800	95	147	122	1.463E-13	70
P0DPT9	P62022	32.000	131	147	138	1.463E-13	70
P0DPT9	P62023	32.000	131	147	138	1.463E-13	70
P0DPT9	Q6EER5	35.700	95	147	122	2.734E-13	69
P0DPT9	P86169	37.800	95	147	122	2.734E-13	69
P0DPT9	F5CPF1	36.000	93	147	142	2.734E-13	69
P0DPT9	P0CAS2	37.800	95	147	122	3.737E-13	69
P0DPT9	P00625	41.300	92	147	139	6.983E-13	68
P0DPT9	P0CAS3	36.800	95	147	122	1.304E-12	67
P0DPT9	Q6EER2	31.300	131	147	138	1.304E-12	67
P0DPT9	Q1ZY03	34.700	95	147	138	2.436E-12	66
P0DPT9	C0HJL8	34.200	105	147	122	4.549E-12	66
P0DPT9	P0CAS4	36.300	99	147	122	8.493E-12	65
P0DPT9	P0CAS6	36.800	95	147	122	8.493E-12	65
P0DPT9	D0UGJ0	40.000	94	147	139	2.165E-11	64
P0DPT9	Q8AY47	47.300	56	147	139	5.518E-11	63
P0DPT9	P59068	70.900	31	147	57	7.535E-11	62
P0DPT9	P59067	51.100	45	147	62	3.154E-09	57
P0DPT9	P59070	65.600	32	147	48	1.092E-08	56
P0DPT9	P0DJ62	62.800	35	147	60	1.489E-08	55
P0DPT9	P0DM51	55.100	49	147	50	2.769E-08	55
P0DPT9	B3EWP6	64.700	34	147	60	7.015E-08	53
P0DPT9	P84736	66.600	30	147	50	9.562E-08	53
C0HLL2	P31854	50.000	134	146	138	2.352E-37	139
C0HLL2	Q9QUL3	47.200	127	146	142	2.352E-37	139
C0HLL2	O42187	47.000	134	146	138	2.934E-36	136
C0HLL2	O42190	50.300	127	146	124	3.659E-35	132
C0HLL2	C0HKC3	48.100	134	146	139	5.015E-35	132
C0HLL2	F8QN51	52.500	116	146	137	9.424E-35	131
C0HLL2	Q9I968	46.200	134	146	138	2.427E-34	130
C0HLL2	Q8AXY1	47.000	134	146	138	3.327E-34	130
C0HLL2	P14423	41.600	132	146	146	3.327E-34	130
C0HLL2	O42189	48.800	127	146	124	6.252E-34	129
C0HLL2	P04417	47.200	125	146	122	8.570E-34	128
C0HLL2	C0HKC4	48.000	126	146	123	8.570E-34	128
C0HLL2	P51972	48.000	126	146	123	8.570E-34	128
C0HLL2	Q56JZ2	41.200	131	146	144	1.610E-33	128
C0HLL2	A8CG87	50.800	116	146	138	2.207E-33	127
C0HLL2	A8CG78	50.800	116	146	138	2.207E-33	127
C0HLL2	Q910A0	50.000	125	146	138	2.207E-33	127
C0HLL2	Q9PWR6	46.200	134	146	138	5.684E-33	126
C0HLL2	Q02517	50.400	115	146	138	1.068E-32	125
C0HLL2	Q98996	50.800	116	146	138	1.068E-32	125
C0HLL2	B5U6Z2	50.800	116	146	138	1.068E-32	125
C0HLL2	Q2YHJ6	45.600	127	146	138	1.068E-32	125
C0HLL2	P14555	41.900	131	146	144	1.464E-32	125
C0HLL2	C0HJC1	47.600	126	146	122	2.006E-32	124
C0HLL2	Q8QG87	44.000	134	146	138	2.006E-32	124
C0HLL2	Q90Y77	50.400	115	146	138	2.006E-32	124
C0HLL2	C3W4R6	46.200	134	146	138	2.006E-32	124
C0HLL2	Q2YHJ3	44.800	127	146	138	2.750E-32	124
C0HLL2	Q8JFG0	50.000	118	146	138	2.750E-32	124
C0HLL2	P24293	47.800	119	146	121	5.166E-32	123
C0HLL2	F8QN54	52.500	116	146	138	5.166E-32	123
C0HLL2	Q1RP79	50.000	118	146	138	5.166E-32	123
C0HLL2	Q1RP78	50.000	118	146	138	7.081E-32	123
C0HLL2	P48076	40.700	138	146	150	7.081E-32	123
C0HLL2	Q10755	46.800	126	146	122	9.706E-32	123
C0HLL2	P34180	50.800	116	146	137	9.706E-32	123
C0HLL2	Q02471	45.500	134	146	138	1.330E-31	122
C0HLL2	P14424	50.800	116	146	138	1.823E-31	122
C0HLL2	P11407	50.800	116	146	138	1.823E-31	122
C0HLL2	P00626	50.800	116	146	138	1.823E-31	122
C0HLL2	P21789	47.000	119	146	120	2.499E-31	121
C0HLL2	P39878	40.700	138	146	150	2.499E-31	121
C0HLL2	P24294	46.200	119	146	121	3.425E-31	121
C0HLL2	P14420	50.000	110	146	122	3.425E-31	121
C0HLL2	P0DJP4	45.200	126	146	122	3.425E-31	121
C0HLL2	Q910A1	46.400	127	146	138	3.425E-31	121
C0HLL2	Q7ZTA8	43.200	134	146	138	4.695E-31	121
C0HLL2	Q7ZTA6	43.200	134	146	138	6.434E-31	120
C0HLL2	P0DKR5	50.900	108	146	122	8.819E-31	120
C0HLL2	Q800C1	42.500	134	146	138	8.819E-31	120
C0HLL2	P59265	51.800	108	146	122	1.209E-30	119
C0HLL2	B6CQR5	44.800	127	146	138	1.209E-30	119
C0HLL2	Q6H3C8	44.000	134	146	138	1.209E-30	119
C0HLL2	Q7T3S7	50.800	116	146	136	1.657E-30	119
C0HLL2	P70088	44.000	134	146	138	1.657E-30	119
C0HLL2	A8E2V8	45.500	134	146	139	1.657E-30	119
C0HLL2	P0CAR9	45.500	127	146	137	2.270E-30	119
C0HLL2	Q6H3C5	46.800	126	146	122	3.112E-30	118
C0HLL2	P86389	43.600	126	146	124	3.112E-30	118
C0HLL2	A8CG84	52.500	116	146	137	3.112E-30	118
C0HLL2	Q6H3C7	42.300	136	146	139	3.112E-30	118
C0HLL2	Q9PVF2	42.300	136	146	139	3.112E-30	118
C0HLL2	Q9YGJ7	45.500	134	146	137	4.265E-30	118
C0HLL2	Q9UNK4	38.500	127	146	145	4.265E-30	118
C0HLL2	P59264	50.900	108	146	122	5.845E-30	117
C0HLL2	Q9WVF6	39.500	129	146	144	5.845E-30	117
C0HLL2	P82896	42.000	126	146	122	8.010E-30	117
C0HLL2	G3DT18	42.500	134	146	138	8.010E-30	117
C0HLL2	A8CG86	43.200	134	146	138	8.010E-30	117
C0HLL2	Q7SID6	44.800	126	146	123	1.098E-29	117
C0HLL2	Q90ZZ9	47.400	116	146	138	1.098E-29	117
C0HLL2	P20249	43.600	126	146	122	2.062E-29	116
C0HLL2	Q2HZ28	42.500	134	146	138	2.062E-29	116
C0HLL2	P81458	48.100	108	146	121	2.826E-29	115
C0HLL2	Q7T2R1	42.500	134	146	138	2.826E-29	115
C0HLL2	P31482	38.600	132	146	146	2.826E-29	115
C0HLL2	P59071	52.700	108	146	121	3.873E-29	115
C0HLL2	Q2YHJ5	43.600	126	146	122	3.873E-29	115
C0HLL2	C9DPL5	42.000	126	146	122	3.873E-29	115
C0HLL2	Q2YHJ7	44.700	134	146	138	3.873E-29	115
C0HLL2	Q6H3C9	46.500	116	146	138	3.873E-29	115
C0HLL2	P0DKR3	49.000	110	146	122	5.307E-29	115
C0HLL2	Q2YHJ2	44.700	134	146	138	5.307E-29	115
C0HLL2	Q92147	40.400	136	146	138	5.307E-29	115
C0HLL2	P06859	44.500	127	146	138	5.307E-29	115
C0HLL2	P81243	40.800	125	146	124	7.273E-29	114
C0HLL2	O42191	46.400	127	146	124	7.273E-29	114
C0HLL2	Q7ZTA7	41.000	134	146	138	7.273E-29	114
C0HLL2	P20476	42.500	134	146	138	7.273E-29	114
C0HLL2	Q6H3D0	40.400	136	146	138	7.273E-29	114
C0HLL2	Q7LZQ4	46.400	127	146	124	9.967E-29	114
C0HLL2	A8CG90	46.500	116	146	137	9.967E-29	114
C0HLL2	Q800C3	40.200	134	146	138	9.967E-29	114
C0HLL2	P45881	47.800	115	146	138	1.366E-28	113
C0HLL2	P81478	42.000	126	146	122	1.872E-28	113
C0HLL2	O42192	42.000	126	146	122	1.872E-28	113
C0HLL2	P81479	42.400	125	146	122	2.565E-28	113
C0HLL2	Q800C2	40.200	134	146	138	2.565E-28	113
C0HLL2	P14418	45.600	127	146	124	3.515E-28	112
C0HLL2	C0HK16	51.800	108	146	121	4.817E-28	112
C0HLL2	P81480	42.000	126	146	122	4.817E-28	112
C0HLL2	P00622	46.300	110	146	121	6.602E-28	111
C0HLL2	Q9PVF1	40.700	127	146	126	6.602E-28	111
C0HLL2	Q2PG83	44.400	134	146	138	6.602E-28	111
C0HLL2	P00624	42.500	134	146	138	6.602E-28	111
C0HLL2	A8CG82	41.700	134	146	138	6.602E-28	111
C0HLL2	P97391	45.800	109	146	137	9.046E-28	111
C0HLL2	Q9PVE9	38.800	136	146	139	9.046E-28	111
C0HLL2	P86974	48.100	106	146	122	1.699E-27	110
C0HLL2	P84651	43.200	125	146	122	1.699E-27	110
C0HLL2	Q9PVF0	40.000	127	146	126	1.699E-27	110
C0HLL2	P84674	50.000	108	146	121	2.328E-27	110
C0HLL2	P86368	49.000	108	146	121	2.328E-27	110
C0HLL2	P86456	40.400	126	146	121	2.328E-27	110
C0HLL2	Q91506	44.000	126	146	122	2.328E-27	110
C0HLL2	Q6H3C6	45.300	108	146	122	3.190E-27	109
C0HLL2	P47711	38.400	130	146	145	3.190E-27	109
C0HLL2	Q1ZY03	43.800	114	146	138	4.371E-27	109
C0HLL2	Q800C4	41.700	134	146	138	5.990E-27	109
C0HLL2	Q8UUH9	44.200	121	146	155	5.990E-27	109
C0HLL2	P14421	42.000	126	146	122	8.207E-27	108
C0HLL2	P59171	42.500	134	146	138	8.207E-27	108
C0HLL2	Q6EER3	46.000	115	146	138	8.207E-27	108
C0HLL2	P00623	41.700	134	146	138	1.125E-26	108
C0HLL2	Q90W39	46.000	115	146	138	1.541E-26	108
C0HLL2	P59170	43.900	116	146	139	2.111E-26	107
C0HLL2	P25498	43.800	113	146	119	3.964E-26	106
C0HLL2	Q6EER2	45.200	115	146	138	3.964E-26	106
C0HLL2	P00625	41.100	134	146	139	3.964E-26	106
C0HLL2	Q9BZM2	40.000	109	146	168	3.964E-26	106
C0HLL2	P60045	43.800	113	146	126	5.432E-26	106
C0HLL2	Q6EER4	44.900	118	146	138	5.432E-26	106
C0HLL2	P24027	40.200	134	146	138	5.432E-26	106
C0HLL2	P0DJJ8	43.500	116	146	138	5.432E-26	106
C0HLL2	Q6EER6	45.700	107	146	122	7.442E-26	106
C0HLL2	P00606	46.400	112	146	145	7.442E-26	106
C0HLL2	C1IC45	46.400	110	146	137	1.397E-25	105
C0HLL2	Q71QE8	41.600	120	146	138	1.397E-25	105
C0HLL2	P08873	40.600	117	146	145	1.397E-25	105
C0HLL2	Q805A2	45.200	115	146	138	1.914E-25	104
C0HLL2	C7G1G6	42.700	116	146	138	1.914E-25	104
C0HLL2	Q7T1R0	47.300	93	146	146	1.914E-25	104
C0HLL2	P0CAS3	45.700	107	146	122	2.623E-25	104
C0HLL2	P0CAS0	42.500	134	146	136	2.623E-25	104
C0HLL2	Q90251	42.300	117	146	137	2.623E-25	104
C0HLL2	P0DJJ9	42.700	116	146	138	2.623E-25	104
C0HLL2	C1IC46	45.500	110	146	137	3.593E-25	104
C0HLL2	Q9PUH9	44.300	113	146	147	3.593E-25	104
C0HLL2	P51433	42.200	109	146	137	4.923E-25	103
C0HLL2	Q9DF52	43.300	112	146	145	4.923E-25	103
C0HLL2	P00598	42.300	117	146	146	4.923E-25	103
C0HLL2	Q9PUI0	43.400	113	146	147	4.923E-25	103
C0HLL2	P14411	44.000	117	146	135	9.241E-25	102
C0HLL2	P62022	44.300	115	146	138	9.241E-25	102
C0HLL2	P62023	44.300	115	146	138	9.241E-25	102
C0HLL2	P00596	42.300	117	146	146	9.241E-25	102
C0HLL2	Q8UUI0	42.600	121	146	155	9.241E-25	102
C0HLL2	Q8UUH8	40.600	117	146	145	1.266E-24	102
C0HLL2	Q9DF33	43.800	112	146	146	1.266E-24	102
C0HLL2	A4FS04	42.300	117	146	119	1.735E-24	102
C0HLL2	Q92086	41.500	117	146	146	1.735E-24	102
C0HLL2	Q9I900	42.300	117	146	146	1.735E-24	102
C0HLL2	P0CG56	42.500	108	146	122	3.256E-24	101
C0HLL2	A6MEY4	43.800	112	146	145	3.256E-24	101
C0HLL2	P00620	42.500	119	146	118	6.110E-24	100
C0HLL2	C0HKB9	42.100	119	146	119	6.110E-24	100
C0HLL2	P0CAS4	40.400	126	146	122	6.110E-24	100
C0HLL2	Q9PTA6	40.600	117	146	138	6.110E-24	100
C0HLL2	Q91133	41.500	117	146	146	6.110E-24	100
C0HLL2	Q9PUH8	42.900	118	146	147	6.110E-24	100
C0HLL2	P86169	44.300	106	146	122	8.370E-24	100
C0HLL2	P0CAS5	38.400	125	146	122	8.370E-24	100
C0HLL2	P00628	43.800	112	146	135	8.370E-24	100
C0HLL2	P00629	43.900	119	146	135	8.370E-24	100
C0HLL2	Q6SLM1	44.500	109	146	137	8.370E-24	100
C0HLL2	Q90WA7	43.800	112	146	145	8.370E-24	100
C0HLL2	P00599	41.200	113	146	118	1.147E-23	99
C0HLL2	P00595	43.700	111	146	119	1.147E-23	99
C0HLL2	P0CAS2	43.300	106	146	122	1.147E-23	99
C0HLL2	Q6EER5	42.900	107	146	122	1.147E-23	99
C0HLL2	P00594	41.100	123	146	132	1.147E-23	99
C0HLL2	P17934	41.000	116	146	147	1.571E-23	99
C0HLL2	P60044	42.300	110	146	126	2.152E-23	98
C0HLL2	P39877	39.400	109	146	138	2.152E-23	98
C0HLL2	Q92085	39.800	117	146	146	2.152E-23	98
C0HLL2	P00592	37.200	144	146	146	2.152E-23	98
C0HLL2	P00621	43.300	106	146	119	2.948E-23	98
C0HLL2	Q9PTA5	41.100	117	146	137	5.531E-23	97
C0HLL2	Q8UUH7	42.200	121	146	154	5.531E-23	97
C0HLL2	C0HKB8	42.400	112	146	117	7.577E-23	97
C0HLL2	Q9PUI1	41.100	117	146	145	7.577E-23	97
C0HLL2	P00612	38.900	117	146	118	1.038E-22	96
C0HLL2	P00613	38.900	117	146	118	1.038E-22	96
C0HLL2	P00627	42.600	119	146	135	1.038E-22	96
C0HLL2	Q9PUH7	40.500	115	146	144	1.038E-22	96
C0HLL2	P59359	41.100	117	146	145	1.038E-22	96
C0HLL2	P04416	39.000	122	146	124	1.422E-22	96
C0HLL2	Q6T179	38.900	117	146	126	1.422E-22	96
C0HLL2	Q7T1R1	46.200	93	146	146	1.422E-22	96
C0HLL2	Q7T2Q4	41.200	112	146	147	1.422E-22	96
C0HLL2	Q9PU97	44.600	93	146	137	1.947E-22	96
C0HLL2	F5CPF0	44.600	111	146	140	1.947E-22	96
C0HLL2	Q9PUH5	40.000	117	146	145	1.947E-22	96
C0HLL2	Q7T2Q5	40.300	112	146	147	1.947E-22	96
C0HLL2	P00600	40.300	113	146	119	2.667E-22	95
C0HLL2	P0CAS6	41.200	109	146	122	2.667E-22	95
C0HLL2	O15496	37.000	108	146	165	2.667E-22	95
C0HLL2	C0HJL8	42.900	107	146	122	3.653E-22	95
C0HLL2	P14419	39.300	121	146	123	3.653E-22	95
C0HLL2	P60043	41.300	115	146	126	3.653E-22	95
C0HLL2	P04054	38.700	144	146	148	3.653E-22	95
C0HLL2	Q8JFG2	42.400	122	146	152	3.653E-22	95
C0HLL2	P00604	41.400	110	146	118	5.004E-22	94
C0HLL2	P00608	40.000	117	146	119	5.004E-22	94
C0HLL2	P08872	39.100	119	146	144	5.004E-22	94
C0HLL2	Q75S51	44.600	93	146	147	6.853E-22	94
C0HLL2	Q8UW30	40.400	99	146	146	9.386E-22	94
C0HLL2	Q45Z29	40.400	123	146	151	9.386E-22	94
C0HLL2	P81166	41.800	119	146	118	1.286E-21	93
C0HLL2	P81236	41.800	121	146	119	1.286E-21	93
C0HLL2	Q9PSN5	40.400	123	146	125	1.286E-21	93
C0HLL2	Q9I842	39.400	117	146	145	1.286E-21	93
C0HLL2	P00610	40.400	99	146	119	1.761E-21	93
C0HLL2	P00593	38.000	123	146	145	1.761E-21	93
C0HLL2	Q9I837	38.600	117	146	145	1.761E-21	93
C0HLL2	Q45Z25	39.600	123	146	151	1.761E-21	93
C0HLL2	Q9W7J4	41.900	102	146	154	1.761E-21	93
C0HLL2	P81167	41.800	119	146	118	2.411E-21	93
C0HLL2	P14556	38.400	117	146	118	2.411E-21	93
C0HLL2	P07037	38.500	113	146	119	2.411E-21	93
C0HLL2	Q6SLM2	42.500	93	146	137	2.411E-21	93
C0HLL2	Q6YIJ3	43.600	93	146	137	2.411E-21	93
C0HLL2	Q6YNQ0	43.600	93	146	137	2.411E-21	93
C0HLL2	D0UGJ0	37.000	134	146	139	2.411E-21	93
C0HLL2	P0C551	38.200	122	146	142	2.411E-21	93
C0HLL2	P00619	43.600	93	146	147	2.411E-21	93
C0HLL2	P00605	40.500	110	146	118	3.303E-21	92
C0HLL2	P00601	38.500	113	146	119	3.303E-21	92
C0HLL2	Q45Z28	39.800	115	146	151	3.303E-21	92
C0HLL2	Q45Z30	39.600	123	146	151	3.303E-21	92
C0HLL2	P20256	38.900	117	146	118	4.523E-21	92
C0HLL2	P20255	38.900	117	146	118	4.523E-21	92
C0HLL2	Q8AY48	43.600	93	146	137	4.523E-21	92
C0HLL2	Q7M334	39.100	144	146	144	4.523E-21	92
C0HLL2	P00609	38.300	117	146	119	6.194E-21	91
C0HLL2	Q8UW08	38.500	113	146	146	6.194E-21	91
C0HLL2	Q8QFW4	43.600	93	146	147	6.194E-21	91
C0HLL2	P00617	43.600	93	146	147	6.194E-21	91
C0HLL2	P81237	40.600	122	146	118	8.483E-21	91
C0HLL2	Q45Z27	39.800	115	146	151	8.483E-21	91
C0HLL2	Q45Z26	39.800	115	146	151	8.483E-21	91
C0HLL2	P80966	40.300	118	146	151	8.483E-21	91
C0HLL2	P04056	38.900	117	146	118	1.162E-20	91
C0HLL2	Q8QFW3	39.800	117	146	147	1.162E-20	91
C0HLL2	P10116	39.400	113	146	118	1.591E-20	90
C0HLL2	P00603	39.600	110	146	118	1.591E-20	90
C0HLL2	F5CPF1	40.000	113	146	142	1.591E-20	90
C0HLL2	Q9PUH6	38.300	117	146	145	1.591E-20	90
C0HLL2	Q9I845	38.600	117	146	145	1.591E-20	90
C0HLL2	Q9I843	38.600	117	146	145	1.591E-20	90
C0HLL2	Q9PUH0	38.500	113	146	146	1.591E-20	90
C0HLL2	Q9PUH4	38.300	117	146	146	1.591E-20	90
C0HLL2	Q9I844	37.800	117	146	145	2.178E-20	90
C0HLL2	Q9I847	37.800	117	146	145	2.178E-20	90
C0HLL2	P00602	39.600	110	146	118	2.983E-20	89
C0HLL2	P00614	38.600	117	146	119	2.983E-20	89
C0HLL2	Q9PUH3	38.300	117	146	146	4.085E-20	89
C0HLL2	Q9QZT3	35.100	108	146	151	5.593E-20	89
C0HLL2	P00611	35.500	117	146	145	7.659E-20	88
C0HLL2	P04055	34.700	139	146	146	7.659E-20	88
C0HLL2	F8J2D0	44.300	88	146	146	1.049E-19	88
C0HLL2	Q9PUH1	38.300	117	146	146	1.436E-19	87
C0HLL2	Q9QXX3	40.200	82	146	151	1.436E-19	87
C0HLL2	P20259	36.400	117	146	117	1.966E-19	87
C0HLL2	Q8AXW7	37.800	117	146	146	1.966E-19	87
C0HLL2	Q9PRG0	40.000	113	146	145	2.692E-19	87
C0HLL2	F8J2D2	44.300	88	146	146	2.692E-19	87
C0HLL2	P20250	40.000	117	146	117	3.686E-19	86
C0HLL2	P20251	40.000	117	146	118	3.686E-19	86
C0HLL2	Q9PUH2	37.500	117	146	146	5.046E-19	86
C0HLL2	Q9DF56	38.900	115	146	152	5.046E-19	86
C0HLL2	P19000	37.700	113	146	145	6.908E-19	85
C0HLL2	P20258	39.100	117	146	117	9.458E-19	85
C0HLL2	P20253	37.200	117	146	118	9.458E-19	85
C0HLL2	Q8UUI4	37.700	113	146	145	9.458E-19	85
C0HLL2	P0DJ62	59.000	61	146	60	1.295E-18	85
C0HLL2	Q8UUI3	37.700	113	146	145	1.295E-18	85
C0HLL2	Q8UUI2	35.900	113	146	145	1.295E-18	85
C0HLL2	Q9PTA1	41.400	93	146	138	1.773E-18	84
C0HLL2	Q45Z42	39.100	117	146	146	1.773E-18	84
C0HLL2	Q9PUG9	36.400	117	146	144	2.427E-18	84
C0HLL2	P20146	38.700	108	146	145	6.224E-18	83
C0HLL2	P20252	37.200	117	146	118	1.166E-17	82
C0HLL2	B3EWP6	58.300	60	146	60	5.601E-17	80
C0HLL2	P23026	39.400	108	146	145	1.049E-16	79
C0HLL2	Q3C2C1	33.600	121	146	158	2.688E-16	78
C0HLL2	P0DM51	59.100	49	146	50	6.016E-12	65
C0HLL2	Q8AY47	46.400	56	146	139	3.913E-11	63
C0HLL2	P0C933	53.000	49	146	49	2.539E-10	61
C0HLL2	C0HK05	58.600	46	146	47	1.204E-09	59
A0A5C1ZXT8	Q9TWL9	46.500	73	178	77	4.763E-17	81
C0HLL4	P49371	63.300	327	341	331	1.299E-143	456
C0HLL4	Q9U6V9	59.300	342	341	367	1.780E-143	456
C0HLL4	P49370	63.300	327	341	331	3.023E-142	452
C0HLL4	P86875	61.600	334	341	357	2.736E-141	449
C0HLL4	P86687	60.900	287	341	288	6.175E-121	391
C0HLL4	Q08169	48.400	316	341	382	2.730E-95	316
C0HLL4	Q76HN1	29.200	319	341	449	2.546E-42	162
C0HLL4	Q62803	33.600	322	341	512	6.421E-42	161
C0HLL4	P85841	30.700	318	341	385	2.998E-41	159
C0HLL4	P38566	32.300	326	341	545	6.517E-40	155
C0HLL4	Q91ZJ9	28.300	319	341	462	8.866E-40	154
C0HLL4	A3QVN2	30.400	333	341	449	4.127E-39	153
C0HLL4	W0HFN9	29.300	318	341	403	1.038E-38	151
C0HLL4	J3S820	30.400	333	341	449	1.038E-38	151
C0HLL4	R4J7Z9	27.400	324	341	400	1.411E-38	151
C0HLL4	A3QVN6	30.100	328	341	449	1.411E-38	151
C0HLL4	Q6RHW4	28.800	320	341	435	1.919E-38	151
C0HLL4	A3QVN5	29.800	328	341	449	4.823E-38	149
C0HLL4	A3QVN9	29.700	333	341	449	4.823E-38	149
C0HLL4	A3QVP0	29.700	333	341	449	1.647E-37	148
C0HLL4	P48794	32.000	322	341	512	2.239E-37	147
C0HLL4	Q5E985	28.400	329	341	450	3.043E-37	147
C0HLL4	P86100	29.700	326	341	410	7.639E-37	146
C0HLL4	O35632	28.700	328	341	473	5.572E-35	140
C0HLL4	Q8SQG7	29.200	331	341	476	1.395E-34	139
C0HLL4	Q2M3T9	31.100	330	341	481	6.435E-34	137
C0HLL4	Q8SQG8	28.600	331	341	473	1.186E-33	136
C0HLL4	Q9Z2Q3	28.100	328	341	473	1.186E-33	136
C0HLL4	Q05A56	29.100	330	341	481	4.023E-33	135
C0HLL4	I0CME7	26.400	324	341	448	3.894E-31	129
C0HLL4	Q6RHW2	26.800	326	341	419	7.691E-28	119
C0HLL4	Q8VEI3	27.300	327	341	412	1.168E-26	115
C0HLL4	O43820	26.200	326	341	417	9.646E-26	113
C0HLL4	Q76HM9	26.400	327	341	412	1.447E-24	109
C0HLL4	I0CME8	26.200	308	341	347	1.050E-21	100
C0HLL4	P0CH89	61.200	31	341	31	1.416E-05	50
A0A3G1DJL2	Q7S4Z6	58.300	417	419	481	4.040E-155	494
A0A3G1DJL2	Q9Y753	46.900	373	419	445	7.017E-107	354
A0A3G1DJL2	O74165	46.400	381	419	443	9.597E-107	353
A0A3G1DJL2	P78589	45.300	385	419	448	5.344E-99	331
A0A3G1DJL2	P29704	43.700	390	419	444	3.113E-97	326
A0A3G1DJL2	Q752X9	43.700	379	419	441	1.486E-96	324
A0A3G1DJL2	Q9HGZ6	42.800	394	419	443	3.976E-91	308
A0A3G1DJL2	Q92459	42.100	407	419	572	6.336E-87	296
A0A3G1DJL2	P53798	45.600	329	419	416	6.820E-85	290
A0A3G1DJL2	Q02769	44.700	329	419	416	2.374E-84	288
A0A3G1DJL2	Q5R6U3	44.700	329	419	417	2.374E-84	288
A0A3G1DJL2	P37268	44.700	329	419	417	2.374E-84	288
A0A3G1DJL2	Q32KR6	44.700	329	419	417	3.242E-84	288
A0A3G1DJL2	Q9SDW9	43.000	370	419	461	1.664E-76	265
A0A3G1DJL2	P53800	41.000	365	419	411	3.291E-74	259
A0A3G1DJL2	P53799	39.400	368	419	410	7.775E-71	249
A0A3G1DJL2	G0Y287	37.800	366	419	465	5.008E-70	246
A0A3G1DJL2	Q54DR1	36.400	366	419	416	1.977E-63	227
A0A3G1DJL2	G0Y288	34.500	364	419	383	5.173E-61	220
A0A3G1DJL2	G0Y286	35.500	301	419	403	8.799E-48	181
A0A3G1DJL2	Q99R75	24.200	203	419	287	1.909E-04	47
A0A3G1DJL2	A9JQL9	23.700	203	419	287	1.909E-04	47
A0A3G1DJL2	Q8NUQ5	24.200	203	419	287	1.909E-04	47
A0A3G1DJL2	Q2FDU5	24.200	203	419	287	1.909E-04	47
A0A3G1DJL2	Q2FV59	24.200	203	419	287	1.909E-04	47
A0A3G1DJL2	Q5HCY8	24.200	203	419	287	1.909E-04	47
A0A3G1DJL2	Q2YWE7	23.700	203	419	287	5.839E-04	45
A0A3L7I2I8	P97819	94.500	807	807	807	0.000E+00	1591
A0A3L7I2I8	P97570	94.500	807	807	807	0.000E+00	1589
A0A3L7I2I8	O60733	88.900	807	807	806	0.000E+00	1508
A0A3L7I2I8	Q9ERK0	31.100	274	807	786	4.315E-25	116
A0A3L7I2I8	P57078	30.000	272	807	832	2.285E-24	113
A0A3L7I2I8	Q68LP1	27.700	286	807	971	8.654E-20	98
A0A3L7I2I8	Q9FY48	23.800	316	807	1625	8.654E-20	98
A0A3L7I2I8	Q80YE7	23.000	378	807	1442	4.564E-19	96
A0A3L7I2I8	Q8R516	26.000	286	807	973	1.048E-18	95
A0A3L7I2I8	Q96AX9	28.300	255	807	1013	1.382E-18	94
A0A3L7I2I8	Q5XTS1	26.700	324	807	786	6.115E-16	86
A0A3L7I2I8	Q7TQP6	33.100	172	807	835	2.232E-14	81
A0A3L7I2I8	Q5RF15	26.400	292	807	618	5.119E-14	79
A0A3L7I2I8	Q59H18	26.400	292	807	835	5.119E-14	79
A0A3L7I2I8	Q9VBP3	28.500	270	807	1181	1.174E-13	78
A0A3L7I2I8	Q5GIG6	31.700	188	807	834	2.041E-13	78
A0A3L7I2I8	Q9Z148	25.500	233	807	1263	1.073E-12	75
A0A3L7I2I8	Q13418	33.300	120	807	452	6.786E-11	69
A0A3L7I2I8	O55222	33.300	120	807	452	6.786E-11	69
A0A3L7I2I8	Q5R5V4	33.300	120	807	452	6.786E-11	69
A0A3L7I2I8	Q99J82	33.300	120	807	452	6.786E-11	69
A0A3L7I2I8	P57044	33.300	120	807	451	8.947E-11	69
A0A3L7I2I8	Q3SWY2	33.300	120	807	452	8.947E-11	69
A0A3L7I2I8	Q86AT8	28.500	195	807	638	8.947E-11	69
A0A3L7I2I8	Q9TXQ1	23.800	264	807	2276	1.419E-09	65
A0A3L7I2I8	Q554E7	24.800	198	807	751	3.907E-08	60
A0A3L7I2I8	Q94B55	26.200	205	807	456	2.049E-07	58
A0A3L7I2I8	Q94CT7	26.500	189	807	446	4.693E-07	57
A0A3L7I2I8	Q55A55	23.600	213	807	986	1.416E-06	55
A0A3L7I2I8	Q65XV2	27.000	205	807	450	1.867E-06	55
A0A3L7I2I8	Q9C104	38.000	84	807	1076	1.290E-05	52
A0A3L7I2I8	Q4FE47	34.600	98	807	462	3.892E-05	50
A0A3L7I2I8	Q09103	30.500	95	807	1457	2.688E-04	48
P9WEX3	Q9C446	62.100	272	332	371	1.526E-108	354
P9WEX3	P24322	59.100	274	332	433	1.005E-107	352
P9WEX3	Q92236	55.200	276	332	418	2.881E-102	336
P9WEX3	Q9P885	56.300	266	332	303	6.662E-98	323
P9WEX3	O95749	57.800	268	332	300	8.211E-97	320
P9WEX3	Q6F596	57.800	268	332	300	7.391E-96	317
P9WEX3	Q6F5E6	55.800	267	332	343	7.391E-96	317
P9WEX3	B2DBE9	54.400	299	332	424	1.385E-95	317
P9WEX3	Q9WTN0	57.400	268	332	300	1.895E-95	316
P9WEX3	Q54BK1	52.100	253	332	303	2.261E-82	278
P9WEX3	Q758K0	43.800	292	332	320	1.705E-71	247
P9WEX3	Q12051	43.300	285	332	335	1.475E-67	235
P9WEX3	S0E627	42.900	234	332	393	2.926E-57	205
P9WEX3	A2PZA5	37.100	301	332	719	3.532E-56	202
P9WEX3	A0A1B4XBK0	40.500	286	332	533	5.131E-54	196
P9WEX3	C9K2Q3	36.100	271	332	697	3.236E-48	179
P9WEX3	B2DBE8	36.100	282	332	389	5.268E-47	175
P9WEX3	P39464	27.900	253	332	330	3.214E-20	96
P9WEX3	P95999	28.900	241	332	332	4.329E-20	95
P9WEX3	P0AD57	24.700	285	332	323	1.057E-19	94
P9WEX3	P0AD58	24.700	285	332	323	1.057E-19	94
P9WEX3	Q3IPL1	26.200	306	332	341	7.125E-17	85
P9WEX3	O24743	27.100	217	332	325	1.724E-16	84
P9WEX3	Q8PW34	29.200	221	332	324	5.829E-15	79
P9WEX3	P44916	27.100	199	332	329	5.829E-15	79
P9WEX3	O66129	26.500	245	332	325	7.810E-15	79
P9WEX3	P55785	23.100	268	332	320	4.620E-13	74
P9WEX3	Q8S948	25.500	224	332	406	6.177E-13	73
P9WEX3	Q08291	26.300	255	332	297	1.970E-12	72
P9WEX3	O04046	28.300	239	332	376	2.632E-12	71
P9WEX3	Q9LJY2	27.600	242	332	344	4.696E-12	70
P9WEX3	Q75HZ9	23.500	222	332	403	4.696E-12	70
P9WEX3	P22939	27.100	218	332	299	1.492E-11	69
P9WEX3	Q0INZ4	21.900	230	332	372	2.657E-11	68
P9WEX3	Q76FS5	23.200	229	332	417	2.657E-11	68
P9WEX3	Q54VJ9	24.500	271	332	456	3.545E-11	68
P9WEX3	Q9SLG2	27.800	239	332	372	3.543E-10	64
P9WEX3	O22043	25.200	234	332	336	1.116E-09	63
P9WEX3	Q42698	24.600	239	332	357	4.673E-09	61
P9WEX3	Q94ID7	28.200	239	332	370	4.673E-09	61
P9WEX3	Q8K9A0	23.800	229	332	294	6.221E-09	61
P9WEX3	P80042	24.500	271	332	369	1.466E-08	59
P9WEX3	P34802	27.100	245	332	371	1.466E-08	59
P9WEX3	Q9LUD9	23.800	242	332	360	1.950E-08	59
P9WEX3	Q9LRR0	23.800	243	332	361	2.594E-08	59
P9WEX3	Q9LUE1	25.500	242	332	360	3.450E-08	58
P9WEX3	Q43133	25.900	242	332	366	3.450E-08	58
P9WEX3	P55539	26.700	227	332	332	4.589E-08	58
P9WEX3	Q9ZU77	26.000	240	332	347	6.102E-08	57
P9WEX3	O14230	26.400	263	332	347	1.079E-07	57
P9WEX3	P57537	24.400	218	332	282	2.533E-07	55
P9WEX3	Q8PYS1	25.000	153	332	295	4.473E-07	55
P9WEX3	Q5HZ00	20.700	278	332	422	4.473E-07	55
P9WEX3	Q97W92	26.100	160	332	281	7.894E-07	54
P9WEX3	Q653T6	19.700	234	332	430	1.393E-06	53
P9WEX3	O66126	25.500	182	332	291	2.456E-06	52
P9WEX3	O66952	29.100	191	332	262	4.330E-06	51
P9WEX3	Q9LHR4	22.200	222	332	360	1.013E-05	50
P9WEX3	P14324	25.700	254	332	419	1.013E-05	50
P9WEX3	Q5T2R2	21.200	224	332	415	1.344E-05	50
P9WEX3	P05369	24.200	269	332	353	2.367E-05	49
P9WEX3	Q33DR2	20.700	224	332	409	4.168E-05	48
P9WEX3	Q8WMY2	24.500	254	332	353	7.334E-05	48
P9WEX3	P21684	23.500	224	332	302	1.290E-04	47
P9WEX3	Q920E5	23.200	244	332	353	2.269E-04	46
P9WEX3	O59703	24.400	220	332	351	3.009E-04	46
P9WEY4	A7NH01	25.300	294	337	326	4.935E-12	70
P9WEY4	B5H7H3	24.400	324	337	372	4.935E-12	70
P9WEY4	D2B747	24.200	312	337	330	1.173E-11	69
P9WEY4	A0A1L7U8F2	26.600	310	337	401	1.173E-10	66
P9WEY4	B5HDJ6	25.900	254	337	365	2.083E-10	65
P9WEY4	A0A1L7VZE7	25.700	310	337	401	3.697E-10	64
P9WEY4	S0DX56	24.100	300	337	357	2.061E-09	62
P9WEY4	C7PLV2	24.100	270	337	321	3.479E-07	55
P9WEY4	A8NU13	20.700	296	337	345	4.621E-07	55
P9WEY4	Q6WP50	25.000	192	337	399	2.533E-06	52
P9WEY4	Q82IY4	23.000	310	337	336	1.384E-05	50
P9WEY4	E3VWJ0	26.400	215	337	337	9.539E-04	44
A0A4S8MAF3	P0DL13	53.700	333	353	346	2.400E-113	369
A0A4S8MAF3	A8NU13	30.300	325	353	345	3.067E-43	165
A0A4S8MAF3	Q6WP50	26.800	317	353	399	2.200E-28	121
A0A4S8MAF3	B2J4A4	23.200	308	353	323	5.496E-25	111
A0A4S8MAF3	S0DX56	26.100	333	353	357	3.617E-23	105
A0A4S8MAF3	C7PLV2	23.800	300	353	321	1.382E-20	97
A0A4S8MAF3	A0A1L7U8F2	25.800	329	353	401	2.498E-20	96
A0A4S8MAF3	A0A1L7VZE7	25.500	329	353	401	4.513E-20	96
A0A4S8MAF3	B5H7H3	21.500	309	353	372	4.174E-15	80
A0A4S8MAF3	E3VWJ0	21.600	309	353	337	1.012E-13	76
A0A4S8MAF3	Q82IY4	21.700	306	353	336	1.354E-11	69
A0A4S8MAF3	Q55012	21.400	306	353	337	1.354E-11	69
A0A4S8MAF3	Q82RR7	20.600	305	353	335	8.977E-07	54
A0A455LLX4	Q9USJ6	35.800	195	198	200	8.149E-29	117
A0A455LLX4	Q07923	36.000	146	198	191	5.125E-25	106
A0A455LLX4	Q88FF8	32.100	133	198	186	2.492E-09	59
A0A455LLX4	Q93T20	32.800	133	198	186	3.374E-09	59
A0A455LLX4	Q9FAW5	32.800	140	198	178	2.311E-07	53
A0A455LLX4	P0AGE7	39.600	95	198	188	7.680E-07	52
A0A455LLX4	P0AGE6	39.600	95	198	188	7.680E-07	52
A0A455LLX4	P0AGE8	39.600	95	198	188	7.680E-07	52
A0A455LLX4	Q9LK88	30.100	132	198	196	7.680E-07	52
A0A455LLX4	Q941Y8	28.400	132	198	203	6.743E-05	46
A0A455LLX4	Q8H9D2	27.200	132	198	194	1.220E-04	45
P0DUN5	P86169	80.300	122	98	122	3.198E-65	216
P0DUN5	P62022	80.300	122	98	138	3.198E-65	216
P0DUN5	P62023	80.300	122	98	138	3.198E-65	216
P0DUN5	P0C942	77.000	122	98	122	6.898E-63	209
P0DUN5	P0CG56	77.800	122	98	122	1.298E-62	209
P0DUN5	P0C943	75.400	122	98	122	6.306E-62	207
P0DUN5	P0CAS2	76.200	122	98	122	7.909E-61	203
P0DUN5	Q6EER2	75.400	122	98	138	5.271E-60	201
P0DUN5	P0CAS6	76.000	121	98	122	7.231E-60	201
P0DUN5	P0CAS5	74.500	122	98	122	6.612E-59	198
P0DUN5	P24027	75.200	121	98	138	9.071E-59	198
P0DUN5	P0CAS3	71.900	121	98	122	5.530E-57	192
P0DUN5	P0CAS7	72.900	121	98	121	6.938E-56	189
P0DUN5	P86806	71.900	121	98	122	3.372E-55	187
P0DUN5	P86805	71.000	121	98	122	5.805E-54	184
P0DUN5	P0CAS4	73.100	108	98	122	1.499E-53	183
P0DUN5	C0HJL8	63.900	122	98	122	1.441E-49	171
P0DUN5	P14421	66.300	122	98	122	6.412E-48	166
P0DUN5	Q1ZY03	59.000	122	98	138	6.178E-44	155
P0DUN5	Q90W39	59.000	122	98	138	3.775E-42	150
P0DUN5	Q6EER4	58.100	122	98	138	4.744E-41	147
P0DUN5	Q6EER6	59.000	122	98	122	6.509E-41	146
P0DUN5	Q6EER5	58.100	122	98	122	1.226E-40	145
P0DUN5	Q71QE8	58.100	122	98	138	4.345E-40	144
P0DUN5	Q805A2	55.700	122	98	138	1.540E-39	142
P0DUN5	Q6EER3	56.500	122	98	138	7.493E-39	140
P0DUN5	P86974	53.000	113	98	122	3.061E-36	133
P0DUN5	P45881	53.000	113	98	138	5.763E-36	132
P0DUN5	P14424	53.700	108	98	138	2.571E-34	127
P0DUN5	Q6H3C5	54.600	108	98	122	4.841E-34	126
P0DUN5	F8QN54	52.200	113	98	138	4.841E-34	126
P0DUN5	Q2YHJ2	54.600	108	98	138	1.717E-33	125
P0DUN5	Q2YHJ7	54.600	108	98	138	2.356E-33	124
P0DUN5	P11407	53.700	108	98	138	2.356E-33	124
P0DUN5	P00626	53.700	108	98	138	2.356E-33	124
P0DUN5	P59171	52.700	108	98	138	3.234E-33	124
P0DUN5	P86368	52.700	108	98	121	4.437E-33	124
P0DUN5	P04417	50.800	122	98	122	1.147E-32	123
P0DUN5	P59071	52.700	108	98	121	2.160E-32	122
P0DUN5	A8CG84	52.700	108	98	137	2.160E-32	122
P0DUN5	Q90Y77	49.100	122	98	138	4.068E-32	121
P0DUN5	Q02517	48.300	122	98	138	7.662E-32	120
P0DUN5	P84674	50.900	108	98	121	1.051E-31	120
P0DUN5	C0HK16	51.800	108	98	121	2.718E-31	119
P0DUN5	O42187	47.900	121	98	138	1.323E-30	117
P0DUN5	P14420	52.900	102	98	122	3.420E-30	115
P0DUN5	Q8JFG0	52.900	102	98	138	3.420E-30	115
P0DUN5	Q1RP78	52.900	102	98	138	3.420E-30	115
P0DUN5	Q1RP79	52.900	102	98	138	3.420E-30	115
P0DUN5	Q10755	52.900	102	98	122	4.694E-30	115
P0DUN5	C0HJC1	47.900	121	98	122	6.442E-30	115
P0DUN5	G3DT18	51.400	103	98	138	6.442E-30	115
P0DUN5	P59265	47.500	122	98	122	1.213E-29	114
P0DUN5	C0HKC3	49.500	109	98	139	1.213E-29	114
P0DUN5	P59264	47.500	122	98	122	1.665E-29	113
P0DUN5	P84651	45.900	122	98	122	2.285E-29	113
P0DUN5	C0HKC4	49.500	109	98	123	2.285E-29	113
P0DUN5	P51972	49.500	109	98	123	2.285E-29	113
P0DUN5	Q92147	44.200	122	98	138	3.137E-29	113
P0DUN5	P0DKR5	46.700	122	98	122	5.908E-29	112
P0DUN5	P81458	48.100	107	98	121	2.096E-28	110
P0DUN5	Q2HZ28	46.200	108	98	138	2.096E-28	110
P0DUN5	P70088	44.200	122	98	138	2.877E-28	110
P0DUN5	Q6H3C8	44.200	122	98	138	2.877E-28	110
P0DUN5	P86389	49.000	110	98	124	3.948E-28	109
P0DUN5	A8CG90	45.900	121	98	137	3.948E-28	109
P0DUN5	Q02471	50.000	102	98	138	3.948E-28	109
P0DUN5	Q800C2	45.300	108	98	138	5.419E-28	109
P0DUN5	P00622	48.000	102	98	121	7.438E-28	109
P0DUN5	Q8QG87	46.200	108	98	138	7.438E-28	109
P0DUN5	A8CG86	47.200	108	98	138	7.438E-28	109
P0DUN5	Q7T2R1	47.200	108	98	138	7.438E-28	109
P0DUN5	Q6H3C7	44.700	123	98	139	7.438E-28	109
P0DUN5	Q9PVF2	44.700	123	98	139	7.438E-28	109
P0DUN5	O42192	45.300	108	98	122	1.923E-27	108
P0DUN5	P86456	42.400	113	98	121	3.622E-27	107
P0DUN5	P20249	45.300	108	98	122	3.622E-27	107
P0DUN5	P31854	45.300	108	98	138	3.622E-27	107
P0DUN5	Q7SID6	46.700	109	98	123	4.971E-27	106
P0DUN5	Q800C1	44.400	108	98	138	4.971E-27	106
P0DUN5	P34180	48.100	107	98	137	6.823E-27	106
P0DUN5	Q800C3	44.400	108	98	138	6.823E-27	106
P0DUN5	P84397	50.500	91	98	107	9.365E-27	106
P0DUN5	P24293	47.200	107	98	121	9.365E-27	106
P0DUN5	P0DKR3	46.200	108	98	122	9.365E-27	106
P0DUN5	P81243	47.100	104	98	124	1.285E-26	105
P0DUN5	Q910A1	45.000	122	98	138	1.285E-26	105
P0DUN5	Q2YHJ5	43.500	108	98	122	1.764E-26	105
P0DUN5	A8CG87	47.000	102	98	138	2.421E-26	104
P0DUN5	A8CG78	47.000	102	98	138	2.421E-26	104
P0DUN5	P20476	41.800	122	98	138	2.421E-26	104
P0DUN5	Q6H3D0	41.800	122	98	138	2.421E-26	104
P0DUN5	P81479	41.800	122	98	122	3.323E-26	104
P0DUN5	Q8AXY1	46.200	108	98	138	3.323E-26	104
P0DUN5	C9DPL5	49.000	102	98	122	4.561E-26	104
P0DUN5	Q9I968	46.200	108	98	138	4.561E-26	104
P0DUN5	A8CG82	43.400	115	98	138	4.561E-26	104
P0DUN5	F8QN51	46.200	107	98	137	6.260E-26	103
P0DUN5	Q7ZTA6	43.500	108	98	138	6.260E-26	103
P0DUN5	C3W4R6	47.000	102	98	138	6.260E-26	103
P0DUN5	Q7ZTA8	43.500	108	98	138	6.260E-26	103
P0DUN5	A8E2V8	43.100	109	98	139	6.260E-26	103
P0DUN5	B6CQR5	47.000	102	98	138	1.179E-25	102
P0DUN5	P00623	43.500	108	98	138	1.179E-25	102
P0DUN5	Q910A0	44.200	122	98	138	1.179E-25	102
P0DUN5	Q800C4	43.500	108	98	138	1.179E-25	102
P0DUN5	Q91506	48.600	108	98	122	1.619E-25	102
P0DUN5	Q7ZTA7	43.500	108	98	138	1.619E-25	102
P0DUN5	P00624	43.500	108	98	138	1.619E-25	102
P0DUN5	P81480	43.500	108	98	122	2.222E-25	102
P0DUN5	Q98996	44.200	122	98	138	4.185E-25	101
P0DUN5	P81478	41.800	122	98	122	5.744E-25	100
P0DUN5	B5U6Z2	44.200	122	98	138	5.744E-25	100
P0DUN5	P21789	46.500	101	98	120	7.884E-25	100
P0DUN5	P00621	46.000	101	98	119	1.082E-24	100
P0DUN5	O42189	47.200	110	98	124	1.082E-24	100
P0DUN5	O42191	43.000	123	98	124	1.082E-24	100
P0DUN5	Q2PG83	47.700	108	98	138	1.082E-24	100
P0DUN5	P0DJP4	43.400	122	98	122	1.485E-24	99
P0DUN5	Q9YGJ7	45.300	107	98	137	1.485E-24	99
P0DUN5	Q2YHJ6	43.400	122	98	138	1.485E-24	99
P0DUN5	Q2YHJ3	43.400	122	98	138	2.039E-24	99
P0DUN5	P06859	47.700	108	98	138	2.039E-24	99
P0DUN5	Q90ZZ9	44.400	108	98	138	2.039E-24	99
P0DUN5	O42190	43.500	124	98	124	2.798E-24	98
P0DUN5	Q7LZQ4	44.500	110	98	124	2.798E-24	98
P0DUN5	Q9PWR6	43.400	122	98	138	2.798E-24	98
P0DUN5	Q9PVF0	43.100	109	98	126	3.841E-24	98
P0DUN5	Q9PVF1	43.100	109	98	126	3.841E-24	98
P0DUN5	P00625	41.400	123	98	139	3.841E-24	98
P0DUN5	P59170	44.000	109	98	139	5.272E-24	98
P0DUN5	Q9PVE9	43.100	109	98	139	5.272E-24	98
P0DUN5	P00620	44.100	100	98	118	7.236E-24	97
P0DUN5	Q6H3C6	44.600	103	98	122	7.236E-24	97
P0DUN5	Q6H3C9	44.600	103	98	138	7.236E-24	97
P0DUN5	P86803	42.100	112	98	121	9.931E-24	97
P0DUN5	P14418	43.600	110	98	124	1.871E-23	96
P0DUN5	P24294	45.000	101	98	121	2.568E-23	96
P0DUN5	P0CAR9	44.800	107	98	137	2.568E-23	96
P0DUN5	P31482	40.000	115	98	146	4.838E-23	95
P0DUN5	P82896	42.500	108	98	122	9.116E-23	94
P0DUN5	P14423	37.900	116	98	146	9.116E-23	94
P0DUN5	P0CV89	59.400	66	98	61	1.717E-22	93
P0DUN5	P39877	39.800	103	98	138	2.357E-22	93
P0DUN5	P14555	39.400	114	98	144	2.357E-22	93
P0DUN5	P97391	40.700	103	98	137	2.164E-21	90
P0DUN5	Q9UNK4	41.400	111	98	145	2.164E-21	90
P0DUN5	P86804	40.300	112	98	121	2.970E-21	90
P0DUN5	P47711	37.600	125	98	145	1.447E-20	88
P0DUN5	Q7T3S7	40.700	106	98	136	5.139E-20	86
P0DUN5	P0DJJ9	42.200	108	98	138	5.139E-20	86
P0DUN5	P0DJJ8	42.200	108	98	138	5.139E-20	86
P0DUN5	Q9QUL3	40.500	101	98	142	5.139E-20	86
P0DUN5	Q9WVF6	37.800	111	98	144	9.682E-20	85
P0DUN5	P51433	37.800	103	98	137	1.329E-19	85
P0DUN5	C7G1G6	41.200	108	98	138	1.329E-19	85
P0DUN5	D0UGJ0	37.600	109	98	139	4.718E-19	83
P0DUN5	P58464	40.000	111	98	120	6.477E-19	83
P0DUN5	Q56JZ2	35.900	114	98	144	6.477E-19	83
P0DUN5	Q2PG81	39.800	107	98	137	1.220E-18	82
P0DUN5	A8E2V9	37.800	110	98	136	4.333E-18	81
P0DUN5	P0CAS0	39.200	106	98	136	3.655E-16	75
P0DUN5	P39878	35.400	96	98	150	3.356E-15	72
P0DUN5	P0DP54	35.500	102	98	152	4.607E-15	72
P0DUN5	C0HKB8	39.300	89	98	117	8.682E-15	71
P0DUN5	Q9QXX3	36.100	103	98	151	8.682E-15	71
P0DUN5	P48076	33.300	99	98	150	4.231E-14	69
P0DUN5	P20255	38.600	118	98	118	7.973E-14	68
P0DUN5	F5CPF0	38.100	110	98	140	1.094E-13	68
P0DUN5	Q9QZT3	35.200	103	98	151	1.502E-13	68
P0DUN5	P00599	37.500	118	98	118	2.062E-13	67
P0DUN5	Q9PTA6	42.100	83	98	138	2.831E-13	67
P0DUN5	P04056	37.800	118	98	118	5.334E-13	66
P0DUN5	P00613	37.500	103	98	118	5.334E-13	66
P0DUN5	P00612	37.500	103	98	118	7.321E-13	66
P0DUN5	P00614	37.800	103	98	119	7.321E-13	66
P0DUN5	P00600	38.000	99	98	119	7.321E-13	66
P0DUN5	Q6T179	41.200	80	98	126	7.321E-13	66
P0DUN5	Q7T2Q4	36.000	99	98	147	1.379E-12	65
P0DUN5	Q7T2Q5	41.200	80	98	147	1.379E-12	65
P0DUN5	P23026	39.000	106	98	145	1.894E-12	64
P0DUN5	Q9BZM2	32.700	111	98	168	1.894E-12	64
P0DUN5	P81237	35.500	90	98	118	2.599E-12	64
P0DUN5	P20253	34.600	97	98	118	2.599E-12	64
P0DUN5	P00602	41.000	99	98	118	2.599E-12	64
P0DUN5	P00601	38.000	99	98	119	2.599E-12	64
P0DUN5	P20256	36.100	118	98	118	4.897E-12	63
P0DUN5	Q9I842	38.300	106	98	145	4.897E-12	63
P0DUN5	C0HK05	63.800	47	98	47	9.227E-12	63
P0DUN5	P00610	34.900	105	98	119	9.227E-12	63
P0DUN5	Q90251	42.100	83	98	137	9.227E-12	63
P0DUN5	P08873	34.600	97	98	145	9.227E-12	63
P0DUN5	P17934	42.100	83	98	147	9.227E-12	63
P0DUN5	P20251	34.300	102	98	118	1.266E-11	62
P0DUN5	Q9PTA5	41.600	83	98	137	1.266E-11	62
P0DUN5	B3EWP6	54.700	53	98	60	1.738E-11	62
P0DUN5	P00603	40.000	99	98	118	1.738E-11	62
P0DUN5	P20252	36.200	102	98	118	1.738E-11	62
P0DUN5	Q9PU97	42.100	83	98	137	1.738E-11	62
P0DUN5	Q6YIJ3	42.500	80	98	137	1.738E-11	62
P0DUN5	Q9DF33	39.200	101	98	146	1.738E-11	62
P0DUN5	P00617	42.100	83	98	147	1.738E-11	62
P0DUN5	C0HKB9	37.000	89	98	119	2.386E-11	61
P0DUN5	Q8AY48	42.500	80	98	137	2.386E-11	61
P0DUN5	Q9I845	38.700	97	98	145	2.386E-11	61
P0DUN5	Q9I843	38.700	97	98	145	2.386E-11	61
P0DUN5	Q92086	40.000	80	98	146	3.275E-11	61
P0DUN5	Q75S51	42.500	80	98	147	3.275E-11	61
P0DUN5	P20250	33.300	102	98	117	4.495E-11	61
P0DUN5	P20258	40.700	81	98	117	4.495E-11	61
P0DUN5	P60044	38.700	80	98	126	4.495E-11	61
P0DUN5	P60043	40.000	80	98	126	4.495E-11	61
P0DUN5	Q9I900	40.000	80	98	146	4.495E-11	61
P0DUN5	Q6YNQ0	41.200	80	98	137	6.170E-11	60
P0DUN5	Q7T1R0	43.700	79	98	146	6.170E-11	60
P0DUN5	P00619	41.200	80	98	147	6.170E-11	60
P0DUN5	P25498	40.000	80	98	119	8.469E-11	60
P0DUN5	A4FS04	41.200	80	98	119	1.162E-10	59
P0DUN5	Q91133	41.200	80	98	146	1.162E-10	59
P0DUN5	P00598	41.200	80	98	146	1.162E-10	59
P0DUN5	Q8AXW7	37.300	97	98	146	1.162E-10	59
P0DUN5	Q8QFW4	41.200	80	98	147	1.162E-10	59
P0DUN5	Q3C2C1	31.800	110	98	158	1.162E-10	59
P0DUN5	P81167	32.900	96	98	118	1.595E-10	59
P0DUN5	P81166	32.900	96	98	118	1.595E-10	59
P0DUN5	P60045	38.700	80	98	126	1.595E-10	59
P0DUN5	Q9PUH9	37.300	83	98	147	1.595E-10	59
P0DUN5	P00606	40.700	80	98	145	2.190E-10	59
P0DUN5	P00596	38.700	80	98	146	2.190E-10	59
P0DUN5	Q9PUI0	36.100	83	98	147	2.190E-10	59
P0DUN5	Q4VRI5	38.800	85	98	154	2.190E-10	59
P0DUN5	Q5G290	39.200	79	98	125	3.006E-10	58
P0DUN5	Q92085	37.500	80	98	146	3.006E-10	58
P0DUN5	Q45Z42	35.200	88	98	146	3.006E-10	58
P0DUN5	Q45Z47	34.300	98	98	146	3.006E-10	58
P0DUN5	Q45Z25	36.300	88	98	151	3.006E-10	58
P0DUN5	Q45Z28	36.300	88	98	151	3.006E-10	58
P0DUN5	C1IC46	36.100	104	98	137	4.125E-10	58
P0DUN5	Q9W7J3	35.800	92	98	154	4.125E-10	58
P0DUN5	Q9W7J4	38.800	85	98	154	4.125E-10	58
P0DUN5	Q8QFW3	41.200	80	98	147	5.662E-10	57
P0DUN5	P81236	34.000	91	98	119	7.771E-10	57
P0DUN5	Q9PSN5	36.300	88	98	125	7.771E-10	57
P0DUN5	Q45Z27	36.300	88	98	151	7.771E-10	57
P0DUN5	Q45Z26	36.300	88	98	151	7.771E-10	57
P0DUN5	Q45Z29	36.300	88	98	151	7.771E-10	57
P0DUN5	Q45Z30	36.300	88	98	151	7.771E-10	57
P0DUN5	P0CAS9	75.700	33	98	34	1.067E-09	57
P0DUN5	P07037	37.500	80	98	119	1.067E-09	57
P0DUN5	Q6SLM2	34.400	90	98	137	1.464E-09	56
P0DUN5	F5CPF1	37.300	83	98	142	1.464E-09	56
P0DUN5	Q9Z0Y2	38.000	84	98	146	1.464E-09	56
P0DUN5	P80966	35.700	109	98	151	1.464E-09	56
P0DUN5	Q6SLM1	38.700	80	98	137	2.009E-09	56
P0DUN5	P00595	37.500	80	98	119	3.784E-09	55
P0DUN5	D2X8K2	36.000	97	98	119	3.784E-09	55
P0DUN5	P04416	35.300	105	98	124	3.784E-09	55
P0DUN5	Q6SLM0	37.500	80	98	137	3.784E-09	55
P0DUN5	P06596	37.300	99	98	146	3.784E-09	55
P0DUN5	Q9PTA1	39.700	83	98	138	5.193E-09	55
P0DUN5	P00592	34.500	105	98	146	5.193E-09	55
P0DUN5	A7LCJ2	39.500	81	98	155	5.193E-09	55
P0DUN5	P00629	37.600	99	98	135	7.126E-09	54
P0DUN5	Q90WA7	36.600	99	98	145	7.126E-09	54
P0DUN5	Q7T1R1	37.100	100	98	146	7.126E-09	54
P0DUN5	P04054	37.700	106	98	148	7.126E-09	54
P0DUN5	Q8UW31	35.200	85	98	152	7.126E-09	54
P0DUN5	P00628	36.600	99	98	135	9.780E-09	54
P0DUN5	P14411	39.500	80	98	135	9.780E-09	54
P0DUN5	P04055	36.900	84	98	146	9.780E-09	54
P0DUN5	Q7M334	35.100	91	98	144	1.342E-08	53
P0DUN5	Q5G291	37.900	79	98	125	1.842E-08	53
P0DUN5	P00593	35.700	90	98	145	1.842E-08	53
P0DUN5	P43434	35.200	85	98	146	1.842E-08	53
P0DUN5	P0DM51	58.300	36	98	50	2.527E-08	53
P0DUN5	P0DMH0	59.400	37	98	51	2.527E-08	53
P0DUN5	P14419	36.400	88	98	123	2.527E-08	53
P0DUN5	P00594	34.700	95	98	132	2.527E-08	53
P0DUN5	A6MEY4	37.000	80	98	145	2.527E-08	53
P0DUN5	P00627	38.200	80	98	135	6.531E-08	51
P0DUN5	Q75S48	34.000	88	98	152	6.531E-08	51
P0DUN5	C0HJP9	71.400	28	98	45	8.961E-08	51
P0DUN5	P0C933	48.900	49	98	49	8.961E-08	51
P0DUN5	P0C551	34.200	105	98	142	8.961E-08	51
P0DUN5	P00609	37.800	82	98	119	3.176E-07	49
P0DUN5	P0DJ62	53.800	39	98	60	4.358E-07	49
P0DUN5	B3A0N3	48.700	41	98	50	2.906E-06	47
P0DUN5	Q802I1	35.300	81	98	142	5.467E-06	46
P0DUN5	C1JAR9	31.600	101	98	147	7.499E-06	46
P0DUN5	C0HJU3	50.000	34	98	48	4.990E-05	43
P0DUN5	P59068	58.000	31	98	57	2.418E-04	41
P0DUN5	Q8AY47	43.100	51	98	139	2.418E-04	41
A0A2S1WC15	Q6WUC1	79.400	346	339	346	6.757E-183	569
A0A2S1WC15	Q9LEL6	61.200	345	339	347	4.839E-135	431
A0A2S1WC15	Q9LEL5	51.100	341	339	350	5.821E-109	356
A0A2S1WC15	Q7XB10	46.900	344	339	357	2.053E-102	337
A0A2S1WC15	Q7XB11	46.600	344	339	354	4.269E-100	330
A0A2S1WC15	Q93WU3	40.700	338	339	356	2.551E-75	258
A0A2S1WC15	Q6VMW0	38.500	352	339	366	1.219E-74	256
A0A2S1WC15	B6VJS4	39.800	342	339	357	9.717E-73	251
A0A2S1WC15	Q93WU2	39.700	339	339	357	3.394E-72	249
A0A2S1WC15	B0EXJ8	40.100	355	339	355	4.138E-71	246
A0A2S1WC15	B0ZB55	35.600	344	339	352	5.466E-68	237
A0A2S1WC15	Q8GSN1	38.000	348	339	348	2.815E-65	229
A0A2S1WC15	Q8H9A8	35.700	335	339	351	4.667E-64	226
A0A2S1WC15	B0ZB56	35.600	344	339	360	8.710E-64	225
A0A2S1WC15	P0DH60	39.700	344	339	360	7.730E-63	222
A0A2S1WC15	Q29U70	38.400	348	339	364	1.442E-62	221
A0A2S1WC15	Q6WUC2	35.800	346	339	355	9.364E-62	219
A0A2S1WC15	Q84KK4	36.300	348	339	365	3.258E-61	217
A0A2S1WC15	Q9T003	35.600	358	339	382	6.077E-61	216
A0A2S1WC15	O24305	38.300	344	339	360	8.299E-61	216
A0A2S1WC15	Q84KK5	34.600	343	339	357	1.133E-60	216
A0A2S1WC15	O22308	35.900	336	339	352	1.370E-59	213
A0A2S1WC15	O24529	35.900	336	339	352	1.370E-59	213
A0A2S1WC15	O22309	35.900	336	339	352	1.370E-59	213
A0A2S1WC15	C6TAY1	33.000	343	339	358	6.935E-57	205
A0A2S1WC15	B1P123	31.700	366	339	386	1.337E-49	183
A0A2S1WC15	Q8VWJ6	34.300	345	339	366	1.902E-47	177
A0A2S1WC15	Q9FK25	32.900	314	339	363	8.943E-47	175
A0A2S1WC15	O81646	34.700	312	339	359	1.973E-45	171
A0A2S1WC15	Q6EPG8	32.300	344	339	364	1.973E-45	171
A0A2S1WC15	Q9FQY8	34.500	311	339	359	3.661E-45	170
A0A2S1WC15	Q8VWG4	32.600	357	339	366	1.096E-43	166
A0A2S1WC15	P59049	31.900	311	339	343	1.493E-43	166
A0A2S1WC15	Q42653	31.900	311	339	343	1.493E-43	166
A0A2S1WC15	Q8W013	34.000	311	339	363	6.987E-43	164
A0A2S1WC15	Q8LL87	34.000	311	339	350	1.295E-42	163
A0A2S1WC15	Q43046	32.400	327	339	365	1.763E-42	162
A0A2S1WC15	Q6T1F5	32.500	333	339	365	2.401E-42	162
A0A2S1WC15	Q00763	32.400	327	339	365	3.268E-42	162
A0A2S1WC15	Q43239	32.600	332	339	354	8.243E-42	160
A0A2S1WC15	Q43047	31.500	327	339	364	1.527E-41	160
A0A2S1WC15	P28002	31.300	316	339	365	1.527E-41	160
A0A2S1WC15	O04385	29.600	355	339	368	2.079E-41	159
A0A2S1WC15	O82054	32.300	329	339	362	2.829E-41	159
A0A2S1WC15	Q9XGV9	32.500	311	339	361	5.240E-41	158
A0A2S1WC15	Q41086	31.200	327	339	364	5.240E-41	158
A0A2S1WC15	Q43609	32.400	327	339	365	5.240E-41	158
A0A2S1WC15	Q8GU25	31.400	316	339	365	5.240E-41	158
A0A2S1WC15	O23760	33.500	319	339	370	7.131E-41	158
A0A2S1WC15	P46484	31.700	316	339	366	8.377E-40	154
A0A2S1WC15	A8J6X1	31.500	314	339	359	2.109E-39	153
A0A2S1WC15	Q6T1F6	32.300	309	339	354	9.815E-39	151
A0A2S1WC15	Q06509	29.100	355	339	364	9.815E-39	151
A0A2S1WC15	Q6ZD89	29.900	335	339	368	1.553E-35	142
A0A2S1WC15	P45986	30.600	328	339	365	5.288E-35	140
A0A2S1WC15	A8QW52	29.400	336	339	376	9.754E-35	139
A0A2S1WC15	Q0IP69	30.100	345	339	375	3.317E-34	138
A0A2S1WC15	Q9SWC2	30.400	297	339	313	4.503E-34	138
A0A2S1WC15	P93324	29.200	318	339	372	1.297E-32	133
A0A2S1WC15	Q96565	25.500	338	339	376	5.963E-32	131
A0A2S1WC15	B8RCD3	27.600	351	339	358	2.304E-30	126
A0A2S1WC15	A9X7L0	26.400	329	339	364	2.191E-28	121
A0A2S1WC15	Q39522	28.200	323	339	381	1.348E-27	118
A0A2S1WC15	Q92056	23.000	324	339	346	1.100E-20	97
A0A2S1WC15	Q9X5T6	24.200	300	339	349	1.703E-18	91
A0A2S1WC15	D3KU67	22.800	255	339	387	1.896E-16	84
A0A2S1WC15	D3KU66	22.500	255	339	387	6.127E-16	83
A0A2S1WC15	Q06528	22.800	306	339	356	1.474E-15	81
A0A2S1WC15	Q55216	22.600	306	339	356	1.975E-15	81
A0A2S1WC15	Q9P900	23.900	311	339	386	1.524E-14	78
A0A2S1WC15	Q9UQY0	23.600	311	339	386	2.729E-14	78
A0A2S1WC15	Q4WAW6	27.300	179	339	342	2.087E-13	75
A0A2S1WC15	B9WZX2	26.700	179	339	342	1.187E-12	72
A0A2S1WC15	A1DA61	25.600	179	339	411	1.585E-12	72
A0A2S1WC15	P55790	24.100	303	339	418	6.715E-12	70
A0A2S1WC15	Q12120	24.400	303	339	418	8.960E-12	70
A0A2S1WC15	P54906	22.200	320	339	379	1.195E-11	69
A0A2S1WC15	Q84HC8	22.600	304	339	332	1.573E-09	63
A0A2I7G3B0	Q56YU0	64.100	486	499	501	3.840E-210	657
A0A2I7G3B0	Q9SU63	54.700	484	499	538	1.587E-174	554
A0A2I7G3B0	P27463	55.100	479	499	509	1.153E-165	528
A0A2I7G3B0	Q29490	54.200	479	499	501	1.571E-162	519
A0A2I7G3B0	Q8MI17	54.000	479	499	496	2.943E-162	518
A0A2I7G3B0	Q28399	54.000	479	499	501	7.543E-162	517
A0A2I7G3B0	P13601	54.200	479	499	501	1.270E-160	514
A0A2I7G3B0	P51977	53.900	478	499	501	2.138E-159	510
A0A2I7G3B0	P48644	53.900	478	499	501	2.926E-159	510
A0A2I7G3B0	P15437	52.800	496	499	501	7.500E-159	509
A0A2I7G3B0	P86886	52.800	479	499	501	1.026E-158	508
A0A2I7G3B0	P00352	53.400	479	499	501	1.922E-158	507
A0A2I7G3B0	O35945	53.400	479	499	501	2.630E-158	507
A0A2I7G3B0	P51647	53.600	479	499	501	3.599E-158	507
A0A2I7G3B0	Q8HYE4	52.200	496	499	501	4.426E-157	503
A0A2I7G3B0	P24549	53.000	479	499	501	8.288E-157	503
A0A2I7G3B0	Q5RF00	52.600	475	499	517	1.019E-155	499
A0A2I7G3B0	Q27640	52.600	475	499	497	1.394E-155	499
A0A2I7G3B0	P05091	52.600	475	499	517	1.394E-155	499
A0A2I7G3B0	O94788	52.700	480	499	518	6.689E-155	497
A0A2I7G3B0	P11884	51.500	475	499	519	1.539E-153	493
A0A2I7G3B0	P47738	51.500	475	499	519	2.882E-153	492
A0A2I7G3B0	O93344	51.400	486	499	518	7.383E-153	491
A0A2I7G3B0	Q62148	52.000	480	499	518	7.383E-153	491
A0A2I7G3B0	Q63639	51.800	480	499	518	1.010E-152	491
A0A2I7G3B0	P12762	51.400	480	499	500	1.382E-152	490
A0A2I7G3B0	P42041	52.500	472	499	497	9.070E-152	488
A0A2I7G3B0	P08157	52.200	469	499	497	1.698E-151	487
A0A2I7G3B0	Q2XQV4	51.200	480	499	521	1.698E-151	487
A0A2I7G3B0	Q9JHW9	51.900	477	499	512	5.951E-151	486
A0A2I7G3B0	P20000	50.600	480	499	520	1.114E-150	485
A0A2I7G3B0	Q8K4D8	51.900	477	499	512	2.086E-150	484
A0A2I7G3B0	P47895	51.500	477	499	512	2.854E-150	484
A0A2I7G3B0	P40108	52.900	472	499	496	3.904E-150	483
A0A2I7G3B0	Q9I8W8	51.400	485	499	517	1.872E-149	481
A0A2I7G3B0	Q5R6B5	51.200	480	499	517	8.974E-149	479
A0A2I7G3B0	P30837	50.800	480	499	517	3.144E-148	478
A0A2I7G3B0	P41751	51.300	469	499	497	5.886E-148	477
A0A2I7G3B0	Q66HF8	50.200	480	499	519	5.886E-148	477
A0A2I7G3B0	Q9CZS1	50.800	480	499	519	8.052E-148	477
A0A2I7G3B0	Q25417	49.500	470	499	498	3.860E-147	475
A0A2I7G3B0	O34660	49.800	470	499	495	4.671E-143	463
A0A2I7G3B0	O74187	48.400	471	499	500	5.728E-142	460
A0A2I7G3B0	Q63ZT8	47.300	477	499	902	3.362E-140	454
A0A2I7G3B0	P46367	49.000	471	499	519	7.708E-139	451
A0A2I7G3B0	Q6GNL7	46.900	477	499	902	1.156E-136	444
A0A2I7G3B0	Q3SY69	46.900	475	499	923	2.958E-136	443
A0A2I7G3B0	Q8K009	45.700	491	499	923	1.415E-135	441
A0A2I7G3B0	Q5RFM9	46.500	477	499	902	2.120E-133	435
A0A2I7G3B0	Q8R0Y6	45.400	477	499	902	9.068E-132	430
A0A2I7G3B0	O75891	46.100	477	499	902	1.696E-131	429
A0A2I7G3B0	P28037	44.800	477	499	902	8.108E-131	427
A0A2I7G3B0	P52476	47.000	480	499	511	2.835E-130	426
A0A2I7G3B0	P54114	46.500	476	499	506	4.233E-128	419
A0A2I7G3B0	P47771	46.700	476	499	506	1.321E-126	415
A0A2I7G3B0	P54115	43.100	471	499	500	1.567E-122	403
A0A2I7G3B0	B1K708	44.900	479	499	489	1.247E-120	398
A0A2I7G3B0	Q39A43	44.900	479	499	489	3.184E-120	396
A0A2I7G3B0	Q1BQE1	44.700	479	499	489	4.352E-120	396
A0A2I7G3B0	A0B2F6	44.700	479	499	489	4.352E-120	396
A0A2I7G3B0	A9AN00	44.700	479	499	489	4.352E-120	396
A0A2I7G3B0	Q0B712	44.100	479	499	489	5.948E-120	396
A0A2I7G3B0	B4EHJ1	44.500	479	499	489	8.130E-120	395
A0A2I7G3B0	Q13NG6	44.600	471	499	489	1.111E-119	395
A0A2I7G3B0	B1Z033	44.300	479	499	489	2.076E-119	394
A0A2I7G3B0	B2TCJ9	44.500	471	499	489	9.903E-119	392
A0A2I7G3B0	A3P6B0	44.500	471	499	489	9.903E-119	392
A0A2I7G3B0	Q3JLL8	44.500	471	499	489	9.903E-119	392
A0A2I7G3B0	B2JS88	43.000	477	499	489	1.850E-118	391
A0A2I7G3B0	A3MEC6	44.500	471	499	489	1.850E-118	391
A0A2I7G3B0	A2RWD6	44.500	471	499	489	1.850E-118	391
A0A2I7G3B0	Q62CH7	44.500	471	499	489	1.850E-118	391
A0A2I7G3B0	A1UVS4	44.500	471	499	489	1.850E-118	391
A0A2I7G3B0	Q63KK8	44.500	471	499	489	2.528E-118	391
A0A2I7G3B0	A4JJG5	44.100	479	499	489	3.456E-118	391
A0A2I7G3B0	Q9STS1	43.100	494	499	503	4.723E-118	390
A0A2I7G3B0	A3NKP8	44.300	471	499	489	8.822E-118	389
A0A2I7G3B0	P23883	41.900	480	499	495	1.074E-116	386
A0A2I7G3B0	A3M365	41.300	477	499	490	1.306E-115	383
A0A2I7G3B0	P42757	43.400	496	499	502	1.306E-115	383
A0A2I7G3B0	A6VEI4	43.100	472	499	490	1.785E-115	383
A0A2I7G3B0	P32872	45.400	478	499	511	1.785E-115	383
A0A2I7G3B0	A6X2G8	45.700	468	499	487	3.334E-115	382
A0A2I7G3B0	B7I896	41.300	477	499	490	3.334E-115	382
A0A2I7G3B0	B0V944	41.300	477	499	490	3.334E-115	382
A0A2I7G3B0	B2HV80	41.300	477	499	490	4.556E-115	381
A0A2I7G3B0	A8GBX8	43.000	472	499	490	6.226E-115	381
A0A2I7G3B0	Q02DY9	42.900	472	499	490	6.226E-115	381
A0A2I7G3B0	C3MIE5	45.500	468	499	487	8.508E-115	381
A0A2I7G3B0	B5ZUG3	44.900	468	499	487	8.508E-115	381
A0A2I7G3B0	B7V5R4	42.900	472	499	490	8.508E-115	381
A0A2I7G3B0	Q9HTJ1	42.900	472	499	490	8.508E-115	381
A0A2I7G3B0	B0VST2	41.300	477	499	490	8.508E-115	381
A0A2I7G3B0	B3PTE1	44.900	468	499	487	1.589E-114	380
A0A2I7G3B0	Q1IG69	42.600	481	499	490	1.589E-114	380
A0A2I7G3B0	A5F3A7	45.100	473	499	506	1.589E-114	380
A0A2I7G3B0	P0C6D7	45.100	473	499	506	1.589E-114	380
A0A2I7G3B0	Q6FDF8	40.900	477	499	490	2.967E-114	379
A0A2I7G3B0	P71016	43.600	472	499	490	4.054E-114	379
A0A2I7G3B0	B9JBA3	45.500	468	499	487	5.539E-114	378
A0A2I7G3B0	A7FKL5	41.200	481	499	490	1.034E-113	377
A0A2I7G3B0	Q2KB42	44.200	468	499	487	1.413E-113	377
A0A2I7G3B0	Q1C931	41.200	481	499	490	1.413E-113	377
A0A2I7G3B0	B2K8U5	41.200	481	499	490	1.413E-113	377
A0A2I7G3B0	Q8ZGV9	41.200	481	499	490	1.413E-113	377
A0A2I7G3B0	Q1CFR8	41.200	481	499	490	1.413E-113	377
A0A2I7G3B0	A4TNP1	41.200	481	499	490	1.413E-113	377
A0A2I7G3B0	B7M2V6	43.200	472	499	490	1.413E-113	377
A0A2I7G3B0	P28237	40.600	494	499	500	1.413E-113	377
A0A2I7G3B0	Q1MJU3	44.000	468	499	487	1.931E-113	377
A0A2I7G3B0	B1LIJ8	42.600	472	499	490	1.931E-113	377
A0A2I7G3B0	A7ZI51	43.200	472	499	490	1.931E-113	377
A0A2I7G3B0	A6W2P7	43.400	468	499	485	3.606E-113	376
A0A2I7G3B0	Q7AH91	43.000	472	499	490	3.606E-113	376
A0A2I7G3B0	B5Z1R1	43.000	472	499	490	3.606E-113	376
A0A2I7G3B0	B3VMC0	43.100	494	499	503	3.606E-113	376
A0A2I7G3B0	Q84LK3	43.100	494	499	503	3.606E-113	376
A0A2I7G3B0	Q6D6E0	41.300	472	499	490	4.927E-113	376
A0A2I7G3B0	A4VKC2	41.900	472	499	490	4.927E-113	376
A0A2I7G3B0	Q66D53	41.200	481	499	490	6.732E-113	375
A0A2I7G3B0	B1XET7	42.400	472	499	490	6.732E-113	375
A0A2I7G3B0	P17445	42.400	472	499	490	6.732E-113	375
A0A2I7G3B0	Q8UH56	44.700	468	499	493	6.732E-113	375
A0A2I7G3B0	C6DKY5	41.900	472	499	490	1.257E-112	374
A0A2I7G3B0	Q4K4K8	41.500	472	499	490	1.257E-112	374
A0A2I7G3B0	A5WA96	42.200	481	499	490	1.257E-112	374
A0A2I7G3B0	Q88CW7	42.200	481	499	490	1.257E-112	374
A0A2I7G3B0	B7L441	42.400	472	499	490	1.257E-112	374
A0A2I7G3B0	A7ZWV5	42.400	472	499	490	1.257E-112	374
A0A2I7G3B0	Q0T7M9	42.600	472	499	490	1.717E-112	374
A0A2I7G3B0	Q3BXK7	42.200	471	499	490	2.346E-112	374
A0A2I7G3B0	B7N8L4	42.400	472	499	490	3.206E-112	373
A0A2I7G3B0	B5Y007	42.400	472	499	490	3.206E-112	373
A0A2I7G3B0	Q48CM6	41.900	472	499	490	3.206E-112	373
A0A2I7G3B0	B1J2K9	42.100	472	499	490	3.206E-112	373
A0A2I7G3B0	Q0TKW0	42.400	472	499	490	3.206E-112	373
A0A2I7G3B0	B0KN18	41.800	481	499	490	4.381E-112	373
A0A2I7G3B0	Q8PPG7	42.000	471	499	490	8.178E-112	372
A0A2I7G3B0	B7MCD1	42.300	472	499	490	1.117E-111	372
A0A2I7G3B0	Q8G1Z9	44.200	468	499	487	1.527E-111	371
A0A2I7G3B0	A9M9H7	44.200	468	499	487	1.527E-111	371
A0A2I7G3B0	A6U6Y9	44.900	468	499	487	2.086E-111	371
A0A2I7G3B0	Q4ZM62	41.500	472	499	490	2.086E-111	371
A0A2I7G3B0	O04895	40.900	495	499	501	2.086E-111	371
A0A2I7G3B0	B7UJG5	42.500	472	499	490	2.850E-111	370
A0A2I7G3B0	B7VQ28	40.800	485	499	486	3.894E-111	370
A0A2I7G3B0	C0RHQ3	44.200	468	499	487	3.894E-111	370
A0A2I7G3B0	B2FQ90	42.100	472	499	490	3.894E-111	370
A0A2I7G3B0	B7NK50	42.300	472	499	490	3.894E-111	370
A0A2I7G3B0	Q8YFY0	44.200	468	499	487	5.320E-111	370
A0A2I7G3B0	B0CKN3	44.200	468	499	487	5.320E-111	370
A0A2I7G3B0	B2SA42	44.200	468	499	487	5.320E-111	370
A0A2I7G3B0	Q2YMP8	44.200	468	499	487	5.320E-111	370
A0A2I7G3B0	Q57EI0	44.200	468	499	487	5.320E-111	370
A0A2I7G3B0	Q88AE9	41.500	472	499	490	5.320E-111	370
A0A2I7G3B0	B4SHW0	41.900	472	499	490	9.929E-111	369
A0A2I7G3B0	Q4UYN4	41.600	471	499	490	1.357E-110	368
A0A2I7G3B0	B0RNV0	41.600	471	499	490	1.357E-110	368
A0A2I7G3B0	Q8P5D8	41.600	471	499	490	1.853E-110	368
A0A2I7G3B0	O06837	41.000	477	499	502	3.459E-110	367
A0A2I7G3B0	Q7A825	41.400	469	499	495	8.821E-110	366
A0A2I7G3B0	Q7A1Y7	41.400	469	499	495	8.821E-110	366
A0A2I7G3B0	Q99X54	41.400	469	499	495	8.821E-110	366
A0A2I7G3B0	O24174	41.500	485	499	505	8.821E-110	366
A0A2I7G3B0	Q2YV11	41.200	469	499	495	1.646E-109	365
A0A2I7G3B0	Q6GCV9	41.200	469	499	495	2.249E-109	365
A0A2I7G3B0	Q2FK94	41.200	469	499	495	4.197E-109	364
A0A2I7G3B0	Q2G1J0	41.200	469	499	495	4.197E-109	364
A0A2I7G3B0	Q5HJK3	41.200	469	499	495	4.197E-109	364
A0A2I7G3B0	A7N2Q0	41.800	479	499	486	3.726E-108	361
A0A2I7G3B0	Q87H52	41.600	479	499	486	3.726E-108	361
A0A2I7G3B0	A4WUY6	42.700	468	499	483	5.090E-108	361
A0A2I7G3B0	Q985M6	42.100	468	499	487	6.953E-108	361
A0A2I7G3B0	P19059	42.300	482	499	486	1.772E-107	359
A0A2I7G3B0	P54222	43.600	468	499	487	1.772E-107	359
A0A2I7G3B0	A3PI00	41.800	468	499	483	8.427E-107	357
A0A2I7G3B0	Q5HLA3	40.900	470	499	497	1.572E-106	357
A0A2I7G3B0	Q8CN24	40.900	470	499	497	1.572E-106	357
A0A2I7G3B0	Q40024	42.900	477	499	505	4.007E-106	355
A0A2I7G3B0	B9KNS6	41.800	468	499	483	5.472E-106	355
A0A2I7G3B0	Q3J4E9	41.400	468	499	483	5.472E-106	355
A0A2I7G3B0	P80668	39.900	474	499	499	2.043E-103	347
A0A2I7G3B0	Q9JLJ3	41.200	467	499	494	7.103E-103	346
A0A2I7G3B0	P56533	40.100	467	499	503	9.700E-103	346
A0A2I7G3B0	Q9RJZ6	41.600	473	499	507	1.601E-101	342
A0A2I7G3B0	P46368	43.300	473	499	506	4.076E-101	341
A0A2I7G3B0	P63938	42.900	482	499	507	4.076E-101	341
A0A2I7G3B0	P9WNY0	42.900	482	499	507	4.076E-101	341
A0A2I7G3B0	P9WNY1	42.900	482	499	507	4.076E-101	341
A0A2I7G3B0	P49189	41.200	459	499	494	1.038E-100	340
A0A2I7G3B0	Q9JLJ2	40.500	467	499	494	2.641E-100	338
A0A2I7G3B0	Q19A30	41.500	451	499	505	2.641E-100	338
A0A2I7G3B0	P46369	42.600	472	499	506	1.710E-99	336
A0A2I7G3B0	Q5R8A4	41.000	459	499	494	2.335E-99	336
A0A2I7G3B0	Q5HMA0	40.400	472	499	475	5.942E-99	334
A0A2I7G3B0	Q8CNI5	40.400	472	499	475	5.942E-99	334
A0A2I7G3B0	Q7ZVB2	41.100	451	499	508	2.817E-98	332
A0A2I7G3B0	Q9FDS1	41.200	470	499	503	3.846E-98	332
A0A2I7G3B0	Q802W2	41.200	451	499	518	9.784E-98	331
A0A2I7G3B0	Q2YUN1	40.800	472	499	475	2.489E-97	330
A0A2I7G3B0	Q2FF06	40.800	472	499	475	3.397E-97	329
A0A2I7G3B0	Q2FWD6	40.800	472	499	475	3.397E-97	329
A0A2I7G3B0	Q5HE78	40.800	472	499	475	3.397E-97	329
A0A2I7G3B0	Q99SD6	40.800	472	499	475	3.397E-97	329
A0A2I7G3B0	Q7A4D8	40.800	472	499	475	3.397E-97	329
A0A2I7G3B0	Q9KWS5	39.600	478	499	491	3.397E-97	329
A0A2I7G3B0	Q6G7I8	40.800	472	499	475	4.637E-97	329
A0A2I7G3B0	Q8NVG4	40.800	472	499	475	4.637E-97	329
A0A2I7G3B0	Q49Z69	40.200	472	499	475	2.999E-96	327
A0A2I7G3B0	P42236	42.400	472	499	488	4.093E-96	326
A0A2I7G3B0	P23105	39.600	482	499	486	1.041E-95	325
A0A2I7G3B0	B9F3B6	39.400	471	499	527	1.710E-94	321
A0A2I7G3B0	Q9US47	40.500	469	499	547	1.710E-94	321
A0A2I7G3B0	Q4L803	38.900	472	499	475	2.333E-94	321
A0A2I7G3B0	P55653	38.300	481	499	491	1.104E-93	319
A0A2I7G3B0	Q92YD2	38.200	468	499	481	1.507E-93	319
A0A2I7G3B0	Q9I6M5	37.400	474	499	483	9.730E-93	316
A0A2I7G3B0	A8AGJ9	40.000	470	499	474	1.812E-92	316
A0A2I7G3B0	Q88RC0	37.400	466	499	480	2.472E-92	315
A0A2I7G3B0	P0DOV9	37.700	468	499	486	2.472E-92	315
A0A2I7G3B0	Q3Z1H6	40.500	470	499	474	3.373E-92	315
A0A2I7G3B0	H2IFE7	36.900	474	499	480	3.373E-92	315
A0A2I7G3B0	H8ZPX2	39.700	472	499	477	4.602E-92	314
A0A2I7G3B0	P42329	41.100	479	499	488	6.279E-92	314
A0A2I7G3B0	B6IAI9	40.500	470	499	474	8.567E-92	314
A0A2I7G3B0	Q0T431	40.500	470	499	474	8.567E-92	314
A0A2I7G3B0	B7L6F9	40.500	470	499	474	8.567E-92	314
A0A2I7G3B0	B7LZ33	40.500	470	499	474	8.567E-92	314
A0A2I7G3B0	H1ZV37	37.000	469	499	478	8.567E-92	314
A0A2I7G3B0	B7N4K1	40.800	470	499	474	1.169E-91	313
A0A2I7G3B0	B1LFH3	40.800	470	499	474	1.169E-91	313
A0A2I7G3B0	A8A002	40.300	470	499	474	1.595E-91	313
A0A2I7G3B0	B1IS15	40.300	470	499	474	1.595E-91	313
A0A2I7G3B0	C4ZVI3	40.300	470	499	474	2.176E-91	312
A0A2I7G3B0	B1XDF5	40.300	470	499	474	2.176E-91	312
A0A2I7G3B0	A1AB46	40.500	470	499	474	2.176E-91	312
A0A2I7G3B0	Q0THX6	40.500	470	499	474	2.176E-91	312
A0A2I7G3B0	Q8FHK7	40.500	470	499	474	2.176E-91	312
A0A2I7G3B0	P77674	40.300	470	499	474	2.176E-91	312
A0A2I7G3B0	Q1RBX3	40.500	470	499	474	2.176E-91	312
A0A2I7G3B0	B7LR95	40.800	470	499	474	2.176E-91	312
A0A2I7G3B0	Q83R90	40.500	470	499	474	2.176E-91	312
A0A2I7G3B0	B7MMS8	40.500	470	499	474	2.176E-91	312
A0A2I7G3B0	B7MUN0	40.500	470	499	474	2.176E-91	312
A0A2I7G3B0	Q8X9W5	40.300	470	499	474	1.029E-90	310
A0A2I7G3B0	B5Z0W0	40.300	470	499	474	1.029E-90	310
A0A2I7G3B0	B7URJ0	40.300	470	499	474	1.403E-90	310
A0A2I7G3B0	C6DD82	38.600	470	499	474	1.914E-90	310
A0A2I7G3B0	A4WAR9	39.100	470	499	474	4.860E-90	308
A0A2I7G3B0	P25526	36.900	465	499	482	9.045E-90	308
A0A2I7G3B0	Q32FQ5	40.200	470	499	474	1.234E-89	307
A0A2I7G3B0	Q1ERI2	39.400	462	499	501	2.296E-89	306
A0A2I7G3B0	A0A162J448	39.400	462	499	501	2.296E-89	306
A0A2I7G3B0	Q9UTM8	36.600	476	499	493	3.132E-89	306
A0A2I7G3B0	Q6D6Y7	37.700	470	499	474	1.084E-88	304
A0A2I7G3B0	C0Q4N4	38.700	470	499	474	2.751E-88	303
A0A2I7G3B0	Q57P61	38.700	470	499	474	3.753E-88	303
A0A2I7G3B0	Q8ZPC9	38.500	470	499	474	3.753E-88	303
A0A2I7G3B0	Q97UA1	40.400	460	499	478	5.118E-88	302
A0A2I7G3B0	A9MYQ4	38.500	470	499	474	9.521E-88	302
A0A2I7G3B0	Q8Z747	38.500	470	499	474	1.771E-87	301
A0A2I7G3B0	A8GHZ8	37.400	471	499	474	1.771E-87	301
A0A2I7G3B0	P38067	37.400	469	499	497	4.493E-87	300
A0A2I7G3B0	Q5PHV8	37.900	470	499	474	1.139E-86	299
A0A2I7G3B0	P51650	37.200	483	499	523	1.363E-85	295
A0A2I7G3B0	P51649	37.800	471	499	535	1.628E-84	292
A0A2I7G3B0	Q6A2H1	37.800	471	499	535	2.219E-84	292
A0A2I7G3B0	Q6A2H2	37.200	486	499	535	3.026E-84	291
A0A2I7G3B0	Q3MSM4	37.800	471	499	535	5.624E-84	291
A0A2I7G3B0	Q8BWF0	37.400	468	499	523	7.667E-84	290
A0A2I7G3B0	Q6A2H0	37.600	471	499	535	1.045E-83	290
A0A2I7G3B0	P94428	38.100	447	499	462	5.866E-82	285
A0A2I7G3B0	B8M9K4	35.900	475	499	515	2.024E-81	283
A0A2I7G3B0	D4GP41	39.000	474	499	482	6.984E-81	282
A0A2I7G3B0	Q29491	56.500	235	499	240	1.542E-79	278
A0A2I7G3B0	P25553	36.500	469	499	479	7.243E-79	276
A0A2I7G3B0	Q9HK01	34.500	479	499	493	8.597E-78	273
A0A2I7G3B0	Q6L285	33.600	470	499	493	2.960E-77	271
A0A2I7G3B0	Q59702	35.700	461	499	491	4.777E-76	267
A0A2I7G3B0	Q1JUP4	34.300	472	499	481	1.207E-75	266
A0A2I7G3B0	Q8GAI8	36.100	438	499	450	6.679E-74	261
A0A2I7G3B0	O06478	35.400	474	499	485	2.024E-70	251
A0A2I7G3B0	Q9K9B2	33.800	474	499	515	6.938E-70	249
A0A2I7G3B0	Q7U2I0	33.400	452	499	457	5.159E-68	244
A0A2I7G3B0	A1KF54	33.400	452	499	457	5.159E-68	244
A0A2I7G3B0	A5TYV9	33.400	452	499	457	5.159E-68	244
A0A2I7G3B0	P9WNX8	33.400	452	499	457	5.159E-68	244
A0A2I7G3B0	Q8GAK7	34.900	454	499	458	1.298E-67	243
A0A2I7G3B0	Q73TP5	33.600	452	499	472	3.265E-67	241
A0A2I7G3B0	A0QMB9	33.400	452	499	472	1.117E-66	240
A0A2I7G3B0	Q94688	52.800	225	499	228	1.518E-66	239
A0A2I7G3B0	O32507	32.300	454	499	477	1.521E-64	233
A0A2I7G3B0	O69497	32.300	452	499	457	3.269E-63	229
A0A2I7G3B0	Q55585	31.100	452	499	454	5.871E-59	217
A0A2I7G3B0	P33008	33.500	451	499	488	3.916E-53	199
A0A2I7G3B0	Q41247	28.400	469	499	494	5.037E-51	193
A0A2I7G3B0	P49419	29.400	461	499	539	4.731E-49	187
A0A2I7G3B0	Q64057	29.400	461	499	539	1.586E-48	186
A0A2I7G3B0	Q2KJC9	28.700	461	499	539	3.926E-48	184
A0A2I7G3B0	Q9DBF1	28.500	461	499	539	6.623E-46	178
C0HLL5	P86875	97.500	331	331	357	4.026E-227	696
C0HLL5	P49371	92.400	331	331	331	1.393E-216	666
C0HLL5	P49370	92.700	331	331	331	6.116E-215	661
C0HLL5	Q9U6V9	74.300	331	331	367	2.609E-177	553
C0HLL5	P86687	76.000	288	331	288	8.737E-154	485
C0HLL5	Q08169	55.100	323	331	382	4.452E-122	393
C0HLL5	P85841	34.800	328	331	385	1.254E-58	209
C0HLL5	W0HFN9	34.200	328	331	403	4.660E-56	202
C0HLL5	P86100	33.000	325	331	410	6.771E-54	196
C0HLL5	J3S820	33.000	330	331	449	2.349E-53	194
C0HLL5	Q76HN1	31.800	329	331	449	4.375E-53	193
C0HLL5	Q91ZJ9	32.300	329	331	462	2.825E-52	191
C0HLL5	A3QVN6	33.100	326	331	449	9.791E-52	189
C0HLL5	A3QVN5	33.100	326	331	449	1.336E-51	189
C0HLL5	R4J7Z9	30.300	323	331	400	2.487E-51	188
C0HLL5	A3QVP0	33.000	330	331	449	2.487E-51	188
C0HLL5	A3QVN2	32.400	330	331	449	4.629E-51	187
C0HLL5	Q6RHW4	31.300	324	331	435	1.175E-50	186
C0HLL5	Q62803	33.200	320	331	512	4.069E-50	184
C0HLL5	P38566	34.400	324	331	545	4.069E-50	184
C0HLL5	A3QVN9	32.400	330	331	449	5.550E-50	184
C0HLL5	P38567	33.300	320	331	509	1.921E-49	183
C0HLL5	Q5E985	30.800	326	331	450	2.620E-49	182
C0HLL5	Q05A56	31.500	321	331	481	2.298E-48	179
C0HLL5	P38568	32.500	320	331	510	3.743E-47	176
C0HLL5	Q8SQG7	31.800	331	331	476	9.484E-47	175
C0HLL5	P48794	33.000	320	331	512	4.464E-46	173
C0HLL5	Q8SQG8	31.200	331	331	473	8.292E-46	172
C0HLL5	O35632	32.300	328	331	473	1.130E-45	171
C0HLL5	Q9Z2Q3	32.000	328	331	473	5.313E-45	169
C0HLL5	Q2M3T9	31.300	321	331	481	1.344E-44	168
C0HLL5	Q6RHW2	30.000	326	331	419	3.401E-44	167
C0HLL5	Q12891	31.700	328	331	473	7.486E-43	163
C0HLL5	I0CME7	31.500	325	331	448	8.860E-42	160
C0HLL5	Q76HM9	29.800	327	331	412	4.146E-41	158
C0HLL5	Q8VEI3	30.600	327	331	412	7.685E-41	157
C0HLL5	O43820	28.800	326	331	417	1.046E-40	157
C0HLL5	I0CME8	30.300	309	331	347	9.161E-34	136
P9WEU5	Q7Z8M6	86.000	345	371	363	4.612E-206	638
P9WEU5	Q7RVT0	84.500	349	371	351	4.182E-205	635
P9WEU5	Q9P8V3	85.100	350	371	356	3.792E-204	632
P9WEU5	E3RV84	84.300	345	371	366	6.593E-200	620
P9WEU5	Q96UG7	81.700	356	371	363	5.977E-199	617
P9WEU5	I1RP53	81.700	350	371	355	1.910E-197	613
P9WEU5	P32963	81.900	344	371	355	2.150E-195	607
P9WEU5	P32964	76.000	353	371	368	1.144E-179	562
P9WEU5	G2XQT1	70.600	358	371	371	3.844E-169	531
P9WEU5	A9QXE0	67.200	343	371	356	2.442E-155	492
P9WEU5	C8V9R7	66.000	354	371	364	6.359E-152	482
P9WEU5	Q02068	40.500	344	371	383	5.563E-69	241
P9WEU5	B6Q5I3	37.600	315	371	322	2.651E-63	225
P9WEU5	Q89GE3	38.900	333	371	334	9.197E-63	223
P9WEU5	B6HVR6	37.300	318	371	328	5.938E-62	221
P9WEU5	Q2U4D6	39.000	319	371	333	8.103E-62	220
P9WEU5	A2RA31	38.000	311	371	328	1.328E-60	217
P9WEU5	A2R6M7	38.700	324	371	337	4.599E-60	215
P9WEU5	P10045	37.500	325	371	349	1.228E-57	208
P9WEU5	Q19A54	36.500	307	371	320	1.674E-57	208
P9WEU5	Q500U1	36.900	337	371	336	3.113E-57	207
P9WEU5	D4B1Q8	37.200	329	371	335	4.245E-57	207
P9WEU5	C7YS90	36.100	317	371	339	1.467E-56	205
P9WEU5	Q03217	39.700	318	371	366	1.467E-56	205
P9WEU5	V5IPE4	36.700	319	371	327	9.424E-56	203
P9WEU5	A5DNJ4	34.700	314	371	317	3.178E-46	175
P9WEU5	P82605	31.900	314	371	339	1.492E-43	167
P9WEU5	Q6RWG0	33.900	307	371	330	6.803E-39	153
P9WEU5	Q6RWK4	30.800	312	371	314	5.363E-34	138
P9WEU5	P46010	28.400	320	371	346	6.853E-32	132
P9WEU5	P32962	29.500	318	371	339	1.255E-31	131
P9WEU5	P32961	29.300	320	371	346	1.255E-31	131
P9WEU5	Q89PT3	29.200	316	371	321	4.300E-28	121
P9WEU5	Q6H849	27.700	331	371	362	5.806E-28	120
P9WEU5	Q42966	28.800	306	371	348	8.630E-27	117
P9WEU5	Q42965	28.400	306	371	349	2.857E-26	115
P9WEU5	Q5QGZ8	27.900	315	371	349	2.314E-25	112
P9WEU5	P46011	27.000	315	371	355	3.118E-25	112
P9WEU5	Q3LRV4	27.000	318	371	350	4.553E-24	108
P9WEU5	Q9NQR4	23.500	264	371	276	1.568E-04	47
P0DQH9	G8XQX1	33.400	451	172	504	4.267E-48	171
P0DQH9	Q6TGQ8	33.000	451	172	478	7.274E-47	168
P0DQH9	Q6TGQ9	33.000	451	172	497	7.274E-47	168
P0DQH9	X2L4E2	44.100	256	172	498	1.872E-46	166
P0DQH9	B5AR80	33.000	451	172	503	2.565E-46	166
P0DQH9	Q6WP39	43.100	257	172	516	3.515E-46	166
P0DQH9	Q6STF1	43.700	256	172	504	6.601E-46	165
P0DQH9	A0A024BTN9	43.500	257	172	498	9.045E-46	164
P0DQH9	B5U6Y8	43.000	258	172	504	9.045E-46	164
P0DQH9	Q90W54	43.700	256	172	504	1.240E-45	164
P0DQH9	P0DI84	42.300	255	172	484	1.398E-43	158
P0DQH9	B0VXW0	43.000	253	172	516	2.624E-43	157
P0DQH9	K9N7B7	42.200	253	172	498	8.386E-42	153
P0DQH9	P81382	41.200	257	172	516	8.386E-42	153
P0DQH9	O93364	42.200	253	172	516	4.049E-41	151
P0DQH9	P56742	42.200	253	172	516	4.049E-41	151
P0DQH9	F8S0Z5	42.200	253	172	516	4.049E-41	151
P0DQH9	Q4JHE3	40.000	253	172	517	5.649E-38	142
P0DQH9	Q4JHE1	39.300	257	172	517	1.989E-37	140
P0DQH9	X2JCV5	40.700	255	172	516	3.733E-37	139
P0DQH9	Q4JHE2	38.500	257	172	517	8.681E-36	136
P0DQH9	A8QL52	37.800	257	172	517	1.473E-34	132
P0DQH9	A8QL58	37.400	257	172	449	7.096E-34	130
P0DQH9	A8QL51	37.400	257	172	517	7.096E-34	130
P0DQH9	Q4F867	30.700	372	172	407	3.419E-33	128
P0DQH9	A6MFL0	35.400	257	172	517	1.341E-30	121
P0DQH9	P81375	46.500	172	172	107	1.090E-28	115
P0DQH9	P0CC17	46.300	96	172	119	5.362E-17	81
P0DQH9	P81383	30.700	153	172	491	2.128E-10	62
P0DQH9	P0C2D7	45.400	88	172	88	5.360E-10	61
P0DQH9	P86810	31.100	106	172	527	1.814E-07	53
P0DQH9	P0DI89	91.600	24	172	30	1.129E-06	51
P0DQH9	P0DI88	91.600	24	172	37	1.129E-06	51
P0DQH9	P0C2D5	87.500	24	172	30	2.810E-06	49
P0DQH9	P0DI87	91.600	24	172	49	6.982E-06	48
P0DQH9	P0C2D3	91.600	24	172	27	1.732E-05	47
P0DQH9	C0HJE7	83.300	24	172	39	2.343E-05	47
P0DQH9	Q6T627	43.300	60	172	60	5.799E-05	46
A0A5C2A2T2	Q9TWL9	46.500	73	178	77	4.763E-17	81
A0A348AXX5	P08158	41.100	531	538	548	1.520E-120	399
A0A348AXX5	Q12559	38.200	543	538	545	1.583E-110	370
A0A348AXX5	Q8TFF9	38.000	545	538	547	1.307E-101	344
A0A348AXX5	O59805	36.000	529	538	533	2.609E-92	317
A0A348AXX5	P22580	33.400	448	538	549	1.623E-60	223
A0A348AXX5	P97612	30.300	387	538	579	1.084E-41	166
A0A348AXX5	Q9TUI8	29.100	387	538	579	5.103E-40	161
A0A348AXX5	Q17449	33.600	310	538	572	7.708E-38	154
A0A348AXX5	O08914	28.900	387	538	579	1.088E-36	151
A0A348AXX5	Q6DH69	29.900	407	538	532	7.193E-32	136
A0A348AXX5	Q05AM4	35.700	243	538	526	2.330E-30	131
A0A348AXX5	C4Z3J4	35.300	232	538	481	2.357E-28	124
A0A348AXX5	Q7UT33	34.700	233	538	499	9.859E-27	119
A0A348AXX5	Q1J0C2	35.800	246	538	483	1.749E-26	119
A0A348AXX5	Q6GMR7	36.100	188	538	532	3.100E-26	118
A0A348AXX5	Q1IUE4	26.500	373	538	480	1.296E-25	116
A0A348AXX5	Q67KJ2	36.700	214	538	488	1.296E-25	116
A0A348AXX5	Q9Z580	31.000	264	538	497	1.724E-25	115
A0A348AXX5	B1L1G9	32.600	236	538	485	4.061E-25	114
A0A348AXX5	B8J405	35.600	218	538	486	4.061E-25	114
A0A348AXX5	C3KU97	32.600	236	538	485	5.403E-25	114
A0A348AXX5	C1FLD9	32.600	236	538	485	5.403E-25	114
A0A348AXX5	B2U7V7	32.700	238	538	499	5.403E-25	114
A0A348AXX5	Q2T293	33.600	232	538	496	9.559E-25	113
A0A348AXX5	O28325	30.700	345	538	453	1.271E-24	113
A0A348AXX5	Q146Y5	33.700	228	538	495	2.248E-24	112
A0A348AXX5	A1WVR7	33.000	230	538	484	2.989E-24	111
A0A348AXX5	A3N4F4	33.100	232	538	496	3.974E-24	111
A0A348AXX5	Q63YJ9	33.100	232	538	496	3.974E-24	111
A0A348AXX5	A3NQ45	33.100	232	538	496	3.974E-24	111
A0A348AXX5	Q3JXC1	33.100	232	538	496	3.974E-24	111
A0A348AXX5	Q39BW3	33.100	232	538	496	5.283E-24	111
A0A348AXX5	A0LSR0	32.900	234	538	505	5.283E-24	111
A0A348AXX5	C6BSE9	32.300	234	538	487	7.022E-24	110
A0A348AXX5	B2T1M4	31.000	273	538	495	7.022E-24	110
A0A348AXX5	Q8Y3C3	33.300	234	538	495	7.022E-24	110
A0A348AXX5	C1D1L2	28.100	374	538	487	9.334E-24	110
A0A348AXX5	A4JIT0	32.700	232	538	496	9.334E-24	110
A0A348AXX5	A3MNR6	33.100	232	538	496	9.334E-24	110
A0A348AXX5	A2S8I9	33.100	232	538	496	9.334E-24	110
A0A348AXX5	A1V776	33.100	232	538	496	9.334E-24	110
A0A348AXX5	A9AC51	33.100	232	538	499	9.334E-24	110
A0A348AXX5	Q2SBG5	35.200	201	538	484	1.241E-23	109
A0A348AXX5	Q113L8	31.300	246	538	485	1.241E-23	109
A0A348AXX5	Q1BSL2	33.100	232	538	496	1.241E-23	109
A0A348AXX5	B1K0H7	33.100	232	538	496	1.241E-23	109
A0A348AXX5	A0KBH9	33.100	232	538	496	1.241E-23	109
A0A348AXX5	B4E7X6	33.100	232	538	496	1.241E-23	109
A0A348AXX5	A7GIK2	31.700	236	538	485	2.191E-23	109
A0A348AXX5	Q3AKH0	32.100	227	538	491	2.191E-23	109
A0A348AXX5	B1YPV8	32.700	232	538	496	2.191E-23	109
A0A348AXX5	Q0BAV4	32.700	232	538	496	2.191E-23	109
A0A348AXX5	B1INF7	32.200	236	538	485	3.868E-23	108
A0A348AXX5	B2JJW2	33.100	199	538	497	3.868E-23	108
A0A348AXX5	Q4ZNS7	31.600	234	538	483	5.138E-23	108
A0A348AXX5	A7FYL3	31.700	236	538	485	5.138E-23	108
A0A348AXX5	A5I6Z3	31.700	236	538	485	5.138E-23	108
A0A348AXX5	Q746Y7	31.800	251	538	485	5.138E-23	108
A0A348AXX5	K9NBS6	29.300	292	538	477	9.066E-23	107
A0A348AXX5	B9LER8	31.600	240	538	487	9.066E-23	107
A0A348AXX5	A9WCD8	31.600	240	538	487	9.066E-23	107
A0A348AXX5	B2A5W7	30.500	236	538	491	9.066E-23	107
A0A348AXX5	A0L5G0	31.300	239	538	485	1.204E-22	106
A0A348AXX5	Q1LSE1	33.100	205	538	499	1.204E-22	106
A0A348AXX5	Q0KFF8	32.600	201	538	501	1.204E-22	106
A0A348AXX5	Q87WR9	31.600	234	538	483	1.599E-22	106
A0A348AXX5	Q48E92	31.100	234	538	483	2.124E-22	106
A0A348AXX5	B3DWT4	32.000	230	538	494	2.124E-22	106
A0A348AXX5	A5UXF9	32.300	235	538	487	2.820E-22	105
A0A348AXX5	B8G974	31.400	245	538	488	2.820E-22	105
A0A348AXX5	Q8DK65	32.100	233	538	482	3.745E-22	105
A0A348AXX5	Q5ZUQ7	33.800	197	538	483	3.745E-22	105
A0A348AXX5	Q5WVW0	33.800	197	538	483	3.745E-22	105
A0A348AXX5	Q0I9N6	31.100	257	538	487	3.745E-22	105
A0A348AXX5	A8M5E6	30.100	249	538	491	3.745E-22	105
A0A348AXX5	Q2JUM6	25.500	456	538	509	3.745E-22	105
A0A348AXX5	Q2JL51	25.300	456	538	510	3.745E-22	105
A0A348AXX5	O27955	32.100	199	538	457	4.972E-22	104
A0A348AXX5	P63493	35.800	187	538	462	4.972E-22	104
A0A348AXX5	P9WQ96	35.800	187	538	462	4.972E-22	104
A0A348AXX5	P9WQ97	35.800	187	538	462	4.972E-22	104
A0A348AXX5	Q8PXJ1	36.100	188	538	476	4.972E-22	104
A0A348AXX5	B8HY89	30.400	252	538	482	4.972E-22	104
A0A348AXX5	Q7NKF0	31.200	227	538	489	4.972E-22	104
A0A348AXX5	A7NKM0	32.500	240	538	490	4.972E-22	104
A0A348AXX5	Q83BM9	36.500	197	538	483	6.601E-22	104
A0A348AXX5	Q5X4H5	33.800	197	538	483	6.601E-22	104
A0A348AXX5	A5ICP2	33.800	197	538	483	6.601E-22	104
A0A348AXX5	B6J4H5	36.500	197	538	483	6.601E-22	104
A0A348AXX5	B6IZ25	36.500	197	538	483	6.601E-22	104
A0A348AXX5	A9KBI0	36.500	197	538	483	6.601E-22	104
A0A348AXX5	A9N8Z4	36.500	197	538	483	6.601E-22	104
A0A348AXX5	Q6MDF5	32.200	223	538	489	6.601E-22	104
A0A348AXX5	Q9RTA9	36.700	188	538	482	8.762E-22	104
A0A348AXX5	Q0ACB5	31.700	230	538	484	8.762E-22	104
A0A348AXX5	Q31LC2	31.000	222	538	479	1.163E-21	103
A0A348AXX5	B0C269	31.700	227	538	482	1.163E-21	103
A0A348AXX5	Q313S5	31.400	235	538	487	1.163E-21	103
A0A348AXX5	Q12VH1	34.700	184	538	475	2.049E-21	102
A0A348AXX5	Q93LE2	34.900	203	538	485	2.049E-21	102
A0A348AXX5	C5D4K6	35.900	192	538	486	2.049E-21	102
A0A348AXX5	C1DQ37	31.600	234	538	483	2.719E-21	102
A0A348AXX5	Q5L3B3	34.900	203	538	485	2.719E-21	102
A0A348AXX5	Q3AVK4	36.400	170	538	491	2.719E-21	102
A0A348AXX5	Q5N0K5	30.600	222	538	479	3.608E-21	102
A0A348AXX5	B1XJG8	31.500	222	538	485	3.608E-21	102
A0A348AXX5	C1F857	26.600	373	538	476	4.788E-21	101
A0A348AXX5	B2AG25	31.200	210	538	501	4.788E-21	101
A0A348AXX5	Q8THJ1	34.500	188	538	476	6.353E-21	101
A0A348AXX5	Q4KIA8	30.300	234	538	483	6.353E-21	101
A0A348AXX5	Q97FQ7	30.600	236	538	485	6.353E-21	101
A0A348AXX5	Q7U7F4	37.800	161	538	486	6.353E-21	101
A0A348AXX5	Q2IH94	34.300	201	538	492	6.353E-21	101
A0A348AXX5	B1WYP3	30.600	222	538	482	8.428E-21	100
A0A348AXX5	Q6AQK1	32.000	231	538	485	8.428E-21	100
A0A348AXX5	C6E6Z2	30.200	238	538	485	8.428E-21	100
A0A348AXX5	A6VWN0	30.200	228	538	486	8.428E-21	100
A0A348AXX5	Q39ZK0	29.800	251	538	485	1.118E-20	100
A0A348AXX5	A4IJZ2	36.400	192	538	485	1.118E-20	100
A0A348AXX5	A2C1Y1	34.000	194	538	486	1.118E-20	100
A0A348AXX5	Q46L72	34.000	194	538	486	1.118E-20	100
A0A348AXX5	B2V855	32.000	203	538	485	1.483E-20	100
A0A348AXX5	Q2S4S2	29.700	232	538	514	1.483E-20	100
A0A348AXX5	A6W7L7	33.100	199	538	516	1.967E-20	99
A0A348AXX5	B2IYD7	29.700	222	538	486	2.610E-20	99
A0A348AXX5	Q7V7T6	34.700	187	538	486	2.610E-20	99
A0A348AXX5	Q60CK8	32.100	230	538	485	3.461E-20	98
A0A348AXX5	Q9Z9G7	30.200	233	538	492	3.461E-20	98
A0A348AXX5	A3M8F1	32.400	222	538	492	3.461E-20	98
A0A348AXX5	A2BQY7	33.600	200	538	482	4.590E-20	98
A0A348AXX5	B0JSX3	30.400	233	538	483	4.590E-20	98
A0A348AXX5	Q891I1	28.500	251	538	485	4.590E-20	98
A0A348AXX5	A5GKM7	29.900	227	538	487	4.590E-20	98
A0A348AXX5	B0VS13	32.400	222	538	492	4.590E-20	98
A0A348AXX5	Q6A8P5	26.900	299	538	501	4.590E-20	98
A0A348AXX5	O83983	42.300	130	538	506	4.590E-20	98
A0A348AXX5	B2S4Q7	42.300	130	538	506	4.590E-20	98
A0A348AXX5	Q46E35	34.000	188	538	475	6.087E-20	98
A0A348AXX5	O66610	32.200	230	538	478	6.087E-20	98
A0A348AXX5	Q8KFQ4	34.300	160	538	481	6.087E-20	98
A0A348AXX5	C3K6Y4	30.600	230	538	483	6.087E-20	98
A0A348AXX5	P73558	31.300	233	538	483	6.087E-20	98
A0A348AXX5	B7GXC5	32.400	222	538	492	6.087E-20	98
A0A348AXX5	B7I7N2	32.400	222	538	492	6.087E-20	98
A0A348AXX5	B0VEN3	32.400	222	538	492	6.087E-20	98
A0A348AXX5	Q1IED3	30.400	230	538	483	8.071E-20	97
A0A348AXX5	A5VZ22	30.800	230	538	483	8.071E-20	97
A0A348AXX5	Q6NHQ1	30.700	234	538	494	8.071E-20	97
A0A348AXX5	A4TE06	28.900	300	538	494	8.071E-20	97
A0A348AXX5	Q7VSN2	32.200	208	538	512	8.071E-20	97
A0A348AXX5	Q1QVB5	30.000	230	538	486	1.070E-19	97
A0A348AXX5	A0LP22	30.500	261	538	486	1.070E-19	97
A0A348AXX5	B3EM22	25.600	421	538	477	1.419E-19	96
A0A348AXX5	A5GTM0	32.000	234	538	485	1.419E-19	96
A0A348AXX5	A9B9W7	33.800	192	538	487	1.419E-19	96
A0A348AXX5	Q1GYD3	31.500	219	538	490	1.419E-19	96
A0A348AXX5	Q21RH9	35.100	199	538	493	1.419E-19	96
A0A348AXX5	A9KJ26	29.900	227	538	494	1.419E-19	96
A0A348AXX5	A8Z6P5	27.100	287	538	452	1.881E-19	96
A0A348AXX5	B0KQG0	30.000	230	538	483	1.881E-19	96
A0A348AXX5	A8ETK8	26.600	249	538	453	2.494E-19	96
A0A348AXX5	A0RU64	32.800	192	538	479	2.494E-19	96
A0A348AXX5	A7GKK3	35.100	188	538	485	2.494E-19	96
A0A348AXX5	B0TDK7	28.100	263	538	487	2.494E-19	96
A0A348AXX5	B4UIV1	33.300	201	538	492	3.306E-19	95
A0A348AXX5	B1JDP1	30.000	230	538	483	4.382E-19	95
A0A348AXX5	B9LZ18	29.800	251	538	485	4.382E-19	95
A0A348AXX5	B4S4W1	32.500	160	538	477	5.807E-19	94
A0A348AXX5	Q3KI27	29.000	234	538	483	5.807E-19	94
A0A348AXX5	B7GFW3	34.800	192	538	485	5.807E-19	94
A0A348AXX5	A2CA16	33.100	187	538	486	5.807E-19	94
A0A348AXX5	Q72DX1	35.100	188	538	489	5.807E-19	94
A0A348AXX5	A8F5H6	29.800	231	538	467	7.697E-19	94
A0A348AXX5	B1YM01	33.500	188	538	480	7.697E-19	94
A0A348AXX5	A8G4M8	33.100	200	538	482	7.697E-19	94
A0A348AXX5	B3EA24	28.700	240	538	485	7.697E-19	94
A0A348AXX5	A1VFG9	35.100	188	538	489	7.697E-19	94
A0A348AXX5	A6TTJ8	31.300	201	538	491	7.697E-19	94
A0A348AXX5	Q03EG5	29.500	230	538	486	1.020E-18	94
A0A348AXX5	Q3ATD7	35.000	160	538	474	1.352E-18	93
A0A348AXX5	Q97EX8	36.000	161	538	478	1.352E-18	93
A0A348AXX5	Q88PB9	29.500	230	538	483	1.352E-18	93
A0A348AXX5	C0Z4E4	30.900	197	538	490	1.352E-18	93
A0A348AXX5	Q9LI77	34.400	183	538	537	1.352E-18	93
A0A348AXX5	B2UMP4	25.400	343	538	470	1.791E-18	93
A0A348AXX5	Q661S5	35.900	153	538	481	1.791E-18	93
A0A348AXX5	Q3A2K0	29.500	240	538	485	1.791E-18	93
A0A348AXX5	B2TIZ9	33.400	210	538	485	1.791E-18	93
A0A348AXX5	Q9Z9W9	33.300	192	538	485	1.791E-18	93
A0A348AXX5	B0K3S3	27.500	240	538	488	1.791E-18	93
A0A348AXX5	Q5YRT4	29.300	249	538	490	1.791E-18	93
A0A348AXX5	Q73VG9	29.200	229	538	493	1.791E-18	93
A0A348AXX5	A0RNK4	28.200	269	538	453	2.373E-18	93
A0A348AXX5	B4SCS6	35.000	160	538	475	2.373E-18	93
A0A348AXX5	Q03Q16	31.500	203	538	489	2.373E-18	93
A0A348AXX5	Q31B32	32.100	199	538	480	3.145E-18	92
A0A348AXX5	Q73EK8	34.000	188	538	485	3.145E-18	92
A0A348AXX5	B7IUX9	34.000	188	538	485	3.145E-18	92
A0A348AXX5	B7H4W2	34.000	188	538	485	3.145E-18	92
A0A348AXX5	B9J1N0	34.000	188	538	485	3.145E-18	92
A0A348AXX5	Q63GR0	34.000	188	538	485	3.145E-18	92
A0A348AXX5	B3EFE2	33.100	160	538	474	4.166E-18	92
A0A348AXX5	C3PBQ4	34.000	188	538	485	4.166E-18	92
A0A348AXX5	C3L559	34.000	188	538	485	4.166E-18	92
A0A348AXX5	A0R921	34.000	188	538	485	4.166E-18	92
A0A348AXX5	Q81ZE8	34.000	188	538	485	4.166E-18	92
A0A348AXX5	B7JMB2	34.000	188	538	485	4.166E-18	92
A0A348AXX5	C1EV88	34.000	188	538	485	4.166E-18	92
A0A348AXX5	B2UZ26	34.200	185	538	485	4.166E-18	92
A0A348AXX5	Q81IN3	34.000	188	538	485	4.166E-18	92
A0A348AXX5	Q6HP81	34.000	188	538	485	4.166E-18	92
A0A348AXX5	B0KBN4	27.500	240	538	488	4.166E-18	92
A0A348AXX5	P9WQA0	28.300	233	538	494	4.166E-18	92
A0A348AXX5	Q971U6	32.000	178	538	472	5.520E-18	91
A0A348AXX5	A7Z267	32.000	206	538	485	5.520E-18	91
A0A348AXX5	A9VRH7	33.500	188	538	485	5.520E-18	91
A0A348AXX5	A0QJD4	28.800	229	538	493	5.520E-18	91
A0A348AXX5	Q7TXG2	28.300	233	538	494	5.520E-18	91
A0A348AXX5	A1KN06	28.300	233	538	494	5.520E-18	91
A0A348AXX5	C1AGC7	28.300	233	538	494	5.520E-18	91
A0A348AXX5	C4ZHB9	29.100	237	538	503	5.520E-18	91
A0A348AXX5	Q30SH9	32.000	175	538	447	7.312E-18	91
A0A348AXX5	A7GX27	26.100	273	538	452	7.312E-18	91
A0A348AXX5	Q97ZG1	33.700	181	538	478	7.312E-18	91
A0A348AXX5	Q65MP8	34.000	188	538	485	7.312E-18	91
A0A348AXX5	Q253Q1	32.800	193	538	491	7.312E-18	91
A0A348AXX5	A7I1S8	24.300	418	538	452	9.686E-18	91
A0A348AXX5	Q5WJ20	30.200	255	538	483	9.686E-18	91
A0A348AXX5	C0QRF9	30.800	198	538	485	9.686E-18	91
A0A348AXX5	Q3Z6V3	32.400	191	538	486	9.686E-18	91
A0A348AXX5	B1HTW9	33.100	192	538	487	9.686E-18	91
A0A348AXX5	Q4J965	33.700	169	538	476	1.283E-17	90
A0A348AXX5	B1GZD3	29.800	191	538	485	1.283E-17	90
A0A348AXX5	A4QDK8	28.200	237	538	497	1.283E-17	90
A0A348AXX5	Q8NR17	28.200	237	538	497	1.283E-17	90
A0A348AXX5	A7X427	30.300	188	538	485	1.699E-17	90
A0A348AXX5	P63488	30.300	188	538	485	1.699E-17	90
A0A348AXX5	P63489	30.300	188	538	485	1.699E-17	90
A0A348AXX5	O06491	33.500	188	538	485	1.699E-17	90
A0A348AXX5	C0ZXK7	30.200	251	538	492	1.699E-17	90
A0A348AXX5	Q0SNH0	34.600	153	538	481	2.251E-17	89
A0A348AXX5	C0R074	31.900	207	538	482	2.251E-17	89
A0A348AXX5	Q5P4D0	32.800	195	538	490	2.251E-17	89
A0A348AXX5	Q2KU72	31.700	208	538	510	2.251E-17	89
A0A348AXX5	Q7VCJ0	32.600	187	538	486	2.981E-17	89
A0A348AXX5	Q7X8Z8	34.700	184	538	543	2.981E-17	89
A0A348AXX5	B6U151	34.700	184	538	543	2.981E-17	89
A0A348AXX5	Q25A68	34.700	184	538	543	2.981E-17	89
A0A348AXX5	A6Q4I0	27.300	240	538	442	3.948E-17	89
A0A348AXX5	A4SGD2	35.500	152	538	482	3.948E-17	89
A0A348AXX5	Q3SM39	30.600	209	538	485	3.948E-17	89
A0A348AXX5	B0S8V3	28.800	194	538	488	3.948E-17	89
A0A348AXX5	B0SRP1	28.800	194	538	488	3.948E-17	89
A0A348AXX5	O33105	28.300	229	538	497	3.948E-17	89
A0A348AXX5	A6U305	29.700	188	538	485	5.228E-17	88
A0A348AXX5	A5IU67	29.700	188	538	485	5.228E-17	88
A0A348AXX5	Q6G833	29.700	188	538	485	5.228E-17	88
A0A348AXX5	Q8NVT3	29.700	188	538	485	5.228E-17	88
A0A348AXX5	Q73Q68	34.500	189	538	485	5.228E-17	88
A0A348AXX5	A5FQ07	30.800	191	538	486	5.228E-17	88
A0A348AXX5	Q3ZYM5	30.800	191	538	486	5.228E-17	88
A0A348AXX5	O51317	34.600	153	538	481	6.922E-17	88
A0A348AXX5	Q3B228	34.800	152	538	485	6.922E-17	88
A0A348AXX5	C5Y8Z8	34.200	184	538	541	6.922E-17	88
A0A348AXX5	Q72SC3	37.100	137	538	487	1.214E-16	87
A0A348AXX5	Q4JUM4	28.700	233	538	500	1.214E-16	87
A0A348AXX5	Q9ZL13	30.100	186	538	453	2.127E-16	86
A0A348AXX5	A2BWS5	28.800	201	538	484	2.127E-16	86
A0A348AXX5	A4J6Z8	26.200	240	538	485	2.816E-16	86
A0A348AXX5	B6JM61	30.100	186	538	453	3.728E-16	85
A0A348AXX5	Q1QDJ4	31.200	222	538	498	3.728E-16	85
A0A348AXX5	Q7M842	31.900	163	538	449	4.935E-16	85
A0A348AXX5	Q74I52	32.000	187	538	479	4.935E-16	85
A0A348AXX5	Q9HR43	36.700	136	538	423	6.532E-16	85
A0A348AXX5	A7H2U1	33.300	164	538	453	6.532E-16	85
A0A348AXX5	B2GDS6	32.600	190	538	487	6.532E-16	85
A0A348AXX5	Q17WM2	26.100	250	538	453	8.646E-16	84
A0A348AXX5	A8FMB2	32.700	164	538	453	8.646E-16	84
A0A348AXX5	B2USZ8	26.100	250	538	453	8.646E-16	84
A0A348AXX5	Q9PNN2	33.300	164	538	453	8.646E-16	84
A0A348AXX5	A1W048	33.300	164	538	453	8.646E-16	84
A0A348AXX5	Q5HU43	32.700	164	538	453	8.646E-16	84
A0A348AXX5	Q04SA5	29.100	192	538	485	8.646E-16	84
A0A348AXX5	Q050D1	29.100	192	538	485	8.646E-16	84
A0A348AXX5	Q1CT39	29.500	186	538	453	1.144E-15	84
A0A348AXX5	C4L690	30.800	188	538	480	1.144E-15	84
A0A348AXX5	Q041K5	32.000	187	538	479	1.515E-15	83
A0A348AXX5	B1I3K2	30.600	186	538	492	1.515E-15	83
A0A348AXX5	A0PPX4	30.000	193	538	493	1.515E-15	83
A0A348AXX5	B2HIF7	30.000	193	538	493	1.515E-15	83
A0A348AXX5	Q5V2G6	36.700	136	538	425	2.004E-15	83
A0A348AXX5	Q4FUG4	30.800	222	538	498	2.004E-15	83
A0A348AXX5	Q3ISR6	38.100	131	538	423	2.653E-15	83
A0A348AXX5	Q1GBF4	39.200	129	538	480	2.653E-15	83
A0A348AXX5	Q04BV7	39.200	129	538	480	2.653E-15	83
A0A348AXX5	A5WCI2	29.900	217	538	499	2.653E-15	83
A0A348AXX5	B8D125	31.500	171	538	477	6.147E-15	81
A0A348AXX5	B3WD57	37.600	130	538	484	6.147E-15	81
A0A348AXX5	B9E826	30.200	162	538	481	8.133E-15	81
A0A348AXX5	Q38VC9	36.400	129	538	488	1.884E-14	80
A0A348B788	P0DL13	48.700	330	351	346	1.618E-107	352
A0A348B788	A8NU13	28.000	326	351	345	1.003E-40	158
A0A348B788	Q6WP50	26.100	316	351	399	6.288E-29	123
A0A348B788	C7PLV2	28.200	307	351	321	3.491E-23	105
A0A348B788	A0A1L7VZE7	27.000	330	351	401	4.705E-23	105
A0A348B788	A0A1L7U8F2	26.700	330	351	401	2.090E-22	103
A0A348B788	B5H7H3	27.000	233	351	372	2.127E-17	87
A0A348B788	K0K750	26.200	238	351	353	2.212E-16	84
A0A348B788	A7NH01	23.500	300	351	326	2.281E-15	81
A0A348B788	E3VWJ0	23.900	326	351	337	3.152E-13	74
A0A348B788	D2B747	20.700	297	351	330	5.615E-13	74
A0A348B788	Q55012	24.300	306	351	337	2.372E-12	72
A0A348B788	A9FZ87	22.600	308	351	329	1.262E-08	60
A0A348B788	B5HDJ6	21.500	294	351	365	9.207E-08	57
A0A4D6Q4T7	Q06942	83.200	359	372	364	1.295E-199	619
A0A4D6Q4T7	Q07353	82.300	362	372	369	1.812E-196	610
A0A4D6Q4T7	Q9S818	83.800	335	372	358	4.755E-193	601
A0A4D6Q4T7	Q7XM21	76.500	377	372	377	3.906E-191	595
A0A4D6Q4T7	Q05965	82.100	336	372	357	3.540E-190	592
A0A4D6Q4T7	P41090	79.300	362	372	364	9.283E-187	582
A0A4D6Q4T7	Q05963	82.500	327	372	356	7.765E-182	568
A0A4D6Q4T7	Q05964	76.200	362	372	365	2.736E-181	567
A0A4D6Q4T7	P28038	73.600	377	372	377	3.748E-181	566
A0A4D6Q4T7	Q7XZQ8	73.400	346	372	365	6.716E-171	537
A0A4D6Q4T7	Q8W2X5	35.700	324	372	342	4.754E-60	215
A0A4D6Q4T7	P51091	32.700	341	372	357	2.305E-50	187
A0A4D6Q4T7	O04274	32.500	329	372	362	5.051E-49	183
A0A4D6Q4T7	D4N500	34.300	270	372	364	8.109E-48	179
A0A4D6Q4T7	P51092	32.600	322	372	430	2.782E-47	178
A0A4D6Q4T7	Q96330	33.700	311	372	336	3.786E-47	177
A0A4D6Q4T7	Q96323	33.400	297	372	356	7.012E-47	177
A0A4D6Q4T7	Q9ZWQ9	31.600	326	372	335	1.298E-46	176
A0A4D6Q4T7	Q9MB94	35.800	272	372	319	5.218E-45	171
A0A4D6Q4T7	D4N502	32.400	297	372	360	5.218E-45	171
A0A4D6Q4T7	P51093	33.100	296	372	362	7.097E-45	171
A0A4D6Q4T7	Q67VR7	29.100	343	372	373	7.097E-45	171
A0A4D6Q4T7	Q04644	37.900	264	372	318	1.313E-44	170
A0A4D6Q4T7	Q9FR99	35.200	284	372	306	1.785E-44	169
A0A4D6Q4T7	Q93VC3	29.900	331	372	375	2.428E-44	169
A0A4D6Q4T7	Q7XZQ6	31.400	291	372	337	6.104E-44	168
A0A4D6Q4T7	P31237	37.300	264	372	319	8.300E-44	168
A0A4D6Q4T7	Q9XHG2	31.000	295	372	337	1.128E-43	167
A0A4D6Q4T7	A2WQ39	29.800	335	372	375	1.128E-43	167
A0A4D6Q4T7	Q07512	30.700	290	372	348	7.124E-43	165
A0A4D6Q4T7	O48882	36.400	272	372	330	9.683E-43	164
A0A4D6Q4T7	P19464	33.800	272	372	320	1.316E-42	164
A0A4D6Q4T7	Q08506	33.500	272	372	319	6.102E-42	162
A0A4D6Q4T7	A2Z1W9	34.500	289	372	322	1.531E-41	161
A0A4D6Q4T7	Q0J1C1	34.500	289	372	322	1.531E-41	161
A0A4D6Q4T7	Q41452	30.700	298	372	349	2.080E-41	160
A0A4D6Q4T7	P07920	34.600	272	372	316	3.840E-41	160
A0A4D6Q4T7	P24157	34.900	264	372	316	5.217E-41	159
A0A4D6Q4T7	Q06588	34.100	272	372	323	5.217E-41	159
A0A4D6Q4T7	P05116	34.200	272	372	315	1.308E-40	158
A0A4D6Q4T7	P31239	34.600	271	372	317	1.776E-40	158
A0A4D6Q4T7	P54847	32.900	274	372	320	2.412E-40	157
A0A4D6Q4T7	O04395	31.700	292	372	291	3.276E-40	157
A0A4D6Q4T7	Q00985	34.700	278	372	314	3.276E-40	157
A0A4D6Q4T7	Q08508	33.900	272	372	319	3.276E-40	157
A0A4D6Q4T7	Q39103	32.700	292	372	358	4.450E-40	156
A0A4D6Q4T7	Q8S932	35.600	264	372	318	6.043E-40	156
A0A4D6Q4T7	Q9M547	30.700	290	372	334	6.043E-40	156
A0A4D6Q4T7	P41213	29.600	336	372	395	6.043E-40	156
A0A4D6Q4T7	P24397	30.600	289	372	344	1.513E-39	155
A0A4D6Q4T7	Q9FFQ4	33.500	274	372	325	6.980E-39	153
A0A4D6Q4T7	P31238	34.000	276	372	327	4.364E-38	151
A0A4D6Q4T7	Q3I409	33.200	287	372	369	8.037E-38	150
A0A4D6Q4T7	Q09052	34.500	273	372	320	1.091E-37	149
A0A4D6Q4T7	Q9SVS8	31.400	280	372	349	1.091E-37	149
A0A4D6Q4T7	Q3I410	32.800	287	372	370	1.091E-37	149
A0A4D6Q4T7	Q0WPW4	31.400	272	372	307	1.480E-37	149
A0A4D6Q4T7	Q3I411	32.500	287	372	370	5.013E-37	147
A0A4D6Q4T7	Q39705	33.300	276	372	325	9.223E-37	147
A0A4D6Q4T7	Q40062	32.900	288	372	339	4.232E-36	145
A0A4D6Q4T7	O24648	30.400	291	372	374	1.055E-35	143
A0A4D6Q4T7	Q40061	32.600	262	372	338	1.939E-35	143
A0A4D6Q4T7	F4KAS1	30.400	280	372	279	2.628E-35	142
A0A4D6Q4T7	Q9ZQZ1	34.800	252	372	318	2.628E-35	142
A0A4D6Q4T7	Q9C971	30.100	293	372	355	2.207E-34	139
A0A4D6Q4T7	O65378	30.900	264	372	320	4.051E-34	139
A0A4D6Q4T7	O04847	31.500	280	372	401	1.848E-33	137
A0A4D6Q4T7	Q84TC2	33.400	256	372	374	1.139E-32	134
A0A4D6Q4T7	Q9ZUN4	33.600	266	372	310	1.736E-31	131
A0A4D6Q4T7	Q7XR84	30.800	254	372	326	4.297E-31	130
A0A4D6Q4T7	O49561	30.100	264	372	338	1.944E-30	128
A0A4D6Q4T7	Q9SQ80	27.000	316	372	327	7.225E-29	123
A0A4D6Q4T7	Q9C7Z1	29.100	300	372	321	1.186E-26	116
A0A4D6Q4T7	Q9XFR9	28.000	270	372	341	3.174E-25	112
A0A4D6Q4T7	Q8LEA2	27.500	292	372	329	1.046E-24	110
A0A4D6Q4T7	A6BM06	25.400	305	372	368	4.980E-23	105
A0A4D6Q4T7	Q76NT9	25.400	305	372	368	4.980E-23	105
A0A4D6Q4T7	Q9XHM5	27.400	295	372	345	1.212E-22	104
A0A4D6Q4T7	O64692	28.000	267	372	335	9.606E-22	101
A0A4D6Q4T7	Q9FZ21	28.600	256	372	329	2.458E-20	97
C0HLL3	P0CH87	70.200	299	304	301	1.386E-138	439
C0HLL3	P0DMB4	68.200	299	304	334	9.350E-135	428
C0HLL3	P0DMB5	67.500	299	304	334	3.294E-134	427
C0HLL3	Q06478	65.800	299	304	317	1.974E-132	422
C0HLL3	P49369	62.400	301	304	336	1.853E-125	402
C0HLL3	A2VBC4	58.600	305	304	322	5.439E-120	386
C0HLL3	Q9U6W0	57.300	301	304	301	6.940E-113	365
C0HLL3	P0CH86	56.000	300	304	298	3.389E-109	355
C0HLL3	Q6Q251	54.300	304	304	316	2.237E-108	352
C0HLL3	Q6Q252	54.000	304	304	337	5.747E-108	351
C0HLL3	Q6Q249	53.700	304	304	316	1.334E-106	347
C0HLL3	Q68KK0	37.400	210	304	346	3.628E-37	145
C0HLL3	Q6P8U6	30.500	292	304	465	2.790E-31	128
C0HLL3	P81139	30.400	277	304	434	2.390E-30	125
C0HLL3	Q9Y5X9	31.800	263	304	500	2.390E-30	125
C0HLL3	Q9WVG5	31.100	263	304	500	4.412E-30	124
C0HLL3	P16233	30.200	278	304	465	8.144E-30	124
C0HLL3	Q8VBX1	30.400	263	304	493	8.144E-30	124
C0HLL3	P50903	28.000	300	304	465	2.773E-29	122
C0HLL3	A5PK46	30.800	255	304	469	6.946E-29	121
C0HLL3	O88354	29.000	298	304	465	1.281E-28	120
C0HLL3	P54318	28.500	288	304	468	1.739E-28	120
C0HLL3	P17892	29.100	288	304	482	1.739E-28	120
C0HLL3	P00591	29.200	278	304	450	2.361E-28	119
C0HLL3	P54317	28.500	281	304	469	2.361E-28	119
C0HLL3	Q64425	28.200	285	304	457	5.906E-28	118
C0HLL3	P27657	29.500	292	304	465	8.017E-28	118
C0HLL3	J3RZ81	30.600	264	304	497	1.477E-27	117
C0HLL3	P11153	28.200	267	304	465	1.250E-26	114
C0HLL3	O46559	27.600	309	304	499	1.250E-26	114
C0HLL3	O46647	28.600	267	304	475	2.300E-26	113
C0HLL3	P11151	28.600	267	304	478	3.119E-26	113
C0HLL3	Q29524	28.600	267	304	478	3.119E-26	113
C0HLL3	Q17RR3	32.700	226	304	467	4.230E-26	113
C0HLL3	P11150	28.900	271	304	499	4.230E-26	113
C0HLL3	P29183	27.200	285	304	461	7.778E-26	112
C0HLL3	P06858	28.200	267	304	475	7.778E-26	112
C0HLL3	P49060	28.200	267	304	475	7.778E-26	112
C0HLL3	P07867	28.200	271	304	494	7.778E-26	112
C0HLL3	Q64424	27.100	289	304	470	2.627E-25	110
C0HLL3	P55031	29.200	266	304	478	4.827E-25	109
C0HLL3	Q02157	27.900	278	304	465	1.627E-24	108
C0HLL3	P11602	29.000	278	304	490	1.627E-24	108
C0HLL3	P49923	27.500	267	304	478	5.480E-24	106
C0HLL3	Q3SZ79	27.300	306	304	500	7.422E-24	106
C0HLL3	P0DMB6	95.600	23	304	23	8.215E-05	47
A0A5Q0QNH9	P0DL13	55.600	326	387	346	3.817E-119	388
A0A5Q0QNH9	A8NU13	28.500	323	387	345	4.188E-41	160
A0A5Q0QNH9	B2J4A4	24.800	300	387	323	3.798E-26	115
A0A5Q0QNH9	Q6WP50	25.600	306	387	399	1.342E-24	110
A0A5Q0QNH9	C7PLV2	23.400	309	387	321	1.247E-20	98
A0A5Q0QNH9	A0A1L7VZE7	22.600	350	387	401	9.669E-20	95
A0A5Q0QNH9	A0A1L7U8F2	22.600	350	387	401	2.321E-19	94
A0A5Q0QNH9	Q82IY4	25.600	306	387	336	2.462E-16	85
A0A5Q0QNH9	B5H7H3	21.900	309	387	372	1.040E-14	79
A0A5Q0QNH9	E3VWJ0	24.700	234	387	337	9.911E-12	70
A0A5Q0QNH9	Q82RR7	22.100	305	387	335	7.245E-11	67
A0A5Q0QNH9	Q55012	24.700	234	387	337	7.245E-11	67
A0A5Q0QNH9	K0K750	20.800	235	387	353	3.971E-10	65
A0A2U1KZS6	Q05001	72.900	714	709	714	0.000E+00	1079
A0A2U1KZS6	Q9SUM3	71.200	708	709	711	0.000E+00	1034
A0A2U1KZS6	P37116	67.000	665	709	690	7.851E-294	910
A0A2U1KZS6	Q9SB48	65.100	667	709	692	6.408E-289	896
A0A2U1KZS6	Q27597	41.900	606	709	679	4.107E-135	449
A0A2U1KZS6	P37040	39.200	661	709	678	6.702E-134	446
A0A2U1KZS6	Q3SYT8	38.500	661	709	678	3.160E-133	444
A0A2U1KZS6	P00389	39.500	608	709	679	8.013E-133	443
A0A2U1KZS6	P04175	39.600	608	709	678	1.490E-132	442
A0A2U1KZS6	Q07994	41.000	606	709	671	2.031E-132	441
A0A2U1KZS6	P00388	39.000	661	709	678	2.031E-132	441
A0A2U1KZS6	P37039	39.600	608	709	678	2.427E-131	438
A0A2U1KZS6	P16435	38.900	608	709	677	6.151E-131	437
A0A2U1KZS6	Q55CT1	37.700	622	709	667	2.400E-124	418
A0A2U1KZS6	P19618	36.500	608	709	601	7.920E-117	396
A0A2U1KZS6	Q2UHA7	36.300	638	709	695	1.183E-106	366
A0A2U1KZS6	A2QS05	36.500	638	709	695	1.609E-106	365
A0A2U1KZS6	Q5BFT5	36.000	638	709	695	2.564E-105	362
A0A2U1KZS6	Q0CMM0	35.200	638	709	695	4.766E-103	355
A0A2U1KZS6	Q9HDG2	34.400	675	709	736	1.791E-91	321
A0A2U1KZS6	P37201	33.700	623	709	680	4.354E-89	314
A0A2U1KZS6	P50126	32.700	623	709	680	1.474E-88	312
A0A2U1KZS6	P36587	32.900	624	709	678	3.866E-83	296
A0A2U1KZS6	O08336	31.700	604	709	1054	1.886E-79	285
A0A2U1KZS6	P16603	31.100	638	709	691	3.233E-77	278
A0A2U1KZS6	Q4JIJ2	30.900	694	709	695	4.904E-76	274
A0A2U1KZS6	A5F3I4	32.500	607	709	614	8.970E-76	274
A0A2U1KZS6	P14779	30.800	604	709	1049	8.970E-76	274
A0A2U1KZS6	O19132	30.400	642	709	1435	1.641E-75	273
A0A2U1KZS6	O08394	31.500	604	709	1061	4.057E-75	272
A0A2U1KZS6	P29476	29.900	642	709	1429	5.485E-75	271
A0A2U1KZS6	Q9Z0J4	29.900	642	709	1429	1.003E-74	271
A0A2U1KZS6	P29475	30.100	642	709	1434	3.732E-73	266
A0A2U1KZS6	Q9UBK8	29.500	696	709	725	6.815E-73	265
A0A2U1KZS6	Q90703	30.800	607	709	1136	9.209E-73	265
A0A2U1KZS6	Q0HYB4	33.000	606	709	604	1.244E-72	264
A0A2U1KZS6	Q81BF4	30.000	604	709	1065	1.681E-72	264
A0A2U1KZS6	Q498R1	29.100	698	709	700	3.069E-72	263
A0A2U1KZS6	O54705	32.600	607	709	1149	5.602E-72	262
A0A2U1KZS6	Q0HFL6	32.700	606	709	604	1.381E-71	261
A0A2U1KZS6	Q8C1A3	30.500	694	709	696	2.520E-71	260
A0A2U1KZS6	A0KTH4	32.300	606	709	604	6.207E-71	259
A0A2U1KZS6	P35228	32.200	607	709	1153	2.064E-70	258
A0A2U1KZS6	O62699	32.800	607	709	1154	2.064E-70	258
A0A2U1KZS6	P70313	30.000	642	709	1202	3.763E-70	257
A0A2U1KZS6	Q8EAZ9	32.200	606	709	607	9.260E-70	256
A0A2U1KZS6	Q06518	30.900	607	709	1147	9.260E-70	256
A0A2U1KZS6	Q8DCK2	30.500	607	709	616	1.250E-69	255
A0A2U1KZS6	Q7MHA5	30.500	607	709	616	1.250E-69	255
A0A2U1KZS6	P29473	30.100	642	709	1205	1.250E-69	255
A0A2U1KZS6	Q62600	30.000	642	709	1202	1.688E-69	255
A0A2U1KZS6	Q7N8L6	31.300	606	709	600	3.075E-69	254
A0A2U1KZS6	Q87L90	30.200	607	709	623	1.020E-68	252
A0A2U1KZS6	P29477	30.000	607	709	1144	3.383E-68	251
A0A2U1KZS6	Q2NVN4	31.200	606	709	603	4.564E-68	250
A0A2U1KZS6	Q27995	31.800	607	709	1156	1.121E-67	249
A0A2U1KZS6	A8G9X6	31.400	606	709	599	1.512E-67	249
A0A2U1KZS6	Q5E841	30.900	607	709	604	2.751E-67	248
A0A2U1KZS6	A1JJS2	29.600	606	709	601	3.711E-67	248
A0A2U1KZS6	Q28969	29.200	669	709	1205	5.005E-67	247
A0A2U1KZS6	Q9TUX8	29.500	642	709	1205	6.751E-67	247
A0A2U1KZS6	Q26240	30.000	644	709	1174	4.059E-66	244
A0A2U1KZS6	Q5NRM1	30.500	606	709	606	7.379E-66	244
A0A2U1KZS6	Q6LM58	30.800	607	709	605	1.341E-65	243
A0A2U1KZS6	O61608	28.900	657	709	1247	2.437E-65	242
A0A2U1KZS6	A6TD49	30.800	606	709	599	3.285E-65	242
A0A2U1KZS6	A7MJ63	30.000	606	709	600	8.041E-65	241
A0A2U1KZS6	Q66ED4	29.600	606	709	618	1.460E-64	240
A0A2U1KZS6	Q1C3Z0	29.700	606	709	606	1.968E-64	239
A0A2U1KZS6	Q8ZBN6	29.700	606	709	606	1.968E-64	239
A0A2U1KZS6	Q1CLS8	29.800	606	709	612	3.572E-64	239
A0A2U1KZS6	A4TPY5	29.800	606	709	612	3.572E-64	239
A0A2U1KZS6	A7FLZ0	29.800	606	709	612	4.813E-64	238
A0A2U1KZS6	A9MF16	30.400	606	709	599	6.484E-64	238
A0A2U1KZS6	Q8FEI7	30.600	606	709	599	1.177E-63	237
A0A2U1KZS6	A7ZQK7	30.600	606	709	599	1.585E-63	237
A0A2U1KZS6	Q3YY94	30.600	606	709	599	1.585E-63	237
A0A2U1KZS6	Q8X7U1	30.600	606	709	599	1.585E-63	237
A0A2U1KZS6	A8A3P5	30.200	606	709	599	1.585E-63	237
A0A2U1KZS6	B1IU77	30.600	606	709	599	1.585E-63	237
A0A2U1KZS6	Q27571	29.600	655	709	1349	1.585E-63	237
A0A2U1KZS6	Q32CG3	30.400	606	709	599	2.135E-63	236
A0A2U1KZS6	Q0T1I8	30.600	606	709	599	2.135E-63	236
A0A2U1KZS6	Q83QD9	30.600	606	709	599	2.135E-63	236
A0A2U1KZS6	A1AEV0	29.900	606	709	599	2.876E-63	236
A0A2U1KZS6	Q0TEA2	29.900	606	709	599	2.876E-63	236
A0A2U1KZS6	P38038	30.400	606	709	599	2.876E-63	236
A0A2U1KZS6	Q1R7T4	29.900	606	709	599	2.876E-63	236
A0A2U1KZS6	A8ANX1	30.400	606	709	601	2.876E-63	236
A0A2U1KZS6	Q31XM4	30.600	606	709	599	3.873E-63	235
A0A2U1KZS6	Q65T53	30.800	612	709	597	2.309E-62	233
A0A2U1KZS6	P38039	29.800	607	709	599	5.634E-62	232
A0A2U1KZS6	A4WDW1	29.800	606	709	601	7.585E-62	231
A0A2U1KZS6	B1B557	29.300	653	709	1097	1.849E-61	230
A0A2U1KZS6	A9N2E6	29.400	606	709	599	3.350E-61	229
A0A2U1KZS6	Q8Z458	29.800	611	709	599	4.508E-61	229
A0A2U1KZS6	Q8T8C0	30.900	519	709	1209	4.508E-61	229
A0A2U1KZS6	Q7VQH2	29.800	619	709	610	1.477E-60	228
A0A2U1KZS6	Q57KH7	29.300	606	709	599	1.988E-60	227
A0A2U1KZS6	Q8K9D3	28.800	612	709	602	1.583E-59	224
A0A2U1KZS6	Q9JUD8	31.200	606	709	604	9.957E-58	219
A0A2U1KZS6	P57503	26.700	606	709	601	4.358E-57	217
A0A2U1KZS6	A9LZ73	31.200	606	709	604	4.358E-57	217
A0A2U1KZS6	A1KU06	30.800	606	709	604	4.612E-56	214
A0A2U1KZS6	O19114	31.600	502	709	496	6.192E-56	213
A0A2U1KZS6	Q9JS45	30.500	606	709	604	6.192E-56	213
A0A2U1KZS6	Q94IN5	29.100	606	709	1803	1.116E-55	213
A0A2U1KZS6	O61309	27.000	704	709	1153	1.576E-54	209
A0A2U1KZS6	Q9Y8G7	27.100	562	709	1066	8.171E-49	191
A0A2U1KZS6	Q968X7	26.000	644	709	1934	3.564E-47	186
A0A2U1KZS6	P39692	28.100	401	709	1035	2.048E-41	168
A0A2U1KZS6	Q09878	29.800	350	709	1006	3.252E-36	151
A0A2U1KZS6	Q9HGE0	25.400	611	709	1115	4.167E-35	148
A0A2U1KZS6	Q9NV66	41.200	169	709	732	2.056E-19	97
A0A2U1KZS6	Q5REF9	41.800	169	709	732	2.715E-19	96
A0A2U1KZS6	Q8BJM7	36.400	200	709	721	3.313E-18	93
A0A2U1KZS6	Q08C92	33.900	219	709	730	7.626E-18	92
A0A2U1KZS6	Q92091	27.000	265	709	470	1.618E-16	87
A0A2U1KZS6	Q2KHP8	35.400	169	709	735	2.820E-16	87
A0A2U1KZS6	P10933	31.500	201	709	360	5.971E-15	82
A0A2U1KZS6	P41346	32.000	201	709	363	1.040E-14	81
A0A2U1KZS6	Q9S9P8	31.100	220	709	382	1.811E-14	81
A0A2U1KZS6	P41343	31.500	201	709	365	3.154E-14	80
A0A2U1KZS6	Q9FKW6	29.900	223	709	360	5.492E-14	79
A0A2U1KZS6	O04397	32.200	179	709	375	5.492E-14	79
A0A2U1KZS6	O23877	29.800	220	709	378	7.247E-14	79
A0A2U1KZS6	P53991	31.700	204	709	354	1.665E-13	78
A0A2U1KZS6	O04977	30.100	201	709	362	2.899E-13	77
A0A2U1KZS6	Q6ZFJ3	30.000	223	709	366	2.899E-13	77
A0A2U1KZS6	Q44549	28.700	222	709	440	2.899E-13	77
A0A2U1KZS6	A2WZT1	30.000	223	709	366	3.825E-13	76
A0A2U1KZS6	Q8W493	30.600	201	709	369	3.825E-13	76
A0A2U1KZS6	Q41014	30.800	220	709	377	5.048E-13	76
A0A2U1KZS6	P58558	28.700	222	709	440	5.048E-13	76
A0A2U1KZS6	A2Y8E0	30.600	201	709	362	8.787E-13	75
A0A2U1KZS6	Q00598	28.800	170	709	363	8.787E-13	75
A0A2U1KZS6	P21890	28.300	222	709	440	1.159E-12	75
A0A2U1KZS6	P41344	30.600	201	709	362	1.530E-12	74
A0A2U1KZS6	Q9M0V6	29.500	220	709	378	2.018E-12	74
A0A2U1KZS6	Q93RE3	28.500	203	709	386	2.018E-12	74
A0A2U1KZS6	P41345	31.000	179	709	378	4.635E-12	73
A0A2U1KZS6	P31973	29.200	203	709	402	8.068E-12	72
A0A2U1KZS6	Q55318	26.400	201	709	413	9.763E-11	68
A0A2U1KZS6	P00454	27.500	218	709	294	6.784E-10	66
A0A2U1KZS6	Q1K9C2	29.400	154	709	1473	2.054E-09	64
A0A2U1KZS6	Q92037	30.200	109	709	164	8.275E-06	52
P0DQP9	P45881	56.400	117	78	138	1.265E-37	136
P0DQP9	P86974	56.400	117	78	122	6.160E-37	134
P0DQP9	P86803	52.100	116	78	121	8.252E-33	122
P0DQP9	P86804	50.400	116	78	121	5.075E-31	117
P0DQP9	P59071	48.200	116	78	121	1.207E-29	113
P0DQP9	C0HK16	48.200	116	78	121	1.207E-29	113
P0DQP9	A8CG84	48.200	116	78	137	1.207E-29	113
P0DQP9	P86368	47.400	116	78	121	8.083E-29	110
P0DQP9	P59171	47.000	117	78	138	3.944E-28	108
P0DQP9	P84674	46.500	116	78	121	5.415E-28	108
P0DQP9	P58464	49.100	115	78	120	7.434E-28	108
P0DQP9	Q71QE8	46.000	115	78	138	9.390E-27	104
P0DQP9	P0DM51	81.600	49	78	50	1.770E-26	104
P0DQP9	Q2YHJ2	46.000	115	78	138	4.583E-26	102
P0DQP9	Q2YHJ7	46.000	115	78	138	8.641E-26	102
P0DQP9	Q6H3C5	50.000	98	78	122	3.072E-25	100
P0DQP9	P14424	45.200	117	78	138	1.500E-24	98
P0DQP9	Q805A2	44.300	115	78	138	2.060E-24	98
P0DQP9	O42187	43.400	115	78	138	2.060E-24	98
P0DQP9	B3A0N3	80.000	50	78	50	3.884E-24	97
P0DQP9	F8QN54	44.400	117	78	138	3.884E-24	97
P0DQP9	P11407	43.500	117	78	138	1.006E-23	96
P0DQP9	Q6EER3	44.300	115	78	138	1.006E-23	96
P0DQP9	P00626	44.400	117	78	138	1.006E-23	96
P0DQP9	P04417	43.800	114	78	122	1.381E-23	95
P0DQP9	C0HKC4	40.600	118	78	123	1.381E-23	95
P0DQP9	P51972	40.600	118	78	123	1.381E-23	95
P0DQP9	Q1ZY03	43.900	116	78	138	1.381E-23	95
P0DQP9	C0HKC3	40.600	118	78	139	1.381E-23	95
P0DQP9	Q91506	44.300	97	78	122	4.912E-23	94
P0DQP9	Q6EER6	43.400	115	78	122	4.912E-23	94
P0DQP9	P06859	40.100	117	78	138	4.912E-23	94
P0DQP9	Q7T3S7	40.900	110	78	136	6.746E-23	93
P0DQP9	Q2PG83	44.300	97	78	138	6.746E-23	93
P0DQP9	Q9I968	45.800	96	78	138	9.265E-23	93
P0DQP9	P21789	40.000	115	78	120	1.272E-22	93
P0DQP9	Q02517	41.200	114	78	138	1.747E-22	92
P0DQP9	A8CG87	38.400	117	78	138	3.296E-22	91
P0DQP9	A8CG78	38.400	117	78	138	3.296E-22	91
P0DQP9	Q6EER2	41.300	116	78	138	6.216E-22	91
P0DQP9	Q90Y77	41.200	114	78	138	6.216E-22	91
P0DQP9	P0CAS5	39.600	116	78	122	8.537E-22	90
P0DQP9	P0CAS6	41.300	116	78	122	8.537E-22	90
P0DQP9	C0HJC1	41.000	117	78	122	8.537E-22	90
P0DQP9	P81458	39.000	110	78	121	1.172E-21	90
P0DQP9	Q6EER5	40.800	115	78	122	1.172E-21	90
P0DQP9	G3DT18	41.000	100	78	138	1.172E-21	90
P0DQP9	C0HJL8	40.500	116	78	122	1.610E-21	89
P0DQP9	O42189	43.200	111	78	124	1.610E-21	89
P0DQP9	P0CAR9	37.000	116	78	137	1.610E-21	89
P0DQP9	Q90W39	40.000	115	78	138	1.610E-21	89
P0DQP9	Q6EER4	40.800	115	78	138	1.610E-21	89
P0DQP9	P86805	41.000	116	78	122	2.212E-21	89
P0DQP9	P0CAS4	45.300	97	78	122	2.212E-21	89
P0DQP9	P24293	39.100	115	78	121	3.037E-21	89
P0DQP9	P86806	41.300	115	78	122	4.172E-21	88
P0DQP9	Q800C3	42.800	98	78	138	4.172E-21	88
P0DQP9	Q800C4	39.600	116	78	138	4.172E-21	88
P0DQP9	Q800C2	42.800	98	78	138	4.172E-21	88
P0DQP9	F8QN51	39.100	115	78	137	5.730E-21	88
P0DQP9	Q2YHJ5	39.300	117	78	122	7.869E-21	87
P0DQP9	P84651	39.600	116	78	122	7.869E-21	87
P0DQP9	O42190	41.400	111	78	124	7.869E-21	87
P0DQP9	A8CG90	38.100	110	78	137	7.869E-21	87
P0DQP9	P24027	39.300	117	78	138	7.869E-21	87
P0DQP9	P86389	42.100	102	78	124	1.081E-20	87
P0DQP9	P00624	42.800	98	78	138	1.484E-20	87
P0DQP9	C3W4R6	38.400	117	78	138	2.039E-20	86
P0DQP9	O42191	38.700	111	78	124	2.800E-20	86
P0DQP9	Q6H3C9	42.000	100	78	138	2.800E-20	86
P0DQP9	P59265	40.300	114	78	122	3.846E-20	85
P0DQP9	P86169	43.700	96	78	122	3.846E-20	85
P0DQP9	P59264	40.300	114	78	122	3.846E-20	85
P0DQP9	P62022	43.700	96	78	138	3.846E-20	85
P0DQP9	P62023	43.700	96	78	138	3.846E-20	85
P0DQP9	A8E2V8	40.800	98	78	139	3.846E-20	85
P0DQP9	P14421	42.200	97	78	122	5.283E-20	85
P0DQP9	C9DPL5	41.000	100	78	122	5.283E-20	85
P0DQP9	Q800C1	40.800	98	78	138	5.283E-20	85
P0DQP9	P0CAS3	39.300	117	78	122	7.257E-20	85
P0DQP9	O42192	41.800	98	78	122	7.257E-20	85
P0DQP9	P14418	38.700	111	78	124	7.257E-20	85
P0DQP9	Q7LZQ4	38.700	111	78	124	7.257E-20	85
P0DQP9	P34180	38.100	110	78	137	7.257E-20	85
P0DQP9	Q8QG87	41.000	100	78	138	7.257E-20	85
P0DQP9	P00623	41.800	98	78	138	7.257E-20	85
P0DQP9	Q910A1	38.500	114	78	138	7.257E-20	85
P0DQP9	P0CAS7	38.700	115	78	121	9.967E-20	84
P0DQP9	P20249	41.800	98	78	122	9.967E-20	84
P0DQP9	A8CG86	41.000	95	78	138	9.967E-20	84
P0DQP9	Q90ZZ9	37.300	115	78	138	9.967E-20	84
P0DQP9	P14423	41.100	119	78	146	9.967E-20	84
P0DQP9	Q6H3C6	41.000	100	78	122	1.369E-19	84
P0DQP9	P0CG56	39.100	115	78	122	1.369E-19	84
P0DQP9	Q2HZ28	41.000	100	78	138	1.880E-19	83
P0DQP9	P0DJJ9	39.800	118	78	138	1.880E-19	83
P0DQP9	C7G1G6	39.800	118	78	138	1.880E-19	83
P0DQP9	P0DJJ8	39.800	118	78	138	1.880E-19	83
P0DQP9	Q7SID6	40.800	98	78	123	2.583E-19	83
P0DQP9	Q92147	37.900	116	78	138	2.583E-19	83
P0DQP9	B6CQR5	37.600	117	78	138	2.583E-19	83
P0DQP9	P70088	42.200	97	78	138	2.583E-19	83
P0DQP9	Q6H3C8	42.200	97	78	138	2.583E-19	83
P0DQP9	Q9PVF1	40.000	100	78	126	3.548E-19	83
P0DQP9	Q7T2R1	40.000	95	78	138	3.548E-19	83
P0DQP9	Q9PVE9	40.000	100	78	139	3.548E-19	83
P0DQP9	P81480	39.000	100	78	122	4.873E-19	82
P0DQP9	P81243	40.000	102	78	124	4.873E-19	82
P0DQP9	Q9YGJ7	38.100	109	78	137	4.873E-19	82
P0DQP9	P00622	39.600	100	78	121	6.694E-19	82
P0DQP9	P0CAS2	42.700	96	78	122	6.694E-19	82
P0DQP9	Q8AXY1	41.000	100	78	138	6.694E-19	82
P0DQP9	Q910A0	36.200	116	78	138	6.694E-19	82
P0DQP9	P59170	35.600	115	78	139	6.694E-19	82
P0DQP9	P81479	39.300	99	78	122	9.195E-19	81
P0DQP9	Q9PVF0	39.000	100	78	126	9.195E-19	81
P0DQP9	A8E2V9	39.300	114	78	136	9.195E-19	81
P0DQP9	P20476	39.300	99	78	138	9.195E-19	81
P0DQP9	Q6H3D0	39.300	99	78	138	9.195E-19	81
P0DQP9	P82896	39.000	100	78	122	1.263E-18	81
P0DQP9	P31854	35.800	117	78	138	1.263E-18	81
P0DQP9	P24294	37.200	110	78	121	1.735E-18	81
P0DQP9	P0DKR3	38.900	95	78	122	1.735E-18	81
P0DQP9	Q7ZTA8	38.700	98	78	138	1.735E-18	81
P0DQP9	Q7ZTA7	38.700	98	78	138	2.383E-18	80
P0DQP9	Q6H3C7	41.200	97	78	139	2.383E-18	80
P0DQP9	Q9PVF2	41.200	97	78	139	2.383E-18	80
P0DQP9	Q7ZTA6	38.700	98	78	138	3.274E-18	80
P0DQP9	Q98996	38.500	109	78	138	3.274E-18	80
P0DQP9	B5U6Z2	38.500	109	78	138	3.274E-18	80
P0DQP9	P47711	38.700	116	78	145	3.274E-18	80
P0DQP9	P0DJP4	39.700	98	78	122	4.497E-18	79
P0DQP9	P86456	38.600	99	78	121	6.178E-18	79
P0DQP9	Q2YHJ3	39.700	98	78	138	6.178E-18	79
P0DQP9	Q2YHJ6	39.700	98	78	138	6.178E-18	79
P0DQP9	P14420	38.000	100	78	122	1.602E-17	78
P0DQP9	Q10755	38.000	100	78	122	1.602E-17	78
P0DQP9	P81478	38.000	100	78	122	1.602E-17	78
P0DQP9	Q8JFG0	38.000	100	78	138	1.602E-17	78
P0DQP9	Q1RP78	38.000	100	78	138	1.602E-17	78
P0DQP9	Q02471	38.000	100	78	138	2.200E-17	78
P0DQP9	P0DM50	77.500	40	78	40	3.022E-17	77
P0DQP9	P00621	36.500	113	78	119	3.022E-17	77
P0DQP9	Q2PG81	37.000	116	78	137	3.022E-17	77
P0DQP9	Q9PWR6	37.600	109	78	138	3.022E-17	77
P0DQP9	P31482	36.200	116	78	146	4.152E-17	77
P0DQP9	Q1RP79	37.000	100	78	138	5.704E-17	76
P0DQP9	P00625	37.100	97	78	139	7.836E-17	76
P0DQP9	P00620	38.300	97	78	118	1.479E-16	75
P0DQP9	P14555	37.200	118	78	144	1.479E-16	75
P0DQP9	P0DMH0	63.200	49	78	51	2.032E-16	75
P0DQP9	D2X8K2	34.100	119	78	119	3.835E-16	74
P0DQP9	P0DKR5	37.000	100	78	122	3.835E-16	74
P0DQP9	C0HK05	65.200	46	78	47	5.269E-16	74
P0DQP9	P0DM52	84.800	33	78	35	7.239E-16	73
P0DQP9	A8CG82	35.700	95	78	138	9.946E-16	73
P0DQP9	P0CAS0	33.000	115	78	136	1.367E-15	72
P0DQP9	D0UGJ0	49.200	63	78	139	1.877E-15	72
P0DQP9	Q9QUL3	36.700	116	78	142	6.691E-15	70
P0DQP9	P39878	34.600	104	78	150	6.691E-15	70
P0DQP9	P0DJ62	53.400	58	78	60	9.193E-15	70
P0DQP9	P48076	33.600	104	78	150	1.263E-14	70
P0DQP9	P0C933	62.500	48	78	49	1.736E-14	69
P0DQP9	P97391	62.500	48	78	137	1.736E-14	69
P0DQP9	P0C943	36.400	96	78	122	4.503E-14	68
P0DQP9	P0C942	36.400	96	78	122	4.503E-14	68
P0DQP9	B3EWP6	52.600	57	78	60	8.502E-14	67
P0DQP9	Q56JZ2	37.700	98	78	144	1.168E-13	67
P0DQP9	P39877	58.300	48	78	138	1.605E-13	66
P0DQP9	P0CV89	44.200	61	78	61	3.031E-13	66
P0DQP9	P0DMK1	78.100	32	78	32	7.867E-13	64
P0DQP9	P51433	58.300	48	78	137	1.081E-12	64
P0DQP9	C0HJU3	54.100	48	78	48	2.042E-12	63
P0DQP9	Q9UNK4	30.900	113	78	145	2.042E-12	63
P0DQP9	P20255	35.500	104	78	118	5.299E-12	62
P0DQP9	P04056	35.500	104	78	118	7.283E-12	62
P0DQP9	Q9WVF6	30.200	119	78	144	7.283E-12	62
P0DQP9	P20256	34.600	104	78	118	1.891E-11	61
P0DQP9	P20251	34.600	104	78	118	1.891E-11	61
P0DQP9	P43434	31.500	111	78	146	3.571E-11	60
P0DQP9	P20250	33.600	104	78	117	4.909E-11	59
P0DQP9	P81237	32.600	104	78	118	9.273E-11	59
P0DQP9	P81236	33.300	105	78	119	9.273E-11	59
P0DQP9	Q9PUH5	32.600	104	78	145	9.273E-11	59
P0DQP9	Q45Z28	31.500	111	78	151	9.273E-11	59
P0DQP9	C0HKB9	33.900	106	78	119	1.752E-10	58
P0DQP9	Q45Z25	31.500	111	78	151	1.752E-10	58
P0DQP9	Q9PSN5	31.500	111	78	125	2.408E-10	57
P0DQP9	Q9PTA6	31.700	107	78	138	2.408E-10	57
P0DQP9	Q7M334	30.600	111	78	144	2.408E-10	57
P0DQP9	P00606	33.300	104	78	145	2.408E-10	57
P0DQP9	Q45Z27	31.500	111	78	151	2.408E-10	57
P0DQP9	Q45Z29	31.500	111	78	151	2.408E-10	57
P0DQP9	Q45Z30	31.500	111	78	151	2.408E-10	57
P0DQP9	P00609	31.400	105	78	119	4.550E-10	57
P0DQP9	Q9PUH7	31.400	105	78	144	4.550E-10	57
P0DQP9	Q45Z26	31.500	111	78	151	4.550E-10	57
P0DQP9	Q9PUH9	32.000	106	78	147	6.254E-10	56
P0DQP9	Q9BZM2	30.200	118	78	168	6.254E-10	56
P0DQP9	P00599	29.800	104	78	118	8.596E-10	56
P0DQP9	P20252	33.600	104	78	118	8.596E-10	56
P0DQP9	Q3C2C1	29.600	135	78	158	8.596E-10	56
P0DQP9	Q90251	29.900	107	78	137	1.182E-09	55
P0DQP9	Q9PTA5	34.800	86	78	137	1.182E-09	55
P0DQP9	P08873	31.700	104	78	145	1.182E-09	55
P0DQP9	Q8QFW3	34.400	87	78	147	1.182E-09	55
P0DQP9	Q9PUI0	31.100	106	78	147	1.182E-09	55
P0DQP9	Q9DF52	31.400	104	78	145	1.624E-09	55
P0DQP9	Q7T1R0	32.900	85	78	146	1.624E-09	55
P0DQP9	P17934	29.900	107	78	147	1.624E-09	55
P0DQP9	Q8UUH9	32.600	104	78	155	1.624E-09	55
P0DQP9	P00605	30.400	105	78	118	2.233E-09	55
P0DQP9	P00604	30.400	105	78	118	2.233E-09	55
P0DQP9	Q6SLM1	30.400	104	78	137	2.233E-09	55
P0DQP9	Q8AY48	34.800	86	78	137	2.233E-09	55
P0DQP9	Q6YIJ3	32.500	86	78	137	2.233E-09	55
P0DQP9	P08872	33.600	104	78	144	2.233E-09	55
P0DQP9	Q7T1R1	32.900	85	78	146	2.233E-09	55
P0DQP9	P20253	36.100	83	78	118	3.069E-09	54
P0DQP9	P0C551	32.400	111	78	142	3.069E-09	54
P0DQP9	Q75S51	34.800	86	78	147	3.069E-09	54
P0DQP9	P04054	30.600	111	78	148	3.069E-09	54
P0DQP9	P20258	31.700	104	78	117	4.219E-09	54
P0DQP9	Q6YNQ0	32.500	86	78	137	4.219E-09	54
P0DQP9	Q9DF33	31.000	100	78	146	4.219E-09	54
P0DQP9	Q8QFW4	34.800	86	78	147	4.219E-09	54
P0DQP9	P00619	32.500	86	78	147	4.219E-09	54
P0DQP9	P14419	31.500	111	78	123	5.800E-09	53
P0DQP9	C1IC46	30.400	105	78	137	5.800E-09	53
P0DQP9	Q9PU97	34.800	86	78	137	5.800E-09	53
P0DQP9	P00617	34.800	86	78	147	5.800E-09	53
P0DQP9	Q6SLM0	31.400	104	78	137	7.974E-09	53
P0DQP9	Q6SLM2	29.500	104	78	137	1.096E-08	53
P0DQP9	F5CPF1	32.000	106	78	142	1.096E-08	53
P0DQP9	P04055	30.600	111	78	146	1.096E-08	53
P0DQP9	Q9PUH8	33.000	106	78	147	1.096E-08	53
P0DQP9	P59068	46.900	49	78	57	1.507E-08	52
P0DQP9	P07037	27.300	106	78	119	1.507E-08	52
P0DQP9	P60045	29.500	105	78	126	1.507E-08	52
P0DQP9	P00593	30.500	121	78	145	1.507E-08	52
P0DQP9	Q92085	27.600	105	78	146	1.507E-08	52
P0DQP9	Q9QZT3	30.600	98	78	151	1.507E-08	52
P0DQP9	P0DM49	66.600	33	78	35	2.072E-08	52
P0DQP9	P59070	47.900	48	78	48	2.072E-08	52
P0DQP9	P14556	45.800	48	78	118	2.072E-08	52
P0DQP9	P00595	28.500	105	78	119	2.072E-08	52
P0DQP9	C1IC45	30.400	105	78	137	2.072E-08	52
P0DQP9	Q45Z47	33.300	105	78	146	2.072E-08	52
P0DQP9	Q9Z0Y2	30.600	111	78	146	2.072E-08	52
P0DQP9	P84736	48.900	49	78	50	2.848E-08	51
P0DQP9	P20259	31.400	105	78	117	2.848E-08	51
P0DQP9	C0HKB8	32.300	104	78	117	2.848E-08	51
P0DQP9	P00603	29.500	105	78	118	2.848E-08	51
P0DQP9	P00608	31.400	105	78	119	2.848E-08	51
P0DQP9	Q8UUH8	30.700	104	78	145	2.848E-08	51
P0DQP9	P81167	30.400	104	78	118	3.916E-08	51
P0DQP9	P04057	31.700	104	78	118	3.916E-08	51
P0DQP9	P20257	31.700	104	78	118	3.916E-08	51
P0DQP9	P25498	28.500	105	78	119	3.916E-08	51
P0DQP9	A4FS04	29.500	105	78	119	3.916E-08	51
P0DQP9	Q9PUI1	30.100	106	78	145	3.916E-08	51
P0DQP9	P59359	30.100	106	78	145	3.916E-08	51
P0DQP9	Q91133	29.500	105	78	146	3.916E-08	51
P0DQP9	Q9I900	29.500	105	78	146	3.916E-08	51
P0DQP9	P00598	29.500	105	78	146	3.916E-08	51
P0DQP9	P00596	29.500	105	78	146	3.916E-08	51
P0DQP9	Q8JFG2	30.600	111	78	152	3.916E-08	51
P0DQP9	Q4VRI5	31.500	111	78	154	3.916E-08	51
P0DQP9	P81166	29.500	104	78	118	5.383E-08	51
P0DQP9	P00613	30.700	104	78	118	5.383E-08	51
P0DQP9	Q92086	28.500	105	78	146	5.383E-08	51
P0DQP9	P00602	29.500	105	78	118	7.401E-08	50
P0DQP9	Q6T179	28.500	105	78	126	7.401E-08	50
P0DQP9	P60044	28.100	103	78	126	7.401E-08	50
P0DQP9	P60043	29.500	105	78	126	7.401E-08	50
P0DQP9	P80966	32.400	108	78	151	7.401E-08	50
P0DQP9	Q8UUI0	30.700	104	78	155	7.401E-08	50
P0DQP9	P10116	30.700	104	78	118	1.018E-07	50
P0DQP9	P00600	27.600	105	78	119	1.018E-07	50
P0DQP9	P00601	27.300	106	78	119	1.018E-07	50
P0DQP9	Q45Z42	40.200	76	78	146	1.018E-07	50
P0DQP9	P23026	31.700	104	78	145	1.399E-07	49
P0DQP9	Q9QXX3	29.500	98	78	151	1.399E-07	49
P0DQP9	P00614	31.400	105	78	119	1.923E-07	49
P0DQP9	Q9PRG0	46.900	49	78	145	1.923E-07	49
P0DQP9	Q9I842	30.700	104	78	145	1.923E-07	49
P0DQP9	Q9I837	29.800	104	78	145	2.644E-07	49
P0DQP9	P14422	44.700	67	78	68	3.636E-07	48
P0DQP9	P00612	29.800	104	78	118	3.636E-07	48
P0DQP9	Q8AY47	71.400	28	78	139	3.636E-07	48
P0DQP9	Q8UUI4	30.600	98	78	145	3.636E-07	48
P0DQP9	P19000	30.600	98	78	145	3.636E-07	48
P0DQP9	Q8UUI3	30.600	98	78	145	4.999E-07	48
P0DQP9	Q75S48	28.800	111	78	152	4.999E-07	48
P0DQP9	P0CAS9	56.200	32	78	34	2.457E-06	46
P0DQP9	Q9I845	29.800	104	78	145	2.457E-06	46
P0DQP9	P00611	42.800	49	78	145	2.457E-06	46
P0DQP9	Q9I843	29.800	104	78	145	2.457E-06	46
P0DQP9	O15496	28.100	96	78	165	2.457E-06	46
P0DQP9	Q9I844	28.800	104	78	145	3.378E-06	46
A0A5C1ZW08	Q9TWL9	46.500	73	178	77	1.372E-17	83
P0DUM0	A0A0U1LSP0	48.200	693	700	997	6.434E-196	626
P0DUM0	Q96V77	40.200	682	700	724	1.858E-136	453
P0DUM0	P11544	38.000	684	700	716	2.668E-134	447
P0DUM0	P10248	38.300	672	700	713	2.802E-132	441
P0DUM0	O93967	38.500	669	700	740	3.073E-128	429
P0DUM0	Q9SS45	35.500	684	700	707	1.052E-107	368
P0DUM0	P35510	34.800	658	700	725	4.908E-107	366
P0DUM0	P45724	34.500	666	700	717	4.966E-105	361
P0DUM0	P27990	40.200	497	700	725	4.278E-104	358
P0DUM0	P25872	40.100	496	700	715	2.707E-103	355
P0DUM0	P45730	33.300	681	700	715	9.258E-103	354
P0DUM0	O64963	40.000	493	700	717	1.259E-102	353
P0DUM0	P27991	40.700	497	700	713	1.712E-102	353
P0DUM0	P26600	40.700	479	700	721	2.328E-102	353
P0DUM0	P45734	39.700	496	700	725	4.304E-102	352
P0DUM0	P52777	34.400	675	700	754	4.304E-102	352
P0DUM0	O49836	39.800	493	700	705	5.027E-101	349
P0DUM0	P45733	39.600	495	700	712	5.027E-101	349
P0DUM0	P14717	40.700	494	700	701	6.834E-101	348
P0DUM0	P35511	35.300	644	700	704	9.291E-101	348
P0DUM0	Q9SMK9	39.600	499	700	718	9.291E-101	348
P0DUM0	P45725	39.400	506	700	694	1.263E-100	347
P0DUM0	A2X7F7	39.900	495	700	713	1.263E-100	347
P0DUM0	P31426	40.500	479	700	590	1.717E-100	347
P0DUM0	P35513	37.700	536	700	712	2.334E-100	347
P0DUM0	Q0DZE0	39.900	495	700	713	2.334E-100	347
P0DUM0	O04058	39.700	499	700	667	3.173E-100	346
P0DUM0	O23924	38.600	494	700	713	7.971E-100	345
P0DUM0	O23865	39.300	496	700	708	1.083E-99	345
P0DUM0	P45729	32.500	684	700	718	1.083E-99	345
P0DUM0	P45726	32.400	670	700	714	1.473E-99	344
P0DUM0	Q42609	41.800	478	700	703	3.698E-99	343
P0DUM0	Q42858	40.200	492	700	708	3.698E-99	343
P0DUM0	Q42667	39.300	493	700	722	3.698E-99	343
P0DUM0	Q01861	39.100	505	700	723	6.832E-99	342
P0DUM0	Q43210	39.600	499	700	700	9.286E-99	342
P0DUM0	P45728	39.000	496	700	716	1.262E-98	342
P0DUM0	P24481	39.000	496	700	716	1.715E-98	341
P0DUM0	P31425	33.500	666	700	720	1.715E-98	341
P0DUM0	Q04593	38.100	516	700	724	3.168E-98	340
P0DUM0	Q8VXG7	39.600	494	700	703	1.080E-97	339
P0DUM0	P45731	38.600	516	700	682	3.148E-96	334
P0DUM0	P14166	38.200	494	700	707	5.811E-96	334
P0DUM0	Q43052	32.300	680	700	710	1.072E-95	333
P0DUM0	Q6GZ04	38.100	505	700	698	9.152E-95	330
P0DUM0	Q68G84	38.100	505	700	687	1.243E-94	330
P0DUM0	P45727	35.500	623	700	620	2.293E-94	329
P0DUM0	Q40910	41.400	412	700	571	1.692E-83	297
P0DUM0	B2J528	34.300	532	700	569	4.014E-76	274
P0DUM0	P07218	44.100	321	700	506	1.269E-67	249
P0DUM0	Q7NCB3	32.600	473	700	514	1.462E-58	221
P0DUM0	Q1D6R1	32.900	479	700	508	2.098E-57	218
P0DUM0	Q8NZ46	29.200	516	700	513	6.845E-57	216
P0DUM0	Q2IIV4	32.800	471	700	508	1.661E-56	215
P0DUM0	A2RGS5	29.200	516	700	513	1.661E-56	215
P0DUM0	B5XIY2	29.100	516	700	513	1.661E-56	215
P0DUM0	Q5X9K4	29.100	516	700	513	2.231E-56	214
P0DUM0	P0DB74	29.100	516	700	513	7.264E-56	213
P0DUM0	P0DB75	29.100	516	700	513	7.264E-56	213
P0DUM0	P58083	28.900	516	700	513	1.310E-55	212
P0DUM0	B8J950	32.400	471	700	508	1.760E-55	212
P0DUM0	B4UC43	32.400	471	700	508	1.760E-55	212
P0DUM0	A4IK90	31.000	520	700	504	3.173E-55	211
P0DUM0	Q93TX3	31.500	478	700	510	4.260E-55	211
P0DUM0	Q6AKP3	32.400	476	700	512	7.678E-55	210
P0DUM0	Q8RDU4	29.100	514	700	511	2.493E-54	208
P0DUM0	A6TSX0	28.100	447	700	507	8.084E-54	207
P0DUM0	A3CL24	30.500	473	700	513	1.455E-53	206
P0DUM0	A8AZ70	30.300	473	700	513	1.455E-53	206
P0DUM0	Q8GMG0	29.300	518	700	539	1.455E-53	206
P0DUM0	Q5L310	30.500	493	700	504	2.619E-53	205
P0DUM0	Q8U8Z7	30.300	473	700	514	1.137E-52	203
P0DUM0	A8MF64	27.700	499	700	507	2.044E-52	202
P0DUM0	P58082	32.400	472	700	509	1.186E-51	200
P0DUM0	Q5WAZ6	29.000	511	700	500	1.590E-51	199
P0DUM0	A8G1S5	31.100	518	700	510	2.131E-51	199
P0DUM0	B1KP55	31.900	514	700	510	6.870E-51	198
P0DUM0	A1TRE4	32.400	417	700	512	6.870E-51	198
P0DUM0	Q7P188	32.600	466	700	510	9.203E-51	197
P0DUM0	Q5FRR8	30.700	470	700	515	9.203E-51	197
P0DUM0	Q73Q56	28.900	473	700	507	1.233E-50	197
P0DUM0	P45735	46.600	221	700	416	1.652E-50	196
P0DUM0	C1CWB4	31.100	464	700	499	1.652E-50	196
P0DUM0	Q8EKJ4	31.700	524	700	513	2.212E-50	196
P0DUM0	B0SYU6	32.200	472	700	511	2.963E-50	196
P0DUM0	C5D4K1	28.700	511	700	508	9.528E-50	194
P0DUM0	Q5LRD8	34.700	371	700	512	1.708E-49	193
P0DUM0	A9GFW6	30.000	470	700	514	1.708E-49	193
P0DUM0	A8HA91	31.500	514	700	510	2.286E-49	193
P0DUM0	Q664B8	32.100	473	700	510	2.286E-49	193
P0DUM0	Q9KWE4	31.200	440	700	511	2.286E-49	193
P0DUM0	Q5PG61	31.600	507	700	506	3.061E-49	192
P0DUM0	B5BC34	31.600	507	700	506	3.061E-49	192
P0DUM0	Q8ZA10	32.100	473	700	510	3.061E-49	192
P0DUM0	Q9KSQ4	32.400	449	700	511	3.061E-49	192
P0DUM0	B2T2Y2	31.000	473	700	507	4.097E-49	192
P0DUM0	A9MJE9	33.700	442	700	506	5.483E-49	192
P0DUM0	Q8Z896	31.400	507	700	506	5.483E-49	192
P0DUM0	B4TQT6	32.300	473	700	506	7.338E-49	191
P0DUM0	Q8RFC2	28.700	474	700	516	7.338E-49	191
P0DUM0	Q57RG6	32.500	473	700	506	9.820E-49	191
P0DUM0	B5R758	32.300	473	700	506	9.820E-49	191
P0DUM0	B8CGY5	30.700	514	700	510	9.820E-49	191
P0DUM0	A1AZX9	32.000	446	700	513	9.820E-49	191
P0DUM0	A5EQB7	32.700	423	700	515	9.820E-49	191
P0DUM0	B5FP58	32.300	473	700	506	1.314E-48	190
P0DUM0	B5QX62	32.300	473	700	506	1.314E-48	190
P0DUM0	B4SZJ4	32.300	473	700	506	1.314E-48	190
P0DUM0	C0PWX9	32.300	473	700	506	1.314E-48	190
P0DUM0	Q8ZQQ9	32.100	473	700	506	1.758E-48	190
P0DUM0	Q1GSH0	33.100	471	700	509	2.353E-48	190
P0DUM0	A9AGP7	31.000	473	700	506	3.147E-48	189
P0DUM0	B2SD96	33.200	416	700	511	3.147E-48	189
P0DUM0	Q2YIL6	33.200	416	700	511	3.147E-48	189
P0DUM0	Q579E8	33.200	416	700	511	3.147E-48	189
P0DUM0	A7ZAE4	28.500	473	700	512	3.147E-48	189
P0DUM0	O31197	30.000	473	700	511	4.211E-48	189
P0DUM0	A7GR00	28.300	476	700	505	5.632E-48	188
P0DUM0	B5F069	32.300	473	700	506	5.632E-48	188
P0DUM0	A9MTJ1	31.900	473	700	506	5.632E-48	188
P0DUM0	Q8YD09	33.200	416	700	925	5.632E-48	188
P0DUM0	A3MLT7	30.600	473	700	507	7.534E-48	188
P0DUM0	A2SA96	30.600	473	700	507	7.534E-48	188
P0DUM0	Q62LJ6	30.600	473	700	507	7.534E-48	188
P0DUM0	A3NXA3	30.600	473	700	507	7.534E-48	188
P0DUM0	A3NBH0	30.600	473	700	507	7.534E-48	188
P0DUM0	Q63SH6	30.600	473	700	507	7.534E-48	188
P0DUM0	A9H863	31.900	439	700	515	7.534E-48	188
P0DUM0	Q978N8	32.400	392	700	495	1.008E-47	188
P0DUM0	B9JDC0	29.600	453	700	511	1.008E-47	188
P0DUM0	Q3J289	30.400	474	700	507	1.348E-47	187
P0DUM0	B4EDX5	30.600	473	700	507	1.348E-47	187
P0DUM0	A9WVU3	33.000	416	700	511	1.348E-47	187
P0DUM0	Q8FVB4	33.000	416	700	511	2.410E-47	186
P0DUM0	Q8DA21	31.000	473	700	513	2.410E-47	186
P0DUM0	Q1LRV9	30.700	470	700	533	2.410E-47	186
P0DUM0	B1JV50	30.600	473	700	507	3.222E-47	186
P0DUM0	B9KSW6	30.400	474	700	507	4.308E-47	186
P0DUM0	A4JG46	30.600	473	700	507	4.308E-47	186
P0DUM0	Q87Q77	31.000	473	700	511	4.308E-47	186
P0DUM0	B9K288	28.800	473	700	512	5.759E-47	185
P0DUM0	Q7MK58	30.800	473	700	513	5.759E-47	185
P0DUM0	Q1BHY5	30.400	473	700	507	7.699E-47	185
P0DUM0	A0K8U6	30.400	473	700	507	7.699E-47	185
P0DUM0	Q0AP92	32.200	424	700	507	7.699E-47	185
P0DUM0	A9MCL0	32.700	416	700	511	7.699E-47	185
P0DUM0	B1YT80	30.600	473	700	507	1.029E-46	184
P0DUM0	Q0BDK6	30.400	473	700	507	1.376E-46	184
P0DUM0	Q11E18	29.000	473	700	511	1.376E-46	184
P0DUM0	Q20502	28.800	469	700	677	1.376E-46	184
P0DUM0	A4YNK7	31.700	423	700	515	1.839E-46	184
P0DUM0	Q67JH4	30.000	467	700	507	2.457E-46	183
P0DUM0	B0UQ15	33.000	437	700	513	2.457E-46	183
P0DUM0	Q2RUU3	31.600	450	700	514	2.457E-46	183
P0DUM0	Q87UM1	31.100	478	700	515	2.457E-46	183
P0DUM0	B5XZ79	32.500	440	700	508	3.283E-46	183
P0DUM0	A6T6L1	32.300	440	700	508	3.283E-46	183
P0DUM0	Q637H8	26.800	513	700	505	4.387E-46	183
P0DUM0	Q9KBE6	29.300	471	700	511	4.387E-46	183
P0DUM0	A4W8B5	31.700	473	700	506	7.832E-46	182
P0DUM0	A1JSW6	31.700	473	700	507	7.832E-46	182
P0DUM0	Q1Q9E4	30.800	442	700	520	7.832E-46	182
P0DUM0	B7JI80	26.800	513	700	505	1.398E-45	181
P0DUM0	C1EN93	26.600	513	700	505	1.398E-45	181
P0DUM0	Q88CZ7	30.300	474	700	510	1.398E-45	181
P0DUM0	A5WDR1	31.200	439	700	519	1.398E-45	181
P0DUM0	A9VPT8	27.700	476	700	505	1.867E-45	181
P0DUM0	C3P4M2	26.800	513	700	505	1.867E-45	181
P0DUM0	C3L982	26.800	513	700	505	1.867E-45	181
P0DUM0	Q81Y45	26.800	513	700	505	1.867E-45	181
P0DUM0	Q54JI7	27.100	476	700	539	1.867E-45	181
P0DUM0	Q5E0C6	31.900	436	700	510	2.494E-45	180
P0DUM0	Q4A173	26.200	509	700	499	3.330E-45	180
P0DUM0	B7V3J1	31.900	466	700	509	3.330E-45	180
P0DUM0	Q9HU85	31.900	466	700	509	3.330E-45	180
P0DUM0	Q6LQ56	31.300	443	700	510	3.330E-45	180
P0DUM0	Q0VZ68	30.200	465	700	531	3.330E-45	180
P0DUM0	A0RH39	26.400	513	700	505	4.448E-45	179
P0DUM0	B7HKJ1	27.300	476	700	505	4.448E-45	179
P0DUM0	B9IUH0	27.300	476	700	505	4.448E-45	179
P0DUM0	Q02ER8	31.700	466	700	509	4.448E-45	179
P0DUM0	P21310	30.600	474	700	510	4.448E-45	179
P0DUM0	Q162E2	32.900	395	700	513	4.448E-45	179
P0DUM0	Q3IWB0	30.300	441	700	523	5.939E-45	179
P0DUM0	Q733H8	27.400	476	700	505	7.930E-45	179
P0DUM0	B7HCD0	27.100	476	700	506	1.059E-44	178
P0DUM0	Q81AC6	27.100	476	700	506	1.059E-44	178
P0DUM0	Q6HFE9	27.100	476	700	505	1.414E-44	178
P0DUM0	Q82I33	30.100	473	700	512	1.414E-44	178
P0DUM0	B4RED8	34.100	390	700	511	1.887E-44	177
P0DUM0	B7ISJ2	26.900	476	700	505	2.519E-44	177
P0DUM0	Q92195	62.900	135	700	142	3.362E-44	177
P0DUM0	Q5WWW8	29.000	464	700	506	3.362E-44	177
P0DUM0	A1STQ3	29.900	471	700	510	3.362E-44	177
P0DUM0	Q89GV3	32.000	422	700	519	3.362E-44	177
P0DUM0	Q5NZX8	30.000	473	700	526	3.362E-44	177
P0DUM0	Q3KJE6	31.400	439	700	510	5.989E-44	176
P0DUM0	Q8VMR3	31.300	466	700	512	5.989E-44	176
P0DUM0	Q7N296	29.700	474	700	514	5.989E-44	176
P0DUM0	A6TXF8	25.400	513	700	504	2.533E-43	174
P0DUM0	Q2FKP8	25.600	513	700	504	2.533E-43	174
P0DUM0	Q2G2P7	25.600	513	700	504	2.533E-43	174
P0DUM0	A5INP9	25.400	513	700	504	2.533E-43	174
P0DUM0	A6QD47	25.600	513	700	504	2.533E-43	174
P0DUM0	P64415	25.400	513	700	504	2.533E-43	174
P0DUM0	P64416	25.400	513	700	504	2.533E-43	174
P0DUM0	A8YYT1	25.600	513	700	504	2.533E-43	174
P0DUM0	Q2YUR3	25.600	513	700	504	4.507E-43	173
P0DUM0	Q9EWW1	29.900	473	700	512	4.507E-43	173
P0DUM0	Q6GD82	25.200	513	700	504	8.016E-43	172
P0DUM0	Q8NYY3	25.200	513	700	504	8.016E-43	172
P0DUM0	Q5X5I5	29.300	439	700	506	8.016E-43	172
P0DUM0	A9WHT8	28.800	478	700	523	8.016E-43	172
P0DUM0	B9LLY0	28.800	478	700	523	8.016E-43	172
P0DUM0	A5IBM2	29.200	447	700	505	1.069E-42	172
P0DUM0	Q4UTB9	29.900	474	700	513	1.426E-42	171
P0DUM0	B0RUX3	29.900	474	700	513	1.426E-42	171
P0DUM0	Q8PAA7	29.900	474	700	513	1.426E-42	171
P0DUM0	P42357	27.600	471	700	657	1.901E-42	171
P0DUM0	B5ETN1	30.500	436	700	510	4.504E-42	170
P0DUM0	P35492	28.100	471	700	657	6.004E-42	169
P0DUM0	Q8PLZ8	32.400	391	700	513	1.067E-41	169
P0DUM0	P21213	27.600	471	700	657	1.067E-41	169
P0DUM0	B8ZV94	29.900	402	700	526	1.894E-41	168
P0DUM0	Q1IRT8	27.900	471	700	516	2.524E-41	168
P0DUM0	Q6GKT7	25.000	513	700	504	3.363E-41	167
P0DUM0	A9IVW5	29.200	424	700	512	4.481E-41	167
P0DUM0	Q6G3U8	27.700	473	700	512	1.059E-40	166
P0DUM0	B0R544	28.600	422	700	525	1.059E-40	166
P0DUM0	Q9HQD5	28.600	422	700	525	1.059E-40	166
P0DUM0	Q6FZP9	29.300	424	700	512	1.879E-40	165
P0DUM0	B9E7E0	25.800	473	700	500	7.740E-39	160
P0DUM0	P35512	52.000	48	700	235	2.460E-05	51
A0A452E9Y6	A5JUY8	95.900	712	712	712	0.000E+00	1435
A0A452E9Y6	P22079	83.000	712	712	712	0.000E+00	1251
A0A452E9Y6	Q8R481	77.200	709	712	710	0.000E+00	1168
A0A452E9Y6	P05164	52.300	683	712	745	5.051E-235	740
A0A452E9Y6	P11247	51.200	674	712	718	6.757E-229	722
A0A452E9Y6	P11678	50.800	683	712	715	1.248E-225	713
A0A452E9Y6	P49290	50.900	678	712	716	3.196E-225	712
A0A452E9Y6	P09933	43.700	659	712	926	1.146E-169	550
A0A452E9Y6	Q8HYB7	44.200	661	712	944	1.566E-169	550
A0A452E9Y6	P07202	43.500	661	712	933	1.899E-168	547
A0A452E9Y6	P14650	42.700	649	712	914	3.544E-168	546
A0A452E9Y6	P35419	42.700	649	712	914	6.614E-168	545
A0A452E9Y6	A4IGL7	40.500	590	712	1457	7.056E-136	452
A0A452E9Y6	Q9VZZ4	36.900	655	712	1527	6.191E-135	449
A0A452E9Y6	Q92626	39.800	591	712	1479	7.404E-134	446
A0A452E9Y6	Q1ENI8	38.200	580	712	1285	1.005E-126	425
A0A452E9Y6	A1KZ92	38.100	636	712	1463	1.855E-117	398
A0A452E9Y6	Q23490	34.700	570	712	724	1.717E-94	330
A0A452E9Y6	Q01603	33.400	591	712	690	1.895E-82	294
A0A452E9Y6	Q20616	30.900	570	712	655	1.752E-75	273
A0A452E9Y6	Q7QH73	31.600	581	712	767	6.526E-74	268
A0A452E9Y6	Q9VEG6	32.600	581	712	809	5.372E-73	265
A0A452E9Y6	Q6TMK4	32.400	522	712	531	2.089E-60	227
A0A452E9Y6	Q9VQH2	28.300	556	712	1537	4.821E-56	214
A0A452E9Y6	Q9NRD8	26.700	562	712	1548	1.595E-32	139
A0A452E9Y6	Q9NRD9	27.300	555	712	1551	2.115E-32	139
A0A452E9Y6	Q8HZK2	26.200	584	712	1545	4.922E-32	138
A0A452E9Y6	Q8HZK3	26.500	562	712	1553	6.192E-31	134
A0A452E9Y6	Q9MZF4	26.400	559	712	1551	1.086E-30	134
A0A452E9Y6	P27607	23.800	385	712	603	5.723E-08	59
A0A452E9Y6	P22437	24.300	309	712	602	3.970E-07	57
A0A452E9Y6	Q63921	24.000	309	712	602	6.903E-07	56
A0A452E9Y6	O02768	31.500	144	712	604	1.447E-05	51
A0A452E9Y6	P35355	31.500	144	712	604	2.515E-05	51
A0A452E9Y6	O62725	29.100	179	712	604	9.151E-04	46
A0A5Q0QNJ2	A8NU13	40.500	337	389	345	5.808E-77	265
A0A5Q0QNJ2	P0DL13	30.000	318	389	346	1.965E-38	152
A0A5Q0QNJ2	A7NH01	26.200	300	389	326	1.716E-20	98
A0A5Q0QNJ2	Q6WP50	25.000	333	389	399	5.526E-20	96
A0A5Q0QNJ2	S0DX56	25.400	337	389	357	2.378E-19	94
A0A5Q0QNJ2	B2J4A4	23.100	307	389	323	1.881E-16	85
A0A5Q0QNJ2	D2B747	24.700	315	389	330	1.881E-16	85
A0A5Q0QNJ2	D9XD61	22.900	308	389	343	7.739E-13	74
A0A5Q0QNJ2	E4N7E5	23.100	285	389	320	8.604E-08	57
A0A5Q0QNJ2	Q82RR7	23.400	259	389	335	2.003E-07	56
P9WEW8	Q9C446	60.300	290	324	371	6.379E-113	366
P9WEW8	P24322	59.800	284	324	433	1.336E-110	360
P9WEW8	Q92236	58.400	291	324	418	4.698E-110	358
P9WEW8	Q9P885	56.500	283	324	303	3.148E-100	330
P9WEW8	O95749	56.600	263	324	300	9.980E-96	317
P9WEW8	Q6F596	56.600	263	324	300	9.980E-96	317
P9WEW8	Q9WTN0	56.200	263	324	300	3.504E-95	315
P9WEW8	Q6F5E6	54.200	284	324	343	1.684E-94	313
P9WEW8	B2DBE9	51.800	293	324	424	8.975E-92	305
P9WEW8	Q54BK1	50.700	266	324	303	2.257E-82	278
P9WEW8	Q758K0	45.300	280	324	320	5.514E-73	251
P9WEW8	Q12051	46.500	277	324	335	1.541E-70	244
P9WEW8	A0A1B4XBK0	38.500	311	324	533	8.083E-60	213
P9WEW8	S0E627	37.100	263	324	393	5.337E-54	196
P9WEW8	A2PZA5	38.100	275	324	719	3.454E-53	193
P9WEW8	B2DBE8	37.900	298	324	389	1.058E-51	189
P9WEW8	C9K2Q3	35.000	294	324	697	1.685E-45	171
P9WEW8	P0AD57	28.000	258	324	323	8.445E-24	106
P9WEW8	P0AD58	28.000	258	324	323	8.445E-24	106
P9WEW8	P39464	30.200	214	324	330	2.255E-19	93
P9WEW8	O24743	29.600	217	324	325	2.435E-18	90
P9WEW8	P95999	30.200	214	324	332	2.609E-17	87
P9WEW8	P44916	25.000	258	324	329	1.144E-16	85
P9WEW8	Q3IPL1	24.900	276	324	341	1.144E-16	85
P9WEW8	P55785	24.600	264	324	320	7.047E-15	79
P9WEW8	Q8PW34	24.900	260	324	324	7.047E-15	79
P9WEW8	Q8S948	25.300	223	324	406	2.276E-14	78
P9WEW8	O66129	24.700	257	324	325	2.357E-13	74
P9WEW8	P22939	26.500	250	324	299	5.648E-13	73
P9WEW8	Q76FS5	25.200	224	324	417	5.648E-13	73
P9WEW8	Q0INZ4	25.600	227	324	372	7.557E-13	73
P9WEW8	Q75HZ9	25.600	227	324	403	7.557E-13	73
P9WEW8	Q54VJ9	24.000	288	324	456	2.457E-11	68
P9WEW8	Q9LJY2	28.000	221	324	344	1.390E-10	66
P9WEW8	Q08291	25.100	255	324	297	1.854E-10	65
P9WEW8	Q653T6	24.600	223	324	430	7.823E-10	63
P9WEW8	P14324	29.700	244	324	419	1.390E-09	63
P9WEW8	Q5HZ00	24.800	257	324	422	2.468E-09	62
P9WEW8	Q5T2R2	23.700	228	324	415	4.381E-09	61
P9WEW8	O22043	27.100	229	324	336	1.035E-08	60
P9WEW8	Q920E5	30.100	246	324	353	1.035E-08	60
P9WEW8	P05369	28.800	270	324	353	1.035E-08	60
P9WEW8	Q9SLG2	28.800	219	324	372	1.035E-08	60
P9WEW8	Q97W92	28.700	160	324	281	3.249E-08	58
P9WEW8	Q8K9A0	24.300	232	324	294	4.324E-08	58
P9WEW8	Q9LUD9	25.200	222	324	360	5.754E-08	57
P9WEW8	Q9LUE1	25.600	222	324	360	5.754E-08	57
P9WEW8	Q8WMY2	28.300	230	324	353	7.655E-08	57
P9WEW8	P55539	28.300	230	324	332	1.018E-07	57
P9WEW8	Q9LRR0	25.800	222	324	361	1.354E-07	56
P9WEW8	O04046	25.300	219	324	376	1.801E-07	56
P9WEW8	Q8PYS1	25.000	153	324	295	2.395E-07	55
P9WEW8	P48368	28.400	213	324	300	2.395E-07	55
P9WEW8	Q33DR2	22.100	227	324	409	4.235E-07	55
P9WEW8	O14230	30.200	217	324	347	7.482E-07	54
P9WEW8	P80042	24.900	252	324	369	9.945E-07	53
P9WEW8	Q94ID7	26.100	224	324	370	9.945E-07	53
P9WEW8	P34802	25.000	225	324	371	1.322E-06	53
P9WEW8	Q42698	24.300	219	324	357	1.756E-06	53
P9WEW8	Q43133	26.400	222	324	366	3.099E-06	52
P9WEW8	O59703	28.000	219	324	351	5.469E-06	51
P9WEW8	Q9LHR4	24.300	222	324	360	1.700E-05	49
P9WEW8	Q9ZU77	26.400	220	324	347	2.996E-05	49
P9WEW8	P08524	26.800	214	324	352	1.637E-04	46
P0DQP1	P25239	21.200	429	1202	998	9.162E-06	53
A0A455LN84	Q9USJ6	38.600	176	201	200	9.066E-29	117
A0A455LN84	Q07923	33.300	146	201	191	2.107E-22	98
A0A455LN84	P0AGE7	31.500	134	201	188	5.247E-05	46
A0A455LN84	P0AGE6	31.500	134	201	188	5.247E-05	46
A0A455LN84	P0AGE8	31.500	134	201	188	5.247E-05	46
P0DQQ0	P86804	80.100	120	121	121	4.162E-66	220
P0DQQ0	P86803	79.300	120	121	121	1.845E-64	215
P0DQQ0	P58464	76.600	120	121	120	2.412E-60	203
P0DQQ0	P45881	75.200	116	121	138	2.759E-58	198
P0DQQ0	P86974	74.300	116	121	122	4.740E-57	194
P0DQQ0	O42187	65.500	115	121	138	1.018E-47	167
P0DQQ0	Q71QE8	62.900	115	121	138	2.401E-46	163
P0DQQ0	P59071	59.800	121	121	121	8.500E-46	162
P0DQQ0	P04417	64.300	114	121	122	8.500E-46	162
P0DQQ0	A8CG84	59.800	121	121	137	1.166E-45	161
P0DQQ0	P86368	59.000	121	121	121	4.127E-45	160
P0DQQ0	Q805A2	62.900	115	121	138	5.661E-45	159
P0DQQ0	Q6EER3	62.000	115	121	138	7.765E-45	159
P0DQQ0	Q9I968	58.600	120	121	138	1.065E-44	158
P0DQQ0	A8E2V9	61.100	120	121	136	2.004E-44	158
P0DQQ0	C0HK16	58.100	121	121	121	2.749E-44	157
P0DQQ0	Q02517	61.700	114	121	138	2.749E-44	157
P0DQQ0	Q1ZY03	62.200	121	121	138	3.770E-44	157
P0DQQ0	P84674	58.100	121	121	121	5.172E-44	156
P0DQQ0	Q91506	56.000	122	121	122	1.831E-43	155
P0DQQ0	F8QN51	55.700	121	121	137	2.511E-43	154
P0DQQ0	O42189	60.800	124	121	124	3.445E-43	154
P0DQQ0	P14424	60.500	118	121	138	3.445E-43	154
P0DQQ0	Q90Y77	60.800	114	121	138	3.445E-43	154
P0DQQ0	Q6EER5	60.300	115	121	122	4.725E-43	154
P0DQQ0	P59171	57.900	118	121	138	4.725E-43	154
P0DQQ0	Q6EER6	61.200	115	121	122	6.481E-43	153
P0DQQ0	P06859	57.300	121	121	138	6.481E-43	153
P0DQQ0	C0HJC1	57.700	122	121	122	8.890E-43	153
P0DQQ0	Q6H3C5	58.600	120	121	122	1.219E-42	153
P0DQQ0	P84651	57.300	121	121	122	1.673E-42	152
P0DQQ0	Q2PG81	58.100	121	121	137	1.673E-42	152
P0DQQ0	Q2PG83	55.700	121	121	138	1.673E-42	152
P0DQQ0	O42190	64.800	110	121	124	2.294E-42	152
P0DQQ0	F8QN54	59.600	118	121	138	2.294E-42	152
P0DQQ0	P11407	58.800	118	121	138	3.147E-42	151
P0DQQ0	P00626	59.600	118	121	138	3.147E-42	151
P0DQQ0	C0HKC3	55.600	123	121	139	4.317E-42	151
P0DQQ0	C0HKC4	55.600	123	121	123	5.921E-42	151
P0DQQ0	P51972	55.600	123	121	123	5.921E-42	151
P0DQQ0	Q90W39	59.400	115	121	138	8.122E-42	150
P0DQQ0	O42191	56.800	124	121	124	1.528E-41	149
P0DQQ0	A8CG90	54.000	121	121	137	2.096E-41	149
P0DQQ0	G3DT18	52.000	122	121	138	2.096E-41	149
P0DQQ0	Q6EER4	58.600	115	121	138	2.096E-41	149
P0DQQ0	Q7LZQ4	56.800	124	121	124	3.944E-41	148
P0DQQ0	Q2YHJ2	59.400	115	121	138	3.944E-41	148
P0DQQ0	A8CG87	54.600	118	121	138	5.410E-41	148
P0DQQ0	A8CG78	54.600	118	121	138	5.410E-41	148
P0DQQ0	Q2YHJ7	59.400	115	121	138	7.420E-41	147
P0DQQ0	P81458	58.300	107	121	121	1.018E-40	147
P0DQQ0	A8E2V8	59.800	106	121	139	1.018E-40	147
P0DQQ0	Q2YHJ5	53.600	122	121	122	1.396E-40	147
P0DQQ0	C7G1G6	57.300	120	121	138	1.396E-40	147
P0DQQ0	P0DJJ8	57.300	120	121	138	1.915E-40	146
P0DQQ0	Q7SID6	61.900	104	121	123	2.627E-40	146
P0DQQ0	P86389	54.400	124	121	124	2.627E-40	146
P0DQQ0	P0DJJ9	57.300	120	121	138	2.627E-40	146
P0DQQ0	P14418	56.000	124	121	124	3.603E-40	145
P0DQQ0	P34180	53.200	121	121	137	4.942E-40	145
P0DQQ0	P70088	54.900	121	121	138	4.942E-40	145
P0DQQ0	Q910A0	55.000	117	121	138	4.942E-40	145
P0DQQ0	Q6H3C8	54.900	121	121	138	4.942E-40	145
P0DQQ0	O42192	52.800	122	121	122	9.299E-40	144
P0DQQ0	Q92147	54.000	121	121	138	9.299E-40	144
P0DQQ0	Q8QG87	52.000	122	121	138	9.299E-40	144
P0DQQ0	Q6H3C9	55.200	122	121	138	9.299E-40	144
P0DQQ0	P24293	51.600	121	121	121	1.276E-39	144
P0DQQ0	P20249	52.800	122	121	122	1.276E-39	144
P0DQQ0	C3W4R6	55.100	115	121	138	1.276E-39	144
P0DQQ0	Q9YGJ7	56.700	110	121	137	2.400E-39	143
P0DQQ0	Q6H3C6	54.400	122	121	122	4.516E-39	142
P0DQQ0	C9DPL5	52.000	122	121	122	4.516E-39	142
P0DQQ0	Q910A1	55.100	115	121	138	6.194E-39	142
P0DQQ0	P81480	52.000	122	121	122	1.165E-38	141
P0DQQ0	P59264	56.500	114	121	122	1.599E-38	141
P0DQQ0	B6CQR5	54.300	115	121	138	1.599E-38	141
P0DQQ0	Q800C4	52.800	122	121	138	1.599E-38	141
P0DQQ0	P20476	52.400	121	121	138	1.599E-38	141
P0DQQ0	Q6H3D0	52.400	121	121	138	1.599E-38	141
P0DQQ0	P81479	52.400	121	121	122	2.193E-38	140
P0DQQ0	Q8AXY1	52.800	122	121	138	2.193E-38	140
P0DQQ0	Q800C2	51.200	122	121	138	3.008E-38	140
P0DQQ0	P14421	57.700	108	121	122	4.126E-38	139
P0DQQ0	Q800C3	50.400	122	121	138	4.126E-38	139
P0DQQ0	P21789	55.500	107	121	120	5.659E-38	139
P0DQQ0	P00624	51.200	122	121	138	5.659E-38	139
P0DQQ0	P59265	55.600	114	121	122	7.762E-38	139
P0DQQ0	P0CAR9	50.000	118	121	137	7.762E-38	139
P0DQQ0	P00623	51.200	122	121	138	1.065E-37	138
P0DQQ0	P0DJP4	56.400	107	121	122	1.461E-37	138
P0DQQ0	Q2HZ28	51.200	122	121	138	1.461E-37	138
P0DQQ0	C0HJL8	54.700	116	121	122	2.003E-37	138
P0DQQ0	P0CAS5	54.700	116	121	122	2.003E-37	138
P0DQQ0	P0CAS6	58.700	108	121	122	2.003E-37	138
P0DQQ0	Q9PWR6	56.300	109	121	138	2.003E-37	138
P0DQQ0	Q98996	56.300	109	121	138	2.003E-37	138
P0DQQ0	B5U6Z2	56.300	109	121	138	2.003E-37	138
P0DQQ0	Q6EER2	55.500	116	121	138	2.748E-37	137
P0DQQ0	Q7ZTA8	51.700	115	121	138	2.748E-37	137
P0DQQ0	Q90ZZ9	53.700	107	121	138	2.748E-37	137
P0DQQ0	Q800C1	49.500	122	121	138	3.769E-37	137
P0DQQ0	Q7ZTA6	51.700	115	121	138	5.170E-37	136
P0DQQ0	Q7ZTA7	49.500	122	121	138	5.170E-37	136
P0DQQ0	P24294	50.000	121	121	121	9.728E-37	136
P0DQQ0	Q7T3S7	52.200	110	121	136	9.728E-37	136
P0DQQ0	P81243	53.200	123	121	124	1.830E-36	135
P0DQQ0	P86806	59.600	108	121	122	3.444E-36	134
P0DQQ0	P00625	48.700	122	121	139	3.444E-36	134
P0DQQ0	P59170	48.200	115	121	139	6.479E-36	133
P0DQQ0	Q2YHJ6	58.400	100	121	138	8.888E-36	133
P0DQQ0	P24027	56.800	108	121	138	1.219E-35	132
P0DQQ0	Q6H3C7	54.700	116	121	139	1.219E-35	132
P0DQQ0	Q9PVF2	54.700	116	121	139	1.219E-35	132
P0DQQ0	Q2YHJ3	55.500	107	121	138	1.672E-35	132
P0DQQ0	P0CAS7	56.400	107	121	121	2.294E-35	132
P0DQQ0	P31854	53.700	107	121	138	2.294E-35	132
P0DQQ0	Q9PVF1	50.800	123	121	126	3.146E-35	131
P0DQQ0	P86805	57.700	108	121	122	4.316E-35	131
P0DQQ0	P0DKR3	51.800	107	121	122	4.316E-35	131
P0DQQ0	A8CG86	52.700	107	121	138	4.316E-35	131
P0DQQ0	Q9PVE9	50.800	123	121	139	4.316E-35	131
P0DQQ0	P86456	51.200	114	121	121	5.920E-35	130
P0DQQ0	P81478	54.600	107	121	122	8.120E-35	130
P0DQQ0	Q9PVF0	50.000	123	121	126	8.120E-35	130
P0DQQ0	P86169	56.400	107	121	122	1.528E-34	129
P0DQQ0	P62022	56.400	107	121	138	1.528E-34	129
P0DQQ0	P62023	56.400	107	121	138	1.528E-34	129
P0DQQ0	Q7T2R1	51.800	107	121	138	1.528E-34	129
P0DQQ0	P82896	53.700	107	121	122	2.096E-34	129
P0DQQ0	P0CG56	55.500	107	121	122	3.943E-34	128
P0DQQ0	P0CAS4	55.700	103	121	122	1.396E-33	126
P0DQQ0	P0CAS2	54.500	109	121	122	1.914E-33	126
P0DQQ0	P0CAS3	52.200	110	121	122	1.275E-32	124
P0DQQ0	P00621	48.700	120	121	119	6.191E-32	122
P0DQQ0	P14420	51.800	107	121	122	6.191E-32	122
P0DQQ0	Q8JFG0	51.800	107	121	138	6.191E-32	122
P0DQQ0	Q10755	51.800	107	121	122	1.598E-31	121
P0DQQ0	Q1RP78	50.900	107	121	138	1.598E-31	121
P0DQQ0	Q1RP79	50.900	107	121	138	1.598E-31	121
P0DQQ0	P00622	50.900	105	121	121	7.757E-31	119
P0DQQ0	Q02471	51.800	107	121	138	7.757E-31	119
P0DQQ0	P14555	49.500	116	121	144	1.459E-30	118
P0DQQ0	P00620	48.300	120	121	118	3.766E-30	117
P0DQQ0	P0DKR5	50.000	107	121	122	3.766E-30	117
P0DQQ0	A8CG82	48.600	108	121	138	5.166E-30	116
P0DQQ0	P31482	47.100	120	121	146	2.508E-29	114
P0DQQ0	P47711	46.600	117	121	145	8.877E-29	113
P0DQQ0	P14423	48.300	123	121	146	1.218E-28	112
P0DQQ0	P48076	43.300	127	121	150	1.670E-28	112
P0DQQ0	Q56JZ2	48.600	112	121	144	3.142E-28	111
P0DQQ0	D0UGJ0	44.400	116	121	139	2.869E-27	108
P0DQQ0	P39878	41.900	127	121	150	2.869E-27	108
P0DQQ0	P0DM51	83.600	49	121	50	7.403E-27	107
P0DQQ0	Q9WVF6	43.500	117	121	144	7.403E-27	107
P0DQQ0	Q9QUL3	47.400	116	121	142	2.620E-26	106
P0DQQ0	P0CAS0	42.500	118	121	136	3.593E-26	105
P0DQQ0	P0C942	47.200	107	121	122	6.759E-26	104
P0DQQ0	P97391	45.200	116	121	137	6.759E-26	104
P0DQQ0	P0C943	46.200	107	121	122	1.744E-25	103
P0DQQ0	P39877	46.400	110	121	138	4.499E-25	102
P0DQQ0	B3A0N3	83.600	49	121	50	2.183E-24	100
P0DQQ0	Q9UNK4	41.800	117	121	145	1.993E-23	97
P0DQQ0	P51433	42.700	116	121	137	2.733E-23	97
P0DQQ0	D2X8K2	40.900	118	121	119	7.050E-23	96
P0DQQ0	Q9QXX3	40.900	106	121	151	8.045E-21	90
P0DQQ0	Q9QZT3	40.900	106	121	151	1.103E-20	89
P0DQQ0	Q7M334	42.300	115	121	144	2.845E-20	88
P0DQQ0	P43434	40.900	121	121	146	1.379E-19	86
P0DQQ0	O15496	38.800	101	121	165	1.891E-19	86
P0DQQ0	B3EWP6	61.600	59	121	60	4.875E-19	85
P0DQQ0	P0DJ62	60.600	60	121	60	6.685E-19	84
P0DQQ0	Q9BZM2	38.600	116	121	168	4.442E-18	82
P0DQQ0	Q9DF33	41.300	102	121	146	6.090E-18	81
P0DQQ0	Q9Z0Y2	41.500	115	121	146	6.090E-18	81
P0DQQ0	Q9PU97	47.500	80	121	137	8.350E-18	81
P0DQQ0	P00599	36.600	107	121	118	1.145E-17	81
P0DQQ0	Q6SLM2	40.200	92	121	137	1.145E-17	81
P0DQQ0	P04055	40.600	115	121	146	1.145E-17	81
P0DQQ0	P00593	41.500	115	121	145	1.570E-17	80
P0DQQ0	P14419	43.100	108	121	123	2.152E-17	80
P0DQQ0	C1IC46	41.400	94	121	137	2.152E-17	80
P0DQQ0	Q90251	47.500	80	121	137	2.152E-17	80
P0DQQ0	C0HK05	67.300	46	121	47	2.950E-17	79
P0DQQ0	C0HKB9	43.200	102	121	119	4.045E-17	79
P0DQQ0	C1IC45	41.400	94	121	137	4.045E-17	79
P0DQQ0	P0DMH0	64.000	50	121	51	5.545E-17	79
P0DQQ0	P08873	40.000	107	121	145	5.545E-17	79
P0DQQ0	Q9DF52	39.100	92	121	145	5.545E-17	79
P0DQQ0	Q45Z28	42.000	106	121	151	5.545E-17	79
P0DQQ0	P20251	40.100	105	121	118	1.042E-16	78
P0DQQ0	P07037	38.000	100	121	119	1.042E-16	78
P0DQQ0	Q6SLM1	40.200	92	121	137	1.042E-16	78
P0DQQ0	P04054	40.500	113	121	148	1.429E-16	78
P0DQQ0	Q45Z27	42.000	106	121	151	1.429E-16	78
P0DQQ0	Q45Z29	42.000	106	121	151	1.429E-16	78
P0DQQ0	Q45Z30	42.000	106	121	151	1.429E-16	78
P0DQQ0	Q8AY48	48.800	83	121	137	1.959E-16	77
P0DQQ0	P04416	39.800	115	121	124	2.685E-16	77
P0DQQ0	P00606	40.000	99	121	145	2.685E-16	77
P0DQQ0	Q45Z26	42.000	106	121	151	2.685E-16	77
P0DQQ0	P20250	39.200	105	121	117	3.681E-16	76
P0DQQ0	P20255	39.600	115	121	118	3.681E-16	76
P0DQQ0	P00617	49.300	80	121	147	3.681E-16	76
P0DQQ0	Q45Z25	41.100	106	121	151	3.681E-16	76
P0DQQ0	P0C933	63.200	49	121	49	5.046E-16	76
P0DQQ0	P04056	39.600	115	121	118	5.046E-16	76
P0DQQ0	P00600	36.300	108	121	119	5.046E-16	76
P0DQQ0	Q9PSN5	41.100	106	121	125	5.046E-16	76
P0DQQ0	P60044	38.700	98	121	126	5.046E-16	76
P0DQQ0	Q6YIJ3	43.300	83	121	137	5.046E-16	76
P0DQQ0	Q9PTA6	47.500	80	121	138	5.046E-16	76
P0DQQ0	Q8QFW4	45.700	83	121	147	5.046E-16	76
P0DQQ0	P81237	40.900	106	121	118	9.483E-16	75
P0DQQ0	P60045	37.000	100	121	126	9.483E-16	75
P0DQQ0	Q6YNQ0	43.300	83	121	137	9.483E-16	75
P0DQQ0	P00592	38.900	115	121	146	9.483E-16	75
P0DQQ0	P00619	43.300	83	121	147	9.483E-16	75
P0DQQ0	Q4VRI5	46.800	91	121	154	9.483E-16	75
P0DQQ0	Q3C2C1	36.500	126	121	158	9.483E-16	75
P0DQQ0	P25498	34.400	118	121	119	1.300E-15	75
P0DQQ0	Q9PTA5	49.300	80	121	137	1.300E-15	75
P0DQQ0	Q91133	35.200	118	121	146	1.300E-15	75
P0DQQ0	Q75S51	44.500	83	121	147	1.300E-15	75
P0DQQ0	P17934	45.000	80	121	147	1.300E-15	75
P0DQQ0	P20256	38.700	115	121	118	1.782E-15	74
P0DQQ0	P0C551	40.700	107	121	142	1.782E-15	74
P0DQQ0	P06596	37.800	115	121	146	1.782E-15	74
P0DQQ0	P0DM50	72.500	40	121	40	2.442E-15	74
P0DQQ0	P0CV89	43.300	90	121	61	2.442E-15	74
P0DQQ0	P20253	43.600	85	121	118	2.442E-15	74
P0DQQ0	Q9PUH5	37.800	110	121	145	2.442E-15	74
P0DQQ0	P81236	41.800	106	121	119	3.348E-15	74
P0DQQ0	P00596	35.200	118	121	146	3.348E-15	74
P0DQQ0	Q6SLM0	39.100	92	121	137	4.589E-15	73
P0DQQ0	P00598	35.200	118	121	146	4.589E-15	73
P0DQQ0	A4FS04	38.000	100	121	119	6.290E-15	73
P0DQQ0	Q6T179	36.000	100	121	126	6.290E-15	73
P0DQQ0	P08872	38.100	110	121	144	6.290E-15	73
P0DQQ0	Q8JFG2	38.700	116	121	152	6.290E-15	73
P0DQQ0	C0HKB8	40.200	92	121	117	1.182E-14	72
P0DQQ0	P81167	36.200	100	121	118	1.182E-14	72
P0DQQ0	P81166	36.200	100	121	118	1.182E-14	72
P0DQQ0	P00609	40.800	86	121	119	1.182E-14	72
P0DQQ0	P20252	40.000	99	121	118	1.620E-14	72
P0DQQ0	Q9I900	38.000	100	121	146	1.620E-14	72
P0DQQ0	P00601	36.000	100	121	119	2.220E-14	71
P0DQQ0	Q9PUH7	37.700	113	121	144	2.220E-14	71
P0DQQ0	Q8QFW3	44.700	84	121	147	2.220E-14	71
P0DQQ0	P80966	42.700	96	121	151	2.220E-14	71
P0DQQ0	Q8UUH9	37.800	110	121	155	2.220E-14	71
P0DQQ0	Q92085	35.000	100	121	146	3.042E-14	71
P0DQQ0	P00595	35.000	100	121	119	4.170E-14	70
P0DQQ0	P60043	37.700	98	121	126	7.831E-14	70
P0DQQ0	P14556	39.000	99	121	118	1.073E-13	69
P0DQQ0	F5CPF1	38.000	112	121	142	1.073E-13	69
P0DQQ0	Q92086	36.000	100	121	146	1.073E-13	69
P0DQQ0	Q9PUH9	37.700	101	121	147	1.073E-13	69
P0DQQ0	P0DM52	78.700	33	121	35	1.471E-13	69
P0DQQ0	Q45Z47	39.000	108	121	146	1.471E-13	69
P0DQQ0	Q7T1R0	40.900	82	121	146	1.471E-13	69
P0DQQ0	Q9PUI0	36.700	101	121	147	2.016E-13	68
P0DQQ0	P20258	38.000	99	121	117	2.762E-13	68
P0DQQ0	Q8UUH8	37.700	98	121	145	2.762E-13	68
P0DQQ0	Q8UUI0	37.700	98	121	155	2.762E-13	68
P0DQQ0	P0DMK1	83.800	31	121	32	3.785E-13	68
P0DQQ0	P20257	42.000	86	121	118	3.785E-13	68
P0DQQ0	Q9PUI1	36.100	114	121	145	3.785E-13	68
P0DQQ0	P59359	36.100	114	121	145	3.785E-13	68
P0DQQ0	Q8UUI4	37.800	104	121	145	3.785E-13	68
P0DQQ0	P19000	37.800	104	121	145	3.785E-13	68
P0DQQ0	P00605	38.000	99	121	118	5.186E-13	67
P0DQQ0	P04057	42.000	86	121	118	5.186E-13	67
P0DQQ0	P00604	38.000	99	121	118	5.186E-13	67
P0DQQ0	Q8UUI3	37.800	104	121	145	5.186E-13	67
P0DQQ0	P23026	40.700	93	121	145	5.186E-13	67
P0DQQ0	P00613	38.100	95	121	118	7.107E-13	67
P0DQQ0	Q9PUH8	38.600	101	121	147	9.738E-13	66
P0DQQ0	C0HJU3	60.900	41	121	48	1.334E-12	66
P0DQQ0	P20259	40.600	85	121	117	1.334E-12	66
P0DQQ0	F5CPF0	38.000	99	121	140	1.334E-12	66
P0DQQ0	P00612	37.100	95	121	118	1.828E-12	66
P0DQQ0	P00608	41.400	86	121	119	1.828E-12	66
P0DQQ0	P10116	33.600	118	121	118	6.441E-12	64
P0DQQ0	P00603	34.400	117	121	118	6.441E-12	64
P0DQQ0	Q9I842	38.100	95	121	145	6.441E-12	64
P0DQQ0	Q45Z42	34.100	119	121	146	6.441E-12	64
P0DQQ0	Q7T1R1	42.300	82	121	146	6.441E-12	64
P0DQQ0	P00602	37.000	99	121	118	8.824E-12	64
P0DQQ0	Q9I837	37.100	95	121	145	8.824E-12	64
P0DQQ0	Q9PRG0	35.600	108	121	145	5.830E-11	61
P0DQQ0	Q9I845	39.300	87	121	145	7.985E-11	61
P0DQQ0	Q9I843	39.300	87	121	145	7.985E-11	61
P0DQQ0	P00611	38.200	87	121	145	2.051E-10	60
P0DQQ0	P59068	45.000	51	121	57	2.282E-08	54
P0DQQ0	Q8AY47	51.000	49	121	139	3.123E-08	53
P0DQQ0	P0DM49	65.600	32	121	35	5.848E-08	53
P0DQQ0	P84736	46.900	49	121	50	8.001E-08	52
P0DQQ0	P59070	45.800	48	121	48	1.498E-07	51
P0DQQ0	P0CAS9	56.200	32	121	34	1.833E-06	48
A0A2L0VXR5	Q54BK1	41.400	279	350	303	1.554E-62	222
A0A2L0VXR5	Q9P885	42.800	263	350	303	2.122E-62	221
A0A2L0VXR5	Q92236	36.000	306	350	418	4.222E-60	214
A0A2L0VXR5	B2DBE9	37.800	294	350	424	2.731E-59	212
A0A2L0VXR5	P24322	38.200	302	350	433	5.089E-59	211
A0A2L0VXR5	O95749	41.200	263	350	300	3.956E-57	206
A0A2L0VXR5	Q9WTN0	40.600	263	350	300	4.753E-56	203
A0A2L0VXR5	Q6F596	40.500	263	350	300	8.848E-56	202
A0A2L0VXR5	Q9C446	35.400	329	350	371	2.694E-54	198
A0A2L0VXR5	Q12051	39.100	285	350	335	1.734E-53	195
A0A2L0VXR5	Q758K0	39.900	263	350	320	1.116E-52	193
A0A2L0VXR5	Q6F5E6	36.600	276	350	343	2.478E-51	189
A0A2L0VXR5	S0E627	32.600	290	350	393	6.019E-44	167
A0A2L0VXR5	B2DBE8	34.500	271	350	389	9.754E-41	158
A0A2L0VXR5	A0A1B4XBK0	31.100	297	350	533	2.455E-38	151
A0A2L0VXR5	C9K2Q3	30.000	263	350	697	1.699E-32	133
A0A2L0VXR5	A2PZA5	29.900	268	350	719	7.387E-30	125
A0A2L0VXR5	P39464	25.200	216	350	330	9.405E-16	82
A0A2L0VXR5	P95999	23.600	227	350	332	7.218E-15	79
A0A2L0VXR5	Q3IPL1	26.600	238	350	341	9.652E-15	79
A0A2L0VXR5	P0AD57	24.800	225	350	323	1.290E-14	79
A0A2L0VXR5	P0AD58	24.800	225	350	323	1.290E-14	79
A0A2L0VXR5	Q8PW34	25.000	249	350	324	1.290E-14	79
A0A2L0VXR5	P22939	27.000	252	350	299	9.819E-14	76
A0A2L0VXR5	P44916	22.900	226	350	329	2.350E-12	72
A0A2L0VXR5	Q653T6	26.400	224	350	430	9.900E-12	70
A0A2L0VXR5	O24743	24.600	214	350	325	4.101E-10	64
A0A2L0VXR5	O66952	27.800	215	350	262	5.457E-10	64
A0A2L0VXR5	Q97W92	28.900	203	350	281	1.285E-09	63
A0A2L0VXR5	Q0INZ4	22.600	224	350	372	1.285E-09	63
A0A2L0VXR5	Q75HZ9	23.400	233	350	403	1.285E-09	63
A0A2L0VXR5	Q5HZ00	25.500	206	350	422	5.339E-09	61
A0A2L0VXR5	P55785	25.300	212	350	320	7.097E-09	61
A0A2L0VXR5	Q9LUD9	25.800	226	350	360	7.097E-09	61
A0A2L0VXR5	Q8S948	22.200	230	350	406	1.253E-08	60
A0A2L0VXR5	Q76FS5	22.400	222	350	417	1.253E-08	60
A0A2L0VXR5	Q9LRR0	22.800	261	350	361	2.940E-08	59
A0A2L0VXR5	Q54VJ9	21.800	262	350	456	2.940E-08	59
A0A2L0VXR5	P48368	22.600	252	350	300	3.905E-08	58
A0A2L0VXR5	Q9LUE1	25.400	229	350	360	5.188E-08	58
A0A2L0VXR5	P80042	25.300	223	350	369	9.150E-08	57
A0A2L0VXR5	O66129	22.400	224	350	325	1.215E-07	57
A0A2L0VXR5	Q43133	26.200	224	350	366	2.142E-07	56
A0A2L0VXR5	O04046	23.500	258	350	376	2.142E-07	56
A0A2L0VXR5	Q8K9A0	24.500	218	350	294	1.553E-06	53
A0A2L0VXR5	Q9LHR4	25.200	224	350	360	4.810E-06	51
A0A2L0VXR5	Q5T2R2	24.700	183	350	415	4.810E-06	51
A0A2L0VXR5	Q33DR2	24.100	188	350	409	6.379E-06	51
A0A2L0VXR5	Q8PYS1	17.800	239	350	295	1.122E-05	50
A0A2L0VXR5	P57537	23.700	211	350	282	2.615E-05	49
A0A2L0VXR5	P21684	25.700	225	350	302	4.596E-05	48
A0A2L0VXR5	P55539	25.800	153	350	332	4.596E-05	48
A0A5Q0QSI8	A8NU13	42.400	329	430	345	5.806E-78	270
A0A5Q0QSI8	P0DL13	31.400	322	430	346	3.696E-38	153
A0A5Q0QSI8	Q6WP50	25.900	328	430	399	6.415E-17	87
A0A5Q0QSI8	S0DX56	23.700	339	430	357	1.085E-14	80
A0A5Q0QSI8	D2B747	24.700	317	430	330	4.490E-14	78
A0A5Q0QSI8	B2J4A4	21.600	308	430	323	1.228E-10	67
A0A5Q0QSI8	B5GS26	31.100	185	430	327	1.228E-10	67
A0A5Q0QSI8	E8W6C7	21.300	313	430	356	5.592E-07	55
A0A5Q0QSI8	E4N7E5	24.000	203	430	320	9.185E-06	51
C0HLF0	Q02517	84.400	122	121	138	2.439E-74	244
C0HLF0	Q90Y77	84.400	122	121	138	3.345E-74	243
C0HLF0	O42187	81.900	122	121	138	9.002E-71	233
C0HLF0	P04417	79.500	122	121	122	8.218E-70	231
C0HLF0	P59265	79.500	122	121	122	1.936E-68	227
C0HLF0	P59264	78.600	122	121	122	9.394E-68	225
C0HLF0	Q6EER3	69.600	122	121	138	1.282E-60	204
C0HLF0	O42189	73.300	124	121	124	4.538E-60	203
C0HLF0	O42190	72.500	124	121	124	2.759E-58	198
C0HLF0	Q71QE8	67.200	122	121	138	5.191E-58	197
C0HLF0	Q6EER5	67.200	122	121	122	1.837E-57	195
C0HLF0	Q6EER6	66.300	122	121	122	1.837E-57	195
C0HLF0	C0HKC4	69.100	123	121	123	1.837E-57	195
C0HLF0	P51972	69.100	123	121	123	1.837E-57	195
C0HLF0	C0HKC3	69.100	123	121	139	1.837E-57	195
C0HLF0	Q805A2	67.200	122	121	138	8.918E-57	193
C0HLF0	C0HJC1	68.000	122	121	122	2.301E-56	192
C0HLF0	Q9I968	65.500	122	121	138	5.423E-55	188
C0HLF0	Q6EER4	63.900	122	121	138	1.020E-54	187
C0HLF0	Q90W39	63.900	122	121	138	1.400E-54	187
C0HLF0	P84651	64.700	122	121	122	4.953E-54	185
C0HLF0	P45881	63.100	122	121	138	1.278E-53	184
C0HLF0	Q91506	66.600	122	121	122	4.524E-53	183
C0HLF0	Q1ZY03	60.600	122	121	138	6.206E-53	182
C0HLF0	O42192	63.100	122	121	122	8.512E-53	182
C0HLF0	P81478	62.200	122	121	122	1.168E-52	181
C0HLF0	Q2YHJ6	62.200	122	121	138	1.601E-52	181
C0HLF0	P86974	62.200	122	121	122	2.197E-52	181
C0HLF0	P34180	63.100	121	121	137	2.197E-52	181
C0HLF0	Q7ZTA8	63.100	122	121	138	2.197E-52	181
C0HLF0	Q2PG83	66.300	121	121	138	4.133E-52	180
C0HLF0	Q7ZTA6	63.100	122	121	138	4.133E-52	180
C0HLF0	G3DT18	62.200	122	121	138	4.133E-52	180
C0HLF0	P06859	67.200	121	121	138	4.133E-52	180
C0HLF0	P70088	60.600	122	121	138	5.668E-52	179
C0HLF0	Q6H3C8	60.600	122	121	138	5.668E-52	179
C0HLF0	P20249	62.200	122	121	122	7.775E-52	179
C0HLF0	Q2YHJ3	61.400	122	121	138	7.775E-52	179
C0HLF0	Q92147	62.200	122	121	138	1.463E-51	178
C0HLF0	P81480	62.200	122	121	122	2.752E-51	177
C0HLF0	A8E2V8	62.600	123	121	139	3.775E-51	177
C0HLF0	Q7ZTA7	62.200	122	121	138	5.178E-51	177
C0HLF0	A8CG90	63.900	121	121	137	7.102E-51	176
C0HLF0	P81479	61.400	122	121	122	9.741E-51	176
C0HLF0	A8CG87	59.800	122	121	138	1.336E-50	175
C0HLF0	A8CG78	59.800	122	121	138	1.336E-50	175
C0HLF0	P20476	61.400	122	121	138	1.336E-50	175
C0HLF0	Q6H3D0	61.400	122	121	138	1.336E-50	175
C0HLF0	O42191	62.900	124	121	124	1.833E-50	175
C0HLF0	Q2YHJ5	59.000	122	121	122	3.448E-50	174
C0HLF0	P0DJP4	60.600	122	121	122	3.448E-50	174
C0HLF0	P86389	60.400	124	121	124	3.448E-50	174
C0HLF0	Q9YGJ7	63.100	121	121	137	4.729E-50	174
C0HLF0	P00623	60.600	122	121	138	6.487E-50	173
C0HLF0	P81458	63.100	121	121	121	8.898E-50	173
C0HLF0	Q7LZQ4	62.000	124	121	124	8.898E-50	173
C0HLF0	Q2HZ28	60.600	122	121	138	1.220E-49	173
C0HLF0	Q6H3C9	65.200	118	121	138	1.220E-49	173
C0HLF0	Q6H3C7	61.700	123	121	139	1.220E-49	173
C0HLF0	Q9PVF2	61.700	123	121	139	1.220E-49	173
C0HLF0	F8QN51	60.600	121	121	137	1.674E-49	172
C0HLF0	Q910A0	60.600	122	121	138	1.674E-49	172
C0HLF0	Q910A1	60.600	122	121	138	2.296E-49	172
C0HLF0	P0CAS6	61.400	122	121	122	3.150E-49	171
C0HLF0	Q7SID6	58.500	123	121	123	3.150E-49	171
C0HLF0	P86456	62.200	121	121	121	4.320E-49	171
C0HLF0	Q6H3C6	64.400	118	121	122	5.926E-49	171
C0HLF0	C9DPL5	61.400	122	121	122	5.926E-49	171
C0HLF0	P14418	61.200	124	121	124	8.128E-49	170
C0HLF0	P24293	60.600	121	121	121	1.115E-48	170
C0HLF0	Q8QG87	60.600	122	121	138	1.115E-48	170
C0HLF0	P24027	59.000	122	121	138	1.529E-48	169
C0HLF0	P82896	58.100	122	121	122	2.098E-48	169
C0HLF0	Q800C3	58.100	122	121	138	2.098E-48	169
C0HLF0	P00624	59.000	122	121	138	2.877E-48	169
C0HLF0	Q98996	59.800	122	121	138	2.877E-48	169
C0HLF0	B5U6Z2	59.800	122	121	138	2.877E-48	169
C0HLF0	Q9PVF1	60.100	123	121	126	5.413E-48	168
C0HLF0	Q800C2	58.100	122	121	138	5.413E-48	168
C0HLF0	A8CG86	61.400	122	121	138	7.425E-48	168
C0HLF0	C3W4R6	59.800	122	121	138	7.425E-48	168
C0HLF0	Q9PVE9	60.100	123	121	139	7.425E-48	168
C0HLF0	Q9PVF0	59.300	123	121	126	1.397E-47	167
C0HLF0	Q8AXY1	59.800	122	121	138	1.397E-47	167
C0HLF0	P0CAS5	59.000	122	121	122	1.916E-47	166
C0HLF0	P0CAS7	59.000	121	121	121	2.628E-47	166
C0HLF0	P86169	58.100	122	121	122	2.628E-47	166
C0HLF0	P62022	58.100	122	121	138	2.628E-47	166
C0HLF0	P62023	58.100	122	121	138	2.628E-47	166
C0HLF0	Q7T2R1	60.600	122	121	138	2.628E-47	166
C0HLF0	P00625	60.100	123	121	139	2.628E-47	166
C0HLF0	P0CG56	58.100	122	121	122	3.605E-47	166
C0HLF0	P81243	58.000	124	121	124	3.605E-47	166
C0HLF0	Q9PWR6	59.000	122	121	138	6.783E-47	165
C0HLF0	B6CQR5	59.000	122	121	138	9.304E-47	164
C0HLF0	Q800C1	55.700	122	121	138	1.276E-46	164
C0HLF0	P0CAR9	54.500	121	121	137	1.750E-46	164
C0HLF0	Q6H3C5	58.100	122	121	122	3.293E-46	163
C0HLF0	P14421	56.500	122	121	122	3.293E-46	163
C0HLF0	P0CAS2	56.500	122	121	122	3.293E-46	163
C0HLF0	Q6EER2	57.300	122	121	138	3.293E-46	163
C0HLF0	P59171	54.900	122	121	138	3.293E-46	163
C0HLF0	Q90ZZ9	54.900	122	121	138	3.293E-46	163
C0HLF0	C0HJL8	58.100	122	121	122	4.518E-46	162
C0HLF0	Q800C4	58.100	122	121	138	4.518E-46	162
C0HLF0	P21789	58.300	120	121	120	6.197E-46	162
C0HLF0	P0CAS4	56.500	122	121	122	6.197E-46	162
C0HLF0	F8QN54	57.300	122	121	138	8.500E-46	162
C0HLF0	P0CAS3	54.900	122	121	122	1.166E-45	161
C0HLF0	Q2YHJ2	58.100	122	121	138	1.166E-45	161
C0HLF0	P14424	57.300	122	121	138	1.166E-45	161
C0HLF0	Q2YHJ7	58.100	122	121	138	2.194E-45	160
C0HLF0	P59170	54.400	123	121	139	3.009E-45	160
C0HLF0	P00626	56.500	122	121	138	4.127E-45	160
C0HLF0	P11407	55.700	122	121	138	1.065E-44	158
C0HLF0	P24294	55.700	121	121	121	1.461E-44	158
C0HLF0	P31854	54.900	122	121	138	2.004E-44	158
C0HLF0	C7G1G6	62.900	116	121	138	2.004E-44	158
C0HLF0	P0DJJ9	62.900	116	121	138	3.770E-44	157
C0HLF0	P0DKR3	57.300	122	121	122	7.094E-44	156
C0HLF0	P86806	57.500	119	121	122	9.731E-44	156
C0HLF0	P86805	56.600	119	121	122	1.831E-43	155
C0HLF0	P0DJJ8	62.000	116	121	138	1.831E-43	155
C0HLF0	Q7T3S7	54.000	121	121	136	2.511E-43	154
C0HLF0	P59071	58.200	115	121	121	3.445E-43	154
C0HLF0	A8CG84	58.200	115	121	137	3.445E-43	154
C0HLF0	A8E2V9	57.300	121	121	136	6.481E-43	153
C0HLF0	Q2PG81	59.000	121	121	137	6.481E-43	153
C0HLF0	C0HK16	57.300	115	121	121	8.122E-42	150
C0HLF0	P14420	54.900	122	121	122	1.114E-41	150
C0HLF0	Q8JFG0	54.900	122	121	138	1.114E-41	150
C0HLF0	Q1RP78	54.900	122	121	138	1.528E-41	149
C0HLF0	Q1RP79	54.900	122	121	138	1.528E-41	149
C0HLF0	P00622	54.900	121	121	121	2.875E-41	149
C0HLF0	P86368	56.500	115	121	121	5.410E-41	148
C0HLF0	A8CG82	52.400	122	121	138	5.410E-41	148
C0HLF0	P0DKR5	53.200	122	121	122	1.396E-40	147
C0HLF0	Q10755	54.900	122	121	122	1.915E-40	146
C0HLF0	P84674	55.600	115	121	121	3.603E-40	145
C0HLF0	Q02471	53.200	122	121	138	3.603E-40	145
C0HLF0	P86803	61.100	107	121	121	2.400E-39	143
C0HLF0	P14555	50.800	124	121	144	3.292E-39	143
C0HLF0	P86804	60.100	107	121	121	1.165E-38	141
C0HLF0	D0UGJ0	52.000	123	121	139	1.165E-38	141
C0HLF0	Q56JZ2	53.200	124	121	144	1.599E-38	141
C0HLF0	P31482	51.200	125	121	146	1.599E-38	141
C0HLF0	P00621	51.600	121	121	119	2.193E-38	140
C0HLF0	Q9QUL3	50.000	123	121	142	3.769E-37	137
C0HLF0	P58464	57.900	106	121	120	5.170E-37	136
C0HLF0	P0C942	47.500	122	121	122	1.672E-35	132
C0HLF0	P14423	49.600	125	121	146	2.294E-35	132
C0HLF0	P00620	49.500	121	121	118	5.920E-35	130
C0HLF0	P0C943	46.700	122	121	122	2.874E-34	128
C0HLF0	P0CAS0	47.100	121	121	136	7.418E-34	127
C0HLF0	P47711	46.400	125	121	145	1.396E-33	126
C0HLF0	P48076	43.500	121	121	150	5.656E-31	119
C0HLF0	P39878	44.300	121	121	150	1.459E-30	118
C0HLF0	P84397	45.900	121	121	107	6.472E-29	113
C0HLF0	Q9UNK4	41.900	124	121	145	6.472E-29	113
C0HLF0	Q9BZM2	37.700	125	121	168	1.218E-28	112
C0HLF0	P39877	41.800	117	121	138	8.107E-28	110
C0HLF0	P97391	43.100	116	121	137	2.092E-27	109
C0HLF0	C0HKB8	54.000	99	121	117	2.869E-27	108
C0HLF0	B3EWP6	66.600	60	121	60	1.015E-26	107
C0HLF0	P51433	41.300	116	121	137	1.393E-26	106
C0HLF0	Q9PU97	50.400	101	121	137	1.910E-26	106
C0HLF0	Q9PTA6	49.500	101	121	138	2.620E-26	106
C0HLF0	Q9WVF6	39.500	124	121	144	2.620E-26	106
C0HLF0	Q6T179	47.000	100	121	126	3.593E-26	105
C0HLF0	Q9QZT3	42.300	108	121	151	6.759E-26	104
C0HLF0	Q90251	48.500	101	121	137	9.271E-26	104
C0HLF0	C0HKB9	48.600	111	121	119	1.744E-25	103
C0HLF0	Q8AY48	44.900	118	121	137	1.744E-25	103
C0HLF0	P00606	49.000	99	121	145	2.392E-25	103
C0HLF0	P00595	47.000	100	121	119	6.171E-25	102
C0HLF0	A4FS04	48.000	100	121	119	6.171E-25	102
C0HLF0	Q6YIJ3	47.100	104	121	137	6.171E-25	102
C0HLF0	Q9QXX3	41.400	108	121	151	6.171E-25	102
C0HLF0	P08872	44.900	109	121	144	8.463E-25	101
C0HLF0	O15496	39.600	108	121	165	8.463E-25	101
C0HLF0	P00599	44.900	107	121	118	1.161E-24	101
C0HLF0	Q9PUH9	46.700	101	121	147	1.161E-24	101
C0HLF0	P25498	46.000	100	121	119	1.592E-24	100
C0HLF0	P60045	47.000	100	121	126	1.592E-24	100
C0HLF0	P00598	47.000	100	121	146	1.592E-24	100
C0HLF0	P00617	49.500	101	121	147	1.592E-24	100
C0HLF0	Q9PTA5	48.500	101	121	137	2.183E-24	100
C0HLF0	Q6YNQ0	46.100	104	121	137	2.183E-24	100
C0HLF0	Q9DF52	47.000	99	121	145	2.183E-24	100
C0HLF0	P00619	46.100	104	121	147	2.183E-24	100
C0HLF0	P00604	48.400	99	121	118	2.995E-24	100
C0HLF0	P00600	43.600	108	121	119	4.107E-24	99
C0HLF0	Q9I900	47.000	100	121	146	4.107E-24	99
C0HLF0	Q9PUI0	45.700	101	121	147	4.107E-24	99
C0HLF0	P07037	47.000	100	121	119	5.633E-24	99
C0HLF0	P23026	45.200	113	121	145	5.633E-24	99
C0HLF0	Q91133	47.000	100	121	146	5.633E-24	99
C0HLF0	Q75S51	48.000	104	121	147	5.633E-24	99
C0HLF0	P17934	46.500	101	121	147	5.633E-24	99
C0HLF0	Q9W7J3	47.100	106	121	154	5.633E-24	99
C0HLF0	P00605	48.400	99	121	118	7.725E-24	98
C0HLF0	P60044	46.000	100	121	126	7.725E-24	98
C0HLF0	Q92085	44.000	100	121	146	7.725E-24	98
C0HLF0	Q8QFW4	46.100	104	121	147	7.725E-24	98
C0HLF0	Q45Z25	45.200	106	121	151	7.725E-24	98
C0HLF0	P00596	47.000	100	121	146	1.059E-23	98
C0HLF0	P14411	48.000	99	121	135	1.453E-23	98
C0HLF0	Q45Z28	45.200	106	121	151	1.453E-23	98
C0HLF0	P14556	47.400	99	121	118	1.993E-23	97
C0HLF0	Q9PSN5	45.200	106	121	125	1.993E-23	97
C0HLF0	Q7T1R0	46.600	103	121	146	1.993E-23	97
C0HLF0	Q92086	45.000	100	121	146	2.733E-23	97
C0HLF0	Q9PUH8	46.700	101	121	147	2.733E-23	97
C0HLF0	P00601	45.000	100	121	119	3.748E-23	96
C0HLF0	Q8QFW3	46.100	104	121	147	3.748E-23	96
C0HLF0	Q45Z27	45.200	106	121	151	3.748E-23	96
C0HLF0	Q45Z26	45.200	106	121	151	3.748E-23	96
C0HLF0	Q45Z29	45.200	106	121	151	3.748E-23	96
C0HLF0	Q45Z30	45.200	106	121	151	3.748E-23	96
C0HLF0	P0DJ62	65.000	60	121	60	5.140E-23	96
C0HLF0	P14419	43.800	121	121	123	7.050E-23	96
C0HLF0	P20255	46.700	107	121	118	1.326E-22	95
C0HLF0	Q7T1R1	46.600	103	121	146	1.326E-22	95
C0HLF0	P04056	46.700	107	121	118	1.818E-22	94
C0HLF0	Q6SLM1	46.000	99	121	137	1.818E-22	94
C0HLF0	Q6SLM2	45.500	99	121	137	1.818E-22	94
C0HLF0	Q9PUH5	44.000	109	121	145	1.818E-22	94
C0HLF0	Q7T2Q4	45.500	101	121	147	1.818E-22	94
C0HLF0	Q4VRI5	51.100	88	121	154	1.818E-22	94
C0HLF0	Q6SLM0	46.000	99	121	137	2.494E-22	94
C0HLF0	F5CPF0	45.000	99	121	140	2.494E-22	94
C0HLF0	Q9PUI1	44.800	101	121	145	4.690E-22	93
C0HLF0	P59359	44.800	101	121	145	4.690E-22	93
C0HLF0	Q3C2C1	38.500	135	121	158	4.690E-22	93
C0HLF0	P20259	45.400	99	121	117	6.432E-22	93
C0HLF0	P04057	46.400	99	121	118	6.432E-22	93
C0HLF0	P00602	47.000	99	121	118	6.432E-22	93
C0HLF0	P20257	46.400	99	121	118	6.432E-22	93
C0HLF0	P60043	45.000	100	121	126	6.432E-22	93
C0HLF0	P00611	48.000	99	121	145	6.432E-22	93
C0HLF0	P00614	46.000	100	121	119	8.820E-22	93
C0HLF0	A6MEY4	46.000	99	121	145	8.820E-22	93
C0HLF0	Q7T2Q5	44.500	101	121	147	8.820E-22	93
C0HLF0	P00603	47.000	99	121	118	1.210E-21	92
C0HLF0	P20256	45.800	107	121	118	1.210E-21	92
C0HLF0	P00593	40.300	122	121	145	1.659E-21	92
C0HLF0	Q8UUH9	40.800	121	121	155	1.659E-21	92
C0HLF0	D2X8K2	39.600	118	121	119	4.278E-21	91
C0HLF0	P00628	46.000	99	121	135	4.278E-21	91
C0HLF0	P00629	47.000	99	121	135	4.278E-21	91
C0HLF0	Q9PUH7	43.300	100	121	144	4.278E-21	91
C0HLF0	P08873	42.200	109	121	145	4.278E-21	91
C0HLF0	P19000	46.600	99	121	145	4.278E-21	91
C0HLF0	Q8UUI4	46.600	99	121	145	5.866E-21	90
C0HLF0	P20252	44.000	107	121	118	8.045E-21	90
C0HLF0	Q8UUI3	46.600	99	121	145	8.045E-21	90
C0HLF0	Q8UUH8	44.400	99	121	145	1.103E-20	89
C0HLF0	Q8UUI0	44.400	99	121	155	1.103E-20	89
C0HLF0	P81166	41.400	110	121	118	2.074E-20	89
C0HLF0	P20251	45.400	99	121	118	2.074E-20	89
C0HLF0	P00613	47.000	99	121	118	2.845E-20	88
C0HLF0	F5CPF1	44.500	101	121	142	2.845E-20	88
C0HLF0	Q9I842	47.000	99	121	145	2.845E-20	88
C0HLF0	P81167	41.400	110	121	118	3.901E-20	88
C0HLF0	Q9I837	46.000	99	121	145	3.901E-20	88
C0HLF0	P0DM51	72.000	50	121	50	5.349E-20	87
C0HLF0	P04416	40.500	114	121	124	5.349E-20	87
C0HLF0	Q9DF33	44.500	101	121	146	5.349E-20	87
C0HLF0	P43434	40.000	120	121	146	5.349E-20	87
C0HLF0	P04055	39.600	114	121	146	5.349E-20	87
C0HLF0	Q9PUH6	42.200	109	121	145	7.335E-20	87
C0HLF0	P06596	39.600	114	121	146	7.335E-20	87
C0HLF0	Q9PUG7	44.600	103	121	152	7.335E-20	87
C0HLF0	P0C551	39.300	114	121	142	1.006E-19	87
C0HLF0	Q8UUH7	43.400	99	121	154	1.006E-19	87
C0HLF0	P00612	46.000	99	121	118	1.379E-19	86
C0HLF0	Q9I845	47.000	99	121	145	1.379E-19	86
C0HLF0	Q9I843	47.000	99	121	145	1.379E-19	86
C0HLF0	Q9I844	46.000	99	121	145	1.891E-19	86
C0HLF0	Q9I847	46.000	99	121	145	1.891E-19	86
C0HLF0	Q45Z47	45.000	108	121	146	1.891E-19	86
C0HLF0	P04054	41.100	122	121	148	1.891E-19	86
C0HLF0	Q8JFG2	39.800	123	121	152	1.891E-19	86
C0HLF0	P00608	42.400	100	121	119	2.593E-19	85
C0HLF0	Q8UW08	43.100	103	121	146	3.556E-19	85
C0HLF0	C0HK05	72.300	47	121	47	4.875E-19	85
C0HLF0	Q45Z42	46.000	100	121	146	6.685E-19	84
C0HLF0	Q8UW30	42.200	103	121	146	6.685E-19	84
C0HLF0	P00610	42.200	103	121	119	9.166E-19	84
C0HLF0	Q9PRG0	42.900	101	121	145	9.166E-19	84
C0HLF0	P20146	41.900	99	121	145	9.166E-19	84
C0HLF0	P10116	43.400	99	121	118	1.257E-18	83
C0HLF0	P00609	41.500	100	121	119	1.257E-18	83
C0HLF0	Q9PUH4	41.500	100	121	146	4.442E-18	82
C0HLF0	P0C933	62.000	50	121	49	2.950E-17	79
C0HLF0	Q8AY47	50.600	75	121	139	5.545E-17	79
C0HLF0	P80966	40.500	106	121	151	7.602E-17	78
C0HLF0	Q9DF56	40.500	106	121	152	1.042E-16	78
C0HLF0	C0HJU3	60.400	48	121	48	4.589E-15	73
C0HLF0	P0DM50	62.500	40	121	40	5.830E-11	61
A0A2U8QPE6	Q4JHE3	83.600	502	501	517	2.727E-278	854
A0A2U8QPE6	Q4JHE2	83.400	502	501	517	3.384E-277	851
A0A2U8QPE6	Q4JHE1	83.000	502	501	517	3.384E-277	851
A0A2U8QPE6	A8QL51	81.000	502	501	517	1.869E-271	834
A0A2U8QPE6	A8QL52	81.200	502	501	517	8.168E-270	829
A0A2U8QPE6	Q90W54	77.800	501	501	504	9.496E-262	806
A0A2U8QPE6	Q6STF1	77.600	501	501	504	2.210E-260	802
A0A2U8QPE6	B5AR80	77.400	501	501	503	5.682E-260	801
A0A2U8QPE6	A6MFL0	77.600	502	501	517	1.084E-256	792
A0A2U8QPE6	G8XQX1	77.200	501	501	504	1.485E-256	791
A0A2U8QPE6	Q6WP39	76.200	501	501	516	1.667E-254	785
A0A2U8QPE6	P81382	75.800	501	501	516	9.969E-253	780
A0A2U8QPE6	B5U6Y8	75.000	501	501	504	9.023E-252	777
A0A2U8QPE6	O93364	75.500	501	501	516	4.352E-251	775
A0A2U8QPE6	P56742	75.900	501	501	516	4.352E-251	775
A0A2U8QPE6	F8S0Z5	75.900	501	501	516	4.352E-251	775
A0A2U8QPE6	X2L4E2	75.700	494	501	498	8.167E-251	775
A0A2U8QPE6	B0VXW0	75.100	501	501	516	3.939E-250	773
A0A2U8QPE6	X2JCV5	75.800	501	501	516	2.603E-249	770
A0A2U8QPE6	Q6TGQ9	74.600	501	501	497	3.999E-247	764
A0A2U8QPE6	K9N7B7	76.100	485	501	498	8.417E-245	757
A0A2U8QPE6	P0DI84	76.700	481	501	484	1.153E-244	757
A0A2U8QPE6	Q6TGQ8	76.900	472	501	478	2.163E-244	756
A0A2U8QPE6	A0A024BTN9	75.200	485	501	498	1.450E-240	745
A0A2U8QPE6	A8QL58	82.300	451	501	449	1.073E-237	737
A0A2U8QPE6	Q4F867	75.800	389	501	407	3.553E-190	599
A0A2U8QPE6	P81383	49.400	501	501	491	2.519E-151	487
A0A2U8QPE6	P86810	41.000	496	501	527	4.692E-120	396
A0A2U8QPE6	O09046	37.300	481	501	630	1.188E-98	334
A0A2U8QPE6	Q96RQ9	36.400	476	501	567	7.684E-98	331
A0A2U8QPE6	O34363	35.200	470	501	478	4.290E-77	271
A0A2U8QPE6	Q54EW2	26.400	512	501	1080	2.197E-27	121
A0A2U8QPE6	Q6T627	76.600	60	501	60	1.605E-21	102
A0A2U8QPE6	Q6PLK3	26.200	448	501	520	8.863E-21	100
A0A2U8QPE6	Q54IT3	23.900	445	501	456	1.518E-19	96
A0A2U8QPE6	Q8BW75	24.400	453	501	520	2.016E-19	96
A0A2U8QPE6	P56560	26.400	448	501	520	3.555E-19	95
A0A2U8QPE6	P58028	25.100	448	501	520	8.317E-19	94
A0A2U8QPE6	Q7YRB7	24.400	448	501	520	3.282E-17	89
A0A2U8QPE6	P49253	25.200	449	501	522	5.772E-17	88
A0A2U8QPE6	P21398	25.400	459	501	527	5.772E-17	88
A0A2U8QPE6	Q5RE60	24.200	445	501	527	1.783E-16	86
A0A2U8QPE6	P21397	24.200	445	501	527	2.364E-16	86
A0A2U8QPE6	Q64133	23.700	459	501	526	2.248E-15	83
A0A2U8QPE6	Q5NU32	24.000	448	501	527	1.215E-14	80
A0A2U8QPE6	P21396	23.700	448	501	526	1.609E-14	80
A0A2U8QPE6	P0CC17	61.100	66	501	119	2.822E-14	79
A0A2U8QPE6	P0DI87	77.000	48	501	49	3.736E-14	79
A0A2U8QPE6	Q6Q2J0	24.100	458	501	527	4.948E-14	78
A0A2U8QPE6	Q556K4	24.100	449	501	467	8.673E-14	78
A0A2U8QPE6	O64411	24.000	461	501	500	1.148E-13	77
A0A2U8QPE6	P58027	23.800	458	501	527	1.520E-13	77
A0A2U8QPE6	P0C2D1	76.000	50	501	49	3.526E-13	76
A0A2U8QPE6	Q556K3	23.900	449	501	471	8.177E-13	74
A0A2U8QPE6	P0C2D7	83.700	37	501	88	1.017E-11	71
A0A2U8QPE6	C0HJE7	79.400	39	501	39	7.208E-11	68
A0A2U8QPE6	P0DI88	83.700	37	501	37	9.533E-11	68
A0A2U8QPE6	H8ZPX1	22.700	444	501	497	8.915E-10	64
A0A2U8QPE6	P0C2D4	76.300	38	501	38	4.761E-09	62
A0A2U8QPE6	P0C2D5	86.600	30	501	30	7.750E-08	58
A0A2U8QPE6	P0CJ40	69.200	39	501	39	3.124E-07	56
A0A2U8QPE6	Q9FNA2	21.800	445	501	472	5.454E-07	55
A0A2U8QPE6	P0DI89	76.600	30	501	30	3.833E-06	53
A0A2U8QPE6	P81375	35.800	92	501	107	3.833E-06	53
A0A2U8QPE6	C3VEP9	37.000	84	501	582	6.690E-06	52
A0A2U8QPE6	Q8GAJ0	22.500	443	501	421	8.838E-06	51
A0A2U8QPE6	P0DI91	38.500	83	501	95	2.037E-05	50
A0A2U8QPE6	Q01671	66.600	42	501	495	3.555E-05	49
A0A2U8QPE6	P32397	32.200	92	501	470	6.202E-05	49
A0A2U8QPE6	Q94IG7	50.900	51	501	531	6.202E-05	49
A0A2U8QPE6	P55349	38.000	71	501	417	1.887E-04	47
A0A2U8QPE6	P0C2D3	77.700	27	501	27	3.292E-04	46
A0A5Q0QP64	A8NU13	68.400	336	342	345	1.428E-153	485
A0A5Q0QP64	P0DL13	26.800	329	342	346	1.681E-35	142
A0A5Q0QP64	S0DX56	24.100	333	342	357	1.782E-18	91
A0A5Q0QP64	Q6WP50	25.100	335	342	399	1.472E-16	85
A0A5Q0QP64	B2J4A4	23.200	311	342	323	1.531E-15	81
A0A5Q0QP64	A7NH01	27.500	281	342	326	5.049E-14	77
A0A5Q0QP64	B5H7H3	25.300	321	342	372	6.859E-13	73
A0A5Q0QP64	B5GS26	28.800	165	342	327	2.172E-10	65
A0A5Q0QP64	A0A1L7VZE7	26.100	337	342	401	2.850E-09	62
A0A5Q0QP64	B5HDJ6	20.800	308	342	365	6.706E-09	61
A0A5Q0QP64	A0A1L7U8F2	25.800	337	342	401	8.918E-09	60
A0A5Q0QP64	Q82RR7	22.600	311	342	335	4.921E-08	58
A0A5P8DI07	G3CCC1	38.100	508	597	792	4.713E-110	371
A0A5P8DI07	B8XA41	38.400	499	597	777	5.179E-106	359
A0A5P8DI07	C1K5M3	38.800	499	597	778	8.425E-105	356
A0A5P8DI07	Q0JA82	35.800	544	597	756	5.682E-91	315
A0A5P8DI07	Q0JEZ8	34.000	524	597	842	1.258E-87	305
A0A5P8DI07	Q66QH3	34.000	524	597	840	2.329E-87	304
A0A5P8DI07	Q2QQJ5	34.600	532	597	815	3.200E-85	298
A0A5P8DI07	Q9SAK2	34.900	522	597	785	8.050E-85	297
A0A5P8DI07	Q39548	34.700	531	597	789	3.744E-84	295
A0A5P8DI07	Q00G37	34.000	524	597	830	1.280E-83	293
A0A5P8DI07	Q0E088	34.200	524	597	829	2.031E-82	290
A0A5P8DI07	Q84ZW8	33.800	503	597	590	9.429E-82	288
A0A5P8DI07	A4KAG7	31.300	536	597	821	1.220E-73	264
A0A5P8DI07	A4KAG8	31.200	539	597	821	4.138E-73	262
A0A5P8DI07	Q1AHB2	33.300	537	597	816	2.963E-71	257
A0A5P8DI07	Q6Z5J6	30.900	536	597	821	4.018E-71	256
A0A5P8DI07	Q6BDZ9	31.400	543	597	822	1.184E-64	237
A0A5P8DI07	H8ZM73	29.000	563	597	867	6.153E-51	196
A0A5P8DI07	G1DGI7	27.300	528	597	750	1.504E-50	194
A0A5P8DI07	Q9M7D1	29.800	525	597	630	2.359E-48	188
A0A5P8DI07	H8ZM71	28.000	565	597	852	5.745E-48	186
A0A5P8DI07	J9R388	29.900	473	597	740	1.881E-47	185
A0A5P8DI07	M4HYP3	30.400	512	597	876	3.402E-47	184
A0A5P8DI07	J9QS23	30.000	472	597	739	1.112E-46	183
A0A5P8DI07	Q4QSN4	26.700	520	597	815	9.347E-45	177
A0A5P8DI07	Q675L4	27.500	565	597	859	2.264E-44	175
A0A5P8DI07	Q675L5	28.100	565	597	867	5.478E-44	174
A0A5P8DI07	H8ZM70	27.600	564	597	844	9.870E-44	173
A0A5P8DI07	Q38710	27.300	564	597	868	3.202E-43	172
A0A5P8DI07	Q50EK2	26.700	565	597	850	5.764E-43	171
A0A5P8DI07	M4HXU6	26.700	565	597	857	1.391E-42	170
A0A5P8DI07	M4HYC6	27.200	512	597	850	2.503E-42	169
A0A5P8DI07	Q84KL3	27.300	511	597	628	1.454E-41	167
A0A5P8DI07	Q84KL6	27.500	460	597	629	2.805E-39	160
A0A5P8DI07	Q84SM8	26.000	524	597	627	1.612E-38	157
A0A5P8DI07	M4HY08	26.900	565	597	868	1.612E-38	157
A0A5P8DI07	O24474	27.700	498	597	627	2.884E-38	156
A0A5P8DI07	F1CKI6	26.900	511	597	627	3.858E-38	156
A0A5P8DI07	Q9M7D0	29.700	441	597	630	3.858E-38	156
A0A5P8DI07	Q93YA3	24.800	531	597	862	5.161E-38	156
A0A5P8DI07	F1CKI9	25.500	524	597	627	9.231E-38	155
A0A5P8DI07	Q41594	24.600	530	597	862	9.231E-38	155
A0A5P8DI07	Q9M7C9	26.600	531	597	637	1.650E-37	154
A0A5P8DI07	M4HYC8	26.300	565	597	868	1.650E-37	154
A0A5P8DI07	Q948Z0	26.000	530	597	618	1.681E-36	151
A0A5P8DI07	Q94G53	25.900	520	597	582	2.246E-36	151
A0A5P8DI07	F1CKJ1	26.100	528	597	627	2.246E-36	151
A0A5P8DI07	F1CKI8	25.300	528	597	627	2.246E-36	151
A0A5P8DI07	Q6EJ97	28.100	499	597	608	3.001E-36	150
A0A5P8DI07	Q9FT37	25.000	524	597	862	7.153E-36	149
A0A5P8DI07	Q6XDB5	26.500	460	597	627	1.276E-35	148
A0A5P8DI07	Q672F7	29.100	512	597	595	2.275E-35	147
A0A5P8DI07	Q50L36	26.200	509	597	595	3.056E-34	144
A0A5P8DI07	Q7XAS7	26.200	509	597	595	4.077E-34	143
A0A5P8DI07	Q8GUE4	27.700	498	597	603	4.077E-34	143
A0A5P8DI07	Q84KL4	25.800	528	597	627	7.254E-34	143
A0A5P8DI07	Q6PWU2	28.400	496	597	590	9.675E-34	142
A0A5P8DI07	Q5SBP3	29.100	419	597	574	1.721E-33	141
A0A5P8DI07	Q9AR86	26.000	509	597	595	1.721E-33	141
A0A5P8DI07	Q93X23	27.300	499	597	597	1.721E-33	141
A0A5P8DI07	O24475	25.800	460	597	628	2.294E-33	141
A0A5P8DI07	O64405	27.100	499	597	593	4.078E-33	140
A0A5P8DI07	O64404	27.700	507	597	581	5.436E-33	140
A0A5P8DI07	Q84KL5	26.900	465	597	574	7.246E-33	139
A0A5P8DI07	Q8L5K4	25.300	496	597	600	2.286E-32	138
A0A5P8DI07	G1JUH1	25.400	501	597	607	2.286E-32	138
A0A5P8DI07	Q9SPN0	26.300	522	597	567	2.265E-31	135
A0A5P8DI07	Q6USK1	28.000	429	597	567	3.016E-31	134
A0A5P8DI07	Q9SPN1	27.200	496	597	583	9.470E-31	133
A0A5P8DI07	P0CV96	27.500	500	597	580	1.677E-30	132
A0A5P8DI07	Q93YV0	21.700	501	597	877	2.189E-29	128
A0A5P8DI07	Q9LRZ6	24.300	498	597	598	2.910E-29	128
A0A5P8DI07	P59287	24.000	519	597	601	2.910E-29	128
A0A5P8DI07	Q675L0	28.400	410	597	578	3.870E-29	128
A0A5P8DI07	A7IZZ2	25.700	511	597	615	3.870E-29	128
A0A5P8DI07	P0CV95	26.200	500	597	578	5.145E-29	127
A0A5P8DI07	Q2XSC4	26.600	531	597	538	6.841E-29	127
A0A5P8DI07	J7LH11	25.600	498	597	546	6.841E-29	127
A0A5P8DI07	B3TPQ7	27.100	498	597	592	6.841E-29	127
A0A5P8DI07	P0DI76	27.200	400	597	600	9.093E-29	126
A0A5P8DI07	B6SCF4	24.500	545	597	613	9.093E-29	126
A0A5P8DI07	O23945	26.400	499	597	556	1.607E-28	126
A0A5P8DI07	Q84LB2	25.100	509	597	576	1.607E-28	126
A0A5P8DI07	A0A1C9J6A7	24.200	524	597	607	2.838E-28	125
A0A5P8DI07	Q94JS8	26.900	511	597	560	3.771E-28	124
A0A5P8DI07	Q2NM15	24.500	500	597	533	2.073E-27	122
A0A5P8DI07	C7E5V7	24.700	500	597	534	2.753E-27	122
A0A5P8DI07	Q9ZUH4	25.100	497	597	591	2.753E-27	122
A0A5P8DI07	Q0VHD6	24.100	492	597	550	4.855E-27	121
A0A5P8DI07	Q8L5K3	24.500	498	597	606	6.447E-27	121
A0A5P8DI07	C7E5V9	24.300	500	597	533	2.003E-26	119
A0A5P8DI07	Q8H2B4	25.400	425	597	606	2.003E-26	119
A0A5P8DI07	Q39761	25.800	511	597	554	2.659E-26	119
A0A5P8DI07	Q9XJ32	24.700	438	597	556	2.659E-26	119
A0A5P8DI07	Q6Q3H3	28.500	453	597	557	2.659E-26	119
A0A5P8DI07	B9S9Z3	25.300	577	597	558	3.529E-26	118
A0A5P8DI07	C7E5V8	24.300	500	597	533	4.683E-26	118
A0A5P8DI07	J9RLZ7	25.300	496	597	563	4.683E-26	118
A0A5P8DI07	Q39978	25.900	403	597	555	6.215E-26	117
A0A5P8DI07	O49853	24.500	511	597	554	8.248E-26	117
A0A5P8DI07	A4FVP2	26.100	400	597	565	8.248E-26	117
A0A5P8DI07	G9MAN7	24.900	514	597	867	1.094E-25	117
A0A5P8DI07	Q49SP4	25.300	502	597	545	1.452E-25	116
A0A5P8DI07	G5CV45	24.200	436	597	548	1.927E-25	116
A0A5P8DI07	Q49SP6	25.100	509	597	554	1.927E-25	116
A0A5P8DI07	P93665	24.700	511	597	554	2.556E-25	115
A0A5P8DI07	O65323	24.600	488	597	559	2.556E-25	115
A0A5P8DI07	B2KSJ6	23.300	510	597	560	2.556E-25	115
A0A5P8DI07	D2YZP9	26.200	498	597	550	4.498E-25	115
A0A5P8DI07	Q84LF0	26.600	409	597	548	5.966E-25	114
A0A5P8DI07	G5CV46	25.100	403	597	555	5.966E-25	114
A0A5P8DI07	D0VMR6	23.400	500	597	547	7.913E-25	114
A0A5P8DI07	Q39760	24.000	511	597	554	7.913E-25	114
A0A5P8DI07	C7E5W0	23.700	500	597	533	1.049E-24	113
A0A5P8DI07	Q49SP5	26.500	443	597	554	1.049E-24	113
A0A5P8DI07	Q43714	24.300	505	597	555	1.049E-24	113
A0A5P8DI07	D0VMR8	23.100	500	597	547	1.392E-24	113
A0A5P8DI07	Q84LG0	26.800	403	597	548	2.447E-24	112
A0A5P8DI07	J7LMP2	25.500	498	597	565	2.447E-24	112
A0A5P8DI07	Q84LF1	26.400	409	597	548	3.244E-24	112
A0A5P8DI07	O81191	28.000	434	597	591	4.302E-24	111
A0A5P8DI07	Q5SBP6	26.600	394	597	546	7.560E-24	111
A0A5P8DI07	Q49SP3	24.100	502	597	552	7.560E-24	111
A0A5P8DI07	A7IZZ1	25.100	496	597	622	7.560E-24	111
A0A5P8DI07	D0VMR7	22.800	500	597	547	2.333E-23	109
A0A5P8DI07	Q84LF2	26.400	409	597	548	2.333E-23	109
A0A5P8DI07	Q38802	27.500	407	597	802	2.333E-23	109
A0A5P8DI07	J9R5V4	27.400	370	597	562	3.092E-23	109
A0A5P8DI07	E3W204	23.600	527	597	569	3.092E-23	109
A0A5P8DI07	E3W202	24.100	527	597	569	4.098E-23	108
A0A5P8DI07	P0CJ43	24.800	400	597	589	4.098E-23	108
A0A5P8DI07	Q2XSC5	26.800	428	597	564	5.431E-23	108
A0A5P8DI07	Q2XSC6	24.300	495	597	602	7.196E-23	108
A0A5P8DI07	B6SCF5	24.600	503	597	563	9.534E-23	107
A0A5P8DI07	I6RAQ6	24.700	500	597	547	2.937E-22	106
A0A5P8DI07	Q9FQ27	24.500	500	597	544	3.890E-22	105
A0A5P8DI07	E3W203	23.600	527	597	569	3.890E-22	105
A0A5P8DI07	Q6Q3H2	23.100	506	597	556	6.825E-22	104
A0A5P8DI07	B6SCF6	25.700	434	597	563	6.825E-22	104
A0A5P8DI07	O64961	24.300	500	597	548	1.585E-21	103
A0A5P8DI07	C5YHI2	23.900	500	597	545	2.099E-21	103
A0A5P8DI07	E2E2N7	23.500	496	597	555	2.099E-21	103
A0A5P8DI07	Q9FXY7	24.900	498	597	577	2.099E-21	103
A0A5P8DI07	E2IHE0	27.400	397	597	808	2.780E-21	102
A0A5P8DI07	Q8SA63	23.500	530	597	548	6.452E-21	101
A0A5P8DI07	K4L9M2	24.600	540	597	561	6.452E-21	101
A0A5P8DI07	B5A434	24.700	439	597	576	8.541E-21	101
A0A5P8DI07	J7LP58	24.100	495	597	564	1.131E-20	100
A0A5P8DI07	Q29VN2	24.800	494	597	581	1.131E-20	100
A0A5P8DI07	O04408	27.000	395	597	801	1.131E-20	100
A0A5P8DI07	Q6JD70	24.100	517	597	554	1.497E-20	100
A0A5P8DI07	G3CCC0	26.900	361	597	802	1.497E-20	100
A0A5P8DI07	K4LMW2	28.900	272	597	561	1.981E-20	100
A0A5P8DI07	B2KSJ5	25.800	403	597	571	2.623E-20	99
A0A5P8DI07	B1B1U4	23.000	492	597	554	8.048E-20	98
A0A5P8DI07	Q9LLR9	23.200	410	597	547	1.065E-19	97
A0A5P8DI07	I6R4V5	22.800	524	597	546	1.865E-19	96
A0A5P8DI07	Q6JD73	24.400	517	597	554	1.865E-19	96
A0A5P8DI07	Q84NC8	23.200	435	597	579	2.468E-19	96
A0A5P8DI07	Q84ND0	23.700	435	597	581	4.320E-19	95
A0A5P8DI07	Q84NC9	23.700	435	597	584	4.320E-19	95
A0A5P8DI07	Q6E7D7	29.400	334	597	767	7.562E-19	94
A0A5P8DI07	Q0JF02	29.400	334	597	767	1.323E-18	94
A0A5P8DI07	E2E2P0	25.000	350	597	594	1.751E-18	93
A0A5P8DI07	O81193	23.100	495	597	590	2.316E-18	93
A0A5P8DI07	Q8LSC3	24.300	506	597	583	9.373E-18	91
A0A5P8DI07	Q6ZH94	25.900	366	597	595	1.639E-17	90
A0A5P8DI07	O81192	25.000	495	597	598	5.013E-17	89
A0A5P8DI07	Q84UV0	23.800	501	597	569	6.185E-16	85
A0A5P8DI07	Q9AR04	24.400	500	597	546	1.888E-15	83
A0A5P8DI07	I6QPS5	22.100	500	597	549	5.761E-15	82
A0A5P8DI07	Q5MQ85	29.500	274	597	800	1.006E-14	81
A0A5P8DI07	Q6Z5I0	29.500	274	597	800	1.006E-14	81
A0A5P8DI07	Q9T0K1	21.700	496	597	554	6.088E-12	72
A0A5P8DI07	Q39980	22.700	319	597	350	1.403E-11	71
A0A2S1WBY6	Q9LEL6	41.100	352	356	347	1.166E-79	272
A0A2S1WBY6	Q6WUC1	42.800	342	356	346	1.423E-78	269
A0A2S1WBY6	Q7XB10	39.700	350	356	357	1.736E-77	265
A0A2S1WBY6	Q7XB11	38.400	354	356	354	5.223E-73	252
A0A2S1WBY6	Q9LEL5	36.300	346	356	350	1.441E-70	245
A0A2S1WBY6	Q8H9A8	39.100	345	356	351	4.799E-67	235
A0A2S1WBY6	Q9T003	38.400	357	356	382	1.311E-64	228
A0A2S1WBY6	B0ZB55	37.600	347	356	352	4.559E-64	226
A0A2S1WBY6	B0EXJ8	37.000	344	356	355	1.401E-62	222
A0A2S1WBY6	B6VJS4	37.000	342	356	357	1.691E-61	219
A0A2S1WBY6	Q6WUC2	35.700	354	356	355	2.949E-58	209
A0A2S1WBY6	B0ZB56	34.500	347	356	360	7.492E-58	208
A0A2S1WBY6	O22308	37.300	344	356	352	3.115E-56	203
A0A2S1WBY6	O22309	37.300	344	356	352	4.249E-56	203
A0A2S1WBY6	O24529	37.300	344	356	352	7.906E-56	202
A0A2S1WBY6	Q6VMW0	33.000	360	356	366	1.761E-54	198
A0A2S1WBY6	Q8GSN1	35.100	342	356	348	2.871E-53	195
A0A2S1WBY6	Q84KK5	35.200	342	356	357	3.914E-53	194
A0A2S1WBY6	P0DH60	37.600	353	356	360	5.337E-53	194
A0A2S1WBY6	O24305	36.600	353	356	360	5.566E-51	188
A0A2S1WBY6	Q29U70	36.500	357	356	364	1.034E-50	187
A0A2S1WBY6	Q84KK4	35.500	348	356	365	1.034E-50	187
A0A2S1WBY6	C6TAY1	33.100	342	356	358	1.675E-49	184
A0A2S1WBY6	Q93WU3	33.400	356	356	356	2.283E-49	183
A0A2S1WBY6	Q6EPG8	32.500	352	356	364	4.237E-49	183
A0A2S1WBY6	Q93WU2	33.700	350	356	357	1.988E-48	181
A0A2S1WBY6	Q9FK25	32.000	313	356	363	1.103E-46	175
A0A2S1WBY6	Q8VWG4	34.500	334	356	366	2.786E-46	174
A0A2S1WBY6	Q8VWJ6	33.700	345	356	366	5.164E-46	173
A0A2S1WBY6	Q42653	31.600	320	356	343	8.291E-45	170
A0A2S1WBY6	P59049	31.700	313	356	343	5.268E-44	168
A0A2S1WBY6	Q43046	30.900	316	356	365	7.169E-44	167
A0A2S1WBY6	Q00763	30.900	316	356	365	1.806E-43	166
A0A2S1WBY6	O81646	32.600	312	356	359	8.419E-43	164
A0A2S1WBY6	Q43609	31.300	310	356	365	8.419E-43	164
A0A2S1WBY6	Q8W013	30.500	310	356	363	1.341E-41	160
A0A2S1WBY6	Q6T1F5	30.600	310	356	365	1.341E-41	160
A0A2S1WBY6	P28002	30.800	315	356	365	1.341E-41	160
A0A2S1WBY6	Q8GU25	31.200	310	356	365	1.341E-41	160
A0A2S1WBY6	Q9FQY8	31.400	311	356	359	1.824E-41	160
A0A2S1WBY6	B1P123	32.000	366	356	386	1.824E-41	160
A0A2S1WBY6	Q6T1F6	30.600	313	356	354	2.481E-41	160
A0A2S1WBY6	Q43047	29.900	324	356	364	4.587E-41	159
A0A2S1WBY6	Q8LL87	31.200	310	356	350	8.479E-41	158
A0A2S1WBY6	Q9XGV9	31.000	312	356	361	1.567E-40	157
A0A2S1WBY6	Q41086	29.900	324	356	364	2.131E-40	157
A0A2S1WBY6	A8J6X1	31.100	316	356	359	3.937E-40	156
A0A2S1WBY6	A9X7L0	31.000	304	356	364	1.344E-39	154
A0A2S1WBY6	P46484	29.100	316	356	366	2.122E-38	151
A0A2S1WBY6	P93324	29.600	319	356	372	3.916E-38	150
A0A2S1WBY6	Q39522	30.000	316	356	381	3.916E-38	150
A0A2S1WBY6	Q9SWC2	31.500	298	356	313	9.813E-38	149
A0A2S1WBY6	O23760	30.000	318	356	370	9.813E-38	149
A0A2S1WBY6	O82054	35.700	261	356	362	4.533E-37	147
A0A2S1WBY6	Q06509	31.200	314	356	364	2.091E-36	145
A0A2S1WBY6	O04385	28.500	310	356	368	3.854E-36	144
A0A2S1WBY6	P45986	29.700	315	356	365	4.434E-35	141
A0A2S1WBY6	Q0IP69	31.300	324	356	375	4.434E-35	141
A0A2S1WBY6	Q6ZD89	34.800	246	356	368	1.502E-34	139
A0A2S1WBY6	Q43239	31.900	245	356	354	3.160E-33	136
A0A2S1WBY6	B8RCD3	28.300	320	356	358	2.655E-32	133
A0A2S1WBY6	A8QW52	35.800	209	356	376	4.081E-31	129
A0A2S1WBY6	Q9X5T6	31.000	224	356	349	6.364E-24	108
A0A2S1WBY6	Q92056	23.900	333	356	346	4.997E-19	93
A0A2S1WBY6	B4XY98	36.900	146	356	345	7.032E-18	89
A0A2S1WBY6	P10950	27.100	314	356	345	3.146E-16	84
A0A2S1WBY6	Q9P900	24.600	313	356	386	4.314E-15	80
A0A2S1WBY6	Q9UQY0	29.300	218	356	386	5.767E-15	80
A0A2S1WBY6	Q4WAW6	30.500	193	356	342	1.376E-14	79
A0A2S1WBY6	D3KU66	34.400	151	356	387	3.281E-14	78
A0A2S1WBY6	D3KU67	34.400	151	356	387	3.281E-14	78
A0A2S1WBY6	B9WZX2	30.000	193	356	342	7.812E-14	76
A0A2S1WBY6	P55790	28.200	141	356	418	1.858E-13	75
A0A2S1WBY6	Q12120	27.900	139	356	418	5.886E-13	74
A0A2S1WBY6	A1DA61	30.100	145	356	411	4.364E-11	68
A0A2S1WBY6	P54906	33.300	159	356	379	1.783E-09	63
A0A2S1WBY6	Q3S8P6	31.200	150	356	344	3.150E-09	62
A0A2U1LIM9	Q05001	74.300	712	704	714	0.000E+00	1114
A0A2U1LIM9	Q9SUM3	70.900	711	704	711	0.000E+00	1036
A0A2U1LIM9	P37116	69.700	665	704	690	4.081E-305	943
A0A2U1LIM9	Q9SB48	66.600	670	704	692	1.802E-294	912
A0A2U1LIM9	P37040	39.500	607	704	678	1.509E-131	439
A0A2U1LIM9	Q27597	40.000	607	704	679	1.509E-131	439
A0A2U1LIM9	P00389	39.000	607	704	679	3.826E-131	437
A0A2U1LIM9	Q07994	39.200	654	704	671	7.113E-131	437
A0A2U1LIM9	P00388	39.500	607	704	678	1.803E-130	436
A0A2U1LIM9	Q3SYT8	38.400	607	704	678	6.231E-130	434
A0A2U1LIM9	P37039	39.000	607	704	678	8.495E-130	434
A0A2U1LIM9	P04175	39.000	607	704	678	1.014E-128	430
A0A2U1LIM9	P16435	38.100	607	704	677	3.502E-128	429
A0A2U1LIM9	Q55CT1	36.900	640	704	667	7.760E-127	425
A0A2U1LIM9	P19618	36.900	607	704	601	2.760E-115	391
A0A2U1LIM9	Q2UHA7	35.100	638	704	695	1.891E-106	365
A0A2U1LIM9	Q0CMM0	34.100	638	704	695	1.412E-102	353
A0A2U1LIM9	Q5BFT5	34.000	638	704	695	1.920E-102	353
A0A2U1LIM9	A2QS05	33.700	638	704	695	4.825E-102	352
A0A2U1LIM9	Q9HDG2	34.100	678	704	736	2.953E-93	326
A0A2U1LIM9	P50126	33.500	623	704	680	8.528E-92	321
A0A2U1LIM9	P37201	34.600	623	704	680	1.333E-90	318
A0A2U1LIM9	P36587	32.300	649	704	678	1.311E-81	291
A0A2U1LIM9	O08336	31.400	638	704	1054	1.035E-78	282
A0A2U1LIM9	P16603	32.000	638	704	691	2.566E-78	281
A0A2U1LIM9	P29477	32.600	608	704	1144	2.889E-77	278
A0A2U1LIM9	P35228	33.400	608	704	1153	7.157E-77	277
A0A2U1LIM9	Q06518	32.400	608	704	1147	3.245E-76	275
A0A2U1LIM9	O19132	30.900	644	704	1435	5.938E-76	274
A0A2U1LIM9	Q9Z0J4	30.700	644	704	1429	1.988E-75	273
A0A2U1LIM9	P29476	30.700	644	704	1429	1.988E-75	273
A0A2U1LIM9	A5F3I4	32.700	606	704	614	2.689E-75	272
A0A2U1LIM9	O54705	33.700	608	704	1149	2.689E-75	272
A0A2U1LIM9	O62699	33.100	608	704	1154	3.636E-75	272
A0A2U1LIM9	P14779	30.000	630	704	1049	8.995E-75	271
A0A2U1LIM9	P29475	30.000	644	704	1434	1.645E-74	270
A0A2U1LIM9	Q81BF4	31.000	631	704	1065	1.836E-73	267
A0A2U1LIM9	Q27995	32.600	608	704	1156	3.355E-73	266
A0A2U1LIM9	Q4JIJ2	31.200	686	704	695	6.130E-73	265
A0A2U1LIM9	O08394	31.700	607	704	1061	6.130E-73	265
A0A2U1LIM9	P70313	30.400	644	704	1202	8.285E-73	265
A0A2U1LIM9	Q62600	30.400	644	704	1202	1.513E-72	264
A0A2U1LIM9	Q90703	31.600	608	704	1136	1.245E-71	261
A0A2U1LIM9	Q0HYB4	32.000	605	704	604	2.272E-71	260
A0A2U1LIM9	P29473	30.200	644	704	1205	1.864E-70	258
A0A2U1LIM9	A0KTH4	32.000	605	704	604	2.518E-70	257
A0A2U1LIM9	Q0HFL6	31.600	605	704	604	3.400E-70	257
A0A2U1LIM9	Q8EAZ9	31.300	641	704	607	2.061E-69	254
A0A2U1LIM9	Q8DCK2	31.200	639	704	616	2.061E-69	254
A0A2U1LIM9	Q7MHA5	31.200	639	704	616	2.061E-69	254
A0A2U1LIM9	Q9TUX8	29.900	644	704	1205	5.071E-69	253
A0A2U1LIM9	Q87L90	30.600	606	704	623	6.845E-69	253
A0A2U1LIM9	Q8C1A3	29.200	694	704	696	9.240E-69	252
A0A2U1LIM9	Q9UBK8	29.400	696	704	725	9.240E-69	252
A0A2U1LIM9	Q28969	29.100	665	704	1205	7.537E-68	250
A0A2U1LIM9	Q5E841	30.600	606	704	604	1.372E-67	249
A0A2U1LIM9	Q498R1	27.500	698	704	700	3.370E-67	248
A0A2U1LIM9	Q7N8L6	30.900	608	704	600	6.134E-67	247
A0A2U1LIM9	A8G9X6	29.800	620	704	599	3.693E-66	244
A0A2U1LIM9	A1JJS2	28.700	629	704	601	6.717E-66	244
A0A2U1LIM9	Q26240	29.700	646	704	1174	1.221E-65	243
A0A2U1LIM9	Q5NRM1	29.100	639	704	606	2.220E-65	242
A0A2U1LIM9	Q66ED4	28.700	629	704	618	4.035E-65	241
A0A2U1LIM9	Q2NVN4	30.500	605	704	603	9.885E-65	240
A0A2U1LIM9	Q1C3Z0	28.800	629	704	606	1.332E-64	240
A0A2U1LIM9	Q8ZBN6	28.800	629	704	606	1.332E-64	240
A0A2U1LIM9	Q1CLS8	28.500	629	704	612	7.982E-64	237
A0A2U1LIM9	A4TPY5	28.500	629	704	612	7.982E-64	237
A0A2U1LIM9	A7FLZ0	28.500	629	704	612	1.075E-63	237
A0A2U1LIM9	Q6LM58	29.500	606	704	605	1.952E-63	236
A0A2U1LIM9	O61608	29.600	659	704	1247	6.429E-63	235
A0A2U1LIM9	Q65T53	30.500	617	704	597	2.849E-62	233
A0A2U1LIM9	A6TD49	29.100	634	704	599	6.956E-62	231
A0A2U1LIM9	A7MJ63	29.200	605	704	600	6.956E-62	231
A0A2U1LIM9	Q7VQH2	29.600	605	704	610	1.697E-61	230
A0A2U1LIM9	Q8T8C0	31.300	519	704	1209	3.076E-61	229
A0A2U1LIM9	O19114	32.400	501	704	496	7.500E-61	228
A0A2U1LIM9	Q8K9D3	28.800	611	704	602	1.009E-60	228
A0A2U1LIM9	Q0T1I8	29.400	605	704	599	1.358E-60	228
A0A2U1LIM9	Q83QD9	29.400	605	704	599	1.358E-60	228
A0A2U1LIM9	A1AEV0	28.900	605	704	599	1.358E-60	228
A0A2U1LIM9	Q0TEA2	28.900	605	704	599	1.358E-60	228
A0A2U1LIM9	Q8FEI7	28.900	605	704	599	1.358E-60	228
A0A2U1LIM9	Q1R7T4	28.900	605	704	599	1.358E-60	228
A0A2U1LIM9	A7ZQK7	28.900	605	704	599	1.828E-60	227
A0A2U1LIM9	Q3YY94	28.900	605	704	599	1.828E-60	227
A0A2U1LIM9	B1IU77	28.900	605	704	599	1.828E-60	227
A0A2U1LIM9	Q8X7U1	28.700	605	704	599	2.460E-60	227
A0A2U1LIM9	A8ANX1	29.000	605	704	601	2.460E-60	227
A0A2U1LIM9	A8A3P5	28.700	605	704	599	3.309E-60	226
A0A2U1LIM9	P38038	28.700	605	704	599	3.309E-60	226
A0A2U1LIM9	Q31XM4	28.900	605	704	599	4.453E-60	226
A0A2U1LIM9	A9MF16	28.600	609	704	599	1.084E-59	225
A0A2U1LIM9	Q27571	29.300	657	704	1349	1.084E-59	225
A0A2U1LIM9	Q32CG3	28.500	605	704	599	1.458E-59	224
A0A2U1LIM9	B1B557	29.000	655	704	1097	4.772E-59	223
A0A2U1LIM9	A4WDW1	28.500	605	704	601	8.629E-59	222
A0A2U1LIM9	A9LZ73	31.000	605	704	604	8.629E-59	222
A0A2U1LIM9	P38039	29.200	606	704	599	2.097E-58	221
A0A2U1LIM9	A9N2E6	28.800	605	704	599	2.820E-58	220
A0A2U1LIM9	Q8Z458	28.800	610	704	599	3.791E-58	220
A0A2U1LIM9	Q9JUD8	30.900	605	704	604	9.206E-58	219
A0A2U1LIM9	Q57KH7	28.500	605	704	599	1.663E-57	218
A0A2U1LIM9	A1KU06	30.600	605	704	604	5.421E-57	216
A0A2U1LIM9	O61309	27.100	706	704	1153	5.421E-57	216
A0A2U1LIM9	Q9JS45	30.600	605	704	604	9.785E-57	216
A0A2U1LIM9	P57503	27.200	617	704	601	2.508E-55	211
A0A2U1LIM9	Q94IN5	28.800	605	704	1803	6.379E-54	207
A0A2U1LIM9	Q9Y8G7	27.700	561	704	1066	1.251E-51	200
A0A2U1LIM9	Q968X7	24.800	648	704	1934	8.312E-44	175
A0A2U1LIM9	P39692	28.300	384	704	1035	4.584E-40	164
A0A2U1LIM9	Q9HGE0	26.400	626	704	1115	6.000E-39	160
A0A2U1LIM9	Q09878	29.900	351	704	1006	5.162E-34	144
A0A2U1LIM9	Q9NV66	39.500	169	704	732	2.891E-20	100
A0A2U1LIM9	Q08C92	35.300	232	704	730	3.819E-20	99
A0A2U1LIM9	Q5REF9	39.500	169	704	732	3.819E-20	99
A0A2U1LIM9	Q92091	28.500	272	704	470	4.669E-19	96
A0A2U1LIM9	Q8BJM7	37.700	169	704	721	1.875E-18	94
A0A2U1LIM9	Q2KHP8	35.400	169	704	735	1.732E-17	91
A0A2U1LIM9	P10933	32.500	201	704	360	3.675E-16	86
A0A2U1LIM9	P41346	33.000	201	704	363	6.404E-16	85
A0A2U1LIM9	O04977	29.900	223	704	362	4.469E-15	83
A0A2U1LIM9	P41343	31.100	201	704	365	4.469E-15	83
A0A2U1LIM9	Q9FKW6	30.600	201	704	360	7.785E-15	82
A0A2U1LIM9	Q6ZFJ3	30.600	201	704	366	3.117E-14	80
A0A2U1LIM9	A2WZT1	30.600	201	704	366	4.113E-14	79
A0A2U1LIM9	Q55318	29.100	201	704	413	5.428E-14	79
A0A2U1LIM9	O23877	29.200	220	704	378	7.163E-14	79
A0A2U1LIM9	O04397	34.600	151	704	375	1.247E-13	78
A0A2U1LIM9	P53991	30.500	204	704	354	1.646E-13	78
A0A2U1LIM9	Q9S9P8	30.200	220	704	382	1.646E-13	78
A0A2U1LIM9	Q8W493	30.600	201	704	369	2.172E-13	77
A0A2U1LIM9	P58558	29.300	197	704	440	2.866E-13	77
A0A2U1LIM9	Q9M0V6	29.600	220	704	378	4.990E-13	76
A0A2U1LIM9	A2Y8E0	29.600	201	704	362	6.585E-13	76
A0A2U1LIM9	Q93RE3	29.000	203	704	386	6.585E-13	76
A0A2U1LIM9	Q44549	28.800	197	704	440	6.585E-13	76
A0A2U1LIM9	P21890	28.800	197	704	440	6.585E-13	76
A0A2U1LIM9	P41344	29.600	201	704	362	1.146E-12	75
A0A2U1LIM9	Q41014	29.500	220	704	377	1.146E-12	75
A0A2U1LIM9	P41345	29.000	220	704	378	1.513E-12	74
A0A2U1LIM9	Q6NUM6	35.600	157	704	668	2.633E-12	74
A0A2U1LIM9	Q00598	28.100	171	704	363	4.584E-12	73
A0A2U1LIM9	P31973	28.700	203	704	402	7.979E-12	72
A0A2U1LIM9	P00454	30.700	161	704	294	2.925E-10	67
A0A2U1LIM9	P47169	29.100	152	704	1442	8.114E-09	62
A0A2U1LIM9	Q92037	31.500	111	704	164	8.198E-06	52
A0A2U1LIM9	Q8H8N3	30.500	145	704	653	2.264E-04	48
A0A2U1LIM9	C6KT68	25.300	207	704	371	6.843E-04	46
P0DUN0	Q2HZ28	75.300	122	106	138	6.804E-62	207
P0DUN0	P81479	73.600	121	106	122	4.143E-60	202
P0DUN0	P81480	72.200	122	106	122	2.761E-59	199
P0DUN0	P20476	72.800	121	106	138	5.195E-59	199
P0DUN0	Q6H3D0	72.800	121	106	138	5.195E-59	199
P0DUN0	P20249	72.200	122	106	122	7.126E-59	198
P0DUN0	O42192	71.400	122	106	122	3.462E-58	196
P0DUN0	G3DT18	69.000	122	106	138	7.468E-56	190
P0DUN0	Q2YHJ5	64.200	122	106	122	3.033E-53	182
P0DUN0	Q92147	64.000	121	106	138	1.474E-52	180
P0DUN0	P81478	61.100	122	106	122	2.773E-52	179
P0DUN0	C9DPL5	66.600	122	106	122	9.822E-52	178
P0DUN0	Q7ZTA7	63.400	122	106	138	1.347E-51	177
P0DUN0	P84651	64.800	121	106	122	1.232E-50	175
P0DUN0	A8E2V8	62.900	123	106	139	1.232E-50	175
P0DUN0	P70088	62.400	121	106	138	2.319E-50	174
P0DUN0	Q6H3C8	62.400	121	106	138	2.319E-50	174
P0DUN0	P00625	64.200	122	106	139	4.365E-50	173
P0DUN0	P00623	61.900	122	106	138	8.215E-50	172
P0DUN0	Q7LZQ4	65.300	124	106	124	2.121E-49	171
P0DUN0	O42191	65.300	124	106	124	5.477E-49	170
P0DUN0	P14418	64.500	124	106	124	5.477E-49	170
P0DUN0	P86456	62.400	121	106	121	7.513E-49	169
P0DUN0	P00624	60.300	122	106	138	1.031E-48	169
P0DUN0	Q8AXY1	62.600	122	106	138	1.940E-48	168
P0DUN0	Q7ZTA8	62.600	122	106	138	1.940E-48	168
P0DUN0	Q7ZTA6	62.600	122	106	138	2.661E-48	168
P0DUN0	Q7SID6	60.600	123	106	123	5.009E-48	167
P0DUN0	C0HKC4	61.400	123	106	123	1.775E-47	166
P0DUN0	P51972	61.400	123	106	123	1.775E-47	166
P0DUN0	Q9PVF0	61.400	123	106	126	1.775E-47	166
P0DUN0	C0HKC3	61.400	123	106	139	1.775E-47	166
P0DUN0	Q9PVF1	60.600	123	106	126	3.340E-47	165
P0DUN0	Q9PVE9	60.600	123	106	139	3.340E-47	165
P0DUN0	Q800C3	57.900	122	106	138	6.286E-47	164
P0DUN0	P86389	59.300	124	106	124	8.624E-47	164
P0DUN0	Q6H3C9	61.400	122	106	138	8.624E-47	164
P0DUN0	P82896	58.700	122	106	122	1.183E-46	163
P0DUN0	Q6H3C6	60.600	122	106	122	4.192E-46	162
P0DUN0	Q8QG87	60.300	122	106	138	4.192E-46	162
P0DUN0	Q800C2	56.300	122	106	138	1.485E-45	160
P0DUN0	Q800C1	57.100	122	106	138	2.795E-45	159
P0DUN0	P81243	59.300	124	106	124	7.218E-45	158
P0DUN0	Q2YHJ6	56.300	122	106	138	9.903E-45	158
P0DUN0	Q800C4	57.100	122	106	138	1.359E-44	157
P0DUN0	Q6H3C7	59.500	122	106	139	1.359E-44	157
P0DUN0	Q9PVF2	59.500	122	106	139	1.359E-44	157
P0DUN0	P0DJP4	55.500	122	106	122	4.813E-44	156
P0DUN0	O42190	60.600	124	106	124	6.604E-44	155
P0DUN0	Q2YHJ3	55.500	122	106	138	9.060E-44	155
P0DUN0	Q91506	56.600	122	106	122	1.705E-43	154
P0DUN0	Q2PG83	57.100	121	106	138	3.210E-43	153
P0DUN0	D0UGJ0	59.500	123	106	139	4.404E-43	153
P0DUN0	O42189	59.800	124	106	124	6.043E-43	153
P0DUN0	P06859	57.100	121	106	138	1.137E-42	152
P0DUN0	C0HJC1	53.100	122	106	122	2.688E-41	148
P0DUN0	Q910A0	52.800	121	106	138	2.252E-39	142
P0DUN0	P04417	52.800	121	106	122	5.323E-38	138
P0DUN0	A8CG87	51.500	122	106	138	5.323E-38	138
P0DUN0	A8CG78	51.500	122	106	138	5.323E-38	138
P0DUN0	C3W4R6	52.300	122	106	138	7.304E-38	138
P0DUN0	Q910A1	52.000	121	106	138	4.873E-37	136
P0DUN0	P34180	50.700	121	106	137	9.173E-37	135
P0DUN0	B6CQR5	51.500	122	106	138	9.173E-37	135
P0DUN0	A8CG90	52.900	115	106	137	1.259E-36	134
P0DUN0	Q9YGJ7	51.200	121	106	137	1.259E-36	134
P0DUN0	O42187	50.000	122	106	138	1.259E-36	134
P0DUN0	Q02517	48.800	121	106	138	6.121E-36	132
P0DUN0	B5U6Z2	51.200	121	106	138	6.121E-36	132
P0DUN0	P0CAR9	48.800	121	106	137	8.398E-36	132
P0DUN0	Q98996	51.200	121	106	138	8.398E-36	132
P0DUN0	Q6EER3	48.400	122	106	138	1.581E-35	131
P0DUN0	Q90Y77	48.800	121	106	138	2.169E-35	131
P0DUN0	Q9PWR6	51.200	121	106	138	2.169E-35	131
P0DUN0	P31854	49.200	122	106	138	1.055E-34	129
P0DUN0	Q6EER4	50.000	122	106	138	1.055E-34	129
P0DUN0	F8QN51	49.200	121	106	137	1.448E-34	128
P0DUN0	P45881	48.400	122	106	138	1.448E-34	128
P0DUN0	P81458	50.400	115	106	121	5.131E-34	127
P0DUN0	P86974	48.400	122	106	122	5.131E-34	127
P0DUN0	P59171	46.000	122	106	138	5.131E-34	127
P0DUN0	Q90ZZ9	47.600	122	106	138	5.131E-34	127
P0DUN0	P59170	47.200	123	106	139	5.131E-34	127
P0DUN0	P24027	49.200	122	106	138	7.040E-34	126
P0DUN0	P00621	49.100	119	106	119	2.496E-33	125
P0DUN0	P14420	49.200	122	106	122	3.424E-33	124
P0DUN0	P0CAS5	48.800	121	106	122	3.424E-33	124
P0DUN0	Q8JFG0	49.200	122	106	138	3.424E-33	124
P0DUN0	Q1RP78	49.200	122	106	138	3.424E-33	124
P0DUN0	Q10755	50.000	122	106	122	6.447E-33	124
P0DUN0	Q02471	48.400	122	106	138	8.846E-33	123
P0DUN0	Q1RP79	48.400	122	106	138	1.214E-32	123
P0DUN0	P24293	47.600	121	106	121	1.665E-32	123
P0DUN0	P14421	46.800	122	106	122	1.665E-32	123
P0DUN0	A8CG86	47.600	122	106	138	1.665E-32	123
P0DUN0	Q6EER5	46.800	122	106	122	2.285E-32	122
P0DUN0	Q6EER6	46.800	122	106	122	2.285E-32	122
P0DUN0	Q71QE8	46.800	122	106	138	2.285E-32	122
P0DUN0	P59265	48.000	121	106	122	3.136E-32	122
P0DUN0	P86805	49.100	119	106	122	3.136E-32	122
P0DUN0	Q9I968	47.600	122	106	138	3.136E-32	122
P0DUN0	P84397	55.000	91	106	107	4.303E-32	121
P0DUN0	Q7T2R1	46.800	122	106	138	5.904E-32	121
P0DUN0	P0CG56	48.000	121	106	122	8.101E-32	121
P0DUN0	Q90W39	45.200	122	106	138	8.101E-32	121
P0DUN0	Q805A2	46.000	122	106	138	1.112E-31	120
P0DUN0	P59264	47.200	121	106	122	1.525E-31	120
P0DUN0	F8QN54	46.000	122	106	138	1.525E-31	120
P0DUN0	P00622	45.200	121	106	121	2.093E-31	119
P0DUN0	P24294	45.100	120	106	121	2.872E-31	119
P0DUN0	P14424	45.200	122	106	138	2.872E-31	119
P0DUN0	P21789	45.900	120	106	120	3.940E-31	119
P0DUN0	P0CAS7	48.700	114	106	121	3.940E-31	119
P0DUN0	P86806	49.100	119	106	122	3.940E-31	119
P0DUN0	Q7T3S7	45.200	120	106	136	5.407E-31	118
P0DUN0	P0CAS6	46.800	122	106	122	7.419E-31	118
P0DUN0	P0DKR3	46.000	122	106	122	1.397E-30	117
P0DUN0	P11407	46.000	122	106	138	1.397E-30	117
P0DUN0	P86169	45.600	121	106	122	4.952E-30	115
P0DUN0	P62022	45.600	121	106	138	4.952E-30	115
P0DUN0	P62023	45.600	121	106	138	4.952E-30	115
P0DUN0	P00626	45.200	122	106	138	4.952E-30	115
P0DUN0	C0HJL8	45.200	122	106	122	6.795E-30	115
P0DUN0	P0DKR5	46.800	122	106	122	9.324E-30	115
P0DUN0	Q2YHJ2	45.200	122	106	138	9.324E-30	115
P0DUN0	Q1ZY03	44.800	121	106	138	9.324E-30	115
P0DUN0	Q6H3C5	45.200	122	106	122	1.756E-29	114
P0DUN0	A8E2V9	51.800	101	106	136	2.409E-29	113
P0DUN0	Q2YHJ7	45.200	122	106	138	2.409E-29	113
P0DUN0	Q6EER2	45.200	122	106	138	2.409E-29	113
P0DUN0	P00620	51.800	105	106	118	4.536E-29	113
P0DUN0	P0CAS3	44.400	122	106	122	4.536E-29	113
P0DUN0	P59071	45.900	111	106	121	3.028E-28	110
P0DUN0	C0HK16	45.900	111	106	121	3.028E-28	110
P0DUN0	A8CG84	45.900	111	106	137	3.028E-28	110
P0DUN0	P86368	45.900	111	106	121	7.823E-28	109
P0DUN0	P0CAS2	44.000	121	106	122	7.823E-28	109
P0DUN0	A8CG82	42.800	122	106	138	2.774E-27	108
P0DUN0	P0CAS4	43.600	122	106	122	3.806E-27	107
P0DUN0	P84674	45.000	111	106	121	5.223E-27	107
P0DUN0	P14555	37.500	124	106	144	1.696E-25	102
P0DUN0	P0CAS0	43.200	120	106	136	3.194E-25	102
P0DUN0	P14423	38.700	125	106	146	6.015E-25	101
P0DUN0	P58464	41.200	120	106	120	2.133E-24	99
P0DUN0	P0C943	40.400	115	106	122	5.510E-24	98
P0DUN0	P0C942	40.400	115	106	122	5.510E-24	98
P0DUN0	C7G1G6	44.100	98	106	138	2.681E-23	96
P0DUN0	P31482	37.900	125	106	146	2.681E-23	96
P0DUN0	Q2PG81	45.300	107	106	137	5.048E-23	95
P0DUN0	P0DJJ9	44.100	98	106	138	5.048E-23	95
P0DUN0	P0DJJ8	44.100	98	106	138	5.048E-23	95
P0DUN0	Q9QUL3	37.000	123	106	142	9.506E-23	94
P0DUN0	P47711	40.100	112	106	145	2.456E-22	93
P0DUN0	Q56JZ2	38.300	112	106	144	3.088E-21	90
P0DUN0	P48076	35.300	127	106	150	7.980E-21	89
P0DUN0	Q9PUH0	40.100	110	106	146	1.503E-20	88
P0DUN0	P39878	35.800	117	106	150	2.829E-20	87
P0DUN0	Q9PUH1	39.300	115	106	146	1.003E-19	86
P0DUN0	Q9PUG9	41.800	108	106	144	1.377E-19	85
P0DUN0	P08872	38.500	107	106	144	3.557E-19	84
P0DUN0	P23026	37.900	114	106	145	3.557E-19	84
P0DUN0	Q9PUH2	38.400	115	106	146	6.697E-19	83
P0DUN0	B3EWP6	67.300	52	106	60	9.190E-19	83
P0DUN0	P00600	36.300	108	106	119	9.190E-19	83
P0DUN0	P00608	39.300	115	106	119	9.190E-19	83
P0DUN0	Q3C2C1	38.500	127	106	158	2.374E-18	82
P0DUN0	Q9I900	37.300	115	106	146	3.258E-18	81
P0DUN0	P97391	36.500	104	106	137	4.471E-18	81
P0DUN0	Q9QZT3	36.600	103	106	151	4.471E-18	81
P0DUN0	Q9PUH6	38.700	114	106	145	6.134E-18	81
P0DUN0	P0C933	72.900	48	106	49	8.418E-18	80
P0DUN0	Q9PUH4	36.700	115	106	146	8.418E-18	80
P0DUN0	Q7T2Q4	39.200	101	106	147	8.418E-18	80
P0DUN0	Q45Z25	34.100	121	106	151	1.155E-17	80
P0DUN0	P20257	37.000	114	106	118	1.585E-17	79
P0DUN0	Q6YIJ3	41.100	90	106	137	1.585E-17	79
P0DUN0	Q8UUH8	35.700	118	106	145	1.585E-17	79
P0DUN0	Q6YNQ0	41.100	90	106	137	2.175E-17	79
P0DUN0	Q92086	35.600	115	106	146	2.175E-17	79
P0DUN0	P00619	41.100	90	106	147	2.175E-17	79
P0DUN0	P04057	37.000	114	106	118	2.984E-17	79
P0DUN0	Q45Z26	34.700	116	106	151	2.984E-17	79
P0DUN0	P00599	34.800	107	106	118	4.095E-17	78
P0DUN0	Q9PUH3	36.700	115	106	146	4.095E-17	78
P0DUN0	Q92085	33.900	115	106	146	4.095E-17	78
P0DUN0	Q7T2Q5	34.900	120	106	147	4.095E-17	78
P0DUN0	P17934	36.900	111	106	147	4.095E-17	78
P0DUN0	C0HKB8	38.800	106	106	117	5.619E-17	78
P0DUN0	Q8AY48	41.100	90	106	137	5.619E-17	78
P0DUN0	Q9PUH9	37.100	111	106	147	5.619E-17	78
P0DUN0	F8J2D0	37.500	110	106	146	7.709E-17	78
P0DUN0	Q7T1R0	40.300	104	106	146	7.709E-17	78
P0DUN0	Q9PUI0	36.200	111	106	147	7.709E-17	78
P0DUN0	Q75S51	41.100	90	106	147	7.709E-17	78
P0DUN0	P00601	37.000	100	106	119	1.058E-16	77
P0DUN0	P0DJ62	64.100	53	106	60	1.452E-16	77
P0DUN0	P07037	35.700	109	106	119	1.452E-16	77
P0DUN0	Q9PU97	40.000	90	106	137	1.452E-16	77
P0DUN0	Q7T1R1	39.400	104	106	146	1.452E-16	77
P0DUN0	Q9QXX3	35.700	103	106	151	1.452E-16	77
P0DUN0	P00605	38.300	99	106	118	1.992E-16	76
P0DUN0	P00604	38.300	99	106	118	1.992E-16	76
P0DUN0	P00613	38.500	107	106	118	1.992E-16	76
P0DUN0	A4FS04	35.700	109	106	119	1.992E-16	76
P0DUN0	P19000	39.400	107	106	145	1.992E-16	76
P0DUN0	F8J2D2	37.500	110	106	146	1.992E-16	76
P0DUN0	Q8UW08	43.100	86	106	146	1.992E-16	76
P0DUN0	P00596	38.000	100	106	146	1.992E-16	76
P0DUN0	Q8UUH7	37.200	108	106	154	1.992E-16	76
P0DUN0	P00612	38.500	107	106	118	2.733E-16	76
P0DUN0	P51433	34.600	104	106	137	2.733E-16	76
P0DUN0	Q8UUI4	39.400	107	106	145	2.733E-16	76
P0DUN0	Q8QFW3	41.100	85	106	147	2.733E-16	76
P0DUN0	P00617	40.000	90	106	147	2.733E-16	76
P0DUN0	Q8UUI0	37.900	106	106	155	2.733E-16	76
P0DUN0	P00610	38.800	98	106	119	3.750E-16	76
P0DUN0	Q90251	36.000	111	106	137	3.750E-16	76
P0DUN0	Q8UUI3	39.400	107	106	145	3.750E-16	76
P0DUN0	Q91133	37.000	100	106	146	3.750E-16	76
P0DUN0	P00598	37.000	100	106	146	3.750E-16	76
P0DUN0	Q8QFW4	40.000	90	106	147	3.750E-16	76
P0DUN0	P25498	35.700	109	106	119	5.145E-16	75
P0DUN0	P39877	33.600	104	106	138	5.145E-16	75
P0DUN0	Q9DF33	40.600	91	106	146	5.145E-16	75
P0DUN0	Q9PUH8	36.400	116	106	147	5.145E-16	75
P0DUN0	P00602	37.300	99	106	118	7.060E-16	75
P0DUN0	Q9I845	38.500	107	106	145	7.060E-16	75
P0DUN0	Q9I843	38.500	107	106	145	7.060E-16	75
P0DUN0	Q8UW30	38.800	98	106	146	7.060E-16	75
P0DUN0	Q8UUH9	37.900	114	106	155	7.060E-16	75
P0DUN0	P10116	36.600	107	106	118	9.686E-16	74
P0DUN0	P60043	36.600	112	106	126	9.686E-16	74
P0DUN0	Q9PTA6	36.000	111	106	138	9.686E-16	74
P0DUN0	Q9I844	37.600	107	106	145	9.686E-16	74
P0DUN0	Q9I847	37.600	107	106	145	9.686E-16	74
P0DUN0	Q9I842	38.500	107	106	145	9.686E-16	74
P0DUN0	Q45Z28	33.800	116	106	151	9.686E-16	74
P0DUN0	Q4VRI5	38.200	100	106	154	9.686E-16	74
P0DUN0	P00603	37.300	99	106	118	1.329E-15	74
P0DUN0	C0HKB9	41.100	88	106	119	1.329E-15	74
P0DUN0	Q6SLM1	37.000	108	106	137	1.329E-15	74
P0DUN0	F5CPF1	37.100	113	106	142	1.329E-15	74
P0DUN0	Q9PUH5	37.000	114	106	145	1.329E-15	74
P0DUN0	Q9I837	37.600	107	106	145	1.329E-15	74
P0DUN0	P60045	38.000	100	106	126	1.824E-15	74
P0DUN0	P00606	37.300	99	106	145	1.824E-15	74
P0DUN0	Q8AXW7	35.600	101	106	146	1.824E-15	74
P0DUN0	Q45Z29	33.300	121	106	151	1.824E-15	74
P0DUN0	Q45Z30	33.300	121	106	151	1.824E-15	74
P0DUN0	P20251	35.300	114	106	118	2.502E-15	73
P0DUN0	P00595	33.300	111	106	119	2.502E-15	73
P0DUN0	Q9PSN5	33.300	121	106	125	2.502E-15	73
P0DUN0	Q6T179	33.900	115	106	126	2.502E-15	73
P0DUN0	Q9WVF6	31.600	111	106	144	2.502E-15	73
P0DUN0	Q45Z27	33.800	116	106	151	2.502E-15	73
P0DUN0	O15496	33.000	103	106	165	2.502E-15	73
P0DUN0	P14556	37.300	99	106	118	3.433E-15	73
P0DUN0	P00614	34.800	110	106	119	3.433E-15	73
P0DUN0	Q6SLM0	36.100	108	106	137	3.433E-15	73
P0DUN0	Q9PUH7	37.100	113	106	144	4.710E-15	72
P0DUN0	P20250	34.400	114	106	117	8.868E-15	72
P0DUN0	Q9DF52	34.200	108	106	145	8.868E-15	72
P0DUN0	Q9UNK4	34.300	99	106	145	8.868E-15	72
P0DUN0	P20253	37.900	108	106	118	1.217E-14	71
P0DUN0	Q9PUI1	35.000	114	106	145	1.217E-14	71
P0DUN0	P60044	35.100	107	106	126	1.669E-14	71
P0DUN0	P59359	35.000	114	106	145	1.669E-14	71
P0DUN0	P08873	33.900	107	106	145	1.669E-14	71
P0DUN0	P0DM51	58.000	50	106	50	2.290E-14	70
P0DUN0	F5CPF0	34.600	113	106	140	2.290E-14	70
P0DUN0	P0C551	36.100	108	106	142	2.290E-14	70
P0DUN0	P00611	36.600	107	106	145	2.290E-14	70
P0DUN0	P20146	33.300	109	106	145	2.290E-14	70
P0DUN0	Q9W7J3	36.700	106	106	154	2.290E-14	70
P0DUN0	Q9PTA5	36.100	105	106	137	3.142E-14	70
P0DUN0	Q8JFG2	35.000	117	106	152	3.142E-14	70
P0DUN0	Q45Z42	38.300	110	106	146	4.311E-14	70
P0DUN0	Q9W7J4	37.200	100	106	154	4.311E-14	70
P0DUN0	P20259	35.300	99	106	117	5.915E-14	69
P0DUN0	Q9PTA1	37.700	90	106	138	8.115E-14	69
P0DUN0	Q6SLM2	42.500	80	106	137	1.113E-13	68
P0DUN0	Q8UW31	34.100	117	106	152	1.113E-13	68
P0DUN0	P20252	35.300	114	106	118	2.096E-13	68
P0DUN0	P81236	40.000	100	106	119	2.096E-13	68
P0DUN0	C1IC45	39.000	82	106	137	2.875E-13	67
P0DUN0	P04056	39.200	97	106	118	3.945E-13	67
P0DUN0	P20255	39.200	97	106	118	3.945E-13	67
P0DUN0	Q9PUG7	34.100	117	106	152	3.945E-13	67
P0DUN0	Q9BZM2	32.200	116	106	168	3.945E-13	67
P0DUN0	P81237	39.700	78	106	118	5.412E-13	66
P0DUN0	P20256	38.200	97	106	118	5.412E-13	66
P0DUN0	C1IC46	39.000	82	106	137	7.424E-13	66
P0DUN0	Q45Z47	38.400	89	106	146	7.424E-13	66
P0DUN0	P80966	37.200	94	106	151	7.424E-13	66
P0DUN0	C0HJU3	62.500	48	106	48	1.019E-12	66
P0DUN0	D2X8K2	38.200	92	106	119	1.277E-11	63
P0DUN0	C0HK05	54.300	46	106	47	4.522E-11	61
P0DUN0	Q9PRG0	33.000	112	106	145	6.203E-11	61
P0DUN0	Q8AY47	71.800	32	106	139	1.601E-10	59
P0DUN0	P59067	45.700	59	106	62	2.195E-10	59
C0HLB8	P07037	93.100	29	32	119	5.011E-17	74
C0HLB8	Q92085	89.600	29	32	146	6.385E-16	70
C0HLB8	P00600	86.200	29	32	119	3.135E-15	68
C0HLB8	P00601	86.200	29	32	119	3.135E-15	68
C0HLB8	Q92086	86.200	29	32	146	1.120E-14	67
C0HLB8	Q9I900	86.200	29	32	146	1.120E-14	67
C0HLB8	P00596	86.200	29	32	146	1.120E-14	67
C0HLB8	P00605	85.700	28	32	118	1.539E-14	66
C0HLB8	P00599	82.700	29	32	118	1.539E-14	66
C0HLB8	P00604	85.700	28	32	118	1.539E-14	66
C0HLB8	P00595	85.700	28	32	119	1.539E-14	66
C0HLB8	P14556	82.100	28	32	118	2.117E-14	66
C0HLB8	C1IC46	88.400	26	32	137	4.001E-14	65
C0HLB8	C1IC45	88.400	26	32	137	4.001E-14	65
C0HLB8	A4FS04	85.700	28	32	119	5.502E-14	65
C0HLB8	Q6T179	85.700	28	32	126	5.502E-14	65
C0HLB8	P60044	85.700	28	32	126	5.502E-14	65
C0HLB8	Q91133	85.700	28	32	146	5.502E-14	65
C0HLB8	P00598	85.700	28	32	146	5.502E-14	65
C0HLB8	P59068	78.100	32	32	57	7.565E-14	64
C0HLB8	P20253	78.100	32	32	118	7.565E-14	64
C0HLB8	P60043	82.100	28	32	126	7.565E-14	64
C0HLB8	P00603	82.100	28	32	118	1.967E-13	63
C0HLB8	P00602	82.100	28	32	118	1.967E-13	63
C0HLB8	P00614	75.000	32	32	119	1.967E-13	63
C0HLB8	Q9PUG9	75.000	32	32	144	2.705E-13	63
C0HLB8	Q9PUH6	75.000	32	32	145	2.705E-13	63
C0HLB8	Q9PUH3	75.000	32	32	146	2.705E-13	63
C0HLB8	Q9PUH2	75.000	32	32	146	2.705E-13	63
C0HLB8	Q9PUH1	75.000	32	32	146	2.705E-13	63
C0HLB8	Q9PUH0	75.000	32	32	146	2.705E-13	63
C0HLB8	Q9PUH4	75.000	32	32	146	2.705E-13	63
C0HLB8	P00608	75.000	32	32	119	3.719E-13	63
C0HLB8	Q45Z26	75.000	32	32	151	3.719E-13	63
C0HLB8	Q45Z25	75.000	32	32	151	3.719E-13	63
C0HLB8	Q7T2Q4	75.000	32	32	147	5.114E-13	62
C0HLB8	Q9I842	75.000	32	32	145	7.033E-13	62
C0HLB8	Q9I837	75.000	32	32	145	7.033E-13	62
C0HLB8	Q9DF33	84.600	26	32	146	7.033E-13	62
C0HLB8	Q9I845	75.000	32	32	145	9.672E-13	61
C0HLB8	P00611	75.000	32	32	145	9.672E-13	61
C0HLB8	Q9I844	75.000	32	32	145	9.672E-13	61
C0HLB8	Q9I847	75.000	32	32	145	9.672E-13	61
C0HLB8	Q9I843	75.000	32	32	145	9.672E-13	61
C0HLB8	F8J2D2	71.800	32	32	146	9.672E-13	61
C0HLB8	F8J2D0	71.800	32	32	146	9.672E-13	61
C0HLB8	P20258	68.700	32	32	117	1.829E-12	61
C0HLB8	P81167	76.600	30	32	118	1.829E-12	61
C0HLB8	P04057	71.800	32	32	118	1.829E-12	61
C0HLB8	P81166	76.600	30	32	118	1.829E-12	61
C0HLB8	P20257	71.800	32	32	118	1.829E-12	61
C0HLB8	P08872	71.800	32	32	144	1.829E-12	61
C0HLB8	Q8UUI4	71.800	32	32	145	1.829E-12	61
C0HLB8	P19000	71.800	32	32	145	1.829E-12	61
C0HLB8	Q8UUI3	68.700	32	32	145	2.516E-12	60
C0HLB8	P20250	71.800	32	32	117	3.461E-12	60
C0HLB8	P20251	71.800	32	32	118	3.461E-12	60
C0HLB8	P00612	75.000	32	32	118	3.461E-12	60
C0HLB8	P00613	75.000	32	32	118	3.461E-12	60
C0HLB8	P60045	82.100	28	32	126	3.461E-12	60
C0HLB8	P59070	71.800	32	32	48	4.760E-12	59
C0HLB8	P59067	71.800	32	32	62	4.760E-12	59
C0HLB8	P81237	68.700	32	32	118	4.760E-12	59
C0HLB8	P81236	68.700	32	32	119	4.760E-12	59
C0HLB8	Q8QFW3	78.500	28	32	147	4.760E-12	59
C0HLB8	Q7T2Q5	71.800	32	32	147	4.760E-12	59
C0HLB8	P20255	71.800	32	32	118	6.547E-12	59
C0HLB8	Q9PUH9	75.000	32	32	147	6.547E-12	59
C0HLB8	Q9W7J3	75.000	32	32	154	6.547E-12	59
C0HLB8	P00609	71.800	32	32	119	9.005E-12	59
C0HLB8	P04056	71.800	32	32	118	1.239E-11	58
C0HLB8	P20256	71.800	32	32	118	1.239E-11	58
C0HLB8	P20252	71.800	32	32	118	1.239E-11	58
C0HLB8	P00610	75.000	32	32	119	1.239E-11	58
C0HLB8	Q6SLM1	78.500	28	32	137	1.239E-11	58
C0HLB8	Q9PTA6	75.000	28	32	138	1.239E-11	58
C0HLB8	P23026	65.600	32	32	145	1.239E-11	58
C0HLB8	Q8UW30	75.000	32	32	146	1.239E-11	58
C0HLB8	Q9W7J4	68.700	32	32	154	1.239E-11	58
C0HLB8	P25498	78.500	28	32	119	1.704E-11	58
C0HLB8	Q9PUH7	71.800	32	32	144	1.704E-11	58
C0HLB8	Q9PUH5	71.800	32	32	145	1.704E-11	58
C0HLB8	P59069	87.500	24	32	46	3.224E-11	57
C0HLB8	Q9PSN5	71.800	32	32	125	3.224E-11	57
C0HLB8	P20146	68.700	32	32	145	3.224E-11	57
C0HLB8	Q8UUI2	68.700	32	32	145	3.224E-11	57
C0HLB8	Q8UUH8	68.700	32	32	145	3.224E-11	57
C0HLB8	Q45Z42	71.800	32	32	146	3.224E-11	57
C0HLB8	Q8AXW7	78.500	28	32	146	3.224E-11	57
C0HLB8	Q9PUI0	71.800	32	32	147	3.224E-11	57
C0HLB8	Q45Z27	71.800	32	32	151	3.224E-11	57
C0HLB8	Q45Z29	71.800	32	32	151	3.224E-11	57
C0HLB8	Q45Z28	71.800	32	32	151	3.224E-11	57
C0HLB8	Q45Z30	71.800	32	32	151	3.224E-11	57
C0HLB8	Q8UUI0	68.700	32	32	155	3.224E-11	57
C0HLB8	P10116	65.600	32	32	118	8.393E-11	56
C0HLB8	Q90251	71.400	28	32	137	8.393E-11	56
C0HLB8	Q8UW08	71.800	32	32	146	8.393E-11	56
C0HLB8	P17934	71.400	28	32	147	8.393E-11	56
C0HLB8	P80966	80.700	26	32	151	8.393E-11	56
C0HLB8	Q8UUH9	68.700	32	32	155	8.393E-11	56
C0HLB8	C0HKB8	91.300	23	32	117	1.155E-10	55
C0HLB8	Q6SLM2	70.000	30	32	137	1.155E-10	55
C0HLB8	Q9PTA5	71.400	28	32	137	1.155E-10	55
C0HLB8	P08873	91.300	23	32	145	1.155E-10	55
C0HLB8	Q9DF52	75.000	28	32	145	1.155E-10	55
C0HLB8	P00606	75.000	28	32	145	1.589E-10	55
C0HLB8	Q7T1R0	75.000	28	32	146	1.589E-10	55
C0HLB8	Q7T1R1	71.400	28	32	146	2.186E-10	55
C0HLB8	Q8UUH7	65.600	32	32	154	2.186E-10	55
C0HLB8	Q9PUI1	68.700	32	32	145	3.007E-10	54
C0HLB8	Q9PRG0	68.700	32	32	145	3.007E-10	54
C0HLB8	P59359	68.700	32	32	145	3.007E-10	54
C0HLB8	P00594	70.000	30	32	132	4.138E-10	54
C0HLB8	F5CPF1	86.900	23	32	142	4.138E-10	54
C0HLB8	P20259	75.000	28	32	117	5.694E-10	53
C0HLB8	Q9PU97	67.800	28	32	137	5.694E-10	53
C0HLB8	Q8AY48	67.800	28	32	137	5.694E-10	53
C0HLB8	Q6YIJ3	67.800	28	32	137	5.694E-10	53
C0HLB8	Q6SLM0	71.400	28	32	137	5.694E-10	53
C0HLB8	P00617	67.800	28	32	147	5.694E-10	53
C0HLB8	Q75S51	67.800	28	32	147	5.694E-10	53
C0HLB8	Q8UW31	86.900	23	32	152	5.694E-10	53
C0HLB8	Q8JFG2	86.900	23	32	152	7.835E-10	53
C0HLB8	P04416	86.900	23	32	124	1.078E-09	53
C0HLB8	F5CPF0	86.900	23	32	140	1.078E-09	53
C0HLB8	P00592	86.900	23	32	146	1.078E-09	53
C0HLB8	P14411	73.000	26	32	135	1.484E-09	52
C0HLB8	Q8AY47	64.200	28	32	139	1.484E-09	52
C0HLB8	P06596	82.600	23	32	146	1.484E-09	52
C0HLB8	Q8QFW4	64.200	28	32	147	1.484E-09	52
C0HLB8	C0HKB9	82.600	23	32	119	2.042E-09	52
C0HLB8	P00627	67.800	28	32	135	2.042E-09	52
C0HLB8	Q7M334	86.900	23	32	144	2.042E-09	52
C0HLB8	Q9PUH8	65.600	32	32	147	2.042E-09	52
C0HLB8	Q9PUG8	82.600	23	32	152	2.042E-09	52
C0HLB8	P84736	82.600	23	32	50	2.810E-09	51
C0HLB8	P14419	82.600	23	32	123	2.810E-09	51
C0HLB8	P00593	82.600	23	32	145	2.810E-09	51
C0HLB8	Q4VRI5	78.200	23	32	154	3.867E-09	51
C0HLB8	Q45Z47	78.200	23	32	146	5.322E-09	51
C0HLB8	Q9PUG7	82.600	23	32	152	5.322E-09	51
C0HLB8	P43434	67.800	28	32	146	7.325E-09	50
C0HLB8	P04055	78.200	23	32	146	7.325E-09	50
C0HLB8	P04054	78.200	23	32	148	7.325E-09	50
C0HLB8	Q6YNQ0	60.700	28	32	137	1.008E-08	50
C0HLB8	Q9PTA1	66.600	27	32	138	1.008E-08	50
C0HLB8	P00619	60.700	28	32	147	1.008E-08	50
C0HLB8	P21789	73.900	23	32	120	1.388E-08	49
C0HLB8	P00628	64.200	28	32	135	1.910E-08	49
C0HLB8	P00629	64.200	28	32	135	1.910E-08	49
C0HLB8	P0C551	78.200	23	32	142	1.910E-08	49
C0HLB8	Q90WA7	64.200	28	32	145	1.910E-08	49
C0HLB8	Q75S48	78.200	23	32	152	1.910E-08	49
C0HLB8	P14420	64.000	25	32	122	2.630E-08	49
C0HLB8	Q10755	64.000	25	32	122	2.630E-08	49
C0HLB8	Q8JFG0	64.000	25	32	138	2.630E-08	49
C0HLB8	Q1RP78	64.000	25	32	138	2.630E-08	49
C0HLB8	Q02471	64.000	25	32	138	2.630E-08	49
C0HLB8	Q1RP79	64.000	25	32	138	2.630E-08	49
C0HLB8	Q9Z0Y2	73.900	23	32	146	6.861E-08	48
C0HLB8	A6MEY4	69.500	23	32	145	9.446E-08	47
C0HLB8	P24293	65.200	23	32	121	1.791E-07	46
C0HLB8	P81478	65.300	26	32	122	1.791E-07	46
C0HLB8	Q9DF56	73.900	23	32	152	2.466E-07	46
C0HLB8	P31854	60.000	25	32	138	3.395E-07	46
C0HLB8	P84674	65.200	23	32	121	4.676E-07	45
C0HLB8	P59071	65.200	23	32	121	4.676E-07	45
C0HLB8	P00622	65.200	23	32	121	4.676E-07	45
C0HLB8	C0HK16	65.200	23	32	121	4.676E-07	45
C0HLB8	P81458	65.200	23	32	121	4.676E-07	45
C0HLB8	P20249	60.000	25	32	122	4.676E-07	45
C0HLB8	A8CG84	65.200	23	32	137	4.676E-07	45
C0HLB8	Q9YGJ7	65.200	23	32	137	4.676E-07	45
C0HLB8	Q2HZ28	60.000	25	32	138	4.676E-07	45
C0HLB8	D0UGJ0	60.000	25	32	139	4.676E-07	45
C0HLB8	O42192	60.000	25	32	122	6.439E-07	45
C0HLB8	Q6EER4	58.300	24	32	138	6.439E-07	45
C0HLB8	D2X8K2	58.000	31	32	119	8.868E-07	44
C0HLB8	P84651	60.000	25	32	122	8.868E-07	44
C0HLB8	A8CG82	65.200	23	32	138	8.868E-07	44
C0HLB8	Q2YHJ5	61.500	26	32	122	1.221E-06	44
C0HLB8	Q91506	65.200	23	32	122	1.221E-06	44
C0HLB8	Q2PG83	65.200	23	32	138	1.221E-06	44
C0HLB8	Q92147	61.500	26	32	138	1.221E-06	44
C0HLB8	P70088	61.500	26	32	138	1.221E-06	44
C0HLB8	Q6H3C8	61.500	26	32	138	1.221E-06	44
C0HLB8	P00625	61.500	26	32	139	1.221E-06	44
C0HLB8	Q802I1	80.900	21	32	142	1.221E-06	44
C0HLB8	P81479	56.000	25	32	122	1.682E-06	44
C0HLB8	P81480	56.000	25	32	122	1.682E-06	44
C0HLB8	P20476	56.000	25	32	138	1.682E-06	44
C0HLB8	Q6H3D0	56.000	25	32	138	1.682E-06	44
C0HLB8	Q6H3C5	60.800	23	32	122	2.317E-06	43
C0HLB8	P0DJP4	65.200	23	32	122	2.317E-06	43
C0HLB8	O42191	60.800	23	32	124	2.317E-06	43
C0HLB8	P14418	60.800	23	32	124	2.317E-06	43
C0HLB8	Q7LZQ4	60.800	23	32	124	2.317E-06	43
C0HLB8	P34180	60.800	23	32	137	2.317E-06	43
C0HLB8	A8CG90	60.800	23	32	137	2.317E-06	43
C0HLB8	Q2YHJ3	65.200	23	32	138	2.317E-06	43
C0HLB8	Q910A0	60.800	23	32	138	2.317E-06	43
C0HLB8	Q2YHJ6	65.200	23	32	138	2.317E-06	43
C0HLB8	P00620	70.000	20	32	118	3.192E-06	43
C0HLB8	P86368	60.800	23	32	121	3.192E-06	43
C0HLB8	P0CAS3	65.200	23	32	122	3.192E-06	43
C0HLB8	P86974	58.300	24	32	122	3.192E-06	43
C0HLB8	C0HJL8	65.200	23	32	122	3.192E-06	43
C0HLB8	P0CG56	65.200	23	32	122	3.192E-06	43
C0HLB8	P45881	58.300	24	32	138	3.192E-06	43
C0HLB8	Q90W39	60.800	23	32	138	3.192E-06	43
C0HLB8	P14424	65.200	23	32	138	3.192E-06	43
C0HLB8	F8QN54	65.200	23	32	138	3.192E-06	43
C0HLB8	P11407	65.200	23	32	138	3.192E-06	43
C0HLB8	A8CG86	65.200	23	32	138	3.192E-06	43
C0HLB8	P24027	65.200	23	32	138	3.192E-06	43
C0HLB8	Q7T2R1	65.200	23	32	138	3.192E-06	43
C0HLB8	P00626	65.200	23	32	138	3.192E-06	43
C0HLB8	Q3C2C1	65.200	23	32	158	3.192E-06	43
C0HLB8	C0HK05	65.200	23	32	47	4.397E-06	42
C0HLB8	P0CAS2	65.200	23	32	122	4.397E-06	42
C0HLB8	P0CAS4	65.200	23	32	122	4.397E-06	42
C0HLB8	P86169	65.200	23	32	122	4.397E-06	42
C0HLB8	C0HKC4	64.000	25	32	123	4.397E-06	42
C0HLB8	P51972	64.000	25	32	123	4.397E-06	42
C0HLB8	Q7T3S7	60.800	23	32	136	4.397E-06	42
C0HLB8	Q6EER2	65.200	23	32	138	4.397E-06	42
C0HLB8	P59171	60.800	23	32	138	4.397E-06	42
C0HLB8	P62022	65.200	23	32	138	4.397E-06	42
C0HLB8	G3DT18	60.800	23	32	138	4.397E-06	42
C0HLB8	Q6EER3	60.800	23	32	138	4.397E-06	42
C0HLB8	P62023	65.200	23	32	138	4.397E-06	42
C0HLB8	A8E2V8	64.000	25	32	139	4.397E-06	42
C0HLB8	C0HKC3	64.000	25	32	139	4.397E-06	42
C0HLB8	Q9QUL3	69.500	23	32	142	4.397E-06	42
C0HLB8	P48076	65.200	23	32	150	4.397E-06	42
C0HLB8	P24645	80.000	20	32	38	6.058E-06	42
C0HLB8	P24644	80.000	20	32	38	6.058E-06	42
C0HLB8	P0DM51	58.300	24	32	50	6.058E-06	42
C0HLB8	Q6H3C6	60.800	23	32	122	6.058E-06	42
C0HLB8	Q6EER5	60.800	23	32	122	6.058E-06	42
C0HLB8	Q6EER6	60.800	23	32	122	6.058E-06	42
C0HLB8	Q7SID6	64.000	25	32	123	6.058E-06	42
C0HLB8	Q9PVF0	61.500	26	32	126	6.058E-06	42
C0HLB8	Q9PVF1	61.500	26	32	126	6.058E-06	42
C0HLB8	F8QN51	60.800	23	32	137	6.058E-06	42
C0HLB8	Q2YHJ2	60.800	23	32	138	6.058E-06	42
C0HLB8	Q71QE8	60.800	23	32	138	6.058E-06	42
C0HLB8	Q805A2	60.800	23	32	138	6.058E-06	42
C0HLB8	Q2YHJ7	60.800	23	32	138	6.058E-06	42
C0HLB8	Q6H3C9	60.800	23	32	138	6.058E-06	42
C0HLB8	P00623	64.000	25	32	138	6.058E-06	42
C0HLB8	P00624	64.000	25	32	138	6.058E-06	42
C0HLB8	Q800C3	64.000	25	32	138	6.058E-06	42
C0HLB8	Q800C4	64.000	25	32	138	6.058E-06	42
C0HLB8	Q800C2	64.000	25	32	138	6.058E-06	42
C0HLB8	Q910A1	70.000	20	32	138	6.058E-06	42
C0HLB8	Q800C1	64.000	25	32	138	6.058E-06	42
C0HLB8	Q9PVE9	61.500	26	32	139	6.058E-06	42
C0HLB8	P39878	65.200	23	32	150	6.058E-06	42
C0HLB8	P0DJ62	60.800	23	32	60	8.346E-06	42
C0HLB8	C9DPL5	60.800	23	32	122	8.346E-06	42
C0HLB8	P82896	60.800	23	32	122	8.346E-06	42
C0HLB8	Q8AXY1	60.800	23	32	138	8.346E-06	42
C0HLB8	Q7ZTA8	60.800	23	32	138	8.346E-06	42
C0HLB8	P06859	60.800	23	32	138	8.346E-06	42
C0HLB8	Q90ZZ9	60.800	23	32	138	8.346E-06	42
C0HLB8	P59170	60.800	23	32	139	8.346E-06	42
C0HLB8	C1JAR9	56.000	25	32	147	8.346E-06	42
C0HLB8	Q9BZM2	65.200	23	32	168	8.346E-06	42
C0HLB8	P24294	60.800	23	32	121	1.150E-05	41
C0HLB8	P0DKR5	58.300	24	32	122	1.150E-05	41
C0HLB8	C0HJC1	65.200	23	32	122	1.150E-05	41
C0HLB8	P86389	60.800	23	32	124	1.150E-05	41
C0HLB8	O42189	65.200	23	32	124	1.150E-05	41
C0HLB8	O42190	65.200	23	32	124	1.150E-05	41
C0HLB8	Q7ZTA6	60.800	23	32	138	1.150E-05	41
C0HLB8	A8CG87	60.800	23	32	138	1.150E-05	41
C0HLB8	A8CG78	60.800	23	32	138	1.150E-05	41
C0HLB8	Q6H3C7	60.800	23	32	139	1.150E-05	41
C0HLB8	Q9PVF2	60.800	23	32	139	1.150E-05	41
C0HLB8	P0C933	58.300	24	32	49	1.584E-05	41
C0HLB8	P59265	65.200	23	32	122	1.584E-05	41
C0HLB8	P04417	65.200	23	32	122	1.584E-05	41
C0HLB8	P59264	65.200	23	32	122	1.584E-05	41
C0HLB8	P0DKR3	60.800	23	32	122	1.584E-05	41
C0HLB8	Q02517	65.200	23	32	138	1.584E-05	41
C0HLB8	Q90Y77	65.200	23	32	138	1.584E-05	41
C0HLB8	B6CQR5	70.000	20	32	138	1.584E-05	41
C0HLB8	C3W4R6	70.000	20	32	138	1.584E-05	41
C0HLB8	O42187	65.200	23	32	138	1.584E-05	41
C0HLB8	P47711	60.800	23	32	145	1.584E-05	41
C0HLB8	P00621	70.000	20	32	119	2.183E-05	40
C0HLB8	P14421	65.200	23	32	122	2.183E-05	40
C0HLB8	P31482	60.800	23	32	146	2.183E-05	40
C0HLB8	A7LCJ2	53.500	28	32	155	2.183E-05	40
C0HLB8	P0CAR9	56.500	23	32	137	3.009E-05	40
C0HLB8	Q9PWR6	60.800	23	32	138	3.009E-05	40
C0HLB8	Q98996	60.800	23	32	138	3.009E-05	40
C0HLB8	B5U6Z2	60.800	23	32	138	3.009E-05	40
P0DSI2	Q68KK0	35.800	310	379	346	5.708E-55	201
P0DSI2	Q9U6W0	36.000	248	379	301	1.596E-44	170
P0DSI2	Q6Q249	35.600	248	379	316	5.449E-44	168
P0DSI2	P49369	36.400	249	379	336	1.007E-43	168
P0DSI2	Q6Q252	32.400	299	379	337	1.368E-43	167
P0DSI2	Q6Q251	35.200	248	379	316	2.527E-43	166
P0DSI2	A2VBC4	36.100	251	379	322	2.527E-43	166
P0DSI2	P0CH87	35.100	260	379	301	3.989E-42	163
P0DSI2	Q06478	34.000	260	379	317	1.812E-39	155
P0DSI2	P0DMB4	33.500	267	379	334	1.132E-38	153
P0DSI2	P0DMB5	33.200	267	379	334	1.535E-38	152
P0DSI2	P0CH86	30.300	298	379	298	1.916E-34	140
P0DSI2	Q9Y5X9	33.400	214	379	500	2.817E-19	94
P0DSI2	Q9WVG5	33.300	214	379	500	2.910E-18	91
P0DSI2	Q6P8U6	27.200	260	379	465	5.212E-18	90
P0DSI2	Q8VBX1	32.800	214	379	493	5.212E-18	90
P0DSI2	Q64425	26.600	275	379	457	7.125E-17	86
P0DSI2	P16233	26.700	263	379	465	7.125E-17	86
P0DSI2	P81139	29.700	213	379	434	1.272E-16	85
P0DSI2	P00591	28.600	230	379	450	1.272E-16	85
P0DSI2	A5PK46	26.700	269	379	469	4.050E-16	84
P0DSI2	J3RZ81	28.600	267	379	497	9.641E-16	83
P0DSI2	P50903	26.500	248	379	465	1.287E-15	82
P0DSI2	O46559	35.400	159	379	499	1.287E-15	82
P0DSI2	O88354	25.800	263	379	465	1.718E-15	82
P0DSI2	P27657	27.700	224	379	465	4.081E-15	81
P0DSI2	P17892	26.600	260	379	482	4.081E-15	81
P0DSI2	Q02157	26.700	244	379	465	1.291E-14	79
P0DSI2	P54318	25.900	279	379	468	1.722E-14	79
P0DSI2	P07867	32.900	162	379	494	2.295E-14	78
P0DSI2	P54317	26.400	228	379	469	4.078E-14	78
P0DSI2	Q3SZ79	34.100	159	379	500	5.435E-14	77
P0DSI2	P11151	27.400	208	379	478	9.649E-14	76
P0DSI2	Q29524	27.400	208	379	478	9.649E-14	76
P0DSI2	P11150	34.100	159	379	499	1.712E-13	76
P0DSI2	P11153	26.500	208	379	465	2.281E-13	75
P0DSI2	P06858	26.500	208	379	475	4.044E-13	74
P0DSI2	O46647	26.500	208	379	475	4.044E-13	74
P0DSI2	P49060	26.500	208	379	475	4.044E-13	74
P0DSI2	P49923	26.100	208	379	478	4.044E-13	74
P0DSI2	P11602	27.800	226	379	490	4.044E-13	74
P0DSI2	P29183	26.000	260	379	461	9.541E-13	73
P0DSI2	P55031	27.100	181	379	478	1.270E-12	73
P0DSI2	Q17RR3	29.700	200	379	467	2.747E-09	62
F6Q1T7	Q29043	83.300	360	360	365	4.110E-210	649
F6Q1T7	P19526	78.200	359	360	365	1.784E-195	607
F6Q1T7	Q9TUD4	78.300	360	360	366	1.181E-194	604
F6Q1T7	Q866E4	78.000	360	360	366	1.071E-193	602
F6Q1T7	Q9TUD6	77.700	360	360	366	1.071E-193	602
F6Q1T7	Q866E1	78.000	360	360	366	2.010E-193	601
F6Q1T7	Q866C9	77.500	360	360	366	2.497E-192	598
F6Q1T7	Q866E8	77.700	360	360	366	3.422E-192	597
F6Q1T7	Q866C7	77.500	360	360	366	4.689E-192	597
F6Q1T7	Q866E7	77.500	360	360	366	4.251E-191	594
F6Q1T7	Q866E6	77.200	360	360	366	1.498E-190	593
F6Q1T7	Q866F1	76.600	360	360	366	3.854E-190	591
F6Q1T7	Q866F0	76.600	360	360	366	5.281E-190	591
F6Q1T7	Q866D9	76.600	359	360	365	1.231E-188	587
F6Q1T7	Q866D2	76.600	359	360	365	5.947E-188	585
F6Q1T7	Q866D6	75.800	359	360	365	1.387E-186	581
F6Q1T7	Q10979	75.000	360	360	373	2.656E-183	572
F6Q1T7	O09160	74.800	361	360	376	8.483E-182	567
F6Q1T7	Q28113	69.800	289	360	344	1.994E-139	445
F6Q1T7	O77485	70.800	285	360	343	5.122E-139	444
F6Q1T7	Q10982	69.500	286	360	340	9.608E-139	443
F6Q1T7	O77486	70.500	285	360	343	2.468E-138	442
F6Q1T7	Q9TTC7	70.800	285	360	343	2.468E-138	442
F6Q1T7	O77487	70.500	285	360	343	6.340E-138	441
F6Q1T7	Q10981	70.500	285	360	343	1.629E-137	439
F6Q1T7	Q9JL27	67.500	299	360	347	2.016E-136	436
F6Q1T7	Q10984	64.800	309	360	354	1.202E-134	431
F6Q1T7	Q10983	68.300	278	360	354	8.856E-132	423
F6Q1T7	P97353	61.500	294	360	368	1.239E-122	396
A0A5Q0QU70	P0DL13	32.400	334	358	346	3.486E-45	171
A0A5Q0QU70	A8NU13	30.500	344	358	345	1.212E-42	164
A0A5Q0QU70	Q6WP50	28.700	271	358	399	1.435E-30	128
A0A5Q0QU70	D2B747	28.500	309	358	330	5.406E-29	123
A0A5Q0QU70	S0DX56	31.600	273	358	357	4.467E-28	120
A0A5Q0QU70	C7PLV2	29.600	255	358	321	6.038E-28	120
A0A5Q0QU70	A7NH01	27.200	301	358	326	6.038E-28	120
A0A5Q0QU70	B2J4A4	24.000	322	358	323	6.709E-27	117
A0A5Q0QU70	B5H7H3	27.200	326	358	372	6.709E-27	117
A0A5Q0QU70	A9FZ87	27.100	316	358	329	1.653E-26	115
A0A5Q0QU70	A0A1L7U8F2	27.200	345	358	401	1.493E-20	97
A0A5Q0QU70	A0A1L7VZE7	26.900	345	358	401	3.622E-20	96
A0A5Q0QU70	B5GS26	25.300	305	358	327	1.665E-18	91
A0A5Q0QU70	D9XD61	26.700	267	358	343	2.995E-18	90
A0A5Q0QU70	Q82RR7	24.700	253	358	335	4.409E-15	80
A0A5Q0QU70	E3VWJ0	25.900	314	358	337	2.507E-14	78
A0A5Q0QU70	Q82IY4	25.000	314	358	336	3.348E-14	78
A0A5Q0QU70	Q55012	25.000	314	358	337	4.482E-12	71
A0A5Q0QU70	B5HDJ6	23.000	306	358	365	5.972E-12	70
A0A5Q0QU70	Q9K499	22.700	339	358	361	2.502E-11	68
A0A5Q0QU70	A3KI17	24.400	224	358	440	2.056E-05	49
A0A5Q0QU70	A4FG19	22.800	170	358	354	8.404E-05	48
A0A5P8DI15	O04408	57.500	711	711	801	1.806E-273	852
A0A5P8DI15	Q38802	53.400	710	711	802	5.657E-257	804
A0A5P8DI15	E2IHE0	54.300	711	711	808	1.168E-251	788
A0A5P8DI15	G3CCC0	48.100	710	711	802	5.579E-219	694
A0A5P8DI15	Q6Z5I0	47.300	703	711	800	1.773E-203	649
A0A5P8DI15	Q5MQ85	47.300	703	711	800	8.480E-203	647
A0A5P8DI15	Q6E7D7	46.200	710	711	767	1.348E-195	626
A0A5P8DI15	Q0JF02	46.100	710	711	767	1.203E-194	623
A0A5P8DI15	J9R388	49.300	620	711	740	1.831E-184	593
A0A5P8DI15	J9QS23	44.500	729	711	739	3.421E-184	593
A0A5P8DI15	H8ZM73	48.100	493	711	867	3.810E-156	511
A0A5P8DI15	H8ZM70	43.400	568	711	844	5.553E-154	505
A0A5P8DI15	Q38710	43.400	568	711	868	5.553E-154	505
A0A5P8DI15	M4HXU6	43.100	568	711	857	3.595E-153	502
A0A5P8DI15	Q675L4	42.600	568	711	859	8.081E-152	498
A0A5P8DI15	Q675L5	42.600	566	711	867	8.081E-152	498
A0A5P8DI15	H8ZM71	42.500	568	711	852	3.830E-151	496
A0A5P8DI15	Q50EK2	42.800	568	711	850	5.229E-151	496
A0A5P8DI15	M4HYC6	42.600	568	711	850	9.742E-151	495
A0A5P8DI15	M4HYP3	45.300	491	711	876	1.401E-143	474
A0A5P8DI15	M4HY08	40.100	568	711	868	7.385E-139	460
A0A5P8DI15	M4HYC8	39.900	568	711	868	3.488E-138	458
A0A5P8DI15	G1DGI7	43.200	496	711	750	1.446E-136	454
A0A5P8DI15	O81086	42.400	498	711	817	5.240E-127	426
A0A5P8DI15	G9MAN7	41.100	533	711	867	2.232E-123	415
A0A5P8DI15	Q93YA3	36.700	579	711	862	1.083E-120	407
A0A5P8DI15	Q41594	36.200	579	711	862	4.418E-119	402
A0A5P8DI15	Q9FT37	36.700	575	711	862	1.520E-118	401
A0A5P8DI15	Q4QSN4	37.500	581	711	815	1.147E-116	395
A0A5P8DI15	G3CCC1	30.400	570	711	792	2.224E-78	282
A0A5P8DI15	Q39548	31.200	493	711	789	2.317E-75	273
A0A5P8DI15	Q9SAK2	30.900	493	711	785	2.369E-72	263
A0A5P8DI15	Q2QQJ5	30.300	510	711	815	4.323E-72	263
A0A5P8DI15	Q66QH3	28.600	566	711	840	1.065E-71	261
A0A5P8DI15	Q0JEZ8	28.400	574	711	842	1.065E-71	261
A0A5P8DI15	Q0JA82	29.300	560	711	756	1.592E-70	258
A0A5P8DI15	C1K5M3	31.200	566	711	778	1.592E-70	258
A0A5P8DI15	B8XA41	31.200	566	711	777	1.756E-69	255
A0A5P8DI15	Q0E088	27.900	560	711	829	2.607E-68	251
A0A5P8DI15	Q00G37	27.700	560	711	830	2.607E-68	251
A0A5P8DI15	Q6Z5J6	30.700	493	711	821	5.200E-67	247
A0A5P8DI15	A4KAG7	30.700	493	711	821	1.275E-66	246
A0A5P8DI15	A4KAG8	31.100	499	711	821	1.124E-64	240
A0A5P8DI15	Q96376	27.900	582	711	870	1.088E-56	216
A0A5P8DI15	Q6BDZ9	28.700	493	711	822	4.750E-56	214
A0A5P8DI15	Q1AHB2	28.400	493	711	816	3.050E-53	205
A0A5P8DI15	O64404	33.800	369	711	581	5.481E-53	204
A0A5P8DI15	Q84KL6	32.300	349	711	629	1.769E-52	203
A0A5P8DI15	Q9M7C9	34.000	348	711	637	7.639E-52	201
A0A5P8DI15	O24475	33.000	349	711	628	1.023E-51	200
A0A5P8DI15	O64405	33.200	359	711	593	2.540E-50	196
A0A5P8DI15	Q6XDB5	32.300	349	711	627	3.400E-50	196
A0A5P8DI15	O24474	31.200	351	711	627	4.551E-50	195
A0A5P8DI15	Q9M7D1	31.200	351	711	630	4.551E-50	195
A0A5P8DI15	Q93YV0	27.100	577	711	877	1.091E-49	194
A0A5P8DI15	Q84KL3	38.100	262	711	628	1.119E-48	191
A0A5P8DI15	Q84KL4	31.200	348	711	627	3.576E-48	189
A0A5P8DI15	F1CKJ1	32.600	354	711	627	8.545E-48	188
A0A5P8DI15	Q9M7D0	30.800	349	711	630	2.726E-47	186
A0A5P8DI15	F1CKI9	30.000	372	711	627	4.933E-46	183
A0A5P8DI15	Q675L0	31.000	349	711	578	8.796E-46	182
A0A5P8DI15	F1CKI8	30.200	372	711	627	1.568E-45	181
A0A5P8DI15	Q84SM8	29.800	351	711	627	2.794E-45	180
A0A5P8DI15	Q84KL5	35.200	263	711	574	1.185E-43	175
A0A5P8DI15	F1CKI6	29.200	389	711	627	2.083E-41	168
A0A5P8DI15	Q948Z0	29.800	342	711	618	2.056E-40	165
A0A5P8DI15	Q6PWU2	29.700	346	711	590	1.140E-31	137
A0A5P8DI15	Q8GUE4	28.700	336	711	603	1.510E-31	136
A0A5P8DI15	Q93X23	29.900	343	711	597	2.651E-31	136
A0A5P8DI15	B2KSJ5	30.900	271	711	571	3.512E-31	135
A0A5P8DI15	Q84LF1	25.300	434	711	548	6.162E-31	134
A0A5P8DI15	Q6EJ97	30.100	346	711	608	6.162E-31	134
A0A5P8DI15	B5A434	30.300	339	711	576	1.432E-30	133
A0A5P8DI15	O50406	30.200	314	711	501	1.896E-30	133
A0A5P8DI15	P59287	31.200	270	711	601	5.832E-30	131
A0A5P8DI15	J7LH11	27.000	370	711	546	1.022E-29	130
A0A5P8DI15	Q84LF0	29.000	274	711	548	1.792E-29	130
A0A5P8DI15	Q672F7	29.000	349	711	595	1.792E-29	130
A0A5P8DI15	Q84LF2	28.000	274	711	548	9.642E-29	127
A0A5P8DI15	O81192	31.200	267	711	598	1.276E-28	127
A0A5P8DI15	Q84LG0	28.700	274	711	548	1.689E-28	126
A0A5P8DI15	Q5SBP3	28.200	355	711	574	1.689E-28	126
A0A5P8DI15	B3TPQ7	28.100	371	711	592	1.689E-28	126
A0A5P8DI15	Q39760	31.600	276	711	554	2.235E-28	126
A0A5P8DI15	G5CV45	28.000	274	711	548	2.958E-28	126
A0A5P8DI15	O49853	31.600	276	711	554	3.914E-28	125
A0A5P8DI15	Q39761	31.600	276	711	554	9.068E-28	124
A0A5P8DI15	A0A1C9J6A7	26.700	344	711	607	9.068E-28	124
A0A5P8DI15	Q8L5K3	26.500	343	711	606	1.200E-27	124
A0A5P8DI15	P93665	31.500	271	711	554	1.587E-27	123
A0A5P8DI15	Q9ZUH4	26.800	339	711	591	1.587E-27	123
A0A5P8DI15	Q6USK1	27.200	367	711	567	3.675E-27	122
A0A5P8DI15	E3W203	30.400	264	711	569	3.675E-27	122
A0A5P8DI15	Q8H2B4	32.200	264	711	606	4.862E-27	122
A0A5P8DI15	Q6Q3H2	30.100	284	711	556	6.431E-27	121
A0A5P8DI15	E3W204	30.000	264	711	569	8.507E-27	121
A0A5P8DI15	Q6Q3H3	31.300	252	711	557	1.125E-26	121
A0A5P8DI15	O81193	31.500	271	711	590	1.488E-26	120
A0A5P8DI15	Q9AR86	27.800	344	711	595	1.488E-26	120
A0A5P8DI15	G1JUH1	26.000	346	711	607	1.488E-26	120
A0A5P8DI15	Q39978	27.200	274	711	555	2.603E-26	119
A0A5P8DI15	E3W202	30.000	264	711	569	3.443E-26	119
A0A5P8DI15	P0CV95	27.900	360	711	578	4.553E-26	119
A0A5P8DI15	Q84ZW8	25.700	345	711	590	6.021E-26	118
A0A5P8DI15	Q43714	29.100	301	711	555	7.962E-26	118
A0A5P8DI15	B9S9Z3	28.800	274	711	558	7.962E-26	118
A0A5P8DI15	O65323	26.900	274	711	559	7.962E-26	118
A0A5P8DI15	E2E2P0	27.500	343	711	594	7.962E-26	118
A0A5P8DI15	Q7XAS7	27.200	344	711	595	7.962E-26	118
A0A5P8DI15	J9RLZ7	30.700	277	711	563	1.053E-25	117
A0A5P8DI15	Q50L36	27.500	344	711	595	1.841E-25	117
A0A5P8DI15	P0DI76	26.100	339	711	600	1.841E-25	117
A0A5P8DI15	I6RE61	26.700	359	711	596	2.434E-25	116
A0A5P8DI15	Q9AR04	28.000	270	711	546	3.218E-25	116
A0A5P8DI15	Q9LLR9	24.500	398	711	547	3.218E-25	116
A0A5P8DI15	Q2XSC5	27.300	349	711	564	4.255E-25	115
A0A5P8DI15	B6SCF4	27.000	319	711	613	4.255E-25	115
A0A5P8DI15	Q5SBP0	24.700	365	711	601	5.625E-25	115
A0A5P8DI15	Q9XJ32	27.200	274	711	556	7.437E-25	115
A0A5P8DI15	B6SCF6	30.200	266	711	563	7.437E-25	115
A0A5P8DI15	O81191	27.000	459	711	591	7.437E-25	115
A0A5P8DI15	B2DBF0	28.600	325	711	1004	7.437E-25	115
A0A5P8DI15	G5CV46	26.100	274	711	555	1.300E-24	114
A0A5P8DI15	A7IZZ2	26.900	339	711	615	1.300E-24	114
A0A5P8DI15	Q94G53	26.700	357	711	582	2.271E-24	113
A0A5P8DI15	O23945	28.800	252	711	556	3.002E-24	113
A0A5P8DI15	B6SCF5	30.100	257	711	563	3.002E-24	113
A0A5P8DI15	A4FVP2	25.900	341	711	565	3.002E-24	113
A0A5P8DI15	P0CV96	27.900	360	711	580	3.002E-24	113
A0A5P8DI15	Q9SPN1	27.800	349	711	583	3.002E-24	113
A0A5P8DI15	Q9FQ27	28.500	276	711	544	3.968E-24	112
A0A5P8DI15	B1B1U3	28.800	309	711	548	3.968E-24	112
A0A5P8DI15	Q96WT2	27.900	324	711	944	5.245E-24	112
A0A5P8DI15	Q2XSC4	24.600	467	711	538	9.162E-24	111
A0A5P8DI15	O64961	27.500	276	711	548	9.162E-24	111
A0A5P8DI15	B2DBF1	27.300	370	711	983	9.162E-24	111
A0A5P8DI15	Q49SP5	24.700	413	711	554	1.211E-23	111
A0A5P8DI15	Q94JS8	27.300	279	711	560	1.211E-23	111
A0A5P8DI15	J7LP58	27.900	279	711	564	1.211E-23	111
A0A5P8DI15	Q9LRZ6	25.800	403	711	598	1.600E-23	110
A0A5P8DI15	I6RAQ6	28.600	261	711	547	2.115E-23	110
A0A5P8DI15	Q8L5K4	29.700	256	711	600	2.115E-23	110
A0A5P8DI15	Q2XSC6	32.400	254	711	602	2.115E-23	110
A0A5P8DI15	Q49SP3	31.000	257	711	552	2.795E-23	109
A0A5P8DI15	E2E2N7	28.600	275	711	555	4.881E-23	109
A0A5P8DI15	K4L9M2	29.600	249	711	561	6.450E-23	108
A0A5P8DI15	I6R4V5	29.300	265	711	546	1.488E-22	107
A0A5P8DI15	Q0VHD6	27.900	285	711	550	1.966E-22	107
A0A5P8DI15	K4LMW2	28.500	262	711	561	1.966E-22	107
A0A5P8DI15	Q9FXY7	26.000	277	711	577	2.598E-22	106
A0A5P8DI15	P0CJ43	26.300	339	711	589	2.598E-22	106
A0A5P8DI15	B1B1U4	28.400	262	711	554	3.433E-22	106
A0A5P8DI15	Q9SPN0	24.000	484	711	567	5.992E-22	105
A0A5P8DI15	Q49SP7	30.100	254	711	545	1.046E-21	104
A0A5P8DI15	Q84ND0	27.600	342	711	581	1.046E-21	104
A0A5P8DI15	Q84NC9	27.600	342	711	584	1.046E-21	104
A0A5P8DI15	Q49SP4	27.500	275	711	545	1.825E-21	104
A0A5P8DI15	Q84NC8	27.300	342	711	579	2.411E-21	103
A0A5P8DI15	Q5SBP1	27.600	263	711	599	5.557E-21	102
A0A5P8DI15	I6QPS5	28.600	257	711	549	7.341E-21	102
A0A5P8DI15	Q5SBP2	27.600	263	711	598	1.692E-20	100
A0A5P8DI15	D0VMR6	27.500	257	711	547	3.897E-20	99
A0A5P8DI15	D0VMR7	27.900	257	711	547	5.147E-20	99
A0A5P8DI15	D0VMR8	27.500	257	711	547	6.798E-20	98
A0A5P8DI15	Q5SBP6	26.600	273	711	546	8.977E-20	98
A0A5P8DI15	J7LMP2	26.300	275	711	565	8.977E-20	98
A0A5P8DI15	A7IZZ1	26.500	326	711	622	2.730E-19	96
A0A5P8DI15	Q84LB2	27.500	268	711	576	1.096E-18	94
A0A5P8DI15	Q1EG72	25.900	285	711	548	1.447E-18	94
A0A5P8DI15	Q5SBP5	28.600	249	711	540	2.523E-18	93
A0A5P8DI15	S0EA85	27.300	324	711	952	3.331E-18	93
A0A5P8DI15	O48935	26.100	263	711	550	5.807E-18	92
A0A5P8DI15	Q5W283	25.200	264	711	551	7.666E-18	92
A0A5P8DI15	C5YHI2	29.100	216	711	545	1.764E-17	91
A0A5P8DI15	Q49SP6	26.600	279	711	554	1.764E-17	91
A0A5P8DI15	O13284	26.900	333	711	946	1.764E-17	91
A0A5P8DI15	Q5GJ60	26.100	314	711	548	4.058E-17	89
A0A5P8DI15	D2YZP9	27.000	267	711	550	7.072E-17	89
A0A5P8DI15	C7E5W0	26.400	256	711	533	2.147E-16	87
A0A5P8DI15	Q6JD73	25.000	271	711	554	2.834E-16	87
A0A5P8DI15	Q4U3F7	27.700	268	711	559	3.741E-16	86
A0A5P8DI15	C7E5V9	26.400	256	711	533	8.602E-16	85
A0A5P8DI15	Q4U3F6	27.000	268	711	555	8.602E-16	85
A0A5P8DI15	C7E5V7	26.000	256	711	534	1.135E-15	85
A0A5P8DI15	Q6JD70	25.500	271	711	554	1.498E-15	84
A0A5P8DI15	Q2NM15	25.600	256	711	533	1.978E-15	84
A0A5P8DI15	Q8LSC3	23.500	438	711	583	2.610E-15	83
A0A5P8DI15	Q8LSC2	27.000	268	711	558	3.445E-15	83
A0A5P8DI15	C7E5V8	25.600	256	711	533	7.918E-15	82
A0A5P8DI15	B0FGA9	25.500	268	711	559	3.169E-14	80
A0A5P8DI15	I6QSN0	23.900	268	711	563	2.912E-13	77
A0A5P8DI15	Q29VN2	26.800	272	711	581	2.675E-12	74
A0A5P8DI15	Q6ZH94	26.800	240	711	595	2.675E-12	74
A0A5P8DI15	Q39980	26.000	118	711	350	9.086E-07	55
A0A5P8DI15	Q9AJE4	22.000	383	711	499	2.511E-05	51
A0A3G1DJF0	Q9FG13	39.600	99	320	329	1.765E-11	68
A0A3G1DJF0	R4X247	33.800	124	320	374	5.643E-09	61
A0A3G1DJF0	R4X244	33.800	124	320	374	5.643E-09	61
A0A3G1DJF0	R4X4V6	33.800	124	320	374	5.643E-09	61
A0A3G1DJF0	R4X5P0	33.800	124	320	374	5.643E-09	61
A0A3G1DJF0	Q9SX25	29.600	124	320	336	1.334E-08	59
A0A3G1DJF0	Q9LFR7	31.900	118	320	344	5.580E-08	57
A0A3G1DJF0	Q9SMM9	25.600	145	320	329	7.426E-08	57
A0A3G1DJF0	Q9LMA7	27.600	158	320	318	1.315E-07	56
A0A3G1DJF0	I4DST9	30.100	124	320	382	1.749E-07	56
A0A3G1DJF0	I4DST8	30.100	124	320	385	1.749E-07	56
A0A3G1DJF0	Q9LVB8	32.100	108	320	327	9.674E-07	53
A0A3G1DJF0	A0A0H5BMX5	27.200	130	320	440	1.249E-05	50
A0A3G1DJF0	P9WK86	32.300	104	320	319	6.841E-05	48
A0A3G1DJF0	P9WK87	32.300	104	320	319	6.841E-05	48
A0A3G1DJF0	P24484	28.500	109	320	433	6.573E-04	44
A0A2K9RFY0	Q39548	53.300	761	789	789	4.065E-262	823
A0A2K9RFY0	Q9SAK2	54.100	771	789	785	1.029E-258	813
A0A2K9RFY0	Q0JA82	49.900	744	789	756	2.765E-230	730
A0A2K9RFY0	Q00G37	43.800	750	789	830	2.214E-198	638
A0A2K9RFY0	Q0E088	43.800	750	789	829	1.441E-197	635
A0A2K9RFY0	Q66QH3	42.800	789	789	840	1.281E-196	632
A0A2K9RFY0	Q0JEZ8	42.600	789	789	842	2.391E-196	632
A0A2K9RFY0	Q2QQJ5	42.200	742	789	815	3.992E-182	590
A0A2K9RFY0	Q6Z5J6	41.100	749	789	821	3.536E-181	587
A0A2K9RFY0	A4KAG7	40.800	749	789	821	3.132E-180	585
A0A2K9RFY0	A4KAG8	42.100	747	789	821	3.132E-180	585
A0A2K9RFY0	Q6BDZ9	41.700	760	789	822	6.678E-176	572
A0A2K9RFY0	G3CCC1	40.200	753	789	792	6.710E-171	557
A0A2K9RFY0	Q1AHB2	41.200	754	789	816	3.381E-168	550
A0A2K9RFY0	C1K5M3	39.100	781	789	778	1.397E-161	530
A0A2K9RFY0	B8XA41	39.400	742	789	777	1.298E-158	522
A0A2K9RFY0	Q84ZW8	50.300	508	789	590	1.217E-148	492
A0A2K9RFY0	M4HYP3	33.200	766	789	876	1.736E-126	427
A0A2K9RFY0	Q675L4	32.700	772	789	859	9.530E-125	422
A0A2K9RFY0	Q675L5	33.000	772	789	867	1.765E-124	421
A0A2K9RFY0	Q38710	34.100	734	789	868	4.445E-124	420
A0A2K9RFY0	J9QS23	34.000	740	789	739	6.049E-124	420
A0A2K9RFY0	J9R388	34.000	740	789	740	6.049E-124	420
A0A2K9RFY0	H8ZM71	34.500	735	789	852	6.049E-124	420
A0A2K9RFY0	H8ZM73	32.500	751	789	867	6.049E-124	420
A0A2K9RFY0	Q50EK2	32.600	772	789	850	2.820E-123	418
A0A2K9RFY0	M4HXU6	32.500	772	789	857	5.221E-123	417
A0A2K9RFY0	H8ZM70	33.700	734	789	844	1.315E-122	416
A0A2K9RFY0	M4HYC6	32.500	772	789	850	3.310E-122	415
A0A2K9RFY0	M4HY08	32.300	735	789	868	1.563E-113	389
A0A2K9RFY0	M4HYC8	32.100	735	789	868	1.818E-112	386
A0A2K9RFY0	Q41594	30.300	744	789	862	1.291E-106	368
A0A2K9RFY0	Q93YA3	30.300	744	789	862	1.490E-105	365
A0A2K9RFY0	O81086	31.800	739	789	817	9.318E-105	363
A0A2K9RFY0	Q9FT37	30.500	744	789	862	1.975E-103	359
A0A2K9RFY0	G1DGI7	30.200	746	789	750	4.936E-103	358
A0A2K9RFY0	Q4QSN4	30.700	732	789	815	2.631E-94	332
A0A2K9RFY0	G9MAN7	31.700	721	789	867	1.201E-93	330
A0A2K9RFY0	Q96376	29.600	753	789	870	1.884E-84	302
A0A2K9RFY0	Q93YV0	29.100	747	789	877	6.992E-83	297
A0A2K9RFY0	Q38802	35.000	509	789	802	1.724E-82	296
A0A2K9RFY0	E2IHE0	29.100	724	789	808	5.744E-82	295
A0A2K9RFY0	O04408	33.400	495	789	801	3.990E-73	268
A0A2K9RFY0	G3CCC0	26.400	711	789	802	2.062E-70	259
A0A2K9RFY0	Q6E7D7	31.800	521	789	767	8.059E-62	233
A0A2K9RFY0	Q0JF02	31.600	521	789	767	1.449E-61	232
A0A2K9RFY0	Q5MQ85	31.900	489	789	800	6.278E-61	230
A0A2K9RFY0	Q6Z5I0	31.900	489	789	800	6.278E-61	230
A0A2K9RFY0	O64405	28.700	514	789	593	4.368E-52	203
A0A2K9RFY0	Q9M7D1	28.000	511	789	630	1.038E-51	201
A0A2K9RFY0	O64404	28.900	510	789	581	1.850E-50	198
A0A2K9RFY0	Q84KL4	28.300	511	789	627	1.039E-49	195
A0A2K9RFY0	Q675L0	28.600	509	789	578	1.385E-49	195
A0A2K9RFY0	Q672F7	28.500	511	789	595	2.459E-49	194
A0A2K9RFY0	Q50L36	29.300	501	789	595	1.376E-48	192
A0A2K9RFY0	F1CKI8	27.500	511	789	627	7.676E-48	189
A0A2K9RFY0	Q9M7C9	27.500	541	789	637	1.022E-47	189
A0A2K9RFY0	Q7XAS7	28.600	501	789	595	1.812E-47	188
A0A2K9RFY0	F1CKI9	27.500	511	789	627	3.210E-47	187
A0A2K9RFY0	F1CKI6	28.700	509	789	627	4.273E-47	187
A0A2K9RFY0	Q9AR86	28.400	501	789	595	5.687E-47	186
A0A2K9RFY0	Q84KL6	27.500	516	789	629	5.687E-47	186
A0A2K9RFY0	Q6XDB5	27.300	511	789	627	2.373E-46	184
A0A2K9RFY0	Q948Z0	27.100	511	789	618	4.200E-46	184
A0A2K9RFY0	Q84SM8	26.900	509	789	627	4.200E-46	184
A0A2K9RFY0	Q84KL3	26.800	511	789	628	7.432E-46	183
A0A2K9RFY0	Q84KL5	27.800	505	789	574	1.749E-45	182
A0A2K9RFY0	O24474	27.300	507	789	627	7.268E-45	180
A0A2K9RFY0	Q6PWU2	28.000	493	789	590	1.660E-43	175
A0A2K9RFY0	F1CKJ1	27.600	511	789	627	2.206E-43	175
A0A2K9RFY0	O24475	27.700	493	789	628	3.892E-43	174
A0A2K9RFY0	Q9M7D0	27.800	497	789	630	1.211E-42	173
A0A2K9RFY0	I6RE61	27.500	441	789	596	1.608E-42	172
A0A2K9RFY0	Q93X23	27.800	452	789	597	3.627E-41	168
A0A2K9RFY0	Q5SBP6	26.200	509	789	546	4.208E-38	158
A0A2K9RFY0	Q2XSC4	27.300	504	789	538	7.389E-38	157
A0A2K9RFY0	Q94G53	26.500	501	789	582	9.791E-38	157
A0A2K9RFY0	Q8H2B4	26.300	451	789	606	1.297E-37	156
A0A2K9RFY0	Q8L5K3	24.800	516	789	606	1.719E-37	156
A0A2K9RFY0	Q9ZUH4	25.600	507	789	591	2.277E-37	156
A0A2K9RFY0	Q8L5K4	26.300	503	789	600	3.017E-37	155
A0A2K9RFY0	P0DI76	23.700	576	789	600	3.997E-37	155
A0A2K9RFY0	Q84LB2	25.500	497	789	576	2.858E-36	152
A0A2K9RFY0	A4FVP2	26.500	500	789	565	5.012E-36	151
A0A2K9RFY0	Q8GUE4	25.400	489	789	603	5.012E-36	151
A0A2K9RFY0	K4LMW2	25.300	504	789	561	6.637E-36	151
A0A2K9RFY0	Q9SPN1	27.500	501	789	583	6.637E-36	151
A0A2K9RFY0	Q2XSC5	24.300	554	789	564	8.787E-36	151
A0A2K9RFY0	Q5SBP3	25.200	505	789	574	2.039E-35	149
A0A2K9RFY0	G1JUH1	25.700	503	789	607	2.700E-35	149
A0A2K9RFY0	B6SCF4	27.300	505	789	613	2.700E-35	149
A0A2K9RFY0	Q6USK1	26.600	492	789	567	3.574E-35	149
A0A2K9RFY0	O81193	26.200	456	789	590	6.262E-35	148
A0A2K9RFY0	Q8SA63	24.000	546	789	548	8.289E-35	147
A0A2K9RFY0	P0CJ43	25.000	507	789	589	8.289E-35	147
A0A2K9RFY0	E3W203	27.600	513	789	569	1.097E-34	147
A0A2K9RFY0	E3W204	27.400	513	789	569	1.097E-34	147
A0A2K9RFY0	D0VMR6	25.200	499	789	547	1.922E-34	146
A0A2K9RFY0	D0VMR7	25.400	499	789	547	1.922E-34	146
A0A2K9RFY0	D0VMR8	25.200	499	789	547	2.543E-34	146
A0A2K9RFY0	K4L9M2	24.700	488	789	561	2.543E-34	146
A0A2K9RFY0	E3W202	27.400	513	789	569	3.366E-34	145
A0A2K9RFY0	B3TPQ7	26.300	487	789	592	4.454E-34	145
A0A2K9RFY0	Q5SBP1	25.700	491	789	599	4.454E-34	145
A0A2K9RFY0	Q84LF0	24.900	548	789	548	5.894E-34	145
A0A2K9RFY0	I6RAQ6	25.500	501	789	547	7.799E-34	144
A0A2K9RFY0	Q9SPN0	26.400	501	789	567	1.032E-33	144
A0A2K9RFY0	Q9LRZ6	22.900	576	789	598	1.032E-33	144
A0A2K9RFY0	Q84LG0	25.000	494	789	548	2.390E-33	143
A0A2K9RFY0	A7IZZ2	25.600	493	789	615	2.390E-33	143
A0A2K9RFY0	G5CV45	24.500	498	789	548	4.183E-33	142
A0A2K9RFY0	Q84LF2	25.400	497	789	548	5.533E-33	141
A0A2K9RFY0	J7LH11	26.500	513	789	546	7.319E-33	141
A0A2K9RFY0	O65323	25.000	502	789	559	7.319E-33	141
A0A2K9RFY0	Q84LF1	25.000	494	789	548	9.682E-33	141
A0A2K9RFY0	Q9XJ32	24.400	498	789	556	1.281E-32	140
A0A2K9RFY0	Q6Q3H2	24.400	511	789	556	1.694E-32	140
A0A2K9RFY0	Q6Q3H3	24.000	493	789	557	2.963E-32	139
A0A2K9RFY0	E2E2N7	24.600	526	789	555	3.919E-32	139
A0A2K9RFY0	Q39978	24.300	498	789	555	1.585E-31	137
A0A2K9RFY0	B2KSJ6	23.500	489	789	560	1.585E-31	137
A0A2K9RFY0	P59287	24.500	501	789	601	1.585E-31	137
A0A2K9RFY0	G5CV46	23.700	498	789	555	4.844E-31	135
A0A2K9RFY0	B9S9Z3	24.800	505	789	558	8.467E-31	134
A0A2K9RFY0	O48935	24.300	506	789	550	1.480E-30	134
A0A2K9RFY0	J9RLZ7	25.000	492	789	563	1.480E-30	134
A0A2K9RFY0	O81191	24.100	508	789	591	1.480E-30	134
A0A2K9RFY0	Q9LLR9	22.500	502	789	547	1.956E-30	133
A0A2K9RFY0	Q43714	24.700	493	789	555	3.418E-30	132
A0A2K9RFY0	Q5SBP2	24.900	491	789	598	7.894E-30	131
A0A2K9RFY0	O81192	24.800	504	789	598	1.823E-29	130
A0A2K9RFY0	Q5W283	23.900	501	789	551	4.207E-29	129
A0A2K9RFY0	Q39761	23.700	489	789	554	4.207E-29	129
A0A2K9RFY0	Q49SP5	22.900	497	789	554	4.207E-29	129
A0A2K9RFY0	A7IZZ1	26.400	492	789	622	5.560E-29	128
A0A2K9RFY0	Q39760	23.200	489	789	554	1.283E-28	127
A0A2K9RFY0	Q5SBP0	24.600	448	789	601	1.695E-28	127
A0A2K9RFY0	O49853	24.400	489	789	554	5.167E-28	125
A0A2K9RFY0	J9R5V4	24.100	489	789	562	5.167E-28	125
A0A2K9RFY0	B1B1U3	22.700	496	789	548	9.018E-28	124
A0A2K9RFY0	O23945	25.600	489	789	556	1.191E-27	124
A0A2K9RFY0	I6R4V5	24.000	501	789	546	1.574E-27	124
A0A2K9RFY0	P93665	23.100	490	789	554	2.747E-27	123
A0A2K9RFY0	B2KSJ5	24.100	506	789	571	2.747E-27	123
A0A2K9RFY0	Q49SP6	24.800	527	789	554	3.629E-27	123
A0A2K9RFY0	Q49SP4	24.400	497	789	545	4.794E-27	122
A0A2K9RFY0	Q9FQ27	22.900	505	789	544	5.866E-26	119
A0A2K9RFY0	I6QPS5	24.300	498	789	549	1.023E-25	118
A0A2K9RFY0	Q29VN2	25.100	443	789	581	2.357E-25	117
A0A2K9RFY0	P0CV95	22.900	523	789	578	2.178E-24	113
A0A2K9RFY0	D2YZP9	23.100	530	789	550	2.876E-24	113
A0A2K9RFY0	Q49SP3	24.800	499	789	552	5.014E-24	112
A0A2K9RFY0	O64961	22.600	505	789	548	1.154E-23	111
A0A2K9RFY0	Q84UU9	24.200	487	789	611	1.154E-23	111
A0A2K9RFY0	J7LP58	22.400	507	789	564	1.523E-23	111
A0A2K9RFY0	Q94JS8	23.600	507	789	560	2.011E-23	110
A0A2K9RFY0	Q6JD73	23.900	498	789	554	2.655E-23	110
A0A2K9RFY0	Q9FXY7	24.400	503	789	577	8.064E-23	108
A0A2K9RFY0	P0CV96	22.500	523	789	580	8.064E-23	108
A0A2K9RFY0	Q84ND0	25.000	500	789	581	8.064E-23	108
A0A2K9RFY0	Q84NC9	25.000	500	789	584	8.064E-23	108
A0A2K9RFY0	Q5SBP5	23.700	526	789	540	7.432E-22	105
A0A2K9RFY0	Q84NC8	24.100	500	789	579	7.432E-22	105
A0A2K9RFY0	Q6JD70	23.500	498	789	554	2.977E-21	103
A0A2K9RFY0	C5YHI2	22.900	497	789	545	9.030E-21	102
A0A2K9RFY0	B2DBF1	27.800	272	789	983	7.865E-13	76
A0A2K9RFY0	Q39979	22.300	278	789	300	1.368E-12	75
A0A2K9RFY0	Q96WT2	23.500	313	789	944	2.378E-12	74
A0A2K9RFY0	B2DBF0	25.000	314	789	1004	6.570E-11	69
A0A2K9RFY0	S0EA85	28.000	198	789	952	4.153E-06	53
A0A348B790	P0DL13	50.000	326	348	346	5.006E-101	333
A0A348B790	A8NU13	30.200	321	348	345	1.467E-39	154
A0A348B790	S0DX56	29.300	320	348	357	5.659E-34	138
A0A348B790	Q6WP50	26.800	338	348	399	1.549E-30	127
A0A348B790	B2J4A4	26.500	300	348	323	7.414E-24	107
A0A348B790	A7NH01	26.200	300	348	326	6.012E-23	104
A0A348B790	C7PLV2	24.000	310	348	321	1.092E-22	104
A0A348B790	A0A1L7U8F2	26.200	345	348	401	1.185E-21	100
A0A348B790	A0A1L7VZE7	26.000	345	348	401	2.148E-21	100
A0A348B790	Q82IY4	26.300	303	348	336	7.553E-20	95
A0A348B790	K0K750	26.100	313	348	353	7.553E-20	95
A0A348B790	B5H7H3	24.500	309	348	372	4.702E-18	89
A0A348B790	E3VWJ0	25.600	300	348	337	4.928E-17	86
A0A348B790	Q55012	24.800	300	348	337	1.646E-15	81
A0A348B790	D2B747	23.500	297	348	330	1.285E-13	76
A0A348B790	D9XD61	22.000	313	348	343	7.297E-12	70
A0A348B790	A9FZ87	21.300	301	348	329	1.728E-11	69
A0A348B790	E8W6C7	23.100	308	348	356	1.728E-11	69
A0A345BJQ0	Q7S4Z6	60.000	378	415	481	5.231E-150	479
A0A345BJQ0	Q9Y753	47.100	369	415	445	8.215E-107	353
A0A345BJQ0	O74165	45.900	381	415	443	2.572E-105	349
A0A345BJQ0	Q752X9	46.200	379	415	441	9.608E-100	333
A0A345BJQ0	P29704	44.200	390	415	444	1.173E-98	330
A0A345BJQ0	Q9HGZ6	44.400	400	415	443	2.388E-96	323
A0A345BJQ0	P78589	43.200	385	415	448	8.341E-96	321
A0A345BJQ0	Q92459	40.400	407	415	572	1.825E-83	286
A0A345BJQ0	P53798	42.400	364	415	416	8.675E-83	284
A0A345BJQ0	Q02769	44.500	326	415	416	5.631E-82	281
A0A345BJQ0	Q32KR6	45.000	306	415	417	2.675E-81	279
A0A345BJQ0	Q5R6U3	45.700	306	415	417	4.989E-81	278
A0A345BJQ0	P37268	45.700	306	415	417	4.989E-81	278
A0A345BJQ0	Q9SDW9	42.300	386	415	461	1.359E-78	271
A0A345BJQ0	P53800	41.100	365	415	411	7.302E-74	258
A0A345BJQ0	P53799	39.600	360	415	410	8.163E-70	246
A0A345BJQ0	G0Y287	37.600	366	415	465	3.855E-69	244
A0A345BJQ0	Q54DR1	36.100	366	415	416	8.191E-63	225
A0A345BJQ0	G0Y288	35.100	364	415	383	2.825E-62	224
A0A345BJQ0	G0Y286	34.200	338	415	403	1.259E-48	183
A0A345BJQ0	Q99R75	23.000	210	415	287	8.127E-05	48
A0A345BJQ0	A9JQL9	22.500	210	415	287	8.127E-05	48
A0A345BJQ0	Q8NUQ5	23.000	210	415	287	8.127E-05	48
A0A345BJQ0	Q2FDU5	23.000	210	415	287	8.127E-05	48
A0A345BJQ0	Q2FV59	23.000	210	415	287	8.127E-05	48
A0A345BJQ0	Q5HCY8	23.000	210	415	287	8.127E-05	48
A0A345BJQ0	Q2YWE7	22.500	210	415	287	2.487E-04	46
A0A2R6P624	P51094	52.600	454	458	456	1.114E-154	494
A0A2R6P624	Q9SBQ8	52.100	446	458	451	1.002E-150	483
A0A2R6P624	Q5UL10	52.800	454	458	465	1.689E-149	479
A0A2R6P624	Q9LFJ8	50.600	452	458	460	1.519E-148	477
A0A2R6P624	Q96493	53.800	440	458	453	7.297E-148	475
A0A2R6P624	Q66PF5	51.400	455	458	466	1.513E-145	468
A0A2R6P624	Q43641	49.800	426	458	433	5.007E-127	414
A0A2R6P624	Q9S9P6	46.500	443	458	453	6.138E-126	411
A0A2R6P624	Q40289	57.200	281	458	287	1.603E-103	346
A0A2R6P624	P16167	40.200	456	458	471	1.340E-91	311
A0A2R6P624	P16165	40.200	456	458	471	6.364E-91	309
A0A2R6P624	P16166	40.200	456	458	471	4.124E-90	307
A0A2R6P624	G3FIN9	32.200	353	458	483	8.890E-55	203
A0A2R6P624	U3U992	30.500	469	458	482	6.448E-53	198
A0A2R6P624	Q94AB5	30.000	443	458	458	1.009E-51	194
A0A2R6P624	F8WKW1	31.600	359	458	481	5.328E-50	189
A0A2R6P624	B4G072	31.700	358	458	462	3.023E-45	175
A0A2R6P624	A0A067YB04	29.600	369	458	471	3.413E-44	171
A0A2R6P624	Q2V6J9	31.600	359	458	487	9.507E-43	167
A0A2R6P624	Q9MB73	31.000	360	458	511	9.507E-43	167
A0A2R6P624	Q9ZR27	32.000	345	458	460	2.353E-42	166
A0A2R6P624	Q5XF20	29.600	361	458	490	1.064E-41	164
A0A2R6P624	Q66PF4	28.400	362	458	555	2.631E-41	163
A0A2R6P624	Q8W2B7	30.500	340	458	459	6.498E-41	162
A0A2R6P624	V5LLZ9	25.600	458	458	510	5.348E-40	159
A0A2R6P624	O23401	28.600	469	458	479	7.226E-40	158
A0A2R6P624	Q41819	29.100	462	458	471	9.762E-40	158
A0A2R6P624	Q9LR44	26.900	447	458	469	3.249E-39	156
A0A2R6P624	Q9ZR25	29.000	454	458	461	4.388E-39	156
A0A2R6P624	F8WKW0	26.600	458	458	474	2.658E-38	154
A0A2R6P624	Q94C57	30.400	352	458	483	3.589E-38	153
A0A2R6P624	Q9LVF0	25.000	459	458	496	6.538E-38	153
A0A2R6P624	O23402	28.700	466	458	475	8.823E-38	152
A0A2R6P624	O48676	27.500	446	458	460	2.925E-37	151
A0A2R6P624	Q8W491	29.700	351	458	481	2.925E-37	151
A0A2R6P624	Q8H0F2	28.500	409	458	482	2.925E-37	151
A0A2R6P624	Q9ZQG4	29.800	399	458	484	3.946E-37	150
A0A2R6P624	Q9SBL1	26.300	466	458	492	3.946E-37	150
A0A2R6P624	Q9AR73	33.300	287	458	470	1.306E-36	149
A0A2R6P624	Q9ZR26	32.900	283	458	443	2.375E-36	148
A0A2R6P624	Q2V6K0	28.400	405	458	479	2.375E-36	148
A0A2R6P624	Q767C8	28.500	386	458	463	5.823E-36	147
A0A2R6P624	A6BM07	29.600	338	458	474	5.823E-36	147
A0A2R6P624	Q7Y232	28.800	402	458	484	7.850E-36	146
A0A2R6P624	Q40287	31.200	297	458	487	1.058E-35	146
A0A2R6P624	Q9AT54	29.000	381	458	476	2.591E-35	145
A0A2R6P624	Q9M156	29.200	471	458	480	2.591E-35	145
A0A2R6P624	Q6X1C0	28.700	445	458	460	3.491E-35	144
A0A2R6P624	O81498	30.400	304	458	481	6.865E-34	140
A0A2R6P624	Q40285	30.300	326	458	346	1.675E-33	139
A0A2R6P624	Q9LVR1	30.700	304	458	481	1.675E-33	139
A0A2R6P624	B2NID7	25.600	483	458	504	5.894E-32	134
A0A2R6P624	Q40288	29.300	336	458	394	1.433E-31	133
A0A2R6P624	P56725	32.200	282	458	454	3.694E-30	129
A0A2R6P624	Q40284	28.400	336	458	449	8.945E-30	128
A0A2R6P624	O82381	32.600	234	458	481	1.612E-29	127
A0A2R6P624	Q9C9B0	26.000	451	458	473	3.898E-29	126
A0A2R6P624	Q9LML6	31.200	285	458	479	3.898E-29	126
A0A2R6P624	Q9ZSK5	35.400	203	458	459	1.695E-28	124
A0A2R6P624	D4Q9Z4	27.200	367	458	495	3.179E-27	120
A0A2R6P624	Q5NTH0	31.200	238	458	438	4.411E-26	116
A0A2R6P624	F8WKW8	38.900	172	458	444	4.411E-26	116
A0A2R6P624	Q9LSY9	32.000	227	458	473	5.904E-26	116
A0A2R6P624	Q40286	30.100	219	458	241	3.391E-25	113
A0A2R6P624	Q8RXA5	28.500	252	458	463	1.451E-24	111
A0A2R6P624	A0A0G4DBR5	31.300	222	458	459	3.467E-24	110
A0A2R6P624	Q8GVE3	31.800	191	458	452	4.701E-23	107
A0A2R6P624	Q6WFW1	25.900	433	458	475	4.701E-23	107
A0A2R6P624	Q93XP7	27.300	256	458	467	2.660E-22	104
A0A2R6P624	D4Q9Z5	34.500	164	458	472	4.736E-22	104
A0A2R6P624	Q6JAH0	27.000	255	458	466	1.500E-21	102
A0A2R6P624	Q43716	29.100	222	458	473	4.740E-21	100
A0A2R6P624	I1LCI8	28.800	227	458	464	6.275E-20	97
A0A2R6P624	Q53UH4	29.000	209	458	459	1.482E-19	96
A0A2R6P624	Q53UH5	29.000	209	458	459	1.482E-19	96
A0A2R6P624	Q18081	36.000	163	458	526	3.996E-14	78
A0A2R6P624	Q9HAW8	30.200	159	458	530	3.817E-13	75
A0A2R6P624	Q9HAW7	30.200	159	458	530	3.817E-13	75
A0A2R6P624	Q9HAW9	30.200	159	458	530	3.817E-13	75
A0A2R6P624	P22309	30.200	159	458	533	3.817E-13	75
A0A2R6P624	P35503	30.200	159	458	534	3.817E-13	75
A0A2R6P624	P22310	30.200	159	458	534	3.817E-13	75
A0A2R6P624	P35504	30.200	159	458	534	3.817E-13	75
A0A2R6P624	Q64633	26.600	203	458	531	5.060E-13	75
A0A2R6P624	Q63886	23.900	338	458	535	5.060E-13	75
A0A2R6P624	Q64550	24.400	338	458	535	6.706E-13	74
A0A2R6P624	P08430	28.700	159	458	529	1.561E-12	73
A0A2R6P624	Q64634	28.700	159	458	530	1.561E-12	73
A0A2R6P624	Q64637	28.700	159	458	531	1.561E-12	73
A0A2R6P624	Q64638	28.700	159	458	531	1.561E-12	73
A0A2R6P624	Q28611	30.800	159	458	531	1.561E-12	73
A0A2R6P624	Q28612	30.800	159	458	532	1.561E-12	73
A0A2R6P624	P20720	28.700	159	458	533	1.561E-12	73
A0A2R6P624	Q62452	28.700	159	458	528	2.068E-12	73
A0A2R6P624	Q64435	28.700	159	458	531	2.068E-12	73
A0A2R6P624	Q6ZQM8	28.700	159	458	531	2.068E-12	73
A0A2R6P624	P70691	28.700	159	458	533	2.068E-12	73
A0A2R6P624	Q3SY77	55.300	65	458	523	2.741E-12	72
A0A2R6P624	Q22181	31.100	150	458	524	2.741E-12	72
A0A2R6P624	Q3UP75	50.700	65	458	523	1.118E-11	70
A0A2R6P624	Q6NUS8	50.700	67	458	523	1.481E-11	70
A0A2R6P624	Q10941	29.200	189	458	531	1.962E-11	70
A0A2R6P624	Q09426	27.200	192	458	541	1.855E-10	66
A0A2R6P624	Q21706	29.300	201	458	536	2.456E-10	66
A0A2R6P624	Q1LZI1	49.200	65	458	523	4.303E-10	65
A0A2R6P624	Q64676	26.700	192	458	541	9.980E-10	64
A0A2R6P624	Q16880	27.200	192	458	541	1.321E-09	64
A0A2R6P624	P36514	35.000	100	458	502	3.061E-09	63
A0A2R6P624	P08541	32.900	153	458	530	3.061E-09	63
A0A2R6P624	O97951	28.200	155	458	529	4.051E-09	62
A0A2R6P624	P36513	28.200	153	458	530	5.360E-09	62
A0A2R6P624	O75310	30.100	155	458	529	7.093E-09	61
A0A2R6P624	Q9XT55	29.500	139	458	528	9.385E-09	61
A0A2R6P624	P16662	26.900	155	458	529	9.385E-09	61
A0A2R6P624	P17717	31.900	145	458	530	9.385E-09	61
A0A2R6P624	P36512	27.300	155	458	531	9.385E-09	61
A0A2R6P624	P08542	31.200	145	458	530	1.643E-08	60
A0A2R6P624	Q6K1J1	26.400	139	458	530	1.643E-08	60
A0A2R6P624	Q6PDD0	27.800	155	458	528	2.173E-08	60
A0A2R6P624	Q80X89	27.800	155	458	528	2.173E-08	60
A0A2R6P624	P36510	29.500	139	458	527	2.875E-08	59
A0A2R6P624	Q8BWQ1	32.000	100	458	534	2.875E-08	59
A0A2R6P624	P06133	28.800	139	458	528	3.803E-08	59
A0A2R6P624	Q8WN97	29.400	146	458	528	3.803E-08	59
A0A2R6P624	Q9GLD9	26.800	159	458	529	3.803E-08	59
A0A2R6P624	O02663	26.900	155	458	529	6.655E-08	58
A0A2R6P624	P34317	36.300	55	458	507	8.802E-08	58
A0A2R6P624	Q6UWM9	32.000	100	458	527	8.802E-08	58
A0A2R6P624	Q5RFJ3	32.000	100	458	527	8.802E-08	58
A0A2R6P624	Q9Y4X1	29.100	155	458	527	8.802E-08	58
A0A2R6P624	P09875	32.900	84	458	529	8.802E-08	58
A0A2R6P624	O19103	27.100	139	458	523	1.540E-07	57
A0A2R6P624	Q9BY64	29.900	153	458	529	1.540E-07	57
A0A2R6P624	Q91280	41.100	67	458	472	2.037E-07	57
A0A2R6P624	Q9R110	28.800	139	458	530	2.037E-07	57
A0A2R6P624	Q62789	35.800	90	458	530	4.710E-07	55
A0A2R6P624	P54855	28.300	155	458	530	4.710E-07	55
A0A2R6P624	O75795	28.900	155	458	530	4.710E-07	55
A0A2R6P624	Q22180	24.200	161	458	512	1.777E-05	50
A0A2R6P624	A7A179	24.500	180	458	1198	2.348E-05	50
A0A2R6P624	Q06321	24.500	180	458	1198	2.348E-05	50
A0A2R6P624	A1CFB3	25.500	160	458	1406	2.187E-04	47
A0A2R6P624	A1CYS1	26.400	137	458	1418	2.187E-04	47
A0A2R6P624	A7KAK6	28.400	118	458	1241	3.818E-04	46
A0A2R6P624	Q9Y751	24.200	156	458	1211	6.667E-04	45
A0A2R6P624	Q4WID6	27.000	150	458	1405	6.667E-04	45
A0A3G9HRC2	Q9HGE0	57.600	1087	1103	1115	0.000E+00	1259
A0A3G9HRC2	Q9Y8G7	38.100	1078	1103	1066	3.365E-227	736
A0A3G9HRC2	O08336	34.900	1079	1103	1054	5.239E-183	606
A0A3G9HRC2	O08394	35.200	1079	1103	1061	3.367E-180	598
A0A3G9HRC2	Q81BF4	33.100	1079	1103	1065	4.666E-176	586
A0A3G9HRC2	P14779	32.600	1060	1103	1049	9.686E-159	534
A0A3G9HRC2	P00389	26.700	616	1103	679	3.834E-45	183
A0A3G9HRC2	P37039	27.100	616	1103	678	6.679E-45	182
A0A3G9HRC2	Q9SUM3	28.800	559	1103	711	2.026E-44	180
A0A3G9HRC2	P16435	26.500	615	1103	677	3.529E-44	179
A0A3G9HRC2	P37040	26.800	599	1103	678	1.713E-42	174
A0A3G9HRC2	Q3SYT8	26.500	616	1103	678	6.852E-42	172
A0A3G9HRC2	P00388	26.800	599	1103	678	9.040E-42	171
A0A3G9HRC2	P04175	26.200	616	1103	678	2.076E-41	170
A0A3G9HRC2	Q55CT1	25.900	550	1103	667	4.767E-41	169
A0A3G9HRC2	Q05001	26.000	615	1103	714	7.708E-37	155
A0A3G9HRC2	P37116	26.400	561	1103	690	1.016E-36	155
A0A3G9HRC2	Q9SB48	25.400	560	1103	692	1.768E-36	154
A0A3G9HRC2	P19618	24.200	618	1103	601	1.226E-35	151
A0A3G9HRC2	Q2UHA7	25.600	659	1103	695	1.226E-35	151
A0A3G9HRC2	Q0CMM0	23.800	659	1103	695	1.616E-35	151
A0A3G9HRC2	Q07994	25.100	614	1103	671	4.464E-34	146
A0A3G9HRC2	Q5BFT5	25.100	627	1103	695	5.886E-34	146
A0A3G9HRC2	P50126	23.500	639	1103	680	1.023E-33	145
A0A3G9HRC2	Q27597	24.800	614	1103	679	1.779E-33	144
A0A3G9HRC2	A2QS05	24.300	627	1103	695	3.092E-33	143
A0A3G9HRC2	Q94IN5	24.700	598	1103	1803	4.473E-31	136
A0A3G9HRC2	Q29496	26.500	441	1103	503	1.351E-30	135
A0A3G9HRC2	Q9HDG2	23.500	660	1103	736	1.351E-30	135
A0A3G9HRC2	O18993	27.300	454	1103	503	4.078E-30	133
A0A3G9HRC2	Q9Z0J4	23.000	639	1103	1429	4.078E-30	133
A0A3G9HRC2	P37201	23.200	637	1103	680	5.376E-30	133
A0A3G9HRC2	P29476	23.200	639	1103	1429	7.086E-30	132
A0A3G9HRC2	P08684	26.800	454	1103	503	1.231E-29	132
A0A3G9HRC2	P29475	24.200	522	1103	1434	1.231E-29	132
A0A3G9HRC2	P51538	26.800	464	1103	503	1.623E-29	131
A0A3G9HRC2	P35228	27.400	599	1103	1153	3.717E-29	130
A0A3G9HRC2	P33268	27.600	454	1103	503	6.457E-29	129
A0A3G9HRC2	P79401	26.300	465	1103	503	1.479E-28	128
A0A3G9HRC2	Q6LM58	24.700	597	1103	605	4.462E-28	126
A0A3G9HRC2	Q6TBX7	25.400	447	1103	539	7.752E-28	126
A0A3G9HRC2	Q27995	27.000	595	1103	1156	7.752E-28	126
A0A3G9HRC2	P11707	25.800	455	1103	501	1.022E-27	125
A0A3G9HRC2	P16603	24.300	649	1103	691	1.022E-27	125
A0A3G9HRC2	Q9UBK8	28.700	401	1103	725	1.022E-27	125
A0A3G9HRC2	Q86W10	27.700	373	1103	505	1.775E-27	124
A0A3G9HRC2	Q9WVK8	27.000	424	1103	500	3.083E-27	124
A0A3G9HRC2	Q9Y6A2	26.500	424	1103	500	4.063E-27	123
A0A3G9HRC2	Q64481	27.300	379	1103	504	5.355E-27	123
A0A3G9HRC2	P05183	26.500	456	1103	504	5.355E-27	123
A0A3G9HRC2	B1B557	26.400	519	1103	1097	5.355E-27	123
A0A3G9HRC2	Q28969	25.300	536	1103	1205	9.301E-27	122
A0A3G9HRC2	Q8T8C0	25.400	519	1103	1209	9.301E-27	122
A0A3G9HRC2	P24462	27.100	452	1103	503	1.226E-26	122
A0A3G9HRC2	Q9JMA7	24.700	454	1103	504	1.226E-26	122
A0A3G9HRC2	Q26240	24.500	519	1103	1174	1.226E-26	122
A0A3G9HRC2	P29473	25.500	536	1103	1205	1.226E-26	122
A0A3G9HRC2	Q8C1A3	24.400	690	1103	696	1.615E-26	121
A0A3G9HRC2	Q498R1	27.100	394	1103	700	1.615E-26	121
A0A3G9HRC2	Q4JIJ2	27.600	401	1103	695	2.129E-26	121
A0A3G9HRC2	Q62600	24.600	536	1103	1202	2.129E-26	121
A0A3G9HRC2	Q27571	26.000	519	1103	1349	2.129E-26	121
A0A3G9HRC2	H1A981	25.800	414	1103	524	2.806E-26	121
A0A3G9HRC2	P36587	25.200	562	1103	678	2.806E-26	121
A0A3G9HRC2	Q64459	25.600	456	1103	504	3.698E-26	120
A0A3G9HRC2	O54705	25.700	595	1103	1149	3.698E-26	120
A0A3G9HRC2	O35084	25.700	426	1103	507	4.873E-26	120
A0A3G9HRC2	Q6A152	26.500	358	1103	507	4.873E-26	120
A0A3G9HRC2	Q82IY3	26.400	428	1103	449	6.422E-26	119
A0A3G9HRC2	Q5E841	25.400	597	1103	604	6.422E-26	119
A0A3G9HRC2	O35132	25.600	427	1103	501	1.115E-25	119
A0A3G9HRC2	P70313	24.600	536	1103	1202	1.470E-25	118
A0A3G9HRC2	Q42798	26.400	438	1103	509	1.937E-25	118
A0A3G9HRC2	P20815	25.800	453	1103	502	2.553E-25	117
A0A3G9HRC2	Q65T53	24.600	605	1103	597	2.553E-25	117
A0A3G9HRC2	O62699	26.700	549	1103	1154	4.433E-25	117
A0A3G9HRC2	Q87L90	24.900	630	1103	623	5.842E-25	116
A0A3G9HRC2	P13527	26.200	375	1103	509	1.337E-24	115
A0A3G9HRC2	H1A988	24.700	414	1103	523	1.337E-24	115
A0A3G9HRC2	Q6ZWL3	24.800	464	1103	525	1.337E-24	115
A0A3G9HRC2	Q95036	27.000	361	1103	476	1.762E-24	115
A0A3G9HRC2	Q27902	26.500	361	1103	500	1.762E-24	115
A0A3G9HRC2	P79102	26.900	374	1103	507	1.762E-24	115
A0A3G9HRC2	O61608	25.100	519	1103	1247	1.762E-24	115
A0A3G9HRC2	P04800	27.300	386	1103	504	2.322E-24	114
A0A3G9HRC2	Q06518	25.400	595	1103	1147	2.322E-24	114
A0A3G9HRC2	Q64581	25.800	375	1103	497	3.060E-24	114
A0A3G9HRC2	Q9TUX8	24.700	536	1103	1205	3.060E-24	114
A0A3G9HRC2	Q6WNQ9	24.400	460	1103	501	4.032E-24	113
A0A3G9HRC2	P08516	28.400	357	1103	509	4.032E-24	113
A0A3G9HRC2	Q9DBW0	37.700	194	1103	525	4.032E-24	113
A0A3G9HRC2	A5F3I4	24.900	597	1103	614	4.032E-24	113
A0A3G9HRC2	Q9HB55	26.000	455	1103	503	5.313E-24	113
A0A3G9HRC2	O61387	24.100	396	1103	504	7.001E-24	113
A0A3G9HRC2	P29477	25.000	595	1103	1144	7.001E-24	113
A0A3G9HRC2	Q64417	26.800	343	1103	503	1.216E-23	112
A0A3G9HRC2	Q5RCN6	25.000	422	1103	525	1.216E-23	112
A0A3G9HRC2	Q8K4D6	24.800	362	1103	507	1.602E-23	111
A0A3G9HRC2	O15528	27.800	405	1103	508	1.602E-23	111
A0A3G9HRC2	Q05047	26.000	360	1103	524	2.111E-23	111
A0A3G9HRC2	O09158	25.400	394	1103	503	2.782E-23	111
A0A3G9HRC2	Q9PVE8	23.400	452	1103	496	3.665E-23	110
A0A3G9HRC2	Q98T91	24.000	430	1103	502	3.665E-23	110
A0A3G9HRC2	Q8AXY5	23.400	452	1103	496	4.830E-23	110
A0A3G9HRC2	A6TD49	23.500	597	1103	599	4.830E-23	110
A0A3G9HRC2	Q8K9D3	24.200	549	1103	602	6.364E-23	109
A0A3G9HRC2	P98187	22.900	434	1103	520	1.456E-22	108
A0A3G9HRC2	A2RRT9	25.600	432	1103	525	1.456E-22	108
A0A3G9HRC2	Q64409	31.500	245	1103	503	1.919E-22	108
A0A3G9HRC2	P20816	26.500	357	1103	504	1.919E-22	108
A0A3G9HRC2	P20817	26.500	357	1103	507	1.919E-22	108
A0A3G9HRC2	O42563	30.500	250	1103	518	1.919E-22	108
A0A3G9HRC2	Q64406	25.700	377	1103	503	3.331E-22	107
A0A3G9HRC2	P14581	26.300	399	1103	511	3.331E-22	107
A0A3G9HRC2	Q0HYB4	23.300	595	1103	604	3.331E-22	107
A0A3G9HRC2	Q8SPK1	26.600	361	1103	504	4.389E-22	107
A0A3G9HRC2	Q8SPK0	26.800	361	1103	504	4.389E-22	107
A0A3G9HRC2	Q2NVN4	24.100	597	1103	603	7.620E-22	106
A0A3G9HRC2	Q8EAZ9	23.000	595	1103	607	7.620E-22	106
A0A3G9HRC2	Q95031	23.000	396	1103	504	1.004E-21	106
A0A3G9HRC2	A0KTH4	22.500	595	1103	604	1.323E-21	105
A0A3G9HRC2	Q0HFL6	23.300	595	1103	604	1.323E-21	105
A0A3G9HRC2	Q64148	25.400	357	1103	503	2.297E-21	104
A0A3G9HRC2	O73853	25.600	431	1103	514	2.297E-21	104
A0A3G9HRC2	P79152	34.400	203	1103	218	3.026E-21	104
A0A3G9HRC2	Q964T1	24.800	388	1103	501	3.026E-21	104
A0A3G9HRC2	P51869	25.000	391	1103	522	3.026E-21	104
A0A3G9HRC2	P70085	26.100	468	1103	517	3.987E-21	104
A0A3G9HRC2	P57503	23.900	603	1103	601	3.987E-21	104
A0A3G9HRC2	Q8DCK2	24.700	597	1103	616	5.254E-21	103
A0A3G9HRC2	Q7MHA5	24.700	597	1103	616	6.922E-21	103
A0A3G9HRC2	P12394	25.300	403	1103	508	9.120E-21	102
A0A3G9HRC2	Q02928	24.700	357	1103	519	9.120E-21	102
A0A3G9HRC2	Q9EP75	24.400	391	1103	524	9.120E-21	102
A0A3G9HRC2	A4WDW1	23.600	597	1103	601	9.120E-21	102
A0A3G9HRC2	A8G9X6	23.800	597	1103	599	1.202E-20	102
A0A3G9HRC2	Q64410	24.700	440	1103	508	1.583E-20	102
A0A3G9HRC2	Q9HBI6	24.000	391	1103	524	1.583E-20	102
A0A3G9HRC2	A1AEV0	23.800	597	1103	599	1.583E-20	102
A0A3G9HRC2	Q0TEA2	23.800	597	1103	599	1.583E-20	102
A0A3G9HRC2	Q1R7T4	23.800	597	1103	599	1.583E-20	102
A0A3G9HRC2	Q91WL5	26.700	357	1103	508	2.086E-20	101
A0A3G9HRC2	Q9FXW4	24.400	413	1103	488	2.748E-20	101
A0A3G9HRC2	Q8HYN1	27.200	408	1103	508	2.748E-20	101
A0A3G9HRC2	A7ZQK7	24.000	597	1103	599	2.748E-20	101
A0A3G9HRC2	B1IU77	24.000	597	1103	599	2.748E-20	101
A0A3G9HRC2	P38038	24.000	597	1103	599	2.748E-20	101
A0A3G9HRC2	Q7N8L6	23.100	597	1103	600	2.748E-20	101
A0A3G9HRC2	Q9GJX5	26.000	359	1103	504	3.621E-20	100
A0A3G9HRC2	P05093	26.900	408	1103	508	3.621E-20	100
A0A3G9HRC2	Q9HCS2	23.700	391	1103	524	3.621E-20	100
A0A3G9HRC2	Q0T1I8	24.000	597	1103	599	3.621E-20	100
A0A3G9HRC2	Q83QD9	24.000	597	1103	599	3.621E-20	100
A0A3G9HRC2	Q8FEI7	24.000	597	1103	599	3.621E-20	100
A0A3G9HRC2	S4UX02	24.300	425	1103	495	4.771E-20	100
A0A3G9HRC2	P27786	25.700	412	1103	507	4.771E-20	100
A0A3G9HRC2	Q31XM4	24.000	597	1103	599	4.771E-20	100
A0A3G9HRC2	A8A3P5	24.000	597	1103	599	4.771E-20	100
A0A3G9HRC2	O19114	26.300	384	1103	496	6.286E-20	100
A0A3G9HRC2	Q8X7U1	23.800	597	1103	599	6.286E-20	100
A0A3G9HRC2	A7MJ63	23.600	597	1103	600	6.286E-20	100
A0A3G9HRC2	P10611	24.800	357	1103	510	8.282E-20	99
A0A3G9HRC2	P33274	23.600	391	1103	524	8.282E-20	99
A0A3G9HRC2	Q32CG3	24.000	597	1103	599	8.282E-20	99
A0A3G9HRC2	Q3YY94	23.800	597	1103	599	8.282E-20	99
A0A3G9HRC2	P14580	24.800	357	1103	510	1.091E-19	99
A0A3G9HRC2	Q99N16	24.600	391	1103	524	1.091E-19	99
A0A3G9HRC2	A9N2E6	24.000	595	1103	599	1.091E-19	99
A0A3G9HRC2	Q8Z458	24.200	620	1103	599	1.091E-19	99
A0A3G9HRC2	Q5TCH4	24.700	357	1103	519	1.438E-19	98
A0A3G9HRC2	Q57KH7	23.500	595	1103	599	1.438E-19	98
A0A3G9HRC2	P38039	23.900	595	1103	599	1.894E-19	98
A0A3G9HRC2	Q7VQH2	23.700	595	1103	610	1.894E-19	98
A0A3G9HRC2	O23051	23.300	409	1103	490	2.495E-19	98
A0A3G9HRC2	P78329	23.000	387	1103	520	4.332E-19	97
A0A3G9HRC2	Q08477	22.800	391	1103	520	4.332E-19	97
A0A3G9HRC2	A8ANX1	23.400	628	1103	601	5.707E-19	96
A0A3G9HRC2	Q1C3Z0	22.800	600	1103	606	5.707E-19	96
A0A3G9HRC2	Q8ZBN6	22.800	600	1103	606	5.707E-19	96
A0A3G9HRC2	Q9JUD8	23.600	600	1103	604	7.518E-19	96
A0A3G9HRC2	Q1CLS8	23.400	600	1103	612	9.905E-19	96
A0A3G9HRC2	A4TPY5	23.400	600	1103	612	9.905E-19	96
A0A3G9HRC2	Q66ED4	22.900	600	1103	618	9.905E-19	96
A0A3G9HRC2	P51871	23.100	391	1103	537	1.305E-18	95
A0A3G9HRC2	A7FLZ0	23.400	600	1103	612	1.305E-18	95
A0A3G9HRC2	P24464	25.500	357	1103	508	1.719E-18	95
A0A3G9HRC2	Q5NRM1	23.800	600	1103	606	1.719E-18	95
A0A3G9HRC2	C0SJS3	24.500	421	1103	478	2.265E-18	94
A0A3G9HRC2	O35728	25.800	357	1103	507	2.984E-18	94
A0A3G9HRC2	P14579	24.000	358	1103	511	2.984E-18	94
A0A3G9HRC2	G4XV71	24.500	472	1103	523	2.984E-18	94
A0A3G9HRC2	Q968X7	22.300	646	1103	1934	2.984E-18	94
A0A3G9HRC2	Q04552	22.700	354	1103	498	3.931E-18	94
A0A3G9HRC2	Q96581	23.800	413	1103	516	3.931E-18	94
A0A3G9HRC2	Q3MID2	23.600	387	1103	524	3.931E-18	94
A0A3G9HRC2	A1JJS2	22.100	597	1103	601	3.931E-18	94
A0A3G9HRC2	A1KU06	23.100	600	1103	604	3.931E-18	94
A0A3G9HRC2	C0SJS4	23.000	419	1103	476	6.823E-18	93
A0A3G9HRC2	D1MI46	24.500	424	1103	495	6.823E-18	93
A0A3G9HRC2	Q8HYN0	26.700	408	1103	508	6.823E-18	93
A0A3G9HRC2	Q91Z85	35.100	178	1103	509	6.823E-18	93
A0A3G9HRC2	O57525	22.600	463	1103	519	6.823E-18	93
A0A3G9HRC2	O80823	25.500	496	1103	537	6.823E-18	93
A0A3G9HRC2	A9MF16	23.400	629	1103	599	6.823E-18	93
A0A3G9HRC2	O64899	22.900	443	1103	487	8.989E-18	93
A0A3G9HRC2	Q9AXH9	31.100	192	1103	499	8.989E-18	93
A0A3G9HRC2	P70687	28.400	271	1103	511	8.989E-18	93
A0A3G9HRC2	P30437	24.100	466	1103	514	8.989E-18	93
A0A3G9HRC2	P48421	23.500	430	1103	502	1.184E-17	92
A0A3G9HRC2	Q2XVA1	26.100	408	1103	508	1.184E-17	92
A0A3G9HRC2	Q8HYM9	26.100	408	1103	508	1.184E-17	92
A0A3G9HRC2	O65782	22.800	443	1103	499	1.560E-17	92
A0A3G9HRC2	P15128	25.200	354	1103	506	1.560E-17	92
A0A3G9HRC2	P11715	30.700	214	1103	507	1.560E-17	92
A0A3G9HRC2	A9LZ73	23.500	600	1103	604	1.560E-17	92
A0A3G9HRC2	C0SJS2	22.700	415	1103	473	2.055E-17	91
A0A3G9HRC2	O64900	22.900	443	1103	488	2.055E-17	91
A0A3G9HRC2	O49342	23.400	421	1103	497	2.055E-17	91
A0A3G9HRC2	Q9GMC8	28.700	249	1103	508	2.708E-17	91
A0A3G9HRC2	P47787	22.800	484	1103	534	2.708E-17	91
A0A3G9HRC2	D5JBW8	35.600	186	1103	488	3.567E-17	91
A0A3G9HRC2	P15129	26.000	370	1103	511	3.567E-17	91
A0A3G9HRC2	Q9JS45	22.600	600	1103	604	3.567E-17	91
A0A3G9HRC2	Q9GLD2	26.400	408	1103	508	4.699E-17	90
A0A3G9HRC2	E3W9C4	32.500	169	1103	513	4.699E-17	90
A0A3G9HRC2	P20853	28.200	259	1103	494	6.191E-17	90
A0A3G9HRC2	Q1PS23	33.800	192	1103	495	1.415E-16	89
A0A3G9HRC2	Q07973	23.900	423	1103	514	1.415E-16	89
A0A3G9HRC2	Q9SXS3	24.100	437	1103	523	1.415E-16	89
A0A3G9HRC2	D5J9U8	35.100	186	1103	488	1.865E-16	88
A0A3G9HRC2	D5JBW9	34.000	186	1103	488	3.236E-16	87
A0A3G9HRC2	Q95328	24.000	443	1103	508	3.236E-16	87
A0A3G9HRC2	Q947B7	22.500	399	1103	493	5.615E-16	87
A0A3G9HRC2	Q5VRM7	31.100	203	1103	506	5.615E-16	87
A0A3G9HRC2	Q64462	24.800	370	1103	511	5.615E-16	87
A0A3G9HRC2	P12939	23.900	425	1103	504	9.745E-16	86
A0A3G9HRC2	U5HKE8	29.100	229	1103	512	9.745E-16	86
A0A3G9HRC2	Q09128	22.800	451	1103	514	9.745E-16	86
A0A3G9HRC2	Q2KIG5	22.300	450	1103	533	1.284E-15	85
A0A3G9HRC2	B5UAQ8	24.100	413	1103	490	1.691E-15	85
A0A3G9HRC2	P98183	30.000	214	1103	506	1.691E-15	85
A0A3G9HRC2	Q2PG45	23.000	450	1103	533	1.691E-15	85
A0A3G9HRC2	A8CDR5	20.700	416	1103	486	2.228E-15	85
A0A3G9HRC2	P13584	24.800	360	1103	511	2.228E-15	85
A0A3G9HRC2	P48422	24.800	411	1103	513	2.228E-15	85
A0A3G9HRC2	Q64441	31.000	191	1103	514	2.228E-15	85
A0A3G9HRC2	M2YJD1	31.900	235	1103	525	3.866E-15	84
A0A3G9HRC2	Q6R7M4	30.000	247	1103	493	5.092E-15	83
A0A3G9HRC2	Q92111	29.000	228	1103	524	5.092E-15	83
A0A3G9HRC2	B3RFJ6	25.000	397	1103	553	6.708E-15	83
A0A3G9HRC2	Q0JF01	31.600	215	1103	502	1.533E-14	82
A0A3G9HRC2	P17177	24.800	359	1103	535	1.533E-14	82
A0A3G9HRC2	Q9SWR5	22.600	436	1103	521	2.020E-14	81
A0A3G9HRC2	Q6QNI4	28.500	219	1103	494	3.505E-14	81
A0A3G9HRC2	Q9CAD6	24.800	414	1103	523	3.505E-14	81
A0A3G9HRC2	P36423	23.200	450	1103	533	3.505E-14	81
A0A3G9HRC2	B1NF18	23.100	417	1103	505	6.081E-14	80
A0A3G9HRC2	O23066	24.500	418	1103	553	8.010E-14	79
A0A3G9HRC2	B5BSX1	28.800	220	1103	493	1.055E-13	79
A0A3G9HRC2	P19100	27.500	235	1103	509	1.055E-13	79
A0A3G9HRC2	P11711	21.500	440	1103	492	1.390E-13	79
A0A3G9HRC2	Q7Z449	25.800	234	1103	544	1.390E-13	79
A0A3G9HRC2	P47195	28.000	199	1103	487	1.831E-13	78
A0A3G9HRC2	Q29497	27.500	226	1103	509	1.831E-13	78
A0A3G9HRC2	Q9YH64	30.000	230	1103	521	1.831E-13	78
A0A3G9HRC2	Q92100	30.000	230	1103	521	1.831E-13	78
A0A3G9HRC2	Q92039	27.800	230	1103	521	1.831E-13	78
A0A3G9HRC2	Q9SP06	22.000	416	1103	481	2.412E-13	78
A0A3G9HRC2	Q92116	22.700	454	1103	521	2.412E-13	78
A0A3G9HRC2	Q9N0U7	21.600	464	1103	509	3.177E-13	78
A0A3G9HRC2	O42430	29.500	230	1103	521	3.177E-13	78
A0A3G9HRC2	P05185	27.500	226	1103	509	5.512E-13	77
A0A3G9HRC2	Q2XNC9	24.800	424	1103	497	7.260E-13	76
A0A3G9HRC2	Q2XNC8	24.800	424	1103	497	9.563E-13	76
A0A3G9HRC2	O61309	28.000	244	1103	1153	9.563E-13	76
A0A3G9HRC2	Q9GMC7	26.800	226	1103	509	1.659E-12	75
A0A3G9HRC2	O42457	26.300	254	1103	521	1.659E-12	75
A0A3G9HRC2	O48958	29.700	213	1103	531	2.879E-12	74
A0A3G9HRC2	P79716	28.800	230	1103	520	4.994E-12	74
A0A3G9HRC2	P10635	24.600	424	1103	497	8.664E-12	73
A0A3G9HRC2	P10634	22.000	424	1103	500	8.664E-12	73
A0A3G9HRC2	Q29488	25.200	424	1103	497	1.503E-11	72
A0A3G9HRC2	P79760	26.000	226	1103	530	1.503E-11	72
A0A3G9HRC2	Q9FMV7	22.500	423	1103	510	4.524E-11	70
A0A3G9HRC2	P12938	22.200	425	1103	500	7.849E-11	70
A0A3G9HRC2	Q64680	23.100	425	1103	500	1.034E-10	69
A0A3G9HRC2	O18992	24.700	424	1103	497	2.362E-10	68
A0A3G9HRC2	Q93ZB2	22.400	444	1103	509	4.098E-10	67
A0A3G9HRC2	B1NF20	20.500	415	1103	494	5.397E-10	67
A0A3G9HRC2	Q92088	25.600	191	1103	499	7.109E-10	66
A0A3G9HRC2	A0A140IL90	26.200	216	1103	513	9.363E-10	66
A0A3G9HRC2	Q01361	29.300	171	1103	500	3.359E-08	61
A0A3G9HRC2	Q9NV66	30.100	157	1103	732	2.309E-07	58
A0A3G9HRC2	Q5REF9	30.100	157	1103	732	3.041E-07	58
A0A3G9HRC2	A0A087X1C5	23.400	442	1103	515	9.148E-07	56
A0A3G9HRC2	P07771	30.800	117	1103	348	1.710E-04	49
A0A345BJN2	Q9FG13	32.500	89	218	329	1.529E-05	48
A0A345BJN2	R4X247	35.800	89	218	374	1.195E-04	46
A0A345BJN2	R4X244	35.800	89	218	374	1.195E-04	46
A0A345BJN2	R4X4V6	35.800	89	218	374	1.195E-04	46
A0A345BJN2	R4X5P0	35.800	89	218	374	1.195E-04	46
A0A345BJN2	Q9LVB8	34.400	85	218	327	5.154E-04	44
A0A2Z5WA18	Q6AVG6	53.300	441	502	459	8.032E-144	465
A0A2Z5WA18	Q31S64	55.300	401	502	398	1.479E-140	456
A0A2Z5WA18	Q5N249	55.300	401	502	398	1.479E-140	456
A0A2Z5WA18	B7K4V8	53.600	408	502	403	6.342E-139	451
A0A2Z5WA18	B8HWD3	53.300	407	502	405	6.342E-139	451
A0A2Z5WA18	Q94B35	54.900	401	502	466	1.186E-138	450
A0A2Z5WA18	Q8DK29	54.700	407	502	402	3.717E-137	446
A0A2Z5WA18	B7KEG3	53.900	406	502	402	2.977E-135	440
A0A2Z5WA18	B0JVA7	52.900	410	502	402	7.614E-135	439
A0A2Z5WA18	B0C4N8	50.700	407	502	415	1.558E-132	432
A0A2Z5WA18	B1XPG7	53.800	401	502	403	2.913E-132	432
A0A2Z5WA18	Q3M8X6	52.800	401	502	402	5.447E-132	431
A0A2Z5WA18	B2IZV5	51.900	404	502	402	3.561E-131	428
A0A2Z5WA18	Q55643	55.700	368	502	379	8.137E-130	424
A0A2Z5WA18	Q7V329	51.600	398	502	398	1.482E-126	415
A0A2Z5WA18	A2BUP5	51.000	398	502	398	2.026E-126	415
A0A2Z5WA18	Q7U9K4	52.600	397	502	399	2.026E-126	415
A0A2Z5WA18	Q10WA8	51.800	400	502	401	2.026E-126	415
A0A2Z5WA18	Q3B080	52.100	401	502	399	7.079E-126	413
A0A2Z5WA18	A2C096	51.300	402	502	401	9.678E-126	413
A0A2Z5WA18	Q46HB0	51.300	402	502	401	9.678E-126	413
A0A2Z5WA18	A9BDN6	51.600	397	502	404	9.678E-126	413
A0A2Z5WA18	A2BP63	51.100	398	502	398	8.638E-125	410
A0A2Z5WA18	A3PAY5	51.100	398	502	398	1.614E-124	409
A0A2Z5WA18	Q7VDS2	50.900	398	502	405	2.207E-124	409
A0A2Z5WA18	Q31CR8	51.100	398	502	398	4.124E-124	408
A0A2Z5WA18	Q0IDE5	51.600	397	502	398	5.029E-123	405
A0A2Z5WA18	A5GWG3	50.200	406	502	406	9.398E-123	404
A0A2Z5WA18	Q7NG74	52.600	372	502	417	4.485E-122	402
A0A2Z5WA18	A5GIF7	49.800	397	502	399	1.108E-118	392
A0A2Z5WA18	A2CCK3	50.000	398	502	398	2.519E-117	388
A0A2Z5WA18	Q7V4T7	49.700	398	502	398	4.704E-117	387
A0A2Z5WA18	Q8RA76	29.400	346	502	288	1.068E-32	138
A0A2Z5WA18	B0K9L0	28.200	346	502	288	2.776E-30	130
A0A2Z5WA18	B0K197	28.200	346	502	288	2.776E-30	130
A0A2Z5WA18	A4SIX8	29.400	341	502	311	9.428E-27	119
A0A2Z5WA18	A6Q2R7	26.600	348	502	275	1.259E-26	119
A0A2Z5WA18	A5GE10	28.200	348	502	282	1.259E-26	119
A0A2Z5WA18	B3E441	27.600	343	502	280	3.994E-26	117
A0A2Z5WA18	A6Q7P9	27.700	346	502	277	5.330E-26	117
A0A2Z5WA18	A1TYZ2	28.200	359	502	316	5.330E-26	117
A0A2Z5WA18	Q749Y8	27.700	346	502	282	1.688E-25	115
A0A2Z5WA18	A1ANP9	27.900	343	502	280	2.251E-25	115
A0A2Z5WA18	Q9X781	29.900	343	502	332	3.002E-25	114
A0A2Z5WA18	Q8DET0	27.300	346	502	316	7.116E-25	113
A0A2Z5WA18	Q7MNM5	27.300	346	502	316	7.116E-25	113
A0A2Z5WA18	Q39XB6	26.800	346	502	282	1.265E-24	112
A0A2Z5WA18	C6E2B3	26.800	346	502	283	1.685E-24	112
A0A2Z5WA18	Q2GDX3	25.800	348	502	303	3.988E-24	111
A0A2Z5WA18	B8GQR4	28.200	344	502	310	3.988E-24	111
A0A2Z5WA18	Q7VJV5	26.300	346	502	273	5.313E-24	110
A0A2Z5WA18	Q5FFL5	28.900	346	502	328	5.313E-24	110
A0A2Z5WA18	Q3A3D3	26.800	346	502	279	7.078E-24	110
A0A2Z5WA18	A0PKQ3	29.300	343	502	332	7.078E-24	110
A0A2Z5WA18	Q5HB13	28.900	346	502	328	1.256E-23	109
A0A2Z5WA18	A0LW20	28.800	342	502	340	1.256E-23	109
A0A2Z5WA18	B9LZG4	27.200	346	502	282	1.672E-23	109
A0A2Z5WA18	B5E9S9	25.400	346	502	283	1.672E-23	109
A0A2Z5WA18	A1K4R4	27.600	362	502	312	1.672E-23	109
A0A2Z5WA18	B6ENC7	26.800	346	502	314	2.227E-23	108
A0A2Z5WA18	A4T986	29.800	343	502	333	2.227E-23	108
A0A2Z5WA18	Q6ADV0	28.300	365	502	337	3.948E-23	108
A0A2Z5WA18	A7GXB5	26.000	348	502	274	5.255E-23	107
A0A2Z5WA18	Q97I09	26.300	342	502	642	5.255E-23	107
A0A2Z5WA18	P0A5I1	28.200	343	502	335	9.311E-23	106
A0A2Z5WA18	P9WKG0	28.200	343	502	335	9.311E-23	106
A0A2Z5WA18	B9KD74	27.500	346	502	278	1.239E-22	106
A0A2Z5WA18	Q5PKI4	27.800	356	502	316	1.239E-22	106
A0A2Z5WA18	B5BLL3	27.800	356	502	316	1.239E-22	106
A0A2Z5WA18	P58678	27.800	356	502	316	1.239E-22	106
A0A2Z5WA18	Q6NI36	29.000	343	502	333	1.239E-22	106
A0A2Z5WA18	Q0S489	28.800	343	502	336	1.239E-22	106
A0A2Z5WA18	B1ZXD4	25.600	346	502	289	1.649E-22	106
A0A2Z5WA18	A5VY55	27.200	344	502	315	1.649E-22	106
A0A2Z5WA18	Q4ZYJ1	26.700	344	502	315	1.649E-22	106
A0A2Z5WA18	C1AYI4	28.800	343	502	336	1.649E-22	106
A0A2Z5WA18	Q9FBM1	29.000	343	502	338	1.649E-22	106
A0A2Z5WA18	A4W6E4	27.900	343	502	316	2.194E-22	105
A0A2Z5WA18	A3Q4N0	28.600	358	502	333	2.194E-22	105
A0A2Z5WA18	Q5YQ94	30.400	343	502	336	2.194E-22	105
A0A2Z5WA18	Q47BK8	27.200	343	502	306	2.920E-22	105
A0A2Z5WA18	Q486R1	26.100	356	502	309	2.920E-22	105
A0A2Z5WA18	B0KM87	27.200	344	502	315	2.920E-22	105
A0A2Z5WA18	Q88Q89	27.200	344	502	315	2.920E-22	105
A0A2Z5WA18	Q1I4S8	26.100	344	502	315	2.920E-22	105
A0A2Z5WA18	Q57TL2	27.500	356	502	316	3.885E-22	104
A0A2Z5WA18	B5FHE3	27.500	356	502	316	3.885E-22	104
A0A2Z5WA18	B5R1N9	27.500	356	502	316	3.885E-22	104
A0A2Z5WA18	B5RG84	27.500	356	502	316	3.885E-22	104
A0A2Z5WA18	B4TIE9	27.500	356	502	316	3.885E-22	104
A0A2Z5WA18	B5F728	27.500	356	502	316	3.885E-22	104
A0A2Z5WA18	C1DPH8	26.300	344	502	315	5.167E-22	104
A0A2Z5WA18	Q4K5U7	26.100	344	502	315	5.167E-22	104
A0A2Z5WA18	B4T6H5	27.500	356	502	316	5.167E-22	104
A0A2Z5WA18	B4TWP0	27.500	356	502	316	5.167E-22	104
A0A2Z5WA18	Q187C6	26.100	343	502	279	6.874E-22	104
A0A2Z5WA18	Q889E1	26.700	344	502	315	6.874E-22	104
A0A2Z5WA18	Q48NK3	26.300	344	502	315	6.874E-22	104
A0A2Z5WA18	Q2NVY3	26.700	344	502	316	6.874E-22	104
A0A2Z5WA18	C4K4R2	28.300	343	502	319	6.874E-22	104
A0A2Z5WA18	A1TE06	29.900	343	502	337	6.874E-22	104
A0A2Z5WA18	A7ZCD0	25.400	348	502	274	9.142E-22	103
A0A2Z5WA18	A1SZP0	26.600	372	502	314	9.142E-22	103
A0A2Z5WA18	B1JF80	26.400	344	502	315	9.142E-22	103
A0A2Z5WA18	C0Q4I9	27.200	356	502	316	9.142E-22	103
A0A2Z5WA18	Q82WM1	26.900	344	502	323	9.142E-22	103
A0A2Z5WA18	Q73WH6	28.700	343	502	332	9.142E-22	103
A0A2Z5WA18	A1UKL5	28.300	358	502	333	9.142E-22	103
A0A2Z5WA18	Q1B4H4	28.300	358	502	333	9.142E-22	103
A0A2Z5WA18	C1A2V7	28.100	343	502	337	9.142E-22	103
A0A2Z5WA18	Q82IE8	29.000	343	502	338	9.142E-22	103
A0A2Z5WA18	Q21HK6	27.100	346	502	311	1.216E-21	103
A0A2Z5WA18	A9MR43	27.000	356	502	316	1.216E-21	103
A0A2Z5WA18	C3KDX7	26.200	344	502	315	1.617E-21	102
A0A2Z5WA18	Q1CSL3	25.200	346	502	274	2.150E-21	102
A0A2Z5WA18	P65186	25.200	346	502	274	2.150E-21	102
A0A2Z5WA18	P65185	25.200	346	502	274	2.150E-21	102
A0A2Z5WA18	Q6AL80	25.800	350	502	313	2.150E-21	102
A0A2Z5WA18	B1W2D7	28.700	343	502	329	2.150E-21	102
A0A2Z5WA18	Q3K6L8	26.300	344	502	314	3.800E-21	101
A0A2Z5WA18	B5Y232	26.600	356	502	316	3.800E-21	101
A0A2Z5WA18	A6T4G3	26.600	356	502	316	3.800E-21	101
A0A2Z5WA18	A5FPY7	26.900	342	502	284	5.052E-21	101
A0A2Z5WA18	Q3ZYL6	26.900	342	502	284	5.052E-21	101
A0A2Z5WA18	Q5P224	25.500	345	502	312	5.052E-21	101
A0A2Z5WA18	Q8K9Z4	25.900	348	502	313	5.052E-21	101
A0A2Z5WA18	Q1RGH3	26.500	343	502	316	5.052E-21	101
A0A2Z5WA18	A8ALT3	26.500	343	502	316	5.052E-21	101
A0A2Z5WA18	Q895G2	25.700	344	502	635	5.052E-21	101
A0A2Z5WA18	B9L9K5	25.300	344	502	276	6.715E-21	100
A0A2Z5WA18	A1JJE4	27.100	343	502	317	8.924E-21	100
A0A2Z5WA18	Q0STT3	26.300	344	502	282	1.186E-20	100
A0A2Z5WA18	B4R8T7	26.900	344	502	314	1.186E-20	100
A0A2Z5WA18	B1IRE6	26.500	343	502	316	1.186E-20	100
A0A2Z5WA18	B7M0C5	26.500	343	502	316	1.186E-20	100
A0A2Z5WA18	A7ZVX7	26.500	343	502	316	1.186E-20	100
A0A2Z5WA18	A7FMD4	27.100	343	502	317	1.186E-20	100
A0A2Z5WA18	Q9A345	27.000	348	502	319	1.186E-20	100
A0A2Z5WA18	Q0TRF3	27.200	344	502	282	1.576E-20	99
A0A2Z5WA18	P62623	26.500	343	502	316	1.576E-20	99
A0A2Z5WA18	B7N7Q3	26.500	343	502	316	1.576E-20	99
A0A2Z5WA18	B6HYX7	26.500	343	502	316	1.576E-20	99
A0A2Z5WA18	B1LFV9	26.500	343	502	316	1.576E-20	99
A0A2Z5WA18	B7LVN5	26.500	343	502	316	1.576E-20	99
A0A2Z5WA18	B2U248	26.500	343	502	316	1.576E-20	99
A0A2Z5WA18	Q326J4	26.500	343	502	316	1.576E-20	99
A0A2Z5WA18	B7GVR1	26.300	344	502	316	1.576E-20	99
A0A2Z5WA18	Q0T8G5	26.500	343	502	316	1.576E-20	99
A0A2Z5WA18	B7IAU0	26.300	344	502	316	1.576E-20	99
A0A2Z5WA18	Q7UDT8	26.500	343	502	316	1.576E-20	99
A0A2Z5WA18	B2HZW3	26.300	344	502	316	1.576E-20	99
A0A2Z5WA18	Q3Z5Y1	26.500	343	502	316	1.576E-20	99
A0A2Z5WA18	B0VQ53	26.300	344	502	316	1.576E-20	99
A0A2Z5WA18	A3M9H2	26.300	344	502	316	1.576E-20	99
A0A2Z5WA18	B0V8K4	26.300	344	502	316	1.576E-20	99
A0A2Z5WA18	A7ZHB8	26.500	343	502	316	1.576E-20	99
A0A2Z5WA18	B7L4F1	26.500	343	502	316	1.576E-20	99
A0A2Z5WA18	P62625	26.500	343	502	316	1.576E-20	99
A0A2Z5WA18	B5YYC1	26.500	343	502	316	1.576E-20	99
A0A2Z5WA18	B7NHD3	26.500	343	502	316	1.576E-20	99
A0A2Z5WA18	C4ZPV5	26.500	343	502	316	1.576E-20	99
A0A2Z5WA18	B1XBF4	26.500	343	502	316	1.576E-20	99
A0A2Z5WA18	P62624	26.500	343	502	316	1.576E-20	99
A0A2Z5WA18	Q1C0J0	27.100	343	502	317	1.576E-20	99
A0A2Z5WA18	B2K3M9	27.100	343	502	317	1.576E-20	99
A0A2Z5WA18	P58680	27.100	343	502	317	1.576E-20	99
A0A2Z5WA18	A9R005	27.100	343	502	317	1.576E-20	99
A0A2Z5WA18	Q1CMU8	27.100	343	502	317	1.576E-20	99
A0A2Z5WA18	A4TQF0	27.100	343	502	317	1.576E-20	99
A0A2Z5WA18	Q66ES1	27.100	343	502	317	1.576E-20	99
A0A2Z5WA18	B1JKZ5	27.100	343	502	317	1.576E-20	99
A0A2Z5WA18	B5YEC2	25.000	340	502	283	2.094E-20	99
A0A2Z5WA18	A4XQV8	27.000	344	502	314	2.094E-20	99
A0A2Z5WA18	A7MIM0	26.100	356	502	316	2.094E-20	99
A0A2Z5WA18	A8G9L7	27.000	357	502	317	2.783E-20	98
A0A2Z5WA18	O67625	24.700	346	502	289	3.697E-20	98
A0A2Z5WA18	Q65RQ4	25.600	343	502	314	3.697E-20	98
A0A2Z5WA18	Q30S81	24.500	346	502	275	4.911E-20	98
A0A2Z5WA18	A0RQC4	24.600	343	502	279	4.911E-20	98
A0A2Z5WA18	Q73NQ6	26.800	340	502	289	4.911E-20	98
A0A2Z5WA18	P58675	26.900	344	502	282	6.523E-20	97
A0A2Z5WA18	B9KIX9	23.600	373	502	342	8.664E-20	97
A0A2Z5WA18	C6DF01	25.200	344	502	316	1.151E-19	96
A0A2Z5WA18	Q6AA89	28.600	343	502	323	1.151E-19	96
A0A2Z5WA18	A4QCY9	27.700	354	502	325	1.151E-19	96
A0A2Z5WA18	Q8NRM2	27.700	354	502	325	1.151E-19	96
A0A2Z5WA18	Q5PAE7	23.600	373	502	342	1.151E-19	96
A0A2Z5WA18	P58673	28.000	350	502	348	1.151E-19	96
A0A2Z5WA18	B8E2T7	25.000	343	502	283	1.528E-19	96
A0A2Z5WA18	B4UEK4	26.900	340	502	278	2.029E-19	96
A0A2Z5WA18	Q63WH0	28.100	344	502	326	2.029E-19	96
A0A2Z5WA18	Q62HM8	28.100	344	502	326	2.029E-19	96
A0A2Z5WA18	B2S9W9	26.500	350	502	346	4.749E-19	94
A0A2Z5WA18	Q57EP6	26.500	350	502	346	4.749E-19	94
A0A2Z5WA18	Q8YFR1	26.500	350	502	346	4.749E-19	94
A0A2Z5WA18	C0R4T5	24.500	369	502	309	6.304E-19	94
A0A2Z5WA18	Q6D0C6	25.600	344	502	316	6.304E-19	94
A0A2Z5WA18	Q73FQ1	24.500	344	502	309	8.367E-19	94
A0A2Z5WA18	A6WWG6	26.400	350	502	350	8.367E-19	94
A0A2Z5WA18	A8FLU3	25.400	344	502	277	1.111E-18	93
A0A2Z5WA18	P0C632	25.400	344	502	277	1.111E-18	93
A0A2Z5WA18	A1VZM8	25.400	344	502	277	1.111E-18	93
A0A2Z5WA18	Q316F5	26.300	341	502	281	1.111E-18	93
A0A2Z5WA18	Q3Z6U4	25.800	342	502	284	1.111E-18	93
A0A2Z5WA18	Q493S1	28.200	344	502	311	1.111E-18	93
A0A2Z5WA18	Q92RG2	25.900	374	502	350	1.111E-18	93
A0A2Z5WA18	B3CM01	25.800	343	502	308	1.474E-18	93
A0A2Z5WA18	A7H3F3	24.700	344	502	277	1.956E-18	93
A0A2Z5WA18	Q7N8W9	26.000	344	502	317	1.956E-18	93
A0A2Z5WA18	Q8G257	26.000	345	502	346	1.956E-18	93
A0A2Z5WA18	A8F7S0	24.800	346	502	278	3.444E-18	92
A0A2Z5WA18	Q5GTN6	25.000	343	502	309	3.444E-18	92
A0A2Z5WA18	B9JAQ2	26.800	351	502	335	4.569E-18	91
A0A2Z5WA18	B1YL84	25.500	342	502	315	6.062E-18	91
A0A2Z5WA18	Q0BYQ0	26.500	345	502	315	6.062E-18	91
A0A2Z5WA18	A1URX2	26.900	348	502	349	6.062E-18	91
A0A2Z5WA18	Q1LSS7	26.700	343	502	313	1.067E-17	90
A0A2Z5WA18	Q83MR9	28.000	345	502	322	1.067E-17	90
A0A2Z5WA18	A9IQQ9	25.200	350	502	351	1.067E-17	90
A0A2Z5WA18	Q83NB2	27.700	345	502	313	1.415E-17	90
A0A2Z5WA18	Q985W3	25.000	370	502	336	1.415E-17	90
A0A2Z5WA18	Q6G0C9	25.300	348	502	340	1.415E-17	90
A0A2Z5WA18	Q5L5D3	25.000	353	502	309	1.877E-17	89
A0A2Z5WA18	B3PSB9	27.200	350	502	333	1.877E-17	89
A0A2Z5WA18	Q1MKH8	27.400	350	502	333	1.877E-17	89
A0A2Z5WA18	A7HCQ8	26.000	342	502	283	2.489E-17	89
A0A2Z5WA18	Q822D9	25.700	342	502	309	4.376E-17	88
A0A2Z5WA18	C5B7M7	26.300	358	502	317	4.376E-17	88
A0A2Z5WA18	B5ZSV9	26.900	350	502	333	4.376E-17	88
A0A2Z5WA18	B7JBD6	25.700	344	502	316	5.803E-17	88
A0A2Z5WA18	B5ERJ7	25.700	344	502	316	5.803E-17	88
A0A2Z5WA18	A6TRF9	26.000	342	502	280	7.694E-17	87
A0A2Z5WA18	C4L3Z5	26.200	344	502	317	7.694E-17	87
A0A2Z5WA18	Q6MC97	25.200	348	502	313	1.352E-16	87
A0A2Z5WA18	Q8D2R2	25.400	343	502	315	1.352E-16	87
A0A2Z5WA18	A1B842	25.800	341	502	316	1.352E-16	87
A0A2Z5WA18	Q11KC7	24.800	373	502	334	1.352E-16	87
A0A2Z5WA18	Q6G4C5	27.200	346	502	343	2.376E-16	86
A0A2Z5WA18	B8J3G9	24.700	340	502	286	3.149E-16	85
A0A2Z5WA18	Q5FAF2	24.400	342	502	322	3.149E-16	85
A0A2Z5WA18	B4RPZ2	24.400	342	502	322	3.149E-16	85
A0A2Z5WA18	C4XUD2	24.800	341	502	286	4.174E-16	85
A0A2Z5WA18	P65191	24.700	342	502	322	9.713E-16	84
A0A2Z5WA18	P65192	24.700	342	502	322	9.713E-16	84
A0A2Z5WA18	A1KS64	24.700	342	502	322	9.713E-16	84
A0A2Z5WA18	A1VHK1	26.100	335	502	290	1.287E-15	83
A0A2Z5WA18	Q255J4	24.700	353	502	309	1.705E-15	83
A0A2Z5WA18	B2VH04	25.600	344	502	317	2.259E-15	83
A0A2Z5WA18	Q72G08	25.500	335	502	290	2.993E-15	82
A0A2Z5WA18	A9M1J9	24.700	342	502	322	9.215E-15	81
A0A2Z5WA18	Q9X1F7	24.200	343	502	275	6.580E-14	78
A0A2Z5WA18	A9BGS3	24.300	351	502	284	6.580E-14	78
A0A2Z5WA18	B1LBI2	24.800	343	502	275	8.712E-14	78
A0A2Z5WA18	B9K8E2	22.000	355	502	279	1.527E-13	77
A0A2Z5WA18	B9E6U8	26.400	337	502	322	1.527E-13	77
A0A2Z5WA18	B8DMK7	24.500	348	502	281	2.021E-13	76
A0A2Z5WA18	O83558	23.200	341	502	376	6.204E-13	75
A0A2Z5WA18	B2S3D9	23.200	341	502	376	6.204E-13	75
A0A2Z5WA18	C1KV98	25.900	337	502	331	1.265E-10	67
A0A2Z5WA18	B3EM42	22.200	340	502	325	1.262E-06	54
A0A2Z5WA18	Q3AT23	21.300	343	502	328	1.262E-06	54
A0A2Z5WA18	B3EFF5	21.400	343	502	324	1.171E-05	51
P0DPK1	B1INP5	31.500	1305	1306	1291	2.724E-161	548
P0DPK1	P10844	31.500	1305	1306	1291	2.724E-161	548
P0DPK1	P04958	30.400	1315	1306	1315	1.027E-159	544
P0DPK1	Q60393	31.600	1305	1306	1297	8.868E-156	532
P0DPK1	Q45894	30.700	1301	1306	1296	5.141E-147	505
P0DPK1	P10845	30.700	1301	1306	1296	1.544E-144	498
P0DPK1	P30996	28.700	1305	1306	1274	1.203E-137	477
P0DPK1	P30995	29.800	1301	1306	1251	3.798E-134	466
P0DPK1	P19321	28.700	1305	1306	1276	1.006E-132	462
P0DPK1	Q00496	29.300	1302	1306	1251	4.459E-132	460
P0DPK1	P18640	28.800	1301	1306	1291	1.364E-128	449
P9WEV6	A2PZA5	36.300	728	728	719	5.654E-135	450
P9WEV6	C9K2Q3	36.600	728	728	697	7.709E-135	449
P9WEV6	A0A1B4XBK0	55.200	314	728	533	8.002E-99	343
P9WEV6	B2DBE8	44.800	302	728	389	1.503E-71	261
P9WEV6	S0E627	44.900	294	728	393	6.555E-68	250
P9WEV6	Q92236	40.500	296	728	418	4.585E-61	229
P9WEV6	Q9C446	40.100	308	728	371	2.874E-59	224
P9WEV6	P24322	42.100	266	728	433	8.139E-56	213
P9WEV6	Q9P885	43.200	275	728	303	1.963E-55	212
P9WEV6	B2DBE9	38.200	296	728	424	2.048E-54	209
P9WEV6	Q6F5E6	40.500	291	728	343	6.849E-53	204
P9WEV6	Q54BK1	38.500	270	728	303	5.760E-48	189
P9WEV6	O95749	36.900	276	728	300	1.832E-47	187
P9WEV6	Q6F596	36.900	276	728	300	3.266E-47	186
P9WEV6	Q9WTN0	36.500	276	728	300	1.847E-46	184
P9WEV6	Q12051	34.400	300	728	335	2.344E-40	165
P9WEV6	Q758K0	34.000	221	728	320	1.439E-34	146
P9WEV6	P95999	29.700	233	728	332	7.568E-14	79
P9WEV6	P0AD57	27.500	252	728	323	2.293E-13	77
P9WEV6	P0AD58	27.500	252	728	323	2.293E-13	77
P9WEV6	Q8PW34	27.500	222	728	324	1.595E-12	74
P9WEV6	P44916	27.000	216	728	329	2.104E-12	74
P9WEV6	P39464	24.300	235	728	330	3.356E-11	70
P9WEV6	O24743	28.500	247	728	325	7.701E-11	69
P9WEV6	Q8S948	24.000	233	728	406	3.074E-10	67
P9WEV6	Q76FS5	22.900	233	728	417	3.074E-10	67
P9WEV6	Q3IPL1	24.700	228	728	341	9.301E-10	65
P9WEV6	Q75HZ9	23.600	247	728	403	1.227E-09	65
P9WEV6	Q0INZ4	23.900	244	728	372	1.618E-09	64
P9WEV6	Q97W92	30.200	161	728	281	8.511E-09	62
P9WEV6	O66129	23.200	247	728	325	1.122E-08	62
P9WEV6	O59703	30.300	195	728	351	1.480E-08	61
P9WEV6	Q92235	25.800	275	728	347	2.574E-08	61
P9WEV6	Q653T6	20.400	238	728	430	5.902E-08	59
P9WEV6	Q43315	28.100	229	728	342	2.353E-07	57
P9WEV6	Q08291	24.600	204	728	297	5.395E-07	56
P9WEV6	Q5HZ00	21.400	251	728	422	5.395E-07	56
P9WEV6	Q9LJY2	28.200	191	728	344	9.380E-07	55
P9WEV6	Q54VJ9	24.700	268	728	456	9.380E-07	55
P9WEV6	P55785	22.700	182	728	320	1.237E-06	55
P9WEV6	A8NU13	24.300	159	728	345	2.150E-06	54
P9WEV6	Q9UR08	23.700	253	728	320	2.835E-06	54
P9WEV6	O14230	24.200	232	728	347	3.738E-06	53
P9WEV6	Q09152	25.000	229	728	384	8.568E-06	52
P9WEV6	Q33DR2	24.400	247	728	409	1.130E-05	52
P9WEV6	P49353	26.400	231	728	350	1.489E-05	51
P9WEV6	Q92250	25.100	249	728	347	3.413E-05	50
P9WEV6	Q9SLG2	26.500	177	728	372	3.413E-05	50
P9WEV6	Q5T2R2	24.300	198	728	415	5.933E-05	49
P9WEV6	O22043	26.800	194	728	336	1.792E-04	48
P9WEV6	Q8PYS1	25.700	187	728	295	2.363E-04	48
P9WEV6	P21684	25.400	254	728	302	3.115E-04	47
P9WEV6	P49351	25.200	186	728	342	3.115E-04	47
P9WEV6	O24241	25.300	230	728	342	4.107E-04	47
A0A6G9KIF9	P47125	33.800	426	410	453	3.438E-67	238
A0A6G9KIF9	Q9ERD9	32.500	404	410	407	1.098E-50	189
A0A6G9KIF9	P28776	32.500	404	410	407	8.085E-49	184
A0A6G9KIF9	P14902	31.000	390	410	403	6.840E-46	175
A0A2I6PJ05	Q92236	65.200	377	384	418	4.088E-167	526
A0A2I6PJ05	P24322	66.600	382	384	433	2.210E-164	518
A0A2I6PJ05	Q6F5E6	56.000	329	384	343	1.068E-120	392
A0A2I6PJ05	B2DBE9	53.900	347	384	424	2.001E-120	391
A0A2I6PJ05	Q9P885	58.900	263	384	303	2.630E-102	339
A0A2I6PJ05	Q9C446	54.200	291	384	371	3.227E-101	336
A0A2I6PJ05	O95749	52.000	290	384	300	7.983E-95	317
A0A2I6PJ05	Q6F596	52.000	290	384	300	1.493E-94	316
A0A2I6PJ05	Q9WTN0	51.300	290	384	300	3.417E-93	312
A0A2I6PJ05	Q54BK1	51.300	267	384	303	1.552E-86	293
A0A2I6PJ05	Q758K0	42.300	281	384	320	9.260E-72	250
A0A2I6PJ05	Q12051	40.200	308	384	335	8.744E-69	241
A0A2I6PJ05	S0E627	38.000	292	384	393	2.320E-61	220
A0A2I6PJ05	B2DBE8	37.600	303	384	389	2.903E-58	211
A0A2I6PJ05	A0A1B4XBK0	35.100	347	384	533	2.539E-57	208
A0A2I6PJ05	A2PZA5	36.100	308	384	719	2.218E-56	205
A0A2I6PJ05	C9K2Q3	35.000	271	384	697	2.889E-47	178
A0A2I6PJ05	P39464	25.400	277	384	330	2.997E-19	94
A0A2I6PJ05	Q8PW34	26.800	230	384	324	4.012E-19	93
A0A2I6PJ05	P95999	25.800	272	384	332	5.518E-18	90
A0A2I6PJ05	P0AD57	27.500	227	384	323	1.319E-17	89
A0A2I6PJ05	P0AD58	27.500	227	384	323	1.319E-17	89
A0A2I6PJ05	Q3IPL1	24.900	309	384	341	3.149E-17	87
A0A2I6PJ05	Q5HZ00	24.000	311	384	422	7.554E-14	77
A0A2I6PJ05	P44916	29.500	173	384	329	2.375E-13	75
A0A2I6PJ05	Q76FS5	24.400	269	384	417	2.375E-13	75
A0A2I6PJ05	Q8S948	25.200	269	384	406	4.208E-13	74
A0A2I6PJ05	Q75HZ9	24.300	259	384	403	5.601E-13	74
A0A2I6PJ05	Q0INZ4	25.000	251	384	372	9.917E-13	73
A0A2I6PJ05	O24743	26.200	225	384	325	1.319E-12	73
A0A2I6PJ05	P55785	21.500	262	384	320	4.025E-11	68
A0A2I6PJ05	Q653T6	22.300	322	384	430	4.025E-11	68
A0A2I6PJ05	Q5T2R2	25.200	262	384	415	1.254E-10	66
A0A2I6PJ05	O66129	24.000	245	384	325	1.665E-10	66
A0A2I6PJ05	Q54VJ9	25.000	279	384	456	2.211E-10	66
A0A2I6PJ05	Q97W92	25.400	239	384	281	6.871E-10	64
A0A2I6PJ05	Q33DR2	24.400	244	384	409	2.830E-09	62
A0A2I6PJ05	Q9LJY2	28.600	197	384	344	6.609E-09	61
A0A2I6PJ05	P22939	26.600	211	384	299	8.767E-09	61
A0A2I6PJ05	Q08291	25.500	212	384	297	1.111E-07	57
A0A2I6PJ05	Q9SLG2	27.200	206	384	372	1.111E-07	57
A0A2I6PJ05	O66952	24.300	222	384	262	2.589E-07	56
A0A2I6PJ05	O22043	29.200	182	384	336	4.546E-07	55
A0A2I6PJ05	Q8PYS1	27.800	138	384	295	6.025E-07	55
A0A2I6PJ05	P14324	26.300	252	384	419	1.058E-06	54
A0A2I6PJ05	P55539	32.000	103	384	332	1.401E-06	53
A0A2I6PJ05	O04046	28.400	177	384	376	1.857E-06	53
A0A2I6PJ05	Q9LUD9	27.400	180	384	360	3.258E-06	52
A0A2I6PJ05	Q9LUE1	27.400	180	384	360	3.258E-06	52
A0A2I6PJ05	P80042	27.100	216	384	369	3.258E-06	52
A0A2I6PJ05	P34802	25.100	198	384	371	5.717E-06	51
A0A2I6PJ05	P21684	30.200	181	384	302	3.084E-05	49
A0A2I6PJ05	Q8WMY2	25.700	225	384	353	5.406E-05	48
A0A2I6PJ05	Q92235	26.200	249	384	347	7.156E-05	48
A0A2I6PJ05	Q9LRR0	25.800	180	384	361	1.254E-04	47
A0A2I6PJ05	O14230	23.900	273	384	347	2.198E-04	46
A0A2I6PJ05	Q9ZU77	28.300	178	384	347	2.198E-04	46
A0A2I6PJ05	Q42698	27.000	177	384	357	2.198E-04	46
A0A2I6PJ05	Q9LHR4	25.800	180	384	360	2.909E-04	46
A0A2I6PJ05	P05369	24.700	252	384	353	3.850E-04	46
A0A2I6PJ05	O59703	24.100	246	384	351	5.095E-04	45
A0A2I6PJ05	Q92250	23.400	244	384	347	6.743E-04	45
A0A2I6PJ05	Q920E5	24.100	250	384	353	6.743E-04	45
A0A2I6PJ05	Q94ID7	25.200	194	384	370	6.743E-04	45
P0DQD1	A6MEY4	93.300	30	30	145	5.711E-16	70
P0DQD1	P14411	83.300	30	30	135	1.188E-12	61
P0DQD1	P00627	76.600	30	30	135	2.248E-12	60
P0DQD1	P00628	80.000	30	30	135	3.091E-12	60
P0DQD1	P00629	80.000	30	30	135	3.091E-12	60
P0DQD1	Q90WA7	80.000	30	30	145	3.091E-12	60
P0DQD1	Q6SLM0	66.600	30	30	137	1.324E-09	52
P0DQD1	P00606	66.600	30	30	145	1.822E-09	52
P0DQD1	Q9DF52	70.000	30	30	145	1.822E-09	52
P0DQD1	Q6SLM1	63.300	30	30	137	1.704E-08	49
P0DQD1	Q8UW31	59.300	32	30	152	6.116E-08	48
P0DQD1	P59067	62.500	32	30	62	8.420E-08	47
P0DQD1	P59068	62.500	32	30	57	2.197E-07	46
P0DQD1	P20258	62.500	32	30	117	2.197E-07	46
P0DQD1	P81166	56.600	30	30	118	4.166E-07	45
P0DQD1	Q6SLM2	56.600	30	30	137	4.166E-07	45
P0DQD1	P08873	59.300	32	30	145	1.088E-06	44
P0DQD1	P81167	53.300	30	30	118	3.915E-06	42
P0DQD1	P21790	55.500	27	30	27	5.393E-06	42
P0DQD1	P81237	56.200	32	30	118	7.429E-06	42
P0DQD1	P08872	56.200	32	30	144	7.429E-06	42
P0DQD1	Q9PUH9	56.200	32	30	147	7.429E-06	42
P0DQD1	Q9PUI0	56.200	32	30	147	7.429E-06	42
P0DQD1	P0CAT1	53.500	28	30	29	1.024E-05	41
P0DQD1	P20259	53.100	32	30	117	1.024E-05	41
P0DQD1	P60045	58.000	31	30	126	1.024E-05	41
P0DQD1	Q7T2Q5	56.200	32	30	147	1.024E-05	41
P0DQD1	P04057	50.000	32	30	118	1.410E-05	41
P0DQD1	P20257	50.000	32	30	118	1.410E-05	41
P0DQD1	P25498	54.800	31	30	119	1.410E-05	41
P0DQD1	A4FS04	58.000	31	30	119	1.410E-05	41
P0DQD1	P00600	58.000	31	30	119	1.943E-05	40
P0DQD1	Q9PSN5	56.200	32	30	125	1.943E-05	40
P0DQD1	Q9PUH7	56.200	32	30	144	1.943E-05	40
P0DQD1	Q9PUH5	56.200	32	30	145	1.943E-05	40
P0DQD1	P00611	53.100	32	30	145	1.943E-05	40
P0DQD1	Q92085	61.200	31	30	146	1.943E-05	40
P0DQD1	Q92086	61.200	31	30	146	1.943E-05	40
P0DQD1	Q91133	58.000	31	30	146	1.943E-05	40
P0DQD1	P00598	58.000	31	30	146	1.943E-05	40
P0DQD1	Q45Z27	56.200	32	30	151	1.943E-05	40
P0DQD1	Q45Z26	56.200	32	30	151	1.943E-05	40
P0DQD1	Q45Z25	56.200	32	30	151	1.943E-05	40
P0DQD1	Q45Z29	56.200	32	30	151	1.943E-05	40
P0DQD1	Q45Z28	56.200	32	30	151	1.943E-05	40
P0DQD1	Q45Z30	56.200	32	30	151	1.943E-05	40
P0DQD1	P85060	56.600	30	30	30	2.677E-05	40
P0DQD1	P84736	56.200	32	30	50	2.677E-05	40
P0DQD1	Q9I900	58.000	31	30	146	2.677E-05	40
P0DQD1	P00596	58.000	31	30	146	2.677E-05	40
P0DQD1	Q6T179	54.800	31	30	126	3.689E-05	40
P0DQD1	Q9PUG8	55.100	29	30	152	3.689E-05	40
P0DQD1	Q9PUG7	55.100	29	30	152	3.689E-05	40
P0DQD1	P00595	54.800	31	30	119	5.084E-05	39
P0DQD1	P59070	56.200	32	30	48	7.006E-05	39
P0DQD1	P20252	53.100	32	30	118	7.006E-05	39
P0DQD1	P24644	56.200	32	30	38	9.656E-05	38
P0DQD1	P00601	54.800	31	30	119	9.656E-05	38
P0DQD1	Q9PRG0	53.100	32	30	145	9.656E-05	38
P0DQD1	P59359	53.100	32	30	145	9.656E-05	38
P0DQD1	Q9PUH8	53.100	32	30	147	9.656E-05	38
P0DQD1	P00605	54.800	31	30	118	1.331E-04	38
P0DQD1	P04056	53.100	32	30	118	1.331E-04	38
P0DQD1	P00603	54.800	31	30	118	1.331E-04	38
P0DQD1	P20256	53.100	32	30	118	1.331E-04	38
P0DQD1	P00602	54.800	31	30	118	1.331E-04	38
P0DQD1	P00599	54.800	31	30	118	1.331E-04	38
P0DQD1	P00604	54.800	31	30	118	1.331E-04	38
P0DQD1	P20255	53.100	32	30	118	1.331E-04	38
P0DQD1	P14556	54.800	31	30	118	1.331E-04	38
P0DQD1	P07037	54.800	31	30	119	1.331E-04	38
P0DQD1	Q4VRI5	46.800	32	30	154	1.331E-04	38
P0DQD1	P60043	54.800	31	30	126	1.835E-04	38
P0DQD1	P21791	46.400	28	30	28	2.529E-04	37
P0DQD1	P21792	50.000	28	30	28	2.529E-04	37
P0DQD1	Q910A0	54.800	31	30	138	2.529E-04	37
P0DQD1	P20250	53.100	32	30	117	3.487E-04	37
P0DQD1	P20251	53.100	32	30	118	3.487E-04	37
P0DQD1	Q5G291	51.600	31	30	125	3.487E-04	37
P0DQD1	P0DKU4	55.100	29	30	30	4.807E-04	36
P0DQD1	P0DKU3	55.100	29	30	30	4.807E-04	36
P0DQD1	P24645	53.100	32	30	38	4.807E-04	36
P0DQD1	P00622	50.000	30	30	121	4.807E-04	36
P0DQD1	P10116	46.800	32	30	118	6.629E-04	36
P0DQD1	P20253	46.800	32	30	118	6.629E-04	36
A0A384XHA3	O93967	60.300	718	727	740	1.008E-270	844
A0A384XHA3	Q96V77	47.600	677	727	724	5.972E-173	561
A0A384XHA3	P11544	44.300	725	727	716	4.566E-163	532
A0A384XHA3	P10248	42.300	725	727	713	8.093E-155	508
A0A384XHA3	A0A0U1LSP0	42.000	532	727	997	5.447E-117	397
A0A384XHA3	P52777	35.000	706	727	754	9.246E-106	364
A0A384XHA3	P45724	33.500	709	727	717	1.974E-100	348
A0A384XHA3	P35510	34.000	718	727	725	4.222E-99	344
A0A384XHA3	P45725	34.400	684	727	694	9.012E-98	340
A0A384XHA3	Q9SMK9	37.500	554	727	718	3.064E-97	338
A0A384XHA3	Q68G84	39.800	527	727	687	4.160E-97	338
A0A384XHA3	P14717	33.800	678	727	701	5.649E-97	338
A0A384XHA3	P27990	34.800	636	727	725	7.670E-97	337
A0A384XHA3	O49836	39.900	502	727	705	1.041E-96	337
A0A384XHA3	P27991	39.200	502	727	713	1.041E-96	337
A0A384XHA3	Q9SS45	33.700	684	727	707	3.538E-96	335
A0A384XHA3	Q01861	34.700	645	727	723	4.803E-96	335
A0A384XHA3	P45733	39.800	502	727	712	8.853E-96	334
A0A384XHA3	Q6GZ04	39.400	527	727	698	1.202E-95	334
A0A384XHA3	P45734	34.600	677	727	725	1.202E-95	334
A0A384XHA3	O23924	37.300	550	727	713	2.214E-95	333
A0A384XHA3	P25872	39.300	502	727	715	3.006E-95	332
A0A384XHA3	O64963	38.800	502	727	717	3.006E-95	332
A0A384XHA3	O23865	38.900	502	727	708	5.538E-95	332
A0A384XHA3	P26600	38.700	502	727	721	2.551E-94	330
A0A384XHA3	P45730	38.700	502	727	715	3.462E-94	329
A0A384XHA3	Q42667	36.200	554	727	722	3.462E-94	329
A0A384XHA3	Q42858	39.300	520	727	708	4.698E-94	329
A0A384XHA3	P35513	39.400	502	727	712	4.698E-94	329
A0A384XHA3	A2X7F7	35.200	629	727	713	2.162E-93	327
A0A384XHA3	Q8VXG7	34.900	627	727	703	2.934E-93	327
A0A384XHA3	Q0DZE0	35.200	629	727	713	3.981E-93	326
A0A384XHA3	P45729	37.000	546	727	718	3.981E-93	326
A0A384XHA3	P31425	40.100	475	727	720	3.981E-93	326
A0A384XHA3	P45726	37.700	545	727	714	5.402E-93	326
A0A384XHA3	P45728	39.000	500	727	716	5.402E-93	326
A0A384XHA3	P35511	38.700	502	727	704	7.329E-93	325
A0A384XHA3	P24481	39.000	500	727	716	7.329E-93	325
A0A384XHA3	P31426	38.100	502	727	590	9.944E-93	325
A0A384XHA3	Q04593	38.000	518	727	724	2.484E-92	324
A0A384XHA3	Q42609	38.200	502	727	703	4.571E-92	323
A0A384XHA3	O04058	38.600	502	727	667	1.141E-91	322
A0A384XHA3	Q43210	32.300	708	727	700	3.863E-91	320
A0A384XHA3	P14166	38.600	500	727	707	2.750E-89	315
A0A384XHA3	P45731	36.700	520	727	682	1.436E-87	310
A0A384XHA3	Q43052	35.000	536	727	710	1.858E-85	303
A0A384XHA3	P45727	39.800	460	727	620	3.230E-83	297
A0A384XHA3	Q40910	37.200	532	727	571	1.470E-82	295
A0A384XHA3	P07218	36.300	461	727	506	7.613E-66	244
A0A384XHA3	Q92195	76.700	142	727	142	1.026E-61	231
A0A384XHA3	B2J528	33.400	486	727	569	7.257E-58	220
A0A384XHA3	Q3J289	32.600	456	727	507	1.251E-51	200
A0A384XHA3	P45735	45.800	230	727	416	9.611E-51	198
A0A384XHA3	Q7NCB3	31.500	484	727	514	2.300E-50	196
A0A384XHA3	B9KSW6	31.800	456	727	507	2.350E-49	193
A0A384XHA3	C1CWB4	30.800	490	727	499	1.339E-48	191
A0A384XHA3	Q9KSQ4	32.800	439	727	511	1.339E-48	191
A0A384XHA3	B8J950	31.700	485	727	508	1.789E-48	190
A0A384XHA3	B4UC43	31.700	485	727	508	1.789E-48	190
A0A384XHA3	Q2IIV4	31.300	485	727	508	2.391E-48	190
A0A384XHA3	Q1LRV9	30.500	484	727	533	2.391E-48	190
A0A384XHA3	B5XIY2	28.900	558	727	513	7.612E-48	188
A0A384XHA3	B1KP55	32.600	453	727	510	1.017E-47	188
A0A384XHA3	Q5LRD8	31.200	483	727	512	1.017E-47	188
A0A384XHA3	A8AZ70	29.300	538	727	513	1.017E-47	188
A0A384XHA3	A9GFW6	30.300	462	727	514	2.421E-47	187
A0A384XHA3	A3CL24	29.200	538	727	513	3.233E-47	186
A0A384XHA3	P58083	29.100	558	727	513	3.233E-47	186
A0A384XHA3	A2RGS5	28.900	558	727	513	3.233E-47	186
A0A384XHA3	B5ETN1	31.900	452	727	510	4.316E-47	186
A0A384XHA3	P0DB74	28.900	558	727	513	4.316E-47	186
A0A384XHA3	Q5X9K4	28.900	558	727	513	4.316E-47	186
A0A384XHA3	Q8NZ46	28.700	558	727	513	4.316E-47	186
A0A384XHA3	P0DB75	28.900	558	727	513	4.316E-47	186
A0A384XHA3	Q89GV3	32.600	466	727	519	4.316E-47	186
A0A384XHA3	A8MF64	30.300	461	727	507	5.762E-47	186
A0A384XHA3	A4YNK7	31.500	453	727	515	5.762E-47	186
A0A384XHA3	Q6AKP3	30.600	488	727	512	1.370E-46	184
A0A384XHA3	Q8GMG0	30.300	469	727	539	1.370E-46	184
A0A384XHA3	Q5E0C6	32.300	437	727	510	1.829E-46	184
A0A384XHA3	Q1D6R1	31.900	437	727	508	5.798E-46	183
A0A384XHA3	A8HA91	31.300	453	727	510	7.735E-46	182
A0A384XHA3	A5EQB7	31.400	452	727	515	7.735E-46	182
A0A384XHA3	Q8DA21	31.400	452	727	513	1.377E-45	181
A0A384XHA3	Q93TX3	32.400	437	727	510	1.836E-45	181
A0A384XHA3	Q6LQ56	28.500	541	727	510	2.449E-45	181
A0A384XHA3	Q8EKJ4	30.900	453	727	513	2.449E-45	181
A0A384XHA3	Q7MK58	31.400	452	727	513	2.449E-45	181
A0A384XHA3	A6TSX0	29.000	461	727	507	4.356E-45	180
A0A384XHA3	A1AZX9	32.300	442	727	513	5.808E-45	179
A0A384XHA3	Q87Q77	32.700	425	727	511	7.744E-45	179
A0A384XHA3	A8G1S5	31.500	453	727	510	1.033E-44	179
A0A384XHA3	B8CGY5	30.900	453	727	510	4.346E-44	177
A0A384XHA3	Q5L310	31.000	437	727	504	1.370E-43	175
A0A384XHA3	Q7P188	30.500	453	727	510	1.370E-43	175
A0A384XHA3	Q8U8Z7	30.900	425	727	514	1.826E-43	175
A0A384XHA3	B0R544	30.600	435	727	525	1.826E-43	175
A0A384XHA3	Q9HQD5	30.600	435	727	525	1.826E-43	175
A0A384XHA3	B1YT80	30.100	461	727	507	2.432E-43	174
A0A384XHA3	O31197	30.800	432	727	511	4.316E-43	173
A0A384XHA3	Q11E18	30.600	465	727	511	5.749E-43	173
A0A384XHA3	Q0BDK6	29.900	461	727	507	7.656E-43	173
A0A384XHA3	A9AGP7	30.600	464	727	506	1.020E-42	172
A0A384XHA3	Q5PG61	31.800	416	727	506	1.020E-42	172
A0A384XHA3	B5BC34	31.800	416	727	506	1.020E-42	172
A0A384XHA3	Q82I33	30.600	479	727	512	1.020E-42	172
A0A384XHA3	A9MJE9	31.700	430	727	506	1.358E-42	172
A0A384XHA3	Q9KWE4	31.200	423	727	511	1.808E-42	171
A0A384XHA3	B9JDC0	31.000	423	727	511	2.407E-42	171
A0A384XHA3	Q54JI7	28.600	492	727	539	2.407E-42	171
A0A384XHA3	B5FP58	31.600	416	727	506	3.205E-42	171
A0A384XHA3	B5QX62	31.600	416	727	506	3.205E-42	171
A0A384XHA3	B5R758	31.600	416	727	506	3.205E-42	171
A0A384XHA3	B4SZJ4	31.600	416	727	506	3.205E-42	171
A0A384XHA3	C0PWX9	31.600	416	727	506	3.205E-42	171
A0A384XHA3	B4TQT6	31.600	416	727	506	3.205E-42	171
A0A384XHA3	Q8ZQQ9	31.600	416	727	506	3.205E-42	171
A0A384XHA3	Q73Q56	27.500	509	727	507	3.205E-42	171
A0A384XHA3	Q1BHY5	28.300	466	727	507	4.267E-42	170
A0A384XHA3	A0K8U6	28.300	466	727	507	4.267E-42	170
A0A384XHA3	Q02ER8	33.500	419	727	509	4.267E-42	170
A0A384XHA3	B1JV50	28.300	466	727	507	5.680E-42	170
A0A384XHA3	B4EDX5	29.600	435	727	507	5.680E-42	170
A0A384XHA3	B7V3J1	31.900	419	727	509	5.680E-42	170
A0A384XHA3	Q9HU85	31.900	419	727	509	5.680E-42	170
A0A384XHA3	Q8VMR3	30.600	428	727	512	5.680E-42	170
A0A384XHA3	A9H863	29.700	441	727	515	5.680E-42	170
A0A384XHA3	B2T2Y2	30.300	435	727	507	7.561E-42	169
A0A384XHA3	A1STQ3	31.400	436	727	510	7.561E-42	169
A0A384XHA3	A9MTJ1	31.400	416	727	506	1.006E-41	169
A0A384XHA3	A4JG46	29.600	435	727	507	1.006E-41	169
A0A384XHA3	P24221	30.300	494	727	514	1.006E-41	169
A0A384XHA3	A4IK90	30.100	437	727	504	1.339E-41	169
A0A384XHA3	C5D4K1	29.600	459	727	508	1.339E-41	169
A0A384XHA3	Q7N296	28.700	514	727	514	1.339E-41	169
A0A384XHA3	B2SD96	31.500	425	727	511	1.782E-41	168
A0A384XHA3	Q2YIL6	31.500	425	727	511	1.782E-41	168
A0A384XHA3	Q579E8	31.500	425	727	511	1.782E-41	168
A0A384XHA3	B9K288	30.100	432	727	512	1.782E-41	168
A0A384XHA3	Q8YD09	29.900	474	727	925	1.782E-41	168
A0A384XHA3	Q1IRT8	30.400	437	727	516	2.372E-41	168
A0A384XHA3	Q57RG6	31.400	416	727	506	3.156E-41	168
A0A384XHA3	Q67JH4	30.800	433	727	507	3.156E-41	168
A0A384XHA3	A9WVU3	31.300	425	727	511	3.156E-41	168
A0A384XHA3	A9IVW5	31.200	425	727	512	3.156E-41	168
A0A384XHA3	B0UQ15	30.200	534	727	513	3.156E-41	168
A0A384XHA3	Q5NZX8	30.800	448	727	526	3.156E-41	168
A0A384XHA3	Q8Z896	31.400	416	727	506	4.200E-41	167
A0A384XHA3	A3MLT7	28.800	505	727	507	4.200E-41	167
A0A384XHA3	A2SA96	28.800	505	727	507	4.200E-41	167
A0A384XHA3	Q62LJ6	28.800	505	727	507	4.200E-41	167
A0A384XHA3	A3NXA3	28.800	505	727	507	4.200E-41	167
A0A384XHA3	A3NBH0	28.800	505	727	507	4.200E-41	167
A0A384XHA3	Q63SH6	28.800	505	727	507	4.200E-41	167
A0A384XHA3	B5XZ79	33.200	419	727	508	5.587E-41	167
A0A384XHA3	B0SYU6	31.300	473	727	511	5.587E-41	167
A0A384XHA3	Q2RUU3	31.000	422	727	514	5.587E-41	167
A0A384XHA3	B5F069	31.400	416	727	506	7.433E-41	166
A0A384XHA3	Q1Q9E4	30.700	451	727	520	7.433E-41	166
A0A384XHA3	Q0VZ68	30.200	482	727	531	7.433E-41	166
A0A384XHA3	P58082	31.400	445	727	509	9.888E-41	166
A0A384XHA3	Q3IWB0	29.900	486	727	523	9.888E-41	166
A0A384XHA3	Q8FVB4	31.000	425	727	511	1.749E-40	165
A0A384XHA3	A7ZAE4	30.200	432	727	512	1.749E-40	165
A0A384XHA3	A6T6L1	32.800	419	727	508	2.327E-40	165
A0A384XHA3	A1JSW6	31.700	419	727	507	3.094E-40	164
A0A384XHA3	Q664B8	31.200	419	727	510	3.094E-40	164
A0A384XHA3	Q8ZA10	31.000	419	727	510	4.115E-40	164
A0A384XHA3	A9MCL0	30.800	425	727	511	5.472E-40	164
A0A384XHA3	Q162E2	29.600	425	727	513	5.472E-40	164
A0A384XHA3	P21310	31.100	421	727	510	7.275E-40	163
A0A384XHA3	Q8RDU4	29.700	459	727	511	9.673E-40	163
A0A384XHA3	Q3KJE6	30.700	419	727	510	1.286E-39	162
A0A384XHA3	Q9KBE6	27.400	530	727	511	1.286E-39	162
A0A384XHA3	Q6FZP9	30.600	425	727	512	1.286E-39	162
A0A384XHA3	Q5FRR8	30.100	417	727	515	1.286E-39	162
A0A384XHA3	Q8RFC2	28.500	454	727	516	1.709E-39	162
A0A384XHA3	A5WDR1	30.600	451	727	519	1.709E-39	162
A0A384XHA3	A4W8B5	29.200	431	727	506	3.020E-39	161
A0A384XHA3	B7JI80	30.000	430	727	505	4.014E-39	161
A0A384XHA3	Q88CZ7	30.600	421	727	510	4.014E-39	161
A0A384XHA3	Q6G3U8	30.300	425	727	512	4.014E-39	161
A0A384XHA3	C3P4M2	30.000	430	727	505	5.335E-39	160
A0A384XHA3	C3L982	30.000	430	727	505	5.335E-39	160
A0A384XHA3	Q81Y45	30.000	430	727	505	5.335E-39	160
A0A384XHA3	Q1GSH0	29.000	517	727	509	5.335E-39	160
A0A384XHA3	Q9EWW1	30.000	479	727	512	5.335E-39	160
A0A384XHA3	Q733H8	29.500	430	727	505	7.090E-39	160
A0A384XHA3	B7HCD0	28.000	486	727	506	7.090E-39	160
A0A384XHA3	Q0AP92	30.100	462	727	507	7.090E-39	160
A0A384XHA3	A9VPT8	30.200	430	727	505	9.421E-39	160
A0A384XHA3	A7GR00	30.300	426	727	505	9.421E-39	160
A0A384XHA3	Q87UM1	29.500	470	727	515	9.421E-39	160
A0A384XHA3	B7ISJ2	29.700	430	727	505	1.252E-38	159
A0A384XHA3	Q81AC6	29.700	430	727	506	1.252E-38	159
A0A384XHA3	B7HKJ1	30.000	426	727	505	1.663E-38	159
A0A384XHA3	B9IUH0	30.000	426	727	505	1.663E-38	159
A0A384XHA3	C1EN93	29.800	426	727	505	2.210E-38	158
A0A384XHA3	B8ZV94	29.900	376	727	526	2.210E-38	158
A0A384XHA3	Q637H8	30.000	426	727	505	2.935E-38	158
A0A384XHA3	Q8PLZ8	31.600	421	727	513	2.935E-38	158
A0A384XHA3	Q6HFE9	29.800	426	727	505	5.179E-38	157
A0A384XHA3	A0RH39	29.600	426	727	505	6.879E-38	157
A0A384XHA3	Q5X5I5	28.000	496	727	506	6.879E-38	157
A0A384XHA3	A5IBM2	28.000	496	727	505	9.137E-38	156
A0A384XHA3	Q978N8	28.800	404	727	495	1.213E-37	156
A0A384XHA3	Q4UTB9	31.900	421	727	513	1.611E-37	156
A0A384XHA3	B0RUX3	31.900	421	727	513	1.611E-37	156
A0A384XHA3	Q8PAA7	31.900	421	727	513	1.611E-37	156
A0A384XHA3	A1TRE4	30.800	412	727	512	2.841E-37	155
A0A384XHA3	A9WHT8	28.300	439	727	523	3.772E-37	154
A0A384XHA3	B9LLY0	28.300	439	727	523	3.772E-37	154
A0A384XHA3	P42357	27.900	501	727	657	3.772E-37	154
A0A384XHA3	Q5WAZ6	27.700	495	727	500	5.008E-37	154
A0A384XHA3	Q5WWW8	27.900	491	727	506	1.171E-36	153
A0A384XHA3	B4RED8	32.700	386	727	511	1.171E-36	153
A0A384XHA3	Q2FKP8	27.000	457	727	504	1.126E-35	150
A0A384XHA3	Q2G2P7	27.000	457	727	504	1.126E-35	150
A0A384XHA3	A6QD47	27.000	457	727	504	1.126E-35	150
A0A384XHA3	A8YYT1	27.000	457	727	504	1.126E-35	150
A0A384XHA3	Q6GD82	27.000	457	727	504	1.982E-35	149
A0A384XHA3	Q8NYY3	27.000	457	727	504	1.982E-35	149
A0A384XHA3	P21213	27.600	484	727	657	1.982E-35	149
A0A384XHA3	Q4A173	28.100	427	727	499	2.630E-35	149
A0A384XHA3	A6TXF8	26.800	457	727	504	2.630E-35	149
A0A384XHA3	A5INP9	26.800	457	727	504	2.630E-35	149
A0A384XHA3	Q2YUR3	27.000	457	727	504	2.630E-35	149
A0A384XHA3	P64415	26.800	457	727	504	2.630E-35	149
A0A384XHA3	P64416	26.800	457	727	504	2.630E-35	149
A0A384XHA3	P35492	27.900	484	727	657	2.630E-35	149
A0A384XHA3	Q20502	27.100	452	727	677	6.135E-35	147
A0A384XHA3	Q6GKT7	26.800	457	727	504	8.137E-35	147
A0A384XHA3	B9E7E0	28.300	463	727	500	5.861E-34	144
A0A384XHA3	P35512	24.100	229	727	235	9.363E-07	55
P9WEW1	P0DL13	63.400	342	350	346	1.274E-142	454
P9WEW1	A8NU13	29.300	329	350	345	7.087E-43	164
P9WEW1	Q6WP50	27.800	307	350	399	1.524E-28	121
P9WEW1	C7PLV2	25.600	308	350	321	5.189E-25	111
P9WEW1	S0DX56	26.400	315	350	357	3.429E-23	105
P9WEW1	B2J4A4	24.600	308	350	323	7.283E-21	98
P9WEW1	A0A1L7VZE7	25.800	341	350	401	4.583E-19	93
P9WEW1	B5H7H3	25.400	309	350	372	6.155E-19	92
P9WEW1	A0A1L7U8F2	25.800	341	350	401	6.155E-19	92
P9WEW1	Q82IY4	31.500	234	350	336	5.397E-15	80
P9WEW1	E3VWJ0	26.200	318	350	337	4.118E-14	77
P9WEW1	Q55012	26.800	306	350	337	7.351E-14	76
P9WEW1	Q03471	24.600	267	350	342	1.253E-08	60
P0DUG4	Q9I900	40.000	65	48	146	2.756E-10	55
P0DUG4	Q92086	40.000	65	48	146	3.793E-10	55
P0DUG4	P07037	40.000	65	48	119	5.219E-10	55
P0DUG4	Q9PSN5	40.000	70	48	125	9.885E-10	54
P0DUG4	Q45Z27	40.000	70	48	151	9.885E-10	54
P0DUG4	Q45Z26	40.000	70	48	151	9.885E-10	54
P0DUG4	Q45Z29	40.000	70	48	151	9.885E-10	54
P0DUG4	Q45Z30	40.000	70	48	151	9.885E-10	54
P0DUG4	P00600	38.500	65	48	119	1.872E-09	53
P0DUG4	P00596	38.500	65	48	146	1.872E-09	53
P0DUG4	P04054	35.200	68	48	148	1.872E-09	53
P0DUG4	Q7T2Q5	39.400	66	48	147	2.577E-09	53
P0DUG4	Q92085	38.500	65	48	146	3.547E-09	52
P0DUG4	A4FS04	37.100	65	48	119	6.720E-09	51
P0DUG4	P00598	37.100	65	48	146	6.720E-09	51
P0DUG4	Q45Z25	38.500	70	48	151	6.720E-09	51
P0DUG4	Q45Z28	38.500	70	48	151	6.720E-09	51
P0DUG4	P00595	35.700	65	48	119	9.250E-09	51
P0DUG4	P00601	37.100	65	48	119	9.250E-09	51
P0DUG4	Q8UW31	37.100	70	48	152	9.250E-09	51
P0DUG4	P60045	35.700	65	48	126	2.413E-08	50
P0DUG4	Q8JFG2	33.800	71	48	152	2.413E-08	50
P0DUG4	P06596	32.800	70	48	146	3.322E-08	49
P0DUG4	P80966	35.200	71	48	151	3.322E-08	49
P0DUG4	P00594	32.300	68	48	132	4.574E-08	49
P0DUG4	Q7T2Q4	39.700	66	48	147	4.574E-08	49
P0DUG4	Q9PUG7	39.300	66	48	152	6.298E-08	49
P0DUG4	Q7M334	30.800	68	48	144	1.194E-07	48
P0DUG4	Q9Z0Y2	30.800	68	48	146	1.194E-07	48
P0DUG4	Q4VRI5	70.300	27	48	154	1.194E-07	48
P0DUG4	P04055	30.800	68	48	146	1.644E-07	48
P0DUG4	P25498	34.200	65	48	119	3.118E-07	47
P0DUG4	Q91133	35.000	60	48	146	4.295E-07	46
P0DUG4	P00599	34.200	65	48	118	5.915E-07	46
P0DUG4	Q75S48	34.700	69	48	152	5.915E-07	46
P0DUG4	Q9DF56	32.300	71	48	152	5.915E-07	46
P0DUG4	Q9W7J4	62.900	27	48	154	5.915E-07	46
P0DUG4	P00603	38.500	57	48	118	1.546E-06	45
P0DUG4	P00602	38.500	57	48	118	1.546E-06	45
P0DUG4	Q6T179	31.600	60	48	126	1.546E-06	45
P0DUG4	P00592	29.400	68	48	146	1.546E-06	45
P0DUG4	Q9PUG8	37.800	66	48	152	1.546E-06	45
P0DUG4	P14419	29.400	68	48	123	4.042E-06	44
P0DUG4	P04416	27.900	68	48	124	4.042E-06	44
P0DUG4	P00606	35.800	67	48	145	4.042E-06	44
P0DUG4	P00593	29.400	68	48	145	4.042E-06	44
P0DUG4	P43434	27.900	68	48	146	5.568E-06	43
P0DUG4	P60044	33.300	60	48	126	7.673E-06	43
P0DUG4	A6MEY4	34.700	64	48	145	7.673E-06	43
P0DUG4	P14411	33.300	64	48	135	1.057E-05	42
P0DUG4	Q9DF52	35.500	59	48	145	2.008E-05	42
P0DUG4	Q9W7J3	59.200	27	48	154	2.008E-05	42
P0DUG4	C1IC46	31.800	61	48	137	2.767E-05	41
P0DUG4	C1IC45	31.800	61	48	137	2.767E-05	41
P0DUG4	P81237	37.200	59	48	118	3.814E-05	41
P0DUG4	Q90251	28.100	71	48	137	3.814E-05	41
P0DUG4	Q9PUH9	32.800	65	48	147	3.814E-05	41
P0DUG4	P60043	31.600	60	48	126	5.256E-05	40
P0DUG4	Q9PUI0	32.800	65	48	147	5.256E-05	40
P0DUG4	Q5G291	32.200	59	48	125	9.988E-05	40
P0DUG4	P00628	33.300	64	48	135	9.988E-05	40
P0DUG4	P00629	33.300	64	48	135	9.988E-05	40
P0DUG4	Q90WA7	33.300	64	48	145	9.988E-05	40
P0DUG4	P20250	36.000	60	48	117	1.377E-04	39
P0DUG4	P20258	36.000	60	48	117	1.377E-04	39
P0DUG4	P00627	31.800	64	48	135	1.377E-04	39
P0DUG4	Q9PU97	61.500	26	48	137	1.377E-04	39
P0DUG4	Q9PUG9	88.800	18	48	144	1.377E-04	39
P0DUG4	Q9PUH1	88.800	18	48	146	1.377E-04	39
P0DUG4	Q9PUH0	88.800	18	48	146	1.377E-04	39
P0DUG4	Q9PTA6	31.100	61	48	138	1.899E-04	39
P0DUG4	P14556	31.500	57	48	118	2.618E-04	38
P0DUG4	C0HKB9	27.400	62	48	119	2.618E-04	38
P0DUG4	Q7T1R0	29.500	65	48	146	2.618E-04	38
P0DUG4	P00605	31.500	57	48	118	3.610E-04	38
P0DUG4	P00604	31.500	57	48	118	3.610E-04	38
P0DUG4	F5CPF0	35.500	59	48	140	3.610E-04	38
P0DUG4	Q8QFW4	50.000	28	48	147	3.610E-04	38
P0DUG4	Q9PUI1	31.400	65	48	145	4.978E-04	38
P0DUG4	Q9PRG0	31.400	65	48	145	4.978E-04	38
P0DUG4	P59359	31.400	65	48	145	4.978E-04	38
P0DUG4	Q7T1R1	31.500	57	48	146	4.978E-04	38
P0DUG4	Q9DF33	28.100	66	48	146	4.978E-04	38
P0DUG4	Q9PUH8	31.400	65	48	147	6.865E-04	37
P0DUG4	Q9PUH3	83.300	18	48	146	9.468E-04	37
P0DUG4	Q9PUH2	83.300	18	48	146	9.468E-04	37
A0A3G1QTS7	Q9SAK2	53.700	748	794	785	1.130E-257	810
A0A3G1QTS7	Q39548	51.000	779	794	789	6.644E-256	805
A0A3G1QTS7	Q0JA82	48.700	745	794	756	4.011E-226	719
A0A3G1QTS7	Q0E088	44.200	745	794	829	3.000E-199	640
A0A3G1QTS7	Q00G37	44.400	745	794	830	1.952E-198	638
A0A3G1QTS7	Q66QH3	43.400	740	794	840	1.592E-191	618
A0A3G1QTS7	Q0JEZ8	43.400	740	794	842	5.542E-191	616
A0A3G1QTS7	Q2QQJ5	41.900	745	794	815	2.745E-180	585
A0A3G1QTS7	Q6Z5J6	39.300	781	794	821	5.472E-178	578
A0A3G1QTS7	A4KAG7	38.900	781	794	821	7.471E-178	578
A0A3G1QTS7	A4KAG8	40.000	779	794	821	1.682E-176	574
A0A3G1QTS7	Q6BDZ9	40.400	761	794	822	1.314E-174	569
A0A3G1QTS7	G3CCC1	39.900	754	794	792	8.507E-174	566
A0A3G1QTS7	Q1AHB2	40.600	755	794	816	2.954E-173	565
A0A3G1QTS7	B8XA41	40.500	727	794	777	2.570E-162	533
A0A3G1QTS7	C1K5M3	40.300	727	794	778	5.745E-161	529
A0A3G1QTS7	Q84ZW8	49.500	511	794	590	3.792E-146	485
A0A3G1QTS7	J9QS23	34.200	743	794	739	3.595E-130	438
A0A3G1QTS7	J9R388	34.000	743	794	740	3.114E-129	436
A0A3G1QTS7	M4HXU6	33.800	734	794	857	4.239E-129	435
A0A3G1QTS7	Q50EK2	33.800	734	794	850	1.980E-128	433
A0A3G1QTS7	M4HYC6	33.800	734	794	850	3.669E-128	432
A0A3G1QTS7	Q675L5	33.800	743	794	867	8.001E-127	428
A0A3G1QTS7	Q675L4	33.400	734	794	859	1.089E-126	428
A0A3G1QTS7	H8ZM71	33.800	716	794	852	6.915E-126	426
A0A3G1QTS7	Q38710	33.600	715	794	868	5.973E-125	423
A0A3G1QTS7	H8ZM70	33.500	715	794	844	1.505E-124	422
A0A3G1QTS7	M4HYP3	33.400	735	794	876	1.505E-124	422
A0A3G1QTS7	H8ZM73	33.400	713	794	867	2.403E-123	418
A0A3G1QTS7	M4HY08	31.500	735	794	868	1.784E-111	383
A0A3G1QTS7	M4HYC8	31.400	735	794	868	3.815E-110	379
A0A3G1QTS7	Q41594	30.700	729	794	862	2.717E-106	368
A0A3G1QTS7	Q93YA3	30.700	729	794	862	1.252E-105	366
A0A3G1QTS7	Q9FT37	30.900	729	794	862	6.634E-104	361
A0A3G1QTS7	O81086	30.700	739	794	817	2.959E-101	353
A0A3G1QTS7	G1DGI7	29.700	728	794	750	3.387E-100	349
A0A3G1QTS7	G9MAN7	30.200	733	794	867	1.529E-92	327
A0A3G1QTS7	Q4QSN4	29.600	749	794	815	3.796E-92	325
A0A3G1QTS7	Q38802	35.200	488	794	802	2.096E-84	302
A0A3G1QTS7	E2IHE0	29.500	658	794	808	1.914E-82	296
A0A3G1QTS7	Q96376	28.900	756	794	870	5.215E-81	292
A0A3G1QTS7	Q93YV0	28.300	747	794	877	8.318E-76	276
A0A3G1QTS7	G3CCC0	26.600	720	794	802	2.746E-75	274
A0A3G1QTS7	O04408	32.400	487	794	801	6.723E-75	273
A0A3G1QTS7	Q6Z5I0	31.500	509	794	800	9.891E-70	258
A0A3G1QTS7	Q5MQ85	31.500	509	794	800	3.238E-69	256
A0A3G1QTS7	Q6E7D7	30.600	519	794	767	2.169E-66	247
A0A3G1QTS7	Q0JF02	30.700	519	794	767	3.914E-66	246
A0A3G1QTS7	Q84KL4	27.900	512	794	627	1.417E-47	188
A0A3G1QTS7	O64404	27.500	493	794	581	7.872E-47	186
A0A3G1QTS7	Q84KL3	27.000	512	794	628	2.466E-46	184
A0A3G1QTS7	Q9M7D1	26.900	512	794	630	5.802E-46	183
A0A3G1QTS7	Q9M7C9	27.200	512	794	637	3.207E-45	181
A0A3G1QTS7	Q84KL6	26.000	517	794	629	5.667E-45	180
A0A3G1QTS7	O64405	27.500	501	794	593	1.001E-44	179
A0A3G1QTS7	Q6XDB5	26.900	512	794	627	1.001E-44	179
A0A3G1QTS7	F1CKI6	27.200	510	794	627	1.768E-44	179
A0A3G1QTS7	Q84KL5	27.900	490	794	574	5.512E-44	177
A0A3G1QTS7	F1CKI8	26.300	510	794	627	2.280E-43	175
A0A3G1QTS7	Q948Z0	26.300	512	794	618	1.250E-42	173
A0A3G1QTS7	F1CKI9	26.300	510	794	627	1.250E-42	173
A0A3G1QTS7	O24474	27.000	497	794	627	1.660E-42	172
A0A3G1QTS7	Q84SM8	26.300	510	794	627	3.883E-42	171
A0A3G1QTS7	Q675L0	27.500	497	794	578	5.154E-42	171
A0A3G1QTS7	O24475	27.900	498	794	628	9.079E-42	170
A0A3G1QTS7	Q672F7	27.300	513	794	595	2.122E-41	169
A0A3G1QTS7	Q9M7D0	27.900	501	794	630	1.468E-39	163
A0A3G1QTS7	I6RE61	28.200	443	794	596	3.420E-39	162
A0A3G1QTS7	F1CKJ1	26.800	510	794	627	4.533E-39	161
A0A3G1QTS7	Q5SBP3	26.300	507	794	574	1.003E-37	157
A0A3G1QTS7	Q5SBP6	25.600	510	794	546	1.574E-35	150
A0A3G1QTS7	Q6USK1	26.100	501	794	567	1.483E-34	147
A0A3G1QTS7	Q8H2B4	26.600	450	794	606	1.962E-34	146
A0A3G1QTS7	D0VMR6	25.200	494	794	547	4.545E-34	145
A0A3G1QTS7	D0VMR8	25.200	494	794	547	6.014E-34	145
A0A3G1QTS7	D0VMR7	25.400	494	794	547	1.053E-33	144
A0A3G1QTS7	O81191	24.700	507	794	591	1.842E-33	143
A0A3G1QTS7	G1JUH1	25.100	505	794	607	3.224E-33	142
A0A3G1QTS7	K4LMW2	25.700	505	794	561	5.641E-33	141
A0A3G1QTS7	Q94G53	25.400	453	794	582	7.461E-33	141
A0A3G1QTS7	Q43714	24.300	548	794	555	1.220E-31	137
A0A3G1QTS7	Q6Q3H3	24.700	510	794	557	1.220E-31	137
A0A3G1QTS7	O23945	26.300	512	794	556	2.821E-31	136
A0A3G1QTS7	K4L9M2	24.600	507	794	561	4.930E-31	135
A0A3G1QTS7	Q9ZUH4	24.100	509	794	591	6.517E-31	135
A0A3G1QTS7	P59287	23.700	510	794	601	2.630E-30	133
A0A3G1QTS7	P0CJ43	24.700	491	794	589	3.477E-30	132
A0A3G1QTS7	B6SCF6	25.200	510	794	563	4.595E-30	132
A0A3G1QTS7	B3TPQ7	25.600	513	794	592	4.595E-30	132
A0A3G1QTS7	B5A434	25.000	515	794	576	8.027E-30	131
A0A3G1QTS7	Q8L5K4	26.000	463	794	600	8.027E-30	131
A0A3G1QTS7	Q5SBP1	24.800	425	794	599	1.061E-29	131
A0A3G1QTS7	Q39761	23.100	555	794	554	1.402E-29	130
A0A3G1QTS7	B6SCF5	25.400	510	794	563	1.402E-29	130
A0A3G1QTS7	E2E2N7	24.400	486	794	555	2.448E-29	130
A0A3G1QTS7	J7LMP2	25.900	502	794	565	2.448E-29	130
A0A3G1QTS7	B6SCF4	26.700	433	794	613	3.235E-29	129
A0A3G1QTS7	Q39978	25.000	459	794	555	7.465E-29	128
A0A3G1QTS7	G5CV45	24.800	439	794	548	2.275E-28	126
A0A3G1QTS7	O65323	24.400	483	794	559	2.275E-28	126
A0A3G1QTS7	J7LH11	27.800	422	794	546	3.006E-28	126
A0A3G1QTS7	Q39760	22.800	555	794	554	3.006E-28	126
A0A3G1QTS7	B2KSJ6	24.000	507	794	560	3.006E-28	126
A0A3G1QTS7	Q84LF2	23.600	526	794	548	6.932E-28	125
A0A3G1QTS7	Q84LG0	24.500	432	794	548	1.210E-27	124
A0A3G1QTS7	Q6Q3H2	25.000	503	794	556	1.210E-27	124
A0A3G1QTS7	J9RLZ7	25.100	495	794	563	1.210E-27	124
A0A3G1QTS7	O49853	23.200	555	794	554	1.598E-27	124
A0A3G1QTS7	P0DI76	23.800	429	794	600	2.111E-27	123
A0A3G1QTS7	Q84LF0	25.000	432	794	548	6.427E-27	122
A0A3G1QTS7	I6RAQ6	24.800	511	794	547	1.121E-26	121
A0A3G1QTS7	P93665	22.100	508	794	554	1.121E-26	121
A0A3G1QTS7	Q4U3F7	24.000	495	794	559	1.121E-26	121
A0A3G1QTS7	Q84LF1	24.000	442	794	548	1.481E-26	121
A0A3G1QTS7	E3W202	25.300	527	794	569	1.481E-26	121
A0A3G1QTS7	Q9XJ32	25.000	439	794	556	1.956E-26	120
A0A3G1QTS7	J9R5V4	24.400	509	794	562	3.412E-26	119
A0A3G1QTS7	Q8LSC2	24.100	495	794	558	1.810E-25	117
A0A3G1QTS7	Q9LRZ6	24.000	441	794	598	3.155E-25	116
A0A3G1QTS7	O64961	23.500	506	794	548	4.167E-25	116
A0A3G1QTS7	G5CV46	23.200	483	794	555	7.265E-25	115
A0A3G1QTS7	Q5SBP0	24.100	447	794	601	9.592E-25	115
A0A3G1QTS7	Q5SBP2	23.600	425	794	598	1.672E-24	114
A0A3G1QTS7	Q9FQ27	22.300	506	794	544	5.081E-24	112
A0A3G1QTS7	B1B1U3	22.900	517	794	548	5.081E-24	112
A0A3G1QTS7	Q0VHD6	23.800	433	794	550	6.708E-24	112
A0A3G1QTS7	Q49SP3	24.300	506	794	552	8.856E-24	111
A0A3G1QTS7	B1B1U4	23.600	475	794	554	1.543E-23	111
A0A3G1QTS7	O48935	23.500	508	794	550	6.187E-23	109
A0A3G1QTS7	Q9LLR9	21.800	494	794	547	1.423E-22	108
A0A3G1QTS7	Q84UV0	25.100	536	794	569	2.479E-22	107
A0A3G1QTS7	I6QPS5	23.500	491	794	549	1.311E-21	104
A0A3G1QTS7	Q49SP5	23.300	425	794	554	5.247E-21	102
A0A3G1QTS7	Q49SP7	22.400	487	794	545	1.591E-20	101
A0A3G1QTS7	Q5SBP5	23.700	460	794	540	3.657E-20	100
A0A3G1QTS7	Q84UU9	22.600	488	794	611	4.434E-19	96
A0A3G1QTS7	D2YZP9	22.900	489	794	550	7.719E-19	95
A0A3G1QTS7	Q94JS8	22.900	508	794	560	1.344E-18	94
A0A3G1QTS7	Q39980	24.600	279	794	350	3.423E-16	87
A0A3G1QTS7	Q96WT2	25.000	322	794	944	3.785E-14	80
A0A3G1QTS7	B2DBF0	24.300	349	794	1004	5.504E-12	73
A0A3G1QTS7	Q39979	25.200	228	794	300	9.570E-12	72
A0A3G1QTS7	B2DBF1	27.900	252	794	983	2.194E-11	71
A0A3G1QTS7	O13284	26.300	251	794	946	4.190E-09	63
A0A3G1QTS7	S0EA85	29.600	118	794	952	8.731E-05	49
A0A383ZFX3	Q17QB3	89.100	395	395	395	1.021E-247	760
A0A383ZFX3	Q60HH4	85.000	395	395	395	4.153E-242	743
A0A383ZFX3	A5A6P2	85.400	393	395	395	3.767E-241	741
A0A383ZFX3	Q13510	84.700	393	395	395	1.093E-238	734
A0A383ZFX3	Q6P7S1	80.200	395	395	394	1.082E-225	696
A0A383ZFX3	Q9WV54	77.400	395	395	394	1.881E-221	684
A0A383ZFX3	O45686	38.800	387	395	393	1.525E-96	323
A0A383ZFX3	Q09551	37.800	349	395	401	8.706E-76	262
A0A5Q0QMX0	P0DL13	43.300	324	372	346	8.805E-86	290
A0A5Q0QMX0	A8NU13	30.100	328	372	345	3.787E-39	154
A0A5Q0QMX0	Q6WP50	24.400	332	372	399	1.212E-22	104
A0A5Q0QMX0	S0DX56	26.500	333	372	357	7.149E-22	102
A0A5Q0QMX0	B2J4A4	25.600	313	372	323	2.458E-20	97
A0A5Q0QMX0	A0A1L7U8F2	26.700	346	372	401	1.113E-18	92
A0A5Q0QMX0	A0A1L7VZE7	26.700	346	372	401	1.491E-18	91
A0A5Q0QMX0	K0K750	25.700	312	372	353	4.796E-18	90
A0A5Q0QMX0	E3VWJ0	25.500	312	372	337	2.857E-15	81
A0A5Q0QMX0	Q82IY4	27.100	266	372	336	6.794E-15	80
A0A5Q0QMX0	D9XD61	22.000	319	372	343	1.210E-14	79
A0A5Q0QMX0	Q55012	24.900	312	372	337	5.108E-14	77
A0A5Q0QMX0	A9FZ87	29.600	180	372	329	8.892E-12	70
A0A5Q0QMX0	Q82RR7	24.300	279	372	335	2.094E-11	69
A0A5Q0QMX0	E8W6C7	26.800	143	372	356	1.833E-07	56
A0A5B8NIM2	P32178	46.000	258	262	256	5.243E-66	228
A0A5B8NIM2	O13739	44.600	250	262	251	2.039E-63	220
A0A5B8NIM2	P42738	39.300	260	262	340	5.062E-54	193
A0A5B8NIM2	Q9C544	40.000	253	262	316	6.924E-54	192
A0A5B8NIM2	Q9S7H4	37.900	251	262	265	1.630E-44	165
P0DPR2	Q5NCP0	44.700	555	689	784	4.699E-120	404
P0DPR2	Q68DV7	45.400	555	689	783	6.404E-120	404
P0DPR2	Q5SSZ7	33.200	369	689	913	2.352E-52	202
P0DPR2	Q08D68	37.200	312	689	853	3.155E-52	201
P0DPR2	A5WWA0	33.500	374	689	868	1.429E-50	196
P0DPR2	Q4KLR8	36.100	324	689	784	6.607E-48	188
P0DPR2	Q8TEB7	30.900	199	689	428	2.374E-18	93
P0DPR2	Q9D304	30.400	199	689	428	1.663E-17	91
P0DPR2	Q5RF74	30.900	199	689	428	2.196E-17	90
P0DPR2	Q29RU0	28.400	261	689	431	3.828E-17	89
P0DPR2	Q8AWW4	26.600	201	689	404	1.074E-15	85
P0DPR2	Q9H6Y7	38.200	121	689	350	6.910E-14	79
P0DPR2	Q6AY01	23.400	199	689	381	2.767E-13	77
P0DPR2	Q91XF4	27.300	325	689	347	4.818E-13	76
P0DPR2	Q5XIL0	27.200	325	689	349	6.359E-13	76
P0DPR2	Q14B02	22.900	199	689	382	6.359E-13	76
P0DPR2	Q8LDB8	39.800	115	689	381	8.391E-13	75
P0DPR2	Q9WTV7	47.200	55	689	600	1.928E-12	74
P0DPR2	Q9NVW2	47.200	55	689	624	3.358E-12	73
P0DPR2	O54965	25.700	303	689	381	4.431E-12	73
P0DPR2	Q66HG0	26.100	303	689	380	5.846E-12	72
P0DPR2	Q90972	26.500	279	689	381	7.714E-12	72
P0DPR2	Q7T037	45.400	55	689	757	7.714E-12	72
P0DPR2	Q07G42	45.400	55	689	639	1.018E-11	72
P0DPR2	Q8WVZ7	23.800	199	689	376	1.772E-11	71
P0DPR2	Q0VD51	58.000	50	689	380	1.772E-11	71
P0DPR2	O43567	58.000	50	689	381	1.772E-11	71
P0DPR2	Q5RCV8	58.000	50	689	381	1.772E-11	71
P0DPR2	Q9M2S6	55.800	43	689	273	4.070E-11	70
P0DPR2	Q84W40	45.700	59	689	404	5.370E-11	69
P0DPR2	Q8H7N9	47.200	70	689	353	9.348E-11	68
P0DPR2	Q9Y252	30.600	101	689	685	2.147E-10	67
P0DPR2	Q9DBU5	46.000	50	689	667	2.832E-10	67
P0DPR2	Q3U2C5	23.700	196	689	394	4.929E-10	66
P0DPR2	Q9SK92	44.000	59	689	381	6.503E-10	66
P0DPR2	Q93Z92	56.500	46	689	390	1.493E-09	64
P0DPR2	Q9DAH2	36.800	92	689	327	1.969E-09	64
P0DPR2	Q6NRX0	23.300	214	689	397	1.969E-09	64
P0DPR2	Q8WWF5	38.000	97	689	429	1.969E-09	64
P0DPR2	Q4R6Y5	38.000	69	689	429	1.969E-09	64
P0DPR2	Q7X843	53.000	49	689	349	2.598E-09	64
P0DPR2	Q9FHG8	55.300	47	689	210	3.427E-09	63
P0DPR2	Q8GUU2	50.000	50	689	359	3.427E-09	63
P0DPR2	Q9FL07	50.000	50	689	376	3.427E-09	63
P0DPR2	Q86XS8	50.000	46	689	419	3.427E-09	63
P0DPR2	Q8NC42	24.000	248	689	400	4.521E-09	63
P0DPR2	Q8VEM1	47.800	46	689	419	4.521E-09	63
P0DPR2	Q6Y290	47.800	46	689	419	4.521E-09	63
P0DPR2	Q8BI21	48.900	49	689	518	5.964E-09	63
P0DPR2	Q9LZV8	41.900	61	689	159	7.867E-09	62
P0DPR2	Q9LS99	48.900	49	689	220	7.867E-09	62
P0DPR2	Q7XLY8	42.100	63	689	383	7.867E-09	62
P0DPR2	Q9LX93	33.900	100	689	301	1.038E-08	62
P0DPR2	Q9LY41	44.200	61	689	334	1.038E-08	62
P0DPR2	P93823	47.800	46	689	381	1.038E-08	62
P0DPR2	Q9LRB7	50.000	55	689	325	1.369E-08	61
P0DPR2	O64762	41.100	67	689	302	1.805E-08	61
P0DPR2	Q8GYT9	53.300	45	689	358	1.805E-08	61
P0DPR2	Q8GW38	48.000	50	689	369	1.805E-08	61
P0DPR2	Q9LSW9	46.200	54	689	375	1.805E-08	61
P0DPR2	Q67YI6	49.100	59	689	411	1.805E-08	61
P0DPR2	Q9ZT49	32.900	90	689	200	2.382E-08	61
P0DPR2	Q9SL78	54.700	42	689	390	2.382E-08	61
P0DPR2	Q7XTV7	41.400	70	689	667	2.382E-08	61
P0DPR2	Q94BY6	42.800	49	689	226	4.143E-08	60
P0DPR2	Q8LPN7	38.000	50	689	328	4.143E-08	60
P0DPR2	Q9VE61	46.600	45	689	147	5.465E-08	59
P0DPR2	O22755	52.300	42	689	185	5.465E-08	59
P0DPR2	Q9C7I1	45.400	54	689	327	5.465E-08	59
P0DPR2	Q9LUL6	50.000	42	689	204	7.208E-08	59
P0DPR2	E9QAU8	36.900	73	689	347	7.208E-08	59
P0DPR2	P0C034	44.800	49	689	251	9.508E-08	59
P0DPR2	Q9FLC6	42.300	52	689	176	1.254E-07	58
P0DPR2	Q6NML0	42.800	49	689	225	1.254E-07	58
P0DPR2	Q852U6	47.000	51	689	250	1.254E-07	58
P0DPR2	Q6DIP3	40.700	54	689	311	1.254E-07	58
P0DPR2	Q6IRP0	40.700	54	689	312	1.254E-07	58
P0DPR2	P0CH30	33.300	57	689	338	1.254E-07	58
P0DPR2	Q6ZSG1	36.900	73	689	346	1.254E-07	58
P0DPR2	Q5XF85	52.300	42	689	432	1.254E-07	58
P0DPR2	Q9LM69	54.700	42	689	197	1.654E-07	58
P0DPR2	Q9LZJ6	39.100	69	689	257	1.654E-07	58
P0DPR2	Q0V9R0	42.800	56	689	954	1.654E-07	58
P0DPR2	Q6GPV5	44.400	45	689	156	2.182E-07	57
P0DPR2	Q5M974	44.400	45	689	156	2.182E-07	57
P0DPR2	Q8LC69	54.700	42	689	185	2.182E-07	57
P0DPR2	Q940Q4	48.900	47	689	472	2.182E-07	57
P0DPR2	Q8RXX9	41.600	60	689	398	2.877E-07	57
P0DPR2	Q9FMM4	41.100	51	689	691	2.877E-07	57
P0DPR2	Q90ZT7	42.800	56	689	923	2.877E-07	57
P0DPR2	Q66J97	42.800	56	689	967	2.877E-07	57
P0DPR2	Q7ZW78	42.200	45	689	156	3.795E-07	57
P0DPR2	Q9SG96	38.900	59	689	181	3.795E-07	57
P0DPR2	O22255	38.500	57	689	227	3.795E-07	57
P0DPR2	P0C041	46.800	47	689	310	3.795E-07	57
P0DPR2	Q7T0Q3	40.700	54	689	312	3.795E-07	57
P0DPR2	Q8LFY8	45.400	55	689	413	3.795E-07	57
P0DPR2	Q99ML9	48.800	45	689	989	5.005E-07	56
P0DPR2	Q6ZNA4	48.800	45	689	994	5.005E-07	56
P0DPR2	Q9M0R7	44.600	47	689	132	6.601E-07	56
P0DPR2	Q9SRM0	46.100	52	689	158	6.601E-07	56
P0DPR2	O22197	39.200	56	689	328	6.601E-07	56
P0DPR2	Q9LQX2	25.400	99	689	204	8.706E-07	55
P0DPR2	Q9M0R6	47.800	46	689	302	8.706E-07	55
P0DPR2	Q8W571	41.500	53	689	323	8.706E-07	55
P0DPR2	Q9M0R4	49.000	51	689	357	8.706E-07	55
P0DPR2	Q8LGA5	38.400	65	689	368	8.706E-07	55
P0DPR2	Q9SZL4	41.100	67	689	145	1.148E-06	55
P0DPR2	Q8GXF8	35.100	54	689	283	1.514E-06	55
P0DPR2	Q91YL2	37.000	54	689	313	1.514E-06	55
P0DPR2	Q9C919	44.800	49	689	178	1.997E-06	54
P0DPR2	Q9SJJ7	44.800	49	689	237	1.997E-06	54
P0DPR2	Q0II22	38.000	50	689	313	1.997E-06	54
P0DPR2	Q9M0R5	47.800	46	689	345	1.997E-06	54
P0DPR2	Q6NQG7	38.700	49	689	219	2.634E-06	54
P0DPR2	Q803I8	40.000	63	689	625	2.634E-06	54
P0DPR2	Q5XHH7	33.300	93	689	595	3.473E-06	53
P0DPR2	O49500	31.100	90	689	666	3.473E-06	53
P0DPR2	Q8RX29	42.400	65	689	217	4.580E-06	53
P0DPR2	O82353	43.100	51	689	214	6.041E-06	53
P0DPR2	Q94AK4	38.100	55	689	320	6.041E-06	53
P0DPR2	Q9SPL2	39.300	61	689	334	6.041E-06	53
P0DPR2	Q9P0P0	40.000	45	689	153	7.966E-06	52
P0DPR2	O80927	43.400	46	689	235	7.966E-06	52
P0DPR2	Q8RXD3	37.700	45	689	310	7.966E-06	52
P0DPR2	Q6AVN2	33.300	45	689	323	7.966E-06	52
P0DPR2	Q9ZQF9	37.000	62	689	704	7.966E-06	52
P0DPR2	Q86Y13	43.400	46	689	1208	7.966E-06	52
P0DPR2	Q6NKR1	44.000	49	689	254	1.051E-05	52
P0DPR2	Q9D0C1	43.900	41	689	305	1.051E-05	52
P0DPR2	Q7TPV2	43.400	46	689	1204	1.051E-05	52
P0DPR2	Q9DBY1	31.100	103	689	612	1.385E-05	51
P0DPR2	Q6AXU4	37.700	45	689	165	1.827E-05	51
P0DPR2	Q9M313	36.300	65	689	212	1.827E-05	51
P0DPR2	Q8NHG8	51.200	39	689	242	1.827E-05	51
P0DPR2	O22283	30.600	97	689	401	1.827E-05	51
P0DPR2	Q9ZT42	32.200	62	689	375	2.409E-05	51
P0DPR2	Q86TM6	31.100	103	689	617	2.409E-05	51
P0DPR2	Q3T0W3	37.700	45	689	153	3.177E-05	50
P0DPR2	Q570X5	36.700	49	689	261	3.177E-05	50
P0DPR2	Q9SKK8	42.800	49	689	377	3.177E-05	50
P0DPR2	Q940T5	40.000	45	689	407	3.177E-05	50
P0DPR2	Q84TF5	42.300	52	689	174	4.189E-05	50
P0DPR2	Q9SN27	33.300	59	689	225	4.189E-05	50
P0DPR2	Q9EPZ8	33.300	78	689	682	4.189E-05	50
P0DPR2	Q9CY62	37.700	45	689	165	5.524E-05	49
P0DPR2	Q9SLC3	34.200	72	689	236	5.524E-05	49
P0DPR2	P0CH03	44.100	43	689	366	5.524E-05	49
P0DPR2	Q9D9X6	45.400	44	689	631	5.524E-05	49
P0DPR2	P53804	38.300	85	689	2025	5.524E-05	49
P0DPR2	Q9FL42	39.100	65	689	159	7.285E-05	49
P0DPR2	Q9FGJ6	40.700	54	689	166	7.285E-05	49
P0DPR2	Q9ZV51	35.800	66	689	181	7.285E-05	49
P0DPR2	Q9R1W3	30.500	85	689	683	7.285E-05	49
P0DPR2	Q9FIR0	47.100	52	689	289	9.606E-05	49
P0DPR2	P0CH02	44.100	43	689	362	9.606E-05	49
P0DPR2	Q9C7E9	39.500	43	689	299	1.267E-04	48
P0DPR2	Q5Z880	37.300	80	689	500	1.267E-04	48
P0DPR2	A8Y4B2	36.800	57	689	622	1.267E-04	48
P0DPR2	Q9LJL6	39.100	46	689	141	1.670E-04	48
P0DPR2	Q9SLC4	45.200	42	689	217	1.670E-04	48
P0DPR2	P0CH01	44.100	43	689	372	1.670E-04	48
P0DPR2	O55176	43.900	41	689	578	1.670E-04	48
P0DPR2	Q20798	42.200	45	689	610	1.670E-04	48
P0DPR2	Q8NEG5	45.400	44	689	633	1.670E-04	48
P0DPR2	Q8NG27	43.900	41	689	643	1.670E-04	48
P0DPR2	Q4TU14	43.900	41	689	371	2.203E-04	48
P0DPR2	O00237	36.900	65	689	685	2.203E-04	48
P0DPR2	Q66KG7	46.100	39	689	195	2.904E-04	47
P0DPR2	F7EP40	46.100	39	689	195	2.904E-04	47
P0DPR2	F1MM41	46.100	39	689	227	2.904E-04	47
P0DPR2	Q8ND25	46.100	39	689	227	2.904E-04	47
P0DPR2	Q91V17	46.100	39	689	227	2.904E-04	47
P0DPR2	Q6P4U6	46.100	39	689	215	3.830E-04	47
P0DPR2	Q5RBT7	50.000	42	689	664	3.830E-04	47
P0DPR2	Q96PM5	41.600	48	689	261	6.658E-04	46
P0DPR2	Q9CR50	41.600	48	689	261	6.658E-04	46
P0DPR2	Q5QLR5	31.600	60	689	523	6.658E-04	46
P0DPR2	Q93ZF6	30.000	50	689	153	8.779E-04	46
P0DPT7	C1JAR9	60.500	147	147	147	9.302E-58	198
P0DPT7	P00594	41.600	118	147	132	3.387E-24	101
P0DPT7	Q9YGJ7	43.800	114	147	137	2.238E-23	98
P0DPT7	P00623	44.300	114	147	138	3.066E-23	98
P0DPT7	Q800C3	41.800	116	147	138	4.199E-23	98
P0DPT7	Q800C2	41.800	116	147	138	4.199E-23	98
P0DPT7	P81236	46.000	89	147	119	1.079E-22	96
P0DPT7	P21789	44.300	114	147	120	1.079E-22	96
P0DPT7	P43434	40.400	134	147	146	2.024E-22	96
P0DPT7	Q910A0	48.400	95	147	138	3.798E-22	95
P0DPT7	Q800C1	41.000	116	147	138	3.798E-22	95
P0DPT7	Q7M334	37.900	122	147	144	3.798E-22	95
P0DPT7	Q9Z0Y2	38.700	122	147	146	3.798E-22	95
P0DPT7	P00592	38.700	122	147	146	3.798E-22	95
P0DPT7	P24293	48.400	95	147	121	5.201E-22	94
P0DPT7	P00624	42.600	114	147	138	5.201E-22	94
P0DPT7	P31482	38.200	114	147	146	7.123E-22	94
P0DPT7	P34180	44.300	114	147	137	9.756E-22	94
P0DPT7	P97391	36.100	129	147	137	9.756E-22	94
P0DPT7	A8CG90	44.200	104	147	137	1.336E-21	93
P0DPT7	P81237	47.100	89	147	118	1.830E-21	93
P0DPT7	Q7ZTA8	42.600	114	147	138	1.830E-21	93
P0DPT7	Q800C4	42.600	114	147	138	1.830E-21	93
P0DPT7	Q02471	46.300	95	147	138	1.830E-21	93
P0DPT7	P20250	41.300	111	147	117	2.506E-21	93
P0DPT7	P20251	41.300	111	147	118	2.506E-21	93
P0DPT7	P04416	40.000	99	147	124	3.432E-21	92
P0DPT7	Q7ZTA6	42.600	114	147	138	3.432E-21	92
P0DPT7	Q7ZTA7	42.600	114	147	138	3.432E-21	92
P0DPT7	Q90ZZ9	43.100	95	147	138	3.432E-21	92
P0DPT7	F8QN51	47.300	95	147	137	4.699E-21	92
P0DPT7	P14420	46.300	95	147	122	6.435E-21	91
P0DPT7	Q7T3S7	44.200	95	147	136	6.435E-21	91
P0DPT7	Q8JFG0	46.300	95	147	138	6.435E-21	91
P0DPT7	Q6H3C9	43.200	110	147	138	6.435E-21	91
P0DPT7	C3W4R6	47.800	92	147	138	8.813E-21	91
P0DPT7	Q1RP79	46.300	95	147	138	8.813E-21	91
P0DPT7	P06596	35.400	138	147	146	8.813E-21	91
P0DPT7	P04055	38.200	126	147	146	8.813E-21	91
P0DPT7	Q6H3C6	43.200	110	147	122	1.207E-20	91
P0DPT7	Q1RP78	46.300	95	147	138	1.207E-20	91
P0DPT7	P14555	40.000	114	147	144	1.207E-20	91
P0DPT7	P20252	41.900	103	147	118	1.652E-20	90
P0DPT7	Q10755	46.300	95	147	122	1.652E-20	90
P0DPT7	Q7T2R1	37.700	127	147	138	2.263E-20	90
P0DPT7	P47711	40.000	105	147	145	2.263E-20	90
P0DPT7	P00612	39.100	112	147	118	3.098E-20	89
P0DPT7	Q6SLM1	40.100	106	147	137	3.098E-20	89
P0DPT7	Q910A1	46.700	92	147	138	3.098E-20	89
P0DPT7	F5CPF0	39.200	106	147	140	3.098E-20	89
P0DPT7	Q45Z47	43.500	105	147	146	3.098E-20	89
P0DPT7	Q9I900	40.600	113	147	146	3.098E-20	89
P0DPT7	Q3C2C1	43.300	106	147	158	3.098E-20	89
P0DPT7	P00613	38.700	113	147	118	4.242E-20	89
P0DPT7	O42191	41.900	111	147	124	4.242E-20	89
P0DPT7	Q9PUH5	39.500	119	147	145	4.242E-20	89
P0DPT7	Q9PUH8	39.400	106	147	147	4.242E-20	89
P0DPT7	P04054	37.500	112	147	148	4.242E-20	89
P0DPT7	Q7LZQ4	41.900	111	147	124	5.809E-20	89
P0DPT7	A8CG86	41.500	101	147	138	5.809E-20	89
P0DPT7	P39877	38.600	101	147	138	5.809E-20	89
P0DPT7	Q8UW08	38.700	118	147	146	5.809E-20	89
P0DPT7	P20258	42.800	103	147	117	7.953E-20	88
P0DPT7	Q7SID6	41.200	113	147	123	7.953E-20	88
P0DPT7	P51433	34.600	129	147	137	7.953E-20	88
P0DPT7	Q75S48	37.900	121	147	152	7.953E-20	88
P0DPT7	P20256	42.800	103	147	118	1.089E-19	88
P0DPT7	P0DKR5	45.200	95	147	122	1.089E-19	88
P0DPT7	B6CQR5	46.700	92	147	138	1.089E-19	88
P0DPT7	P00593	38.000	99	147	145	1.089E-19	88
P0DPT7	Q92086	39.800	113	147	146	1.089E-19	88
P0DPT7	Q9PUH1	37.900	119	147	146	1.089E-19	88
P0DPT7	P00600	42.200	105	147	119	1.491E-19	87
P0DPT7	Q9PVF1	42.900	113	147	126	1.491E-19	87
P0DPT7	Q6YNQ0	37.500	109	147	137	1.491E-19	87
P0DPT7	Q9PWR6	47.800	92	147	138	1.491E-19	87
P0DPT7	Q98996	47.800	92	147	138	1.491E-19	87
P0DPT7	B5U6Z2	47.800	92	147	138	1.491E-19	87
P0DPT7	Q9PUG9	39.800	106	147	144	1.491E-19	87
P0DPT7	Q45Z42	44.400	105	147	146	1.491E-19	87
P0DPT7	P00619	37.500	109	147	147	1.491E-19	87
P0DPT7	Q75S51	37.500	109	147	147	1.491E-19	87
P0DPT7	P14419	38.000	99	147	123	2.041E-19	87
P0DPT7	P14418	41.900	111	147	124	2.041E-19	87
P0DPT7	A8CG87	46.700	92	147	138	2.041E-19	87
P0DPT7	A8CG78	46.700	92	147	138	2.041E-19	87
P0DPT7	F8QN54	42.600	114	147	138	2.041E-19	87
P0DPT7	Q9PVE9	44.100	110	147	139	2.041E-19	87
P0DPT7	P04056	42.800	103	147	118	2.795E-19	87
P0DPT7	O42192	43.400	114	147	122	2.795E-19	87
P0DPT7	P0DKR3	42.500	101	147	122	2.795E-19	87
P0DPT7	Q6YIJ3	37.500	109	147	137	2.795E-19	87
P0DPT7	P59171	40.800	114	147	138	2.795E-19	87
P0DPT7	P31854	37.500	133	147	138	2.795E-19	87
P0DPT7	G3DT18	43.100	95	147	138	2.795E-19	87
P0DPT7	P08872	38.900	113	147	144	2.795E-19	87
P0DPT7	Q7T1R1	35.200	120	147	146	2.795E-19	87
P0DPT7	Q7T2Q4	41.100	114	147	147	2.795E-19	87
P0DPT7	Q8QFW3	38.300	109	147	147	2.795E-19	87
P0DPT7	Q8QFW4	36.600	109	147	147	2.795E-19	87
P0DPT7	P00617	37.500	109	147	147	2.795E-19	87
P0DPT7	Q45Z28	36.400	126	147	151	2.795E-19	87
P0DPT7	P24294	46.700	92	147	121	3.826E-19	86
P0DPT7	P59071	41.700	114	147	121	3.826E-19	86
P0DPT7	Q9PVF0	42.100	113	147	126	3.826E-19	86
P0DPT7	P60045	39.800	113	147	126	3.826E-19	86
P0DPT7	A8CG84	41.700	114	147	137	3.826E-19	86
P0DPT7	A8CG82	43.700	96	147	138	3.826E-19	86
P0DPT7	Q9PUH7	38.600	114	147	144	3.826E-19	86
P0DPT7	P20255	42.800	103	147	118	5.238E-19	86
P0DPT7	P00601	42.200	105	147	119	5.238E-19	86
P0DPT7	Q9PTA5	42.200	89	147	137	5.238E-19	86
P0DPT7	Q9PUH9	39.400	106	147	147	5.238E-19	86
P0DPT7	C0HK16	41.700	114	147	121	7.170E-19	85
P0DPT7	Q9PUI1	38.300	115	147	145	7.170E-19	85
P0DPT7	Q9PUH6	37.900	119	147	145	7.170E-19	85
P0DPT7	Q7T1R0	35.400	120	147	146	7.170E-19	85
P0DPT7	P00596	40.100	105	147	146	7.170E-19	85
P0DPT7	Q9PUI0	38.500	106	147	147	7.170E-19	85
P0DPT7	Q45Z27	36.400	126	147	151	7.170E-19	85
P0DPT7	Q45Z29	36.400	126	147	151	7.170E-19	85
P0DPT7	Q45Z30	36.400	126	147	151	7.170E-19	85
P0DPT7	P00610	38.800	100	147	119	9.816E-19	85
P0DPT7	Q8AY48	36.600	109	147	137	9.816E-19	85
P0DPT7	P14424	42.600	114	147	138	9.816E-19	85
P0DPT7	P59170	41.000	95	147	139	9.816E-19	85
P0DPT7	Q45Z25	36.400	126	147	151	9.816E-19	85
P0DPT7	Q9W7J4	38.800	108	147	154	9.816E-19	85
P0DPT7	P81479	42.100	113	147	122	1.344E-18	85
P0DPT7	P20249	43.400	114	147	122	1.344E-18	85
P0DPT7	P00629	40.500	106	147	135	1.344E-18	85
P0DPT7	Q9PTA6	42.200	89	147	138	1.344E-18	85
P0DPT7	P11407	42.600	114	147	138	1.344E-18	85
P0DPT7	P00626	42.600	114	147	138	1.344E-18	85
P0DPT7	Q9I845	41.100	118	147	145	1.344E-18	85
P0DPT7	Q9I843	41.100	118	147	145	1.344E-18	85
P0DPT7	Q8UW30	38.700	108	147	146	1.344E-18	85
P0DPT7	Q8AXW7	33.800	130	147	146	1.344E-18	85
P0DPT7	P81478	42.600	114	147	122	1.839E-18	84
P0DPT7	Q91506	42.900	106	147	122	1.839E-18	84
P0DPT7	Q9I968	41.300	115	147	138	1.839E-18	84
P0DPT7	P59359	37.500	115	147	145	1.839E-18	84
P0DPT7	Q9I844	40.300	118	147	145	1.839E-18	84
P0DPT7	Q92085	38.100	113	147	146	1.839E-18	84
P0DPT7	Q45Z26	36.400	126	147	151	1.839E-18	84
P0DPT7	Q4VRI5	37.000	108	147	154	1.839E-18	84
P0DPT7	P81480	41.700	114	147	122	2.518E-18	84
P0DPT7	Q9PU97	37.500	109	147	137	2.518E-18	84
P0DPT7	A8E2V8	41.900	111	147	139	2.518E-18	84
P0DPT7	Q9DF52	40.900	106	147	145	2.518E-18	84
P0DPT7	Q9I847	40.300	118	147	145	2.518E-18	84
P0DPT7	Q9I842	41.100	118	147	145	2.518E-18	84
P0DPT7	Q9PUH2	37.000	119	147	146	2.518E-18	84
P0DPT7	P86456	39.400	114	147	121	3.447E-18	83
P0DPT7	P60044	37.900	104	147	126	3.447E-18	83
P0DPT7	P20476	42.100	113	147	138	3.447E-18	83
P0DPT7	Q6H3D0	42.100	113	147	138	3.447E-18	83
P0DPT7	Q9PUH0	39.800	106	147	146	3.447E-18	83
P0DPT7	Q8JFG2	36.200	115	147	152	3.447E-18	83
P0DPT7	P00622	38.700	111	147	121	4.718E-18	83
P0DPT7	P81458	38.200	114	147	121	4.718E-18	83
P0DPT7	Q2PG83	43.600	102	147	138	4.718E-18	83
P0DPT7	Q9I837	40.300	118	147	145	4.718E-18	83
P0DPT7	A7LCJ2	37.700	110	147	155	4.718E-18	83
P0DPT7	P07037	37.200	106	147	119	6.457E-18	83
P0DPT7	Q2YHJ5	40.800	114	147	122	6.457E-18	83
P0DPT7	Q9PSN5	37.200	102	147	125	6.457E-18	83
P0DPT7	P60043	39.000	101	147	126	6.457E-18	83
P0DPT7	Q6SLM0	39.200	106	147	137	6.457E-18	83
P0DPT7	P08873	36.700	130	147	145	6.457E-18	83
P0DPT7	Q8UUI4	39.800	113	147	145	6.457E-18	83
P0DPT7	P19000	39.800	113	147	145	6.457E-18	83
P0DPT7	Q9DF33	47.600	85	147	146	6.457E-18	83
P0DPT7	P17934	41.100	89	147	147	6.457E-18	83
P0DPT7	P20253	43.500	85	147	118	8.838E-18	82
P0DPT7	P86389	39.500	96	147	124	8.838E-18	82
P0DPT7	P14411	37.300	106	147	135	8.838E-18	82
P0DPT7	P0CAR9	43.100	91	147	137	8.838E-18	82
P0DPT7	C0HKC3	43.900	91	147	139	8.838E-18	82
P0DPT7	Q6H3C7	40.500	110	147	139	8.838E-18	82
P0DPT7	Q9PVF2	40.500	110	147	139	8.838E-18	82
P0DPT7	Q8UUI3	38.900	113	147	145	8.838E-18	82
P0DPT7	P00598	39.200	105	147	146	8.838E-18	82
P0DPT7	Q8UW31	34.600	124	147	152	8.838E-18	82
P0DPT7	P00609	36.000	100	147	119	1.210E-17	82
P0DPT7	Q6T179	38.100	113	147	126	1.210E-17	82
P0DPT7	Q8UUI2	36.300	125	147	145	1.210E-17	82
P0DPT7	F8J2D2	37.000	106	147	146	1.210E-17	82
P0DPT7	P00605	38.500	106	147	118	1.656E-17	81
P0DPT7	P00627	38.900	116	147	135	1.656E-17	81
P0DPT7	Q6SLM2	38.300	106	147	137	1.656E-17	81
P0DPT7	Q2HZ28	40.000	114	147	138	1.656E-17	81
P0DPT7	Q8QG87	41.600	96	147	138	1.656E-17	81
P0DPT7	P0C551	38.600	88	147	142	1.656E-17	81
P0DPT7	P00606	36.900	116	147	145	1.656E-17	81
P0DPT7	F8J2D0	37.000	106	147	146	1.656E-17	81
P0DPT7	Q9QZT3	39.000	100	147	151	1.656E-17	81
P0DPT7	P00620	41.600	96	147	118	2.266E-17	81
P0DPT7	C9DPL5	40.600	96	147	122	2.266E-17	81
P0DPT7	C0HKC4	42.800	91	147	123	2.266E-17	81
P0DPT7	P51972	42.800	91	147	123	2.266E-17	81
P0DPT7	Q9PUH3	36.200	119	147	146	2.266E-17	81
P0DPT7	Q9PUH4	35.400	119	147	146	2.266E-17	81
P0DPT7	Q7T2Q5	41.200	106	147	147	2.266E-17	81
P0DPT7	A4FS04	40.400	93	147	119	3.101E-17	81
P0DPT7	Q90WA7	38.600	106	147	145	3.101E-17	81
P0DPT7	P00628	38.600	106	147	135	4.244E-17	80
P0DPT7	C1IC46	39.500	85	147	137	4.244E-17	80
P0DPT7	P00604	37.600	106	147	118	5.807E-17	80
P0DPT7	P00614	42.400	103	147	119	5.807E-17	80
P0DPT7	Q8AXY1	39.500	96	147	138	5.807E-17	80
P0DPT7	Q6EER3	38.600	101	147	138	5.807E-17	80
P0DPT7	Q8UUH8	36.200	119	147	145	5.807E-17	80
P0DPT7	Q9QXX3	40.400	89	147	151	5.807E-17	80
P0DPT7	P00599	40.900	105	147	118	7.947E-17	79
P0DPT7	P00621	40.600	96	147	119	7.947E-17	79
P0DPT7	P06859	41.700	102	147	138	7.947E-17	79
P0DPT7	Q91133	38.300	105	147	146	7.947E-17	79
P0DPT7	C0HKB8	36.500	103	147	117	1.087E-16	79
P0DPT7	P00603	39.700	93	147	118	1.087E-16	79
P0DPT7	P0DJP4	40.000	114	147	122	1.087E-16	79
P0DPT7	P81243	41.300	92	147	124	1.087E-16	79
P0DPT7	Q90251	40.000	89	147	137	1.087E-16	79
P0DPT7	P45881	41.000	95	147	138	1.087E-16	79
P0DPT7	P20257	39.000	103	147	118	1.488E-16	79
P0DPT7	P25498	37.200	93	147	119	1.488E-16	79
P0DPT7	P84674	40.000	114	147	121	1.488E-16	79
P0DPT7	P86368	40.000	114	147	121	1.488E-16	79
P0DPT7	P86974	41.000	95	147	122	1.488E-16	79
P0DPT7	Q2YHJ2	38.200	114	147	138	1.488E-16	79
P0DPT7	Q2YHJ7	38.200	114	147	138	1.488E-16	79
P0DPT7	P80966	38.100	97	147	151	1.488E-16	79
P0DPT7	P04057	39.000	103	147	118	2.036E-16	78
P0DPT7	P00602	39.700	93	147	118	2.036E-16	78
P0DPT7	D2X8K2	34.500	110	147	119	2.036E-16	78
P0DPT7	P70088	43.100	95	147	138	2.036E-16	78
P0DPT7	Q6H3C8	43.100	95	147	138	2.036E-16	78
P0DPT7	A6MEY4	36.800	131	147	145	2.036E-16	78
P0DPT7	C0HKB9	37.700	117	147	119	2.786E-16	78
P0DPT7	C1IC45	39.500	85	147	137	2.786E-16	78
P0DPT7	P00611	37.300	118	147	145	2.786E-16	78
P0DPT7	P14556	37.600	93	147	118	3.812E-16	78
P0DPT7	Q9PRG0	36.000	117	147	145	3.812E-16	78
P0DPT7	P20146	37.300	105	147	145	3.812E-16	78
P0DPT7	P00595	38.200	93	147	119	5.215E-16	77
P0DPT7	Q6H3C5	38.200	114	147	122	5.215E-16	77
P0DPT7	Q9W7J3	36.100	108	147	154	5.215E-16	77
P0DPT7	P82896	40.000	95	147	122	7.135E-16	77
P0DPT7	O42190	43.400	92	147	124	7.135E-16	77
P0DPT7	Q92147	44.200	95	147	138	7.135E-16	77
P0DPT7	P20259	41.100	85	147	117	9.762E-16	76
P0DPT7	Q8UUI0	34.600	119	147	155	9.762E-16	76
P0DPT7	Q2YHJ6	36.500	111	147	138	1.827E-15	76
P0DPT7	Q8UUH9	35.200	130	147	155	1.827E-15	76
P0DPT7	P84651	42.100	95	147	122	2.499E-15	75
P0DPT7	Q802I1	38.500	83	147	142	2.499E-15	75
P0DPT7	P10116	37.700	103	147	118	3.419E-15	75
P0DPT7	P00608	36.000	100	147	119	4.676E-15	74
P0DPT7	Q9PUG7	36.800	95	147	152	4.676E-15	74
P0DPT7	P81167	36.500	103	147	118	6.396E-15	74
P0DPT7	Q90W39	36.800	95	147	138	6.396E-15	74
P0DPT7	Q71QE8	40.000	95	147	138	8.748E-15	74
P0DPT7	Q2YHJ3	38.900	95	147	138	8.748E-15	74
P0DPT7	P48076	36.200	99	147	150	8.748E-15	74
P0DPT7	Q6EER6	36.600	101	147	122	1.636E-14	73
P0DPT7	Q805A2	35.700	95	147	138	1.636E-14	73
P0DPT7	P24027	38.900	95	147	138	1.636E-14	73
P0DPT7	Q8UUH7	34.000	128	147	154	1.636E-14	73
P0DPT7	P81166	37.800	102	147	118	2.238E-14	72
P0DPT7	P0CAS0	42.500	87	147	136	2.238E-14	72
P0DPT7	Q6EER4	36.800	95	147	138	2.238E-14	72
P0DPT7	Q8WS88	35.800	92	147	156	2.238E-14	72
P0DPT7	C0HJC1	39.100	114	147	122	4.185E-14	72
P0DPT7	F5CPF1	35.800	115	147	142	4.185E-14	72
P0DPT7	P23026	40.000	90	147	145	4.185E-14	72
P0DPT7	P0CAS5	37.800	95	147	122	1.070E-13	70
P0DPT7	P39878	36.200	99	147	150	1.070E-13	70
P0DPT7	Q9PUG8	35.700	95	147	152	1.070E-13	70
P0DPT7	P0CG56	37.800	95	147	122	1.463E-13	70
P0DPT7	Q6EER5	35.700	95	147	122	2.734E-13	69
P0DPT7	P86169	37.800	95	147	122	2.734E-13	69
P0DPT7	P62022	37.800	95	147	138	2.734E-13	69
P0DPT7	P62023	37.800	95	147	138	2.734E-13	69
P0DPT7	P0CAS2	37.800	95	147	122	3.737E-13	69
P0DPT7	P00625	41.300	92	147	139	6.983E-13	68
P0DPT7	P0CAS3	36.800	95	147	122	1.304E-12	67
P0DPT7	Q6EER2	36.800	95	147	138	1.783E-12	67
P0DPT7	Q1ZY03	34.700	95	147	138	2.436E-12	66
P0DPT7	C0HJL8	34.200	105	147	122	4.549E-12	66
P0DPT7	Q8AY47	40.500	76	147	139	4.549E-12	66
P0DPT7	P0CAS4	36.300	99	147	122	8.493E-12	65
P0DPT7	P0CAS6	36.800	95	147	122	8.493E-12	65
P0DPT7	D0UGJ0	40.000	94	147	139	1.160E-11	64
P0DPT7	P59068	70.900	31	147	57	7.535E-11	62
P0DPT7	P59067	51.100	45	147	62	3.154E-09	57
P0DPT7	P59070	52.000	48	147	48	5.869E-09	57
P0DPT7	P0DJ62	62.800	35	147	60	1.489E-08	55
P0DPT7	P0DM51	56.500	46	147	50	2.031E-08	55
P0DPT7	B3EWP6	64.700	34	147	60	7.015E-08	53
P0DPT7	P84736	66.600	30	147	50	9.562E-08	53
A0A6C0WW38	Q9FZN8	96.700	369	369	369	2.755E-234	719
A0A6C0WW38	Q68CM3	87.800	363	369	365	3.005E-209	647
A0A6C0WW38	Q9AR07	39.000	382	369	389	1.387E-79	272
A0A6C0WW38	Q9SPV4	40.900	353	369	359	4.314E-78	268
A0A6C0WW38	Q6XMI3	40.200	354	369	379	2.502E-76	263
A0A6C0WW38	Q9AVK0	40.200	340	369	372	8.563E-68	238
A0A6C0WW38	A4GE69	40.200	340	369	372	1.169E-67	237
A0A6C0WW38	Q8H0D2	39.400	348	369	384	2.180E-67	237
A0A6C0WW38	Q9AVJ9	38.700	345	369	378	1.413E-66	234
A0A6C0WW38	A4GE70	39.200	348	369	384	1.929E-66	234
A0A6C0WW38	Q8H0D3	39.200	348	369	384	2.633E-66	233
A0A6C0WW38	Q84PP7	38.600	351	369	384	3.595E-66	233
A0A6C0WW38	D9J100	37.600	363	369	379	1.705E-65	231
A0A6C0WW38	Q8H0G0	38.800	347	369	384	1.705E-65	231
A0A6C0WW38	B6SU46	35.600	361	369	374	4.069E-62	221
A0A6C0WW38	D9J0Z7	34.900	366	369	382	1.310E-58	211
A0A6C0WW38	D9J101	35.300	376	369	385	2.437E-58	210
A0A6C0WW38	Q9FYC4	34.900	323	369	348	2.104E-50	187
A0A6C0WW38	F4JUY5	32.500	350	369	376	2.161E-48	181
A0A6C0WW38	Q9FLN8	33.100	345	369	386	8.745E-47	176
A0A6C0WW38	Q0J998	33.100	301	369	404	2.609E-43	166
A0A6C0WW38	Q5XF78	30.000	356	369	387	2.240E-42	163
P9WEV7	A2PZA5	28.200	710	744	719	2.146E-67	249
P9WEV7	C9K2Q3	27.500	731	744	697	7.061E-67	248
P9WEV7	A0A1B4XBK0	39.300	292	744	533	1.603E-48	191
P9WEV7	B2DBE8	37.400	287	744	389	6.813E-47	186
P9WEV7	B2DBE9	35.200	291	744	424	3.814E-45	180
P9WEV7	Q6F5E6	34.600	300	744	343	1.582E-43	175
P9WEV7	S0E627	33.500	298	744	393	2.803E-43	174
P9WEV7	Q9P885	35.600	270	744	303	1.446E-39	162
P9WEV7	Q92236	29.000	428	744	418	1.446E-39	162
P9WEV7	P24322	31.400	307	744	433	1.054E-38	160
P9WEV7	Q9C446	33.800	296	744	371	5.767E-38	157
P9WEV7	Q54BK1	34.800	221	744	303	9.337E-36	150
P9WEV7	Q6F596	33.500	275	744	300	1.564E-34	146
P9WEV7	O95749	33.200	272	744	300	3.638E-34	145
P9WEV7	Q9WTN0	33.200	275	744	300	1.121E-33	143
P9WEV7	Q12051	30.200	249	744	335	4.073E-31	135
P9WEV7	Q758K0	32.900	236	744	320	2.894E-30	132
P9WEV7	P0AD57	27.700	248	744	323	2.176E-12	74
P9WEV7	P0AD58	27.700	248	744	323	2.176E-12	74
P9WEV7	Q97W92	28.200	151	744	281	3.827E-09	63
P9WEV7	P44916	28.400	177	744	329	6.655E-09	63
P9WEV7	O24743	28.600	181	744	325	6.082E-08	59
P9WEV7	O66129	24.600	193	744	325	1.394E-07	58
P9WEV7	Q8PW34	26.900	179	744	324	3.196E-07	57
P9WEV7	Q8S948	29.000	176	744	406	5.555E-07	56
P9WEV7	B6H063	25.900	258	744	342	7.324E-07	56
P9WEV7	Q0INZ4	27.900	185	744	372	9.657E-07	55
P9WEV7	Q75HZ9	27.900	185	744	403	9.657E-07	55
P9WEV7	Q03471	25.900	258	744	342	1.273E-06	55
P9WEV7	Q653T6	27.100	176	744	430	1.273E-06	55
P9WEV7	Q9UR08	22.300	321	744	320	5.072E-06	53
P9WEV7	Q76FS5	27.100	176	744	417	8.815E-06	52
P9WEV7	Q5HZ00	25.400	176	744	422	1.532E-05	51
P9WEV7	P95999	24.700	179	744	332	6.101E-05	49
P9WEV7	P17060	28.800	144	744	289	1.842E-04	48
P9WEV7	Q08291	27.000	155	744	297	9.668E-04	46
P9WEV7	P55785	23.300	179	744	320	9.668E-04	46
A0A5P8DHZ6	G3CCC0	48.900	704	800	802	1.875E-220	702
A0A5P8DHZ6	E2IHE0	45.900	712	800	808	4.048E-197	634
A0A5P8DHZ6	O04408	41.500	752	800	801	9.878E-194	625
A0A5P8DHZ6	Q38802	44.400	709	800	802	1.452E-191	618
A0A5P8DHZ6	Q6E7D7	40.400	705	800	767	2.823E-166	544
A0A5P8DHZ6	Q0JF02	40.000	705	800	767	6.316E-165	541
A0A5P8DHZ6	Q5MQ85	39.000	696	800	800	6.524E-158	520
A0A5P8DHZ6	Q6Z5I0	39.000	696	800	800	2.258E-157	518
A0A5P8DHZ6	J9R388	41.600	591	800	740	8.036E-141	470
A0A5P8DHZ6	J9QS23	41.600	591	800	739	7.000E-140	467
A0A5P8DHZ6	Q50EK2	40.500	531	800	850	2.222E-134	451
A0A5P8DHZ6	M4HXU6	40.500	531	800	857	5.610E-134	450
A0A5P8DHZ6	M4HYC6	40.500	531	800	850	1.928E-133	448
A0A5P8DHZ6	H8ZM73	36.000	658	800	867	9.024E-133	446
A0A5P8DHZ6	Q38710	38.300	585	800	868	1.673E-132	445
A0A5P8DHZ6	Q675L5	41.400	517	800	867	3.101E-132	445
A0A5P8DHZ6	H8ZM70	38.300	585	800	844	4.222E-132	444
A0A5P8DHZ6	Q675L4	41.000	517	800	859	7.825E-132	443
A0A5P8DHZ6	H8ZM71	40.600	517	800	852	4.981E-131	441
A0A5P8DHZ6	G1DGI7	40.400	498	800	750	8.447E-122	414
A0A5P8DHZ6	M4HYP3	39.200	502	800	876	1.349E-118	404
A0A5P8DHZ6	M4HYC8	38.100	515	800	868	5.358E-115	394
A0A5P8DHZ6	M4HY08	38.100	515	800	868	1.827E-114	392
A0A5P8DHZ6	O81086	37.800	524	800	817	3.918E-113	388
A0A5P8DHZ6	G9MAN7	39.600	498	800	867	1.813E-112	386
A0A5P8DHZ6	Q41594	37.700	499	800	862	1.051E-103	360
A0A5P8DHZ6	Q93YA3	37.300	499	800	862	2.218E-102	356
A0A5P8DHZ6	Q9FT37	37.300	499	800	862	4.671E-101	352
A0A5P8DHZ6	Q4QSN4	35.700	506	800	815	3.172E-97	341
A0A5P8DHZ6	Q39548	30.800	501	800	789	8.121E-70	258
A0A5P8DHZ6	Q9SAK2	27.500	727	800	785	6.455E-69	255
A0A5P8DHZ6	G3CCC1	27.600	518	800	792	3.723E-63	237
A0A5P8DHZ6	Q0JA82	29.100	501	800	756	1.614E-62	235
A0A5P8DHZ6	B8XA41	26.400	716	800	777	3.890E-62	234
A0A5P8DHZ6	C1K5M3	26.300	717	800	778	1.256E-61	233
A0A5P8DHZ6	Q2QQJ5	25.800	759	800	815	3.022E-61	231
A0A5P8DHZ6	Q0JEZ8	29.300	505	800	842	2.341E-60	229
A0A5P8DHZ6	Q66QH3	29.100	505	800	840	5.624E-60	228
A0A5P8DHZ6	Q00G37	28.500	501	800	830	5.973E-58	221
A0A5P8DHZ6	Q6Z5J6	26.300	642	800	821	1.955E-56	216
A0A5P8DHZ6	Q0E088	28.200	501	800	829	2.614E-56	216
A0A5P8DHZ6	A4KAG7	27.000	496	800	821	2.721E-53	207
A0A5P8DHZ6	A4KAG8	28.700	498	800	821	4.864E-51	199
A0A5P8DHZ6	Q6BDZ9	26.600	486	800	822	4.843E-50	196
A0A5P8DHZ6	Q1AHB2	25.500	489	800	816	8.395E-48	189
A0A5P8DHZ6	Q96376	25.500	655	800	870	5.910E-45	180
A0A5P8DHZ6	Q93YV0	24.800	648	800	877	1.587E-40	166
A0A5P8DHZ6	O24474	33.200	262	800	627	2.008E-39	162
A0A5P8DHZ6	O64405	28.400	392	800	593	4.676E-39	161
A0A5P8DHZ6	Q84KL6	28.600	347	800	629	8.211E-39	160
A0A5P8DHZ6	O64404	31.800	280	800	581	1.812E-37	156
A0A5P8DHZ6	Q9M7D1	31.900	263	800	630	3.178E-37	155
A0A5P8DHZ6	Q6XDB5	31.500	269	800	627	5.573E-37	154
A0A5P8DHZ6	Q9M7C9	31.800	289	800	637	1.294E-36	153
A0A5P8DHZ6	F1CKI8	30.200	306	800	627	3.975E-36	152
A0A5P8DHZ6	O24475	32.900	263	800	628	3.975E-36	152
A0A5P8DHZ6	F1CKI9	30.500	306	800	627	5.262E-36	151
A0A5P8DHZ6	Q675L0	28.300	315	800	578	1.615E-35	150
A0A5P8DHZ6	Q84KL3	31.400	270	800	628	2.138E-35	149
A0A5P8DHZ6	F1CKJ1	30.200	306	800	627	2.830E-35	149
A0A5P8DHZ6	Q84SM8	30.900	262	800	627	6.558E-35	148
A0A5P8DHZ6	Q9M7D0	28.400	338	800	630	1.334E-32	140
A0A5P8DHZ6	Q948Z0	31.100	262	800	618	3.085E-32	139
A0A5P8DHZ6	Q84KL4	31.200	262	800	627	7.132E-32	138
A0A5P8DHZ6	O50406	31.800	332	800	501	9.429E-32	138
A0A5P8DHZ6	F1CKI6	29.400	282	800	627	5.033E-31	135
A0A5P8DHZ6	Q84KL5	30.100	258	800	574	6.653E-31	135
A0A5P8DHZ6	B2DBF1	26.100	402	800	983	7.991E-26	118
A0A5P8DHZ6	B2DBF0	28.900	339	800	1004	2.962E-24	113
A0A5P8DHZ6	Q6PWU2	27.600	341	800	590	2.069E-23	110
A0A5P8DHZ6	B2KSJ6	26.500	333	800	560	4.759E-23	109
A0A5P8DHZ6	B2KSJ5	26.400	290	800	571	4.759E-23	109
A0A5P8DHZ6	Q49SP5	27.200	317	800	554	6.282E-23	109
A0A5P8DHZ6	Q39978	27.300	259	800	555	2.516E-22	107
A0A5P8DHZ6	Q84LF1	26.300	294	800	548	3.321E-22	106
A0A5P8DHZ6	Q84LF0	27.000	294	800	548	3.321E-22	106
A0A5P8DHZ6	Q93X23	26.600	339	800	597	3.321E-22	106
A0A5P8DHZ6	I6RAQ6	29.800	254	800	547	7.635E-22	105
A0A5P8DHZ6	G5CV46	27.600	259	800	555	1.755E-21	104
A0A5P8DHZ6	Q84LF2	26.400	297	800	548	2.316E-21	104
A0A5P8DHZ6	Q84LG0	26.000	294	800	548	3.056E-21	103
A0A5P8DHZ6	P59287	26.500	317	800	601	3.056E-21	103
A0A5P8DHZ6	E3W203	28.100	254	800	569	7.024E-21	102
A0A5P8DHZ6	Q9AR04	26.900	262	800	546	9.269E-21	102
A0A5P8DHZ6	Q6Q3H2	25.700	327	800	556	9.269E-21	102
A0A5P8DHZ6	Q39760	28.600	266	800	554	1.223E-20	101
A0A5P8DHZ6	O49853	28.600	266	800	554	1.223E-20	101
A0A5P8DHZ6	J9RLZ7	26.800	298	800	563	1.614E-20	101
A0A5P8DHZ6	Q39761	27.700	343	800	554	2.810E-20	100
A0A5P8DHZ6	E3W202	28.700	254	800	569	3.708E-20	100
A0A5P8DHZ6	Q9XJ32	27.300	259	800	556	4.893E-20	99
A0A5P8DHZ6	K4L9M2	25.400	302	800	561	4.893E-20	99
A0A5P8DHZ6	Q9LLR9	24.600	319	800	547	6.456E-20	99
A0A5P8DHZ6	Q8SA63	28.600	254	800	548	6.456E-20	99
A0A5P8DHZ6	Q2XSC4	26.400	300	800	538	8.518E-20	98
A0A5P8DHZ6	Q84ZW8	23.900	287	800	590	8.518E-20	98
A0A5P8DHZ6	Q8H2B4	28.500	290	800	606	8.518E-20	98
A0A5P8DHZ6	O65323	29.200	255	800	559	1.124E-19	98
A0A5P8DHZ6	B6SCF4	24.700	326	800	613	1.124E-19	98
A0A5P8DHZ6	B9S9Z3	26.900	266	800	558	1.483E-19	98
A0A5P8DHZ6	P93665	27.800	266	800	554	1.957E-19	97
A0A5P8DHZ6	E3W204	28.100	254	800	569	2.582E-19	97
A0A5P8DHZ6	Q8L5K3	26.600	254	800	606	2.582E-19	97
A0A5P8DHZ6	I6R4V5	26.600	262	800	546	3.406E-19	96
A0A5P8DHZ6	Q5SBP0	24.800	305	800	601	3.406E-19	96
A0A5P8DHZ6	O81192	30.300	285	800	598	4.494E-19	96
A0A5P8DHZ6	Q2XSC5	26.500	297	800	564	5.929E-19	96
A0A5P8DHZ6	J7LH11	25.300	283	800	546	1.032E-18	95
A0A5P8DHZ6	Q6Q3H3	26.300	291	800	557	1.361E-18	94
A0A5P8DHZ6	O81193	29.900	254	800	590	1.361E-18	94
A0A5P8DHZ6	B1B1U3	26.200	291	800	548	2.370E-18	94
A0A5P8DHZ6	K4LMW2	26.200	262	800	561	3.126E-18	93
A0A5P8DHZ6	Q5SBP1	24.200	300	800	599	3.126E-18	93
A0A5P8DHZ6	A0A1C9J6A7	26.300	256	800	607	3.126E-18	93
A0A5P8DHZ6	A7IZZ2	26.200	336	800	615	4.124E-18	93
A0A5P8DHZ6	E2E2P0	26.600	284	800	594	9.468E-18	92
A0A5P8DHZ6	Q5SBP2	25.000	294	800	598	1.249E-17	91
A0A5P8DHZ6	Q9FXY7	27.300	255	800	577	2.173E-17	91
A0A5P8DHZ6	Q9FQ27	26.600	266	800	544	2.867E-17	90
A0A5P8DHZ6	J9R5V4	27.500	266	800	562	2.867E-17	90
A0A5P8DHZ6	O23945	25.600	280	800	556	3.782E-17	90
A0A5P8DHZ6	Q94G53	27.800	294	800	582	6.580E-17	89
A0A5P8DHZ6	O64961	26.600	266	800	548	8.680E-17	89
A0A5P8DHZ6	E2E2N7	25.900	302	800	555	3.466E-16	87
A0A5P8DHZ6	Q5SBP3	27.000	258	800	574	3.466E-16	87
A0A5P8DHZ6	Q8L5K4	25.700	253	800	600	3.466E-16	87
A0A5P8DHZ6	Q94JS8	25.900	287	800	560	4.571E-16	86
A0A5P8DHZ6	G1JUH1	25.700	276	800	607	4.571E-16	86
A0A5P8DHZ6	P0CJ43	26.500	248	800	589	7.952E-16	85
A0A5P8DHZ6	Q2XSC6	26.600	254	800	602	1.049E-15	85
A0A5P8DHZ6	D2YZP9	22.500	321	800	550	1.383E-15	85
A0A5P8DHZ6	Q43714	25.000	262	800	555	1.383E-15	85
A0A5P8DHZ6	A4FVP2	26.300	303	800	565	3.174E-15	83
A0A5P8DHZ6	O81191	25.800	292	800	591	3.174E-15	83
A0A5P8DHZ6	P0CV96	26.800	263	800	580	4.185E-15	83
A0A5P8DHZ6	O13284	25.100	378	800	946	4.185E-15	83
A0A5P8DHZ6	J7LP58	24.200	311	800	564	1.670E-14	81
A0A5P8DHZ6	Q6USK1	26.600	258	800	567	1.670E-14	81
A0A5P8DHZ6	Q9SPN1	26.800	235	800	583	2.202E-14	81
A0A5P8DHZ6	I6RE61	26.400	244	800	596	2.202E-14	81
A0A5P8DHZ6	I6QPS5	25.000	262	800	549	2.904E-14	80
A0A5P8DHZ6	P0CV95	26.300	286	800	578	3.830E-14	80
A0A5P8DHZ6	Q49SP3	25.600	321	800	552	8.784E-14	79
A0A5P8DHZ6	Q9SPN0	25.100	235	800	567	1.527E-13	78
A0A5P8DHZ6	Q5SBP6	22.900	287	800	546	2.014E-13	78
A0A5P8DHZ6	Q5SBP5	25.000	249	800	540	2.656E-13	77
A0A5P8DHZ6	Q49SP4	23.700	309	800	545	3.503E-13	77
A0A5P8DHZ6	Q0VHD6	23.900	269	800	550	6.090E-13	76
A0A5P8DHZ6	O48935	22.100	319	800	550	1.059E-12	75
A0A5P8DHZ6	A7IZZ1	26.200	267	800	622	2.428E-12	74
A0A5P8DHZ6	Q49SP6	24.600	309	800	554	2.218E-11	71
A0A5P8DHZ6	Q9ZUH4	23.400	332	800	591	2.218E-11	71
A0A5P8DHZ6	Q5W283	21.000	279	800	551	2.924E-11	70
A0A5P8DHZ6	Q84LB2	24.600	263	800	576	3.856E-11	70
A0A5P8DHZ6	Q84NC8	24.600	235	800	579	1.165E-10	68
A0A5P8DHZ6	B0FGA9	24.500	263	800	559	4.641E-10	66
A0A5P8DHZ6	Q84ND0	24.300	235	800	581	4.641E-10	66
A0A5P8DHZ6	Q84NC9	24.300	235	800	584	4.641E-10	66
A0A5P8DHZ6	Q8LSC3	23.200	263	800	583	6.118E-10	66
A0A5P8DHZ6	P0DI76	23.700	298	800	600	8.066E-10	66
A0A5P8DHZ6	Q9LRZ6	23.900	248	800	598	1.402E-09	65
A0A5P8DHZ6	Q9AJE4	22.700	383	800	499	2.216E-05	51
A0A4D6Q9B0	Q06942	81.600	359	372	364	4.139E-198	615
A0A4D6Q9B0	Q07353	81.200	362	372	369	2.040E-194	604
A0A4D6Q9B0	Q9S818	81.300	348	372	358	6.515E-193	600
A0A4D6Q9B0	Q7XM21	75.400	377	372	377	3.540E-190	592
A0A4D6Q9B0	Q05965	79.300	348	372	357	6.022E-189	589
A0A4D6Q9B0	P41090	77.900	362	372	364	2.163E-185	578
A0A4D6Q9B0	P28038	73.900	377	372	377	3.748E-181	566
A0A4D6Q9B0	Q05964	75.900	362	372	365	5.135E-181	566
A0A4D6Q9B0	Q05963	79.500	336	372	356	7.035E-181	565
A0A4D6Q9B0	Q7XZQ8	73.000	334	372	365	1.160E-166	524
A0A4D6Q9B0	Q8W2X5	35.400	319	372	342	1.971E-58	211
A0A4D6Q9B0	P51091	32.400	332	372	357	2.001E-49	184
A0A4D6Q9B0	D4N500	35.400	270	372	364	1.735E-48	181
A0A4D6Q9B0	O04274	32.400	329	372	362	3.215E-48	181
A0A4D6Q9B0	Q9ZWQ9	31.300	326	372	335	8.109E-48	179
A0A4D6Q9B0	Q96330	32.300	324	372	336	1.767E-46	175
A0A4D6Q9B0	Q7XZQ6	32.400	291	372	337	1.767E-46	175
A0A4D6Q9B0	Q96323	32.700	297	372	356	1.767E-46	175
A0A4D6Q9B0	P51092	31.300	367	372	430	8.236E-46	173
A0A4D6Q9B0	D4N502	32.100	297	372	360	1.785E-44	169
A0A4D6Q9B0	Q9XHG2	31.300	295	372	337	2.428E-44	169
A0A4D6Q9B0	P51093	31.800	298	372	362	2.428E-44	169
A0A4D6Q9B0	Q9FR99	35.000	284	372	306	8.300E-44	168
A0A4D6Q9B0	Q07512	31.000	290	372	348	2.086E-43	166
A0A4D6Q9B0	Q41452	32.000	298	372	349	2.086E-43	166
A0A4D6Q9B0	Q9MB94	34.700	272	372	319	5.240E-43	165
A0A4D6Q9B0	Q67VR7	27.900	343	372	373	9.683E-43	164
A0A4D6Q9B0	Q93VC3	27.600	341	372	375	1.316E-42	164
A0A4D6Q9B0	P31237	35.800	264	372	319	6.102E-42	162
A0A4D6Q9B0	A2WQ39	27.600	345	372	375	6.102E-42	162
A0A4D6Q9B0	Q04644	35.600	264	372	318	2.080E-41	160
A0A4D6Q9B0	O48882	35.100	272	372	330	3.840E-41	160
A0A4D6Q9B0	Q9M547	31.400	290	372	334	3.840E-41	160
A0A4D6Q9B0	P07920	35.300	272	372	316	5.217E-41	159
A0A4D6Q9B0	Q08506	33.200	272	372	319	5.217E-41	159
A0A4D6Q9B0	O04395	32.000	292	372	291	7.087E-41	159
A0A4D6Q9B0	P24397	30.300	317	372	344	7.087E-41	159
A0A4D6Q9B0	P19464	32.600	272	372	320	1.776E-40	158
A0A4D6Q9B0	Q39103	33.400	292	372	358	1.776E-40	158
A0A4D6Q9B0	A2Z1W9	33.700	289	372	322	2.412E-40	157
A0A4D6Q9B0	Q0J1C1	33.700	289	372	322	2.412E-40	157
A0A4D6Q9B0	P24157	34.700	264	372	316	8.206E-40	156
A0A4D6Q9B0	P05116	34.000	272	372	315	2.055E-39	154
A0A4D6Q9B0	Q08508	34.000	272	372	319	2.790E-39	154
A0A4D6Q9B0	P54847	32.200	274	372	320	2.790E-39	154
A0A4D6Q9B0	Q9FFQ4	33.500	274	372	325	3.787E-39	154
A0A4D6Q9B0	Q06588	33.200	272	372	323	6.980E-39	153
A0A4D6Q9B0	Q9SVS8	31.500	303	372	349	6.980E-39	153
A0A4D6Q9B0	Q00985	33.600	278	372	314	1.286E-38	152
A0A4D6Q9B0	Q40062	33.600	288	372	339	1.286E-38	152
A0A4D6Q9B0	P31239	35.100	247	372	317	4.364E-38	151
A0A4D6Q9B0	Q8S932	34.100	264	372	318	5.923E-38	150
A0A4D6Q9B0	P41213	29.100	307	372	395	5.923E-38	150
A0A4D6Q9B0	Q0WPW4	33.500	272	372	307	1.091E-37	149
A0A4D6Q9B0	Q3I409	33.700	268	372	369	3.695E-37	148
A0A4D6Q9B0	Q3I410	33.300	271	372	370	3.695E-37	148
A0A4D6Q9B0	O24648	32.600	268	372	374	5.013E-37	147
A0A4D6Q9B0	Q3I411	32.900	271	372	370	1.697E-36	146
A0A4D6Q9B0	P31238	32.900	276	372	327	4.232E-36	145
A0A4D6Q9B0	Q40061	32.600	262	372	338	5.738E-36	144
A0A4D6Q9B0	Q09052	33.800	273	372	320	1.430E-35	143
A0A4D6Q9B0	F4KAS1	30.000	266	372	279	2.628E-35	142
A0A4D6Q9B0	Q9C971	30.500	315	372	355	6.544E-35	141
A0A4D6Q9B0	Q39705	32.200	276	372	325	8.869E-35	141
A0A4D6Q9B0	Q9ZQZ1	34.300	256	372	318	1.202E-34	140
A0A4D6Q9B0	O04847	31.900	280	372	401	7.435E-34	138
A0A4D6Q9B0	O65378	30.200	264	372	320	2.088E-32	134
A0A4D6Q9B0	Q84TC2	32.600	256	372	374	2.088E-32	134
A0A4D6Q9B0	O49561	32.900	264	372	338	1.736E-31	131
A0A4D6Q9B0	Q7XR84	31.200	254	372	326	4.297E-31	130
A0A4D6Q9B0	Q9ZUN4	33.600	266	372	310	7.862E-31	129
A0A4D6Q9B0	Q9SQ80	27.700	282	372	327	3.247E-28	121
A0A4D6Q9B0	Q9C7Z1	28.700	296	372	321	2.355E-25	112
A0A4D6Q9B0	Q9XFR9	28.400	270	372	341	5.762E-25	111
A0A4D6Q9B0	Q8LEA2	27.500	270	372	329	1.897E-24	109
A0A4D6Q9B0	Q9XHM5	27.400	285	372	345	1.629E-22	104
A0A4D6Q9B0	A6BM06	25.400	305	372	368	2.944E-22	103
A0A4D6Q9B0	Q76NT9	25.400	305	372	368	2.944E-22	103
A0A4D6Q9B0	Q9FZ21	28.600	270	372	329	1.291E-21	101
A0A4D6Q9B0	O64692	27.200	267	372	335	3.128E-21	100
A0A2K3DU55	Q9Y7U3	33.600	117	269	209	5.973E-09	60
A0A2K3DU55	P38812	31.100	148	269	185	1.435E-08	59
P9WEU6	Q42966	53.000	311	320	348	6.808E-103	337
P9WEU6	P46011	52.600	312	320	355	1.038E-100	331
P9WEU6	Q3LRV4	52.200	313	320	350	1.422E-100	331
P9WEU6	Q5QGZ8	51.200	315	320	349	2.665E-100	330
P9WEU6	Q6H849	51.800	315	320	362	4.996E-100	329
P9WEU6	Q42965	52.800	311	320	349	6.840E-100	329
P9WEU6	P32962	49.800	312	320	339	2.410E-96	318
P9WEU6	P32961	47.600	316	320	346	1.429E-94	313
P9WEU6	P46010	48.500	314	320	346	9.404E-94	311
P9WEU6	Q89PT3	50.600	314	320	321	1.762E-93	310
P9WEU6	B6Q5I3	32.000	307	320	322	7.885E-37	145
P9WEU6	Q03217	33.000	316	320	366	7.885E-37	145
P9WEU6	Q19A54	30.700	317	320	320	9.250E-36	142
P9WEU6	B6HVR6	31.200	313	320	328	4.304E-35	140
P9WEU6	P82605	32.500	298	320	339	1.715E-33	135
P9WEU6	Q6RWK4	31.100	304	320	314	1.700E-31	129
P9WEU6	Q02068	29.300	308	320	383	4.256E-31	128
P9WEU6	Q6RWG0	29.900	308	320	330	4.907E-30	125
P9WEU6	V5IPE4	30.500	310	320	327	2.257E-29	123
P9WEU6	Q89GE3	30.800	315	320	334	3.062E-29	123
P9WEU6	D4B1Q8	29.500	307	320	335	3.062E-29	123
P9WEU6	P10045	30.500	319	320	349	9.940E-27	115
P9WEU6	A5DNJ4	27.700	311	320	317	6.925E-25	109
P9WEU6	C7YS90	27.700	311	320	339	1.716E-24	108
P9WEU6	A2R6M7	28.300	303	320	337	2.321E-24	108
P9WEU6	Q500U1	29.300	316	320	336	3.140E-24	108
P9WEU6	Q2U4D6	27.500	303	320	333	1.051E-23	106
P9WEU6	A2RA31	27.700	307	320	328	4.745E-23	104
P9WEU6	P32964	26.900	305	320	368	3.504E-20	95
P9WEU6	G2XQT1	27.200	302	320	371	2.104E-19	93
P9WEU6	P32963	24.800	302	320	355	3.820E-19	92
P9WEU6	I1RP53	25.100	270	320	355	9.337E-19	91
P9WEU6	E3RV84	25.800	270	320	366	1.258E-18	91
P9WEU6	Q7RVT0	25.800	270	320	351	2.280E-18	90
P9WEU6	Q96UG7	25.000	268	320	363	7.484E-18	88
P9WEU6	Q7Z8M6	24.800	270	320	363	4.434E-17	86
P9WEU6	Q9P8V3	24.500	302	320	356	3.513E-16	83
P9WEU6	C8V9R7	24.200	308	320	364	6.339E-16	82
P9WEU6	A9QXE0	24.100	302	320	356	1.612E-14	78
P9WEW2	P0DL13	66.100	340	369	346	1.093E-151	481
P9WEW2	A8NU13	30.300	333	369	345	8.745E-47	176
P9WEW2	Q6WP50	26.600	316	369	399	3.723E-29	124
P9WEW2	B2J4A4	27.300	312	369	323	1.018E-27	119
P9WEW2	S0DX56	24.600	318	369	357	1.656E-25	113
P9WEW2	A0A1L7VZE7	23.900	344	369	401	2.992E-21	100
P9WEW2	E3VWJ0	28.200	306	369	337	2.728E-16	84
P9WEW2	Q55012	27.900	306	369	337	3.646E-16	84
P9WEW2	B5H7H3	22.600	309	369	372	1.569E-14	79
P9WEW2	Q82IY4	25.700	306	369	336	1.178E-13	76
A0A348B782	A8NU13	34.900	329	340	345	8.044E-46	172
A0A348B782	P0DL13	30.700	329	340	346	7.422E-39	152
A0A348B782	A7NH01	29.900	293	340	326	1.805E-32	133
A0A348B782	S0DX56	27.500	320	340	357	1.547E-26	115
A0A348B782	Q6WP50	27.600	315	340	399	5.171E-26	113
A0A348B782	B2J4A4	25.000	310	340	323	1.419E-24	109
A0A348B782	A9FZ87	25.000	307	340	329	1.567E-23	106
A0A348B782	A0A1L7VZE7	27.500	343	340	401	9.452E-23	104
A0A348B782	C7PLV2	25.800	310	340	321	1.275E-22	103
A0A348B782	A0A1L7U8F2	27.500	343	340	401	2.318E-22	102
A0A348B782	B5H7H3	28.200	308	340	372	3.126E-22	102
A0A348B782	D2B747	26.800	298	340	330	2.730E-20	96
A0A348B782	Q82RR7	26.200	194	340	335	2.137E-12	72
A0A348B782	E4N7E5	26.900	289	340	320	3.815E-11	68
A0A348B782	B5HDJ6	23.900	290	340	365	1.204E-10	66
A0A348B782	Q9F1V8	27.300	180	340	437	2.671E-07	55
A0A348B782	E8W6C7	20.500	290	340	356	1.347E-04	47
P0DPS4	P31854	79.500	122	120	138	1.074E-69	230
P0DPS4	P21789	77.900	118	120	120	8.533E-64	213
P0DPS4	P24293	75.400	121	120	121	8.533E-64	213
P0DPS4	P14420	72.100	122	120	122	3.154E-60	203
P0DPS4	P34180	72.900	121	120	137	3.154E-60	203
P0DPS4	Q10755	71.300	122	120	122	5.934E-60	202
P0DPS4	Q8JFG0	71.300	122	120	138	8.139E-60	202
P0DPS4	Q1RP79	71.300	122	120	138	8.139E-60	202
P0DPS4	Q9YGJ7	72.900	121	120	137	2.100E-59	201
P0DPS4	Q1RP78	70.400	122	120	138	2.100E-59	201
P0DPS4	F8QN51	71.300	121	120	137	2.881E-59	200
P0DPS4	P0DKR5	70.400	122	120	122	2.631E-58	198
P0DPS4	C3W4R6	70.400	122	120	138	3.608E-58	197
P0DPS4	Q910A1	70.400	122	120	138	3.608E-58	197
P0DPS4	Q02471	69.600	122	120	138	4.949E-58	197
P0DPS4	A8CG87	68.000	122	120	138	2.403E-57	195
P0DPS4	A8CG78	68.000	122	120	138	2.403E-57	195
P0DPS4	B6CQR5	69.600	122	120	138	4.520E-57	194
P0DPS4	P24294	68.800	121	120	121	1.166E-56	193
P0DPS4	Q910A0	66.300	122	120	138	2.004E-55	189
P0DPS4	Q98996	68.800	122	120	138	2.749E-55	189
P0DPS4	B5U6Z2	68.800	122	120	138	2.749E-55	189
P0DPS4	P0DKR3	64.700	122	120	122	1.335E-54	187
P0DPS4	Q7T3S7	64.100	120	120	136	1.335E-54	187
P0DPS4	Q9PWR6	68.000	122	120	138	1.335E-54	187
P0DPS4	Q90ZZ9	63.900	122	120	138	1.335E-54	187
P0DPS4	P81458	65.500	121	120	121	2.511E-54	186
P0DPS4	A8CG86	63.100	122	120	138	3.444E-54	186
P0DPS4	Q7T2R1	62.200	122	120	138	1.219E-53	184
P0DPS4	P0CAR9	65.500	121	120	137	1.672E-53	184
P0DPS4	A8CG90	63.900	121	120	137	5.919E-53	182
P0DPS4	P59170	62.600	123	120	139	1.114E-52	181
P0DPS4	A8CG82	63.100	122	120	138	1.275E-50	175
P0DPS4	Q8QG87	57.300	122	120	138	6.189E-50	173
P0DPS4	P00622	60.600	121	120	121	1.597E-49	172
P0DPS4	C0HKC3	57.700	123	120	139	4.122E-49	171
P0DPS4	C0HKC4	57.700	123	120	123	7.756E-49	170
P0DPS4	P51972	57.700	123	120	123	7.756E-49	170
P0DPS4	C9DPL5	57.300	122	120	122	1.064E-48	170
P0DPS4	P86389	57.200	124	120	124	1.064E-48	170
P0DPS4	Q8AXY1	56.500	122	120	138	1.459E-48	169
P0DPS4	O42190	59.600	124	120	124	7.086E-48	168
P0DPS4	Q91506	57.700	122	120	122	9.719E-48	167
P0DPS4	Q2YHJ3	59.000	122	120	138	2.508E-47	166
P0DPS4	Q2YHJ6	59.000	122	120	138	6.474E-47	165
P0DPS4	P81478	55.700	122	120	122	8.880E-47	164
P0DPS4	Q2PG83	57.300	121	120	138	2.292E-46	163
P0DPS4	C0HJC1	57.300	122	120	122	4.312E-46	162
P0DPS4	P84651	55.700	122	120	122	8.113E-46	162
P0DPS4	Q6EER3	56.500	122	120	138	1.113E-45	161
P0DPS4	O42187	54.900	122	120	138	1.113E-45	161
P0DPS4	P04417	55.700	122	120	122	1.526E-45	161
P0DPS4	P20249	55.700	122	120	122	1.526E-45	161
P0DPS4	Q7LZQ4	56.400	124	120	124	1.526E-45	161
P0DPS4	Q02517	54.900	122	120	138	2.872E-45	160
P0DPS4	Q90Y77	54.900	122	120	138	3.940E-45	160
P0DPS4	P70088	56.500	122	120	138	3.940E-45	160
P0DPS4	Q6H3C8	56.500	122	120	138	3.940E-45	160
P0DPS4	P86456	55.700	121	120	121	5.404E-45	159
P0DPS4	P06859	57.300	121	120	138	5.404E-45	159
P0DPS4	P0DJP4	58.100	122	120	122	7.412E-45	159
P0DPS4	O42189	56.400	124	120	124	7.412E-45	159
P0DPS4	P81243	53.200	124	120	124	7.412E-45	159
P0DPS4	G3DT18	54.000	122	120	138	7.412E-45	159
P0DPS4	O42192	54.000	122	120	122	1.017E-44	158
P0DPS4	P81480	54.900	122	120	122	1.017E-44	158
P0DPS4	O42191	55.600	124	120	124	1.395E-44	158
P0DPS4	P81479	54.000	122	120	122	1.913E-44	158
P0DPS4	Q7SID6	53.600	123	120	123	1.913E-44	158
P0DPS4	Q2YHJ2	55.700	122	120	138	1.913E-44	158
P0DPS4	Q7ZTA8	52.400	122	120	138	1.913E-44	158
P0DPS4	A8E2V8	52.800	123	120	139	1.913E-44	158
P0DPS4	Q6EER6	56.500	122	120	122	2.624E-44	157
P0DPS4	P45881	53.200	122	120	138	2.624E-44	157
P0DPS4	Q2YHJ7	55.700	122	120	138	2.624E-44	157
P0DPS4	Q7ZTA6	52.400	122	120	138	2.624E-44	157
P0DPS4	Q6EER4	55.700	122	120	138	2.624E-44	157
P0DPS4	Q92147	54.000	122	120	138	4.937E-44	156
P0DPS4	P20476	54.000	122	120	138	4.937E-44	156
P0DPS4	Q6H3D0	54.000	122	120	138	4.937E-44	156
P0DPS4	Q2YHJ5	53.200	122	120	122	6.773E-44	156
P0DPS4	P14418	54.800	124	120	124	6.773E-44	156
P0DPS4	Q6H3C9	54.600	119	120	138	6.773E-44	156
P0DPS4	Q7ZTA7	52.400	122	120	138	6.773E-44	156
P0DPS4	F8QN54	55.700	122	120	138	9.290E-44	156
P0DPS4	P00621	59.000	120	120	119	1.274E-43	155
P0DPS4	Q2HZ28	53.200	122	120	138	1.274E-43	155
P0DPS4	P59071	61.100	108	120	121	1.748E-43	155
P0DPS4	A8CG84	61.100	108	120	137	1.748E-43	155
P0DPS4	Q90W39	54.900	122	120	138	1.748E-43	155
P0DPS4	Q9I968	53.200	122	120	138	1.748E-43	155
P0DPS4	Q6H3C7	53.600	123	120	139	2.398E-43	154
P0DPS4	Q9PVF2	53.600	123	120	139	2.398E-43	154
P0DPS4	Q6H3C6	53.700	119	120	122	3.289E-43	154
P0DPS4	Q6H3C5	54.900	122	120	122	3.289E-43	154
P0DPS4	P86974	52.400	122	120	122	4.511E-43	154
P0DPS4	Q6EER5	54.000	122	120	122	6.188E-43	153
P0DPS4	Q800C3	50.800	122	120	138	6.188E-43	153
P0DPS4	Q805A2	54.000	122	120	138	8.488E-43	153
P0DPS4	P14424	54.900	122	120	138	2.191E-42	152
P0DPS4	P00624	51.600	122	120	138	2.191E-42	152
P0DPS4	Q800C2	50.800	122	120	138	2.191E-42	152
P0DPS4	Q71QE8	54.000	122	120	138	3.005E-42	151
P0DPS4	Q800C1	50.000	122	120	138	3.005E-42	151
P0DPS4	C0HK16	60.100	108	120	121	4.122E-42	151
P0DPS4	P59265	57.700	109	120	122	4.122E-42	151
P0DPS4	P11407	54.900	122	120	138	4.122E-42	151
P0DPS4	P82896	53.200	122	120	122	5.654E-42	151
P0DPS4	P00626	54.900	122	120	138	5.654E-42	151
P0DPS4	Q9PVF1	52.800	123	120	126	1.064E-41	150
P0DPS4	P14421	54.900	122	120	122	1.459E-41	149
P0DPS4	Q9PVE9	52.800	123	120	139	1.459E-41	149
P0DPS4	P59264	56.800	109	120	122	2.002E-41	149
P0DPS4	P00623	51.600	122	120	138	2.002E-41	149
P0DPS4	Q9PVF0	52.000	123	120	126	2.746E-41	149
P0DPS4	Q1ZY03	52.400	122	120	138	2.746E-41	149
P0DPS4	Q800C4	51.600	122	120	138	3.766E-41	148
P0DPS4	Q6EER2	54.900	122	120	138	7.087E-41	147
P0DPS4	P00620	58.100	120	120	118	1.333E-40	147
P0DPS4	P59171	50.800	122	120	138	1.333E-40	147
P0DPS4	P0CAS0	55.700	120	120	136	3.442E-40	145
P0DPS4	P84674	57.400	108	120	121	4.721E-40	145
P0DPS4	P00625	48.700	123	120	139	1.218E-39	144
P0DPS4	P86368	56.400	108	120	121	1.671E-39	143
P0DPS4	P24027	51.600	122	120	138	4.314E-39	142
P0DPS4	Q9QUL3	55.900	108	120	142	1.527E-38	141
P0DPS4	P86169	52.400	122	120	122	3.942E-38	139
P0DPS4	P0CAS5	50.800	122	120	122	3.942E-38	139
P0DPS4	P0CG56	51.600	122	120	122	3.942E-38	139
P0DPS4	P62022	52.400	122	120	138	3.942E-38	139
P0DPS4	P62023	52.400	122	120	138	3.942E-38	139
P0DPS4	P0CAS2	50.800	122	120	122	1.914E-37	138
P0DPS4	Q2PG81	54.200	105	120	137	1.914E-37	138
P0DPS4	C0HJL8	49.100	122	120	122	9.296E-37	136
P0DPS4	P0CAS4	50.000	122	120	122	9.296E-37	136
P0DPS4	P0CAS3	50.000	122	120	122	1.275E-36	135
P0DPS4	P0CAS6	50.000	122	120	122	1.275E-36	135
P0DPS4	P86803	48.300	121	120	121	2.399E-36	134
P0DPS4	P86805	51.600	119	120	122	2.399E-36	134
P0DPS4	P86806	52.500	115	120	122	2.399E-36	134
P0DPS4	A8E2V9	52.300	107	120	136	2.399E-36	134
P0DPS4	P0DJJ8	52.700	108	120	138	8.494E-36	133
P0DPS4	P39878	48.600	113	120	150	2.192E-35	132
P0DPS4	P0CAS7	48.300	121	120	121	3.007E-35	131
P0DPS4	P0DJJ9	51.800	108	120	138	4.125E-35	131
P0DPS4	C7G1G6	51.800	108	120	138	4.125E-35	131
P0DPS4	P48076	48.600	113	120	150	4.125E-35	131
P0DPS4	P14555	45.100	124	120	144	7.092E-34	127
P0DPS4	P84397	45.000	120	120	107	4.724E-33	125
P0DPS4	P31482	46.400	125	120	146	6.480E-33	124
P0DPS4	Q90251	48.700	117	120	137	1.219E-32	124
P0DPS4	D0UGJ0	43.900	123	120	139	1.219E-32	124
P0DPS4	Q56JZ2	45.100	124	120	144	3.147E-32	123
P0DPS4	P00606	50.400	118	120	145	3.147E-32	123
P0DPS4	Q9PTA6	48.300	120	120	138	8.122E-32	121
P0DPS4	P47711	44.800	125	120	145	1.114E-31	121
P0DPS4	P17934	47.000	117	120	147	3.944E-31	119
P0DPS4	P14423	43.200	125	120	146	7.421E-31	119
P0DPS4	P08873	52.200	107	120	145	1.396E-30	118
P0DPS4	P20256	48.700	118	120	118	2.627E-30	117
P0DPS4	P20255	48.700	118	120	118	3.603E-30	117
P0DPS4	Q9PU97	46.600	120	120	137	4.943E-30	116
P0DPS4	P04056	48.700	118	120	118	6.779E-30	116
P0DPS4	P00613	47.400	118	120	118	9.299E-30	115
P0DPS4	Q9WVF6	41.900	124	120	144	9.299E-30	115
P0DPS4	P07037	52.000	100	120	119	1.750E-29	115
P0DPS4	Q6T179	46.200	119	120	126	1.750E-29	115
P0DPS4	P60043	47.000	119	120	126	1.750E-29	115
P0DPS4	Q9PTA5	46.100	117	120	137	1.750E-29	115
P0DPS4	Q9UNK4	42.700	124	120	145	1.750E-29	115
P0DPS4	Q9PUH5	48.300	118	120	145	2.400E-29	114
P0DPS4	P00598	47.000	119	120	146	2.400E-29	114
P0DPS4	P81237	47.500	118	120	118	4.515E-29	113
P0DPS4	P00599	45.800	118	120	118	4.515E-29	113
P0DPS4	P25498	45.300	119	120	119	4.515E-29	113
P0DPS4	Q91133	47.000	119	120	146	4.515E-29	113
P0DPS4	P0C942	43.400	122	120	122	6.193E-29	113
P0DPS4	P60045	47.400	118	120	126	6.193E-29	113
P0DPS4	C0HKB9	47.900	119	120	119	8.495E-29	113
P0DPS4	Q92086	46.200	119	120	146	8.495E-29	113
P0DPS4	Q9I900	47.000	119	120	146	8.495E-29	113
P0DPS4	Q45Z25	47.600	124	120	151	8.495E-29	113
P0DPS4	P20251	47.400	118	120	118	1.165E-28	112
P0DPS4	Q6YIJ3	44.400	117	120	137	1.165E-28	112
P0DPS4	P08872	47.000	117	120	144	1.165E-28	112
P0DPS4	Q9DF52	46.200	118	120	145	1.165E-28	112
P0DPS4	C0HKB8	45.700	117	120	117	1.598E-28	112
P0DPS4	A4FS04	52.000	100	120	119	1.598E-28	112
P0DPS4	P60044	45.700	118	120	126	1.598E-28	112
P0DPS4	Q8AY48	44.400	117	120	137	1.598E-28	112
P0DPS4	Q45Z26	49.100	120	120	151	1.598E-28	112
P0DPS4	Q45Z28	47.600	124	120	151	1.598E-28	112
P0DPS4	P00612	46.600	118	120	118	2.192E-28	111
P0DPS4	P58464	42.900	120	120	120	2.192E-28	111
P0DPS4	P00609	47.100	119	120	119	3.007E-28	111
P0DPS4	P0C943	43.400	122	120	122	3.007E-28	111
P0DPS4	Q6SLM1	47.800	114	120	137	3.007E-28	111
P0DPS4	P00596	46.200	119	120	146	3.007E-28	111
P0DPS4	Q8QFW4	44.400	117	120	147	4.125E-28	111
P0DPS4	P00617	44.400	117	120	147	5.658E-28	110
P0DPS4	Q45Z27	49.100	120	120	151	5.658E-28	110
P0DPS4	Q45Z30	47.600	124	120	151	5.658E-28	110
P0DPS4	P20250	47.000	117	120	117	7.760E-28	110
P0DPS4	Q75S51	44.400	117	120	147	7.760E-28	110
P0DPS4	P00600	45.400	119	120	119	1.064E-27	109
P0DPS4	Q9PSN5	47.200	125	120	125	1.064E-27	109
P0DPS4	Q6YNQ0	43.500	117	120	137	1.064E-27	109
P0DPS4	Q9I842	46.600	118	120	145	1.064E-27	109
P0DPS4	Q8UUH8	44.900	118	120	145	1.064E-27	109
P0DPS4	Q92085	44.500	119	120	146	1.064E-27	109
P0DPS4	Q7T2Q4	50.000	112	120	147	1.064E-27	109
P0DPS4	P00619	43.500	117	120	147	1.064E-27	109
P0DPS4	Q45Z29	47.600	124	120	151	1.064E-27	109
P0DPS4	F5CPF1	51.400	103	120	142	1.460E-27	109
P0DPS4	Q9I837	45.700	118	120	145	1.460E-27	109
P0DPS4	Q8QFW3	45.200	117	120	147	1.460E-27	109
P0DPS4	P14556	50.500	99	120	118	2.003E-27	109
P0DPS4	P20259	47.700	113	120	117	2.747E-27	108
P0DPS4	P00603	52.500	99	120	118	2.747E-27	108
P0DPS4	P00601	50.000	100	120	119	2.747E-27	108
P0DPS4	Q9PUH7	49.500	113	120	144	2.747E-27	108
P0DPS4	P00605	52.500	99	120	118	3.768E-27	108
P0DPS4	P00602	52.500	99	120	118	5.168E-27	108
P0DPS4	P00608	47.100	119	120	119	5.168E-27	108
P0DPS4	Q8UUI2	45.700	118	120	145	7.088E-27	107
P0DPS4	P81236	45.400	119	120	119	9.722E-27	107
P0DPS4	Q7T1R0	43.900	116	120	146	9.722E-27	107
P0DPS4	Q8UUI0	49.000	110	120	155	9.722E-27	107
P0DPS4	P0DJ62	68.300	60	120	60	1.333E-26	106
P0DPS4	P00604	51.500	99	120	118	1.333E-26	106
P0DPS4	P20252	50.400	101	120	118	1.333E-26	106
P0DPS4	P00595	45.000	119	120	119	1.333E-26	106
P0DPS4	P39877	41.600	108	120	138	1.333E-26	106
P0DPS4	Q9I845	45.700	118	120	145	1.333E-26	106
P0DPS4	Q9I843	45.700	118	120	145	1.333E-26	106
P0DPS4	C1IC45	43.300	120	120	137	1.829E-26	106
P0DPS4	P00611	44.000	118	120	145	1.829E-26	106
P0DPS4	Q9I844	44.900	118	120	145	1.829E-26	106
P0DPS4	Q9I847	44.900	118	120	145	1.829E-26	106
P0DPS4	Q9DF33	45.300	119	120	146	1.829E-26	106
P0DPS4	Q8UUH9	48.100	110	120	155	1.829E-26	106
P0DPS4	Q7T1R1	43.900	116	120	146	2.509E-26	106
P0DPS4	P20258	46.200	117	120	117	3.441E-26	105
P0DPS4	P19000	46.600	118	120	145	3.441E-26	105
P0DPS4	P20253	44.000	118	120	118	4.720E-26	105
P0DPS4	Q45Z47	46.700	119	120	146	4.720E-26	105
P0DPS4	P97391	41.900	105	120	137	6.473E-26	104
P0DPS4	Q8UUI3	45.700	118	120	145	6.473E-26	104
P0DPS4	Q8UW08	45.400	119	120	146	6.473E-26	104
P0DPS4	C1IC46	45.500	112	120	137	8.879E-26	104
P0DPS4	Q8UUI4	47.000	117	120	145	8.879E-26	104
P0DPS4	Q8JFG2	45.000	122	120	152	1.670E-25	103
P0DPS4	P00614	45.200	119	120	119	2.291E-25	103
P0DPS4	Q9PUI0	44.200	120	120	147	2.291E-25	103
P0DPS4	P00610	44.600	119	120	119	3.142E-25	102
P0DPS4	Q8UUH7	47.700	109	120	154	3.142E-25	102
P0DPS4	F5CPF0	49.000	101	120	140	4.310E-25	102
P0DPS4	P0C551	46.700	108	120	142	5.911E-25	102
P0DPS4	P10116	44.000	118	120	118	8.108E-25	101
P0DPS4	Q8UW30	43.800	119	120	146	8.108E-25	101
P0DPS4	F8J2D0	45.400	119	120	146	8.108E-25	101
P0DPS4	Q9PUH0	44.600	119	120	146	8.108E-25	101
P0DPS4	P43434	42.200	123	120	146	8.108E-25	101
P0DPS4	Q9PUH4	45.400	119	120	146	8.108E-25	101
P0DPS4	Q9PUH9	44.100	120	120	147	1.112E-24	101
P0DPS4	P04416	42.100	121	120	124	1.525E-24	100
P0DPS4	Q9PUI1	44.300	118	120	145	1.525E-24	100
P0DPS4	P59359	44.300	118	120	145	1.525E-24	100
P0DPS4	P14419	42.600	122	120	123	2.092E-24	100
P0DPS4	F8J2D2	45.400	119	120	146	2.092E-24	100
P0DPS4	Q9PUH8	44.200	120	120	147	2.092E-24	100
P0DPS4	Q3C2C1	40.100	132	120	158	2.092E-24	100
P0DPS4	P00593	41.800	122	120	145	2.869E-24	100
P0DPS4	Q45Z42	46.500	114	120	146	2.869E-24	100
P0DPS4	P00592	42.100	121	120	146	2.869E-24	100
P0DPS4	P04054	42.400	125	120	148	3.935E-24	99
P0DPS4	Q4VRI5	43.200	121	120	154	5.397E-24	99
P0DPS4	P51433	38.800	108	120	137	7.402E-24	98
P0DPS4	Q9PUG9	45.400	117	120	144	7.402E-24	98
P0DPS4	Q9PUH3	44.600	119	120	146	1.392E-23	98
P0DPS4	P06596	41.300	121	120	146	1.392E-23	98
P0DPS4	Q8UW31	46.200	117	120	152	1.392E-23	98
P0DPS4	Q7M334	42.100	119	120	144	1.910E-23	97
P0DPS4	Q9PUH2	44.600	119	120	146	1.910E-23	97
P0DPS4	Q9PUH1	44.600	119	120	146	1.910E-23	97
P0DPS4	P04055	42.100	121	120	146	1.910E-23	97
P0DPS4	P23026	43.300	118	120	145	4.927E-23	96
P0DPS4	Q9Z0Y2	42.100	121	120	146	4.927E-23	96
P0DPS4	B3EWP6	63.300	60	120	60	6.757E-23	96
P0DPS4	P80966	42.700	124	120	151	1.743E-22	94
P0DPS4	Q9QZT3	40.700	111	120	151	4.496E-22	93
P0DPS4	Q9QXX3	41.500	111	120	151	6.167E-22	93
P0DPS4	Q9PRG0	41.800	118	120	145	1.990E-20	89
P0DPS4	P0DM51	70.000	50	120	50	3.742E-20	88
P0DPS4	Q9BZM2	33.600	125	120	168	9.651E-20	87
P0DPS4	Q8AY47	52.800	70	120	139	5.848E-18	81
P0DPS4	C0HJU3	62.500	48	120	48	2.348E-15	74
P0DPS4	P59068	60.000	55	120	57	4.412E-15	73
P0DPS4	C0HK05	63.800	47	120	47	2.135E-14	71
P0DPS4	P0C933	60.000	50	120	49	2.135E-14	71
P0DUB9	Q05489	100.000	319	319	358	3.418E-205	632
P0DUB9	P25275	83.700	320	319	364	5.556E-171	534
P0DUB9	P22088	83.900	317	319	364	6.265E-169	528
P0DUB9	P15493	42.800	316	319	312	3.465E-57	205
P0DUB9	P26876	39.900	315	319	311	1.647E-56	203
P0DUB9	P26877	38.900	315	319	311	3.718E-55	199
P0DUB9	P08658	38.000	318	319	293	1.787E-42	162
P0DUB9	P54857	29.400	170	319	326	2.219E-13	74
P0DUB9	P29605	54.100	48	319	56	5.537E-08	57
P0DUB9	Q2FUU5	27.600	167	319	680	1.736E-07	56
P0DUB9	Q5HCM7	27.600	167	319	680	1.736E-07	56
P0DUB9	P65288	27.600	167	319	680	1.736E-07	56
P0DUB9	P65289	27.600	167	319	680	1.736E-07	56
P0DUB9	Q6GDD3	27.600	167	319	680	1.736E-07	56
P0DUB9	Q6G604	27.600	167	319	680	1.736E-07	56
P0DUB9	Q8NUI5	27.600	167	319	680	1.736E-07	56
P0DUB9	P0C0R3	27.300	169	319	688	3.072E-07	55
P0DUB9	Q5HKP6	27.300	169	319	688	3.072E-07	55
P0DUB9	P0C0R4	27.300	169	319	688	3.072E-07	55
P0DUB9	Q6GJZ6	27.900	169	319	691	3.072E-07	55
P0DUB9	Q2G155	27.900	169	319	690	5.434E-07	54
P0DUB9	Q5HJ48	27.900	169	319	690	5.434E-07	54
P0DUB9	Q6GCF1	27.900	169	319	690	5.434E-07	54
P0DUB9	P10335	27.900	169	319	690	5.434E-07	54
P0DUB9	Q99WQ6	27.900	169	319	691	5.434E-07	54
P0DUB9	Q7A7P2	27.900	169	319	691	5.434E-07	54
P0DUB9	P37957	35.500	111	319	212	2.256E-06	52
A0A6C0WX00	Q9FZN8	91.300	370	370	369	2.550E-223	688
A0A6C0WX00	Q68CM3	87.900	365	370	365	1.196E-212	657
A0A6C0WX00	Q9SPV4	43.000	354	370	359	1.363E-84	287
A0A6C0WX00	Q6XMI3	41.300	357	370	379	1.811E-81	278
A0A6C0WX00	Q9AR07	40.400	382	370	389	4.627E-81	276
A0A6C0WX00	Q8H0D2	41.100	348	370	384	1.824E-73	254
A0A6C0WX00	Q9AVK0	41.100	340	370	372	2.491E-73	254
A0A6C0WX00	A4GE69	41.100	340	370	372	3.404E-73	254
A0A6C0WX00	Q8H0D3	41.000	348	370	384	2.213E-72	251
A0A6C0WX00	A4GE70	40.700	348	370	384	4.129E-72	250
A0A6C0WX00	D9J100	39.000	368	370	379	5.004E-71	247
A0A6C0WX00	Q8H0G0	40.200	351	370	384	6.835E-71	247
A0A6C0WX00	Q9AVJ9	39.500	345	370	378	1.742E-70	246
A0A6C0WX00	Q84PP7	39.700	351	370	384	3.249E-70	245
A0A6C0WX00	D9J0Z7	36.400	371	370	382	8.367E-65	229
A0A6C0WX00	B6SU46	36.000	366	370	374	3.965E-64	227
A0A6C0WX00	D9J101	36.300	376	370	385	8.891E-63	223
A0A6C0WX00	Q9FLN8	34.500	345	370	386	3.153E-55	201
A0A6C0WX00	Q9FYC4	34.800	327	370	348	1.041E-47	179
A0A6C0WX00	F4JUY5	31.900	353	370	376	1.928E-47	178
A0A6C0WX00	Q0J998	34.000	303	370	404	4.861E-47	177
A0A6C0WX00	Q5XF78	29.400	356	370	387	4.930E-45	171
A0A2U7XUE3	Q8VZW3	70.100	208	209	209	9.137E-88	287
A0A2U7XUE3	Q2PF16	31.400	203	209	222	9.403E-22	96
A0A2U7XUE3	A7ISP6	29.900	203	209	226	9.403E-22	96
A0A2U7XUE3	Q53B74	29.400	203	209	226	1.282E-21	96
A0A2U7XUE3	A5ANT9	34.300	203	209	234	1.282E-21	96
A0A2U7XUE3	P51117	33.800	203	209	234	3.251E-21	95
A0A2U7XUE3	Q45QI7	31.800	203	209	230	6.044E-21	94
A0A2U7XUE3	Q8LKP9	31.400	203	209	232	6.044E-21	94
A0A2U7XUE3	Q6BEH3	32.100	201	209	217	8.239E-21	94
A0A2U7XUE3	O65333	31.500	202	209	256	8.239E-21	94
A0A2U7XUE3	A5HBK6	31.400	203	209	219	5.284E-20	91
A0A2U7XUE3	Q4AE12	32.000	196	209	237	4.608E-19	89
A0A2U7XUE3	A1E261	30.200	201	209	235	6.277E-19	88
A0A2U7XUE3	Q9LKC3	29.700	208	209	244	1.165E-18	87
A0A2U7XUE3	A1E260	29.900	200	209	235	1.586E-18	87
A0A2U7XUE3	Q8S911	33.300	203	209	243	1.586E-18	87
A0A2U7XUE3	P11651	30.800	203	209	220	4.005E-18	86
A0A2U7XUE3	Q6QHK0	32.100	192	209	226	5.454E-18	85
A0A2U7XUE3	Q4AE11	30.400	203	209	237	5.454E-18	85
A0A2U7XUE3	P11650	30.000	207	209	241	5.454E-18	85
A0A2U7XUE3	Q33DL3	30.400	192	209	244	1.011E-17	85
A0A2U7XUE3	P41088	30.300	206	209	246	1.011E-17	85
A0A2U7XUE3	Q43754	28.900	207	209	221	1.376E-17	84
A0A2U7XUE3	Q9M5B3	29.500	207	209	241	1.873E-17	84
A0A2U7XUE3	Q42663	29.900	203	209	237	8.746E-17	82
A0A2U7XUE3	Q8H0G1	28.800	204	209	221	7.538E-16	79
A0A2U7XUE3	Q08704	31.800	184	209	231	7.538E-16	79
A0A2U7XUE3	Q8H0G2	28.900	202	209	226	1.623E-14	75
A0A2U7XUE3	Q8H0F6	28.300	208	209	225	4.070E-14	74
A0A2U7XUE3	Q43056	31.600	207	209	224	2.551E-13	72
A0A2U7XUE3	Q9FKW3	28.200	197	209	223	3.463E-13	71
A0A2U7XUE3	A7ISP5	28.700	184	209	227	3.463E-13	71
A0A2U7XUE3	P28012	30.600	192	209	222	2.930E-12	68
A0A2U7XUE3	Q53B70	28.300	183	209	226	2.930E-12	68
A0A2U7XUE3	A2XNF0	29.600	184	209	233	3.973E-12	68
A0A2U7XUE3	Q84T92	29.600	184	209	233	3.973E-12	68
A0A2U7XUE3	P14298	30.100	206	209	221	5.388E-12	68
A0A2U7XUE3	P28013	30.400	190	209	197	7.305E-12	67
A0A2U7XUE3	Q93XE6	30.000	207	209	218	1.342E-11	66
A0A2U7XUE3	P41089	28.200	191	209	223	2.566E-08	57
A0A2U7XUE3	O81980	29.500	163	209	172	6.310E-08	55
A0A5S9I252	A0A1L7VZE7	25.700	347	386	401	1.050E-23	108
A0A5S9I252	A0A1L7U8F2	25.400	347	386	401	1.897E-23	107
A0A5S9I252	B2J4A4	22.800	327	386	323	7.668E-17	86
A0A5S9I252	A7NH01	22.500	296	386	326	3.070E-11	68
A0A5S9I252	Q82IY4	21.300	318	386	336	1.686E-10	66
A0A5S9I252	S0DX56	22.500	356	386	357	6.955E-10	64
A0A5S9I252	E3VWJ0	21.600	307	386	337	2.157E-09	63
A0A5S9I252	Q55012	22.000	307	386	337	2.068E-08	59
A0A5S9I252	Q9K499	22.100	265	386	361	1.674E-04	47
C0HLB7	Q7YT16	62.400	141	142	141	9.749E-61	206
C0HLB7	P83972	66.600	135	142	140	1.219E-59	203
C0HLB7	Q08694	66.600	135	142	140	1.671E-59	202
C0HLB7	P37159	65.900	135	142	140	5.910E-59	201
C0HLB7	P83971	65.100	135	142	140	2.090E-58	199
C0HLB7	P29615	58.800	141	142	141	1.805E-53	185
C0HLB7	P37161	60.700	130	142	142	1.367E-50	177
C0HLB7	P48816	41.600	136	142	137	5.440E-31	120
C0HLB7	P05105	41.400	122	142	139	3.609E-30	118
C0HLB7	P50717	43.200	123	142	142	1.274E-29	116
C0HLB7	Q17005	41.600	135	142	140	1.746E-29	116
C0HLB7	P50718	39.100	141	142	141	1.746E-29	116
C0HLB7	Q7SID7	40.100	121	142	120	2.981E-28	112
C0HLB7	P81708	43.900	115	142	129	3.370E-26	106
C0HLB7	P82174	42.200	121	142	121	4.619E-26	106
C0HLB7	P79294	45.300	128	142	148	3.059E-25	104
C0HLB7	P79687	43.600	126	142	148	4.192E-25	103
C0HLB7	P04421	38.700	142	142	147	5.744E-25	103
C0HLB7	P61634	43.600	126	142	148	5.744E-25	103
C0HLB7	P61626	42.900	128	142	148	5.744E-25	103
C0HLB7	P61627	42.900	128	142	148	5.744E-25	103
C0HLB7	P61633	43.600	126	142	148	5.744E-25	103
C0HLB7	Q06284	38.700	142	142	147	7.872E-25	102
C0HLB7	P79268	44.500	128	142	148	7.872E-25	102
C0HLB7	P79179	42.900	128	142	148	7.872E-25	102
C0HLB7	P17607	38.000	142	142	147	1.079E-24	102
C0HLB7	Q06285	38.000	142	142	147	1.079E-24	102
C0HLB7	P79806	43.600	126	142	148	1.079E-24	102
C0HLB7	P79158	44.500	128	142	148	1.478E-24	102
C0HLB7	P37713	39.300	127	142	129	2.025E-24	101
C0HLB7	P79239	42.900	128	142	148	2.775E-24	101
C0HLB7	Q9TUN1	39.300	127	142	147	3.803E-24	100
C0HLB7	P51782	40.000	115	142	147	3.803E-24	100
C0HLB7	Q27996	40.900	127	142	147	3.803E-24	100
C0HLB7	Q659U5	41.300	133	142	148	3.803E-24	100
C0HLB7	Q659U0	41.900	131	142	148	3.803E-24	100
C0HLB7	Q659U1	41.300	133	142	148	3.803E-24	100
C0HLB7	P16973	42.100	128	142	130	5.211E-24	100
C0HLB7	P37714	38.500	127	142	129	7.140E-24	100
C0HLB7	P61629	42.800	126	142	148	7.140E-24	100
C0HLB7	P61630	42.800	126	142	148	7.140E-24	100
C0HLB7	P12066	38.500	127	142	129	9.783E-24	99
C0HLB7	P11376	41.300	115	142	129	9.783E-24	99
C0HLB7	Q9DD65	42.400	123	142	143	9.783E-24	99
C0HLB7	P11941	42.100	120	142	144	9.783E-24	99
C0HLB7	P67977	42.100	128	142	148	9.783E-24	99
C0HLB7	P11375	41.300	115	142	129	1.837E-23	98
C0HLB7	Q6B411	41.400	128	142	148	2.516E-23	98
C0HLB7	P61631	42.900	128	142	148	2.516E-23	98
C0HLB7	P61632	42.900	128	142	148	2.516E-23	98
C0HLB7	P12069	41.000	129	142	148	6.472E-23	97
C0HLB7	P67979	41.400	128	142	148	6.472E-23	97
C0HLB7	P79811	41.400	128	142	148	6.472E-23	97
C0HLB7	P79847	41.400	128	142	148	6.472E-23	97
C0HLB7	Q7LZQ3	41.400	127	142	129	8.867E-23	96
C0HLB7	P00697	40.600	128	142	148	1.215E-22	96
C0HLB7	P00707	40.600	127	142	129	5.863E-22	94
C0HLB7	P12068	40.300	127	142	146	5.863E-22	94
C0HLB7	P80189	39.800	128	142	148	5.863E-22	94
C0HLB7	P81709	40.600	118	142	130	1.100E-21	93
C0HLB7	P00705	41.300	120	142	147	1.100E-21	93
C0HLB7	P80190	41.500	113	142	130	1.507E-21	93
C0HLB7	P85345	42.200	116	142	130	1.507E-21	93
C0HLB7	Q6B410	37.600	125	142	147	1.507E-21	93
C0HLB7	C1IIX1	41.200	125	142	158	2.065E-21	93
C0HLB7	P00701	39.500	128	142	147	2.829E-21	92
C0HLB7	Q7LZQ1	41.000	117	142	131	3.875E-21	92
C0HLB7	P12067	42.900	111	142	128	9.959E-21	91
C0HLB7	P84492	39.800	128	142	130	1.869E-20	90
C0HLB7	Q9PU28	41.800	120	142	143	1.869E-20	90
C0HLB7	Q91159	38.600	116	142	145	1.869E-20	90
C0HLB7	P85045	42.100	114	142	146	2.559E-20	89
C0HLB7	P00703	39.500	128	142	147	2.559E-20	89
C0HLB7	P00702	39.200	134	142	147	2.559E-20	89
C0HLB7	P00706	39.800	112	142	129	6.576E-20	88
C0HLB7	P49663	40.000	119	142	130	6.576E-20	88
C0HLB7	Q7LZQ2	39.800	112	142	129	9.007E-20	88
C0HLB7	P61944	38.800	124	142	143	9.007E-20	88
C0HLB7	Q6UWQ5	37.900	122	142	148	9.007E-20	88
C0HLB7	P00698	37.900	128	142	147	1.234E-19	87
C0HLB7	Q7Z4W2	37.900	122	142	148	1.234E-19	87
C0HLB7	P24364	39.800	112	142	129	2.314E-19	87
C0HLB7	P24533	40.700	112	142	129	3.169E-19	86
C0HLB7	Q7LZT2	41.500	112	142	129	3.169E-19	86
C0HLB7	P19849	40.700	112	142	129	3.169E-19	86
C0HLB7	Q7LZP9	39.800	112	142	129	5.943E-19	85
C0HLB7	Q7LZQ0	39.800	112	142	129	5.943E-19	85
C0HLB7	Q9CPX3	37.000	114	142	148	5.943E-19	85
C0HLB7	Q7LZI3	40.700	112	142	129	8.139E-19	85
C0HLB7	P22910	39.800	112	142	129	8.139E-19	85
C0HLB7	P00708	39.400	111	142	127	2.090E-18	84
C0HLB7	P81711	38.900	112	142	129	7.346E-18	82
C0HLB7	P37156	38.000	112	142	125	1.377E-17	81
C0HLB7	A0JNM6	36.600	118	142	148	2.581E-17	81
C0HLB7	Q96QH8	35.300	127	142	159	2.581E-17	81
C0HLB7	P00700	36.200	112	142	129	4.838E-17	80
C0HLB7	P00699	36.200	112	142	129	6.623E-17	79
C0HLB7	P00704	35.200	118	142	129	4.357E-16	77
C0HLB7	A2AE20	34.100	123	142	160	1.529E-15	76
C0HLB7	Q32PD6	32.800	122	142	156	5.363E-15	74
C0HLB7	Q29RT1	34.800	107	142	148	1.686E-13	70
P9WF02	Q55FN7	58.800	316	469	370	5.922E-119	391
P9WF02	Q6P3A8	57.300	328	469	390	5.291E-118	389
P9WF02	P35738	57.300	328	469	390	5.291E-118	389
P9WF02	P21839	57.300	328	469	392	1.353E-117	387
P9WF02	P21953	56.500	322	469	392	5.152E-115	380
P9WF02	Q9LDY2	60.500	312	469	358	1.277E-111	370
P9WF02	Q9SAV3	57.500	327	469	352	1.139E-110	367
P9WF02	Q5SLR3	51.400	313	469	324	2.085E-84	291
P9WF02	Q72GU2	51.100	313	469	324	2.502E-83	287
P9WF02	Q9I1M1	45.300	323	469	350	3.413E-83	287
P9WF02	P09061	44.800	322	469	339	2.200E-82	285
P9WF02	P0A0A1	46.900	321	469	325	1.779E-78	273
P9WF02	Q6GAC0	46.900	321	469	325	1.779E-78	273
P9WF02	P0A0A3	46.900	321	469	325	1.779E-78	273
P9WF02	P0A0A2	46.900	321	469	325	1.779E-78	273
P9WF02	Q5HGZ0	46.900	321	469	325	3.308E-78	273
P9WF02	Q5HQ75	48.900	295	469	325	3.308E-78	273
P9WF02	Q8CPN2	48.900	295	469	325	3.308E-78	273
P9WF02	P35488	45.500	310	469	327	1.000E-76	268
P9WF02	P21874	48.300	295	469	325	8.749E-76	265
P9WF02	P21882	46.200	295	469	325	1.689E-73	259
P9WF02	P37941	45.300	299	469	327	4.273E-73	258
P9WF02	P47515	42.200	303	469	326	1.800E-69	247
P9WF02	P9WIS0	46.700	304	469	348	4.547E-69	246
P9WF02	P75391	42.200	312	469	327	8.431E-69	245
P9WF02	Q9R9N4	38.400	342	469	460	8.896E-63	227
P9WF02	Q86HX0	38.700	308	469	356	7.685E-60	218
P9WF02	Q0J0H4	36.400	341	469	376	1.045E-59	218
P9WF02	Q4UKQ7	36.500	325	469	326	1.930E-59	217
P9WF02	Q92IS2	37.700	325	469	326	2.624E-59	217
P9WF02	Q9ZDR3	36.500	325	469	326	1.653E-58	214
P9WF02	Q6Z1G7	36.800	341	469	374	4.149E-58	213
P9WF02	Q38799	39.300	315	469	363	1.414E-57	212
P9WF02	Q1RJX3	36.100	323	469	325	4.817E-57	210
P9WF02	O66113	36.400	334	469	462	1.640E-56	209
P9WF02	P32473	36.800	323	469	366	5.581E-56	207
P9WF02	Q85FX1	38.100	302	469	326	1.898E-55	205
P9WF02	P11966	37.100	315	469	359	2.577E-55	205
P9WF02	P11177	37.300	315	469	359	3.500E-55	205
P9WF02	Q5RE79	37.300	315	469	359	3.500E-55	205
P9WF02	Q1XDM1	40.700	299	469	331	1.189E-54	203
P9WF02	Q9D051	36.300	315	469	359	1.010E-53	200
P9WF02	P49432	36.500	315	469	359	1.010E-53	200
P9WF02	Q6B8T1	39.400	299	469	323	1.860E-53	199
P9WF02	P52904	38.500	315	469	359	3.426E-53	199
P9WF02	O44451	37.500	310	469	352	4.650E-53	198
P9WF02	Q10G39	36.900	320	469	400	9.826E-52	194
P9WF02	Q09171	36.800	311	469	366	3.326E-51	193
P9WF02	Q2QM55	37.000	299	469	391	6.988E-50	189
P9WF02	Q9C6Z3	36.000	319	469	406	2.359E-49	187
P9WF02	Q8MA03	37.400	299	469	326	2.684E-48	184
P9WF02	Q32RS0	36.100	301	469	328	2.684E-48	184
P9WF02	Q32RM2	36.000	299	469	325	2.542E-46	178
P9WF02	A2CI50	34.700	299	469	335	1.078E-43	170
P9WF02	Q9TLS3	34.600	301	469	327	1.971E-43	169
P9WF02	Q9MUR4	35.400	299	469	327	2.665E-43	169
P9WF02	P86222	29.400	297	469	211	5.151E-20	97
P9WF02	B8FQ45	28.300	241	469	631	2.149E-19	95
P9WF02	Q24V05	28.300	241	469	631	2.149E-19	95
P9WF02	Q74FC3	25.300	241	469	637	8.712E-18	90
P9WF02	Q6AJQ1	28.200	235	469	645	1.158E-17	90
P9WF02	B8D2I3	24.500	233	469	636	8.440E-17	87
P9WF02	Q7NP63	29.100	232	469	638	1.121E-16	87
P9WF02	Q67NB6	27.500	226	469	648	1.975E-16	86
P9WF02	Q2RIB9	29.600	225	469	640	2.622E-16	85
P9WF02	Q3AAN0	28.600	226	469	622	3.480E-16	85
P9WF02	B8HWL8	29.400	279	469	632	4.619E-16	85
P9WF02	O67036	25.000	298	469	628	1.432E-15	83
P9WF02	B1I3J6	25.700	240	469	634	1.900E-15	83
P9WF02	B0TEJ5	24.100	283	469	647	1.900E-15	83
P9WF02	Q8YZ80	26.500	351	469	635	7.801E-15	81
P9WF02	Q3M4F6	26.500	351	469	635	1.035E-14	80
P9WF02	C0ZC10	26.200	226	469	628	2.412E-14	79
P9WF02	Q8GAA0	27.500	224	469	636	3.197E-14	79
P9WF02	Q9R6S7	27.500	224	469	636	3.197E-14	79
P9WF02	Q3AJP8	25.900	226	469	643	3.197E-14	79
P9WF02	A7H9E8	28.500	224	469	635	4.239E-14	78
P9WF02	Q3AXZ4	26.400	250	469	643	4.239E-14	78
P9WF02	B9L1L6	26.600	226	469	629	5.619E-14	78
P9WF02	B7JVJ6	24.700	294	469	636	5.619E-14	78
P9WF02	Q47BJ0	25.200	247	469	618	7.448E-14	78
P9WF02	B0JL88	25.500	291	469	636	7.448E-14	78
P9WF02	Q10ZY2	26.000	250	469	635	9.872E-14	77
P9WF02	B1WWM7	23.500	341	469	636	9.872E-14	77
P9WF02	Q2IPZ2	27.500	223	469	636	1.308E-13	77
P9WF02	B1XKC5	24.500	269	469	638	1.308E-13	77
P9WF02	Q8DL74	27.400	225	469	638	1.308E-13	77
P9WF02	Q82VD3	25.500	226	469	614	1.734E-13	76
P9WF02	A4IQR7	24.800	226	469	630	1.734E-13	76
P9WF02	P73067	24.900	269	469	640	1.734E-13	76
P9WF02	C5D467	23.700	226	469	630	2.298E-13	76
P9WF02	A5D2Z6	25.100	235	469	637	3.045E-13	76
P9WF02	A2SJ46	26.700	313	469	631	4.034E-13	75
P9WF02	B7KAF7	25.500	264	469	635	4.034E-13	75
P9WF02	B4UHF5	27.500	223	469	636	4.034E-13	75
P9WF02	B3DW88	23.400	295	469	630	7.082E-13	74
P9WF02	B8JFY1	27.500	223	469	636	7.082E-13	74
P9WF02	Q1GQK9	26.600	296	469	642	7.082E-13	74
P9WF02	Q2LUA7	23.400	233	469	650	7.082E-13	74
P9WF02	Q75TB7	26.300	226	469	628	9.382E-13	74
P9WF02	B0C8J3	24.400	356	469	635	9.382E-13	74
P9WF02	Q0AFY6	25.500	226	469	614	1.243E-12	74
P9WF02	Q2JK64	25.600	305	469	648	1.646E-12	73
P9WF02	Q9H0I9	27.500	238	469	626	3.826E-12	72
P9WF02	Q8A0C2	25.100	225	469	647	3.826E-12	72
P9WF02	Q64Y02	25.300	226	469	648	3.826E-12	72
P9WF02	Q2JTX2	26.500	230	469	649	3.826E-12	72
P9WF02	B6YRV5	26.900	225	469	632	6.709E-12	71
P9WF02	Q99MX0	24.400	285	469	595	1.558E-11	70
P9WF02	A2BWN6	22.500	312	469	631	6.335E-11	68
P9WF02	Q13RX1	28.300	223	469	635	6.335E-11	68
P9WF02	Q7V1G6	23.100	312	469	637	6.335E-11	68
P9WF02	Q97HD5	24.700	222	469	619	8.386E-11	68
P9WF02	A6LFB9	23.600	253	469	632	8.386E-11	68
P9WF02	C1DAW8	24.200	287	469	622	1.110E-10	67
P9WF02	Q2GC13	26.400	294	469	640	1.469E-10	67
P9WF02	A2BR27	22.600	257	469	629	1.944E-10	66
P9WF02	Q2N6U5	26.100	296	469	640	1.944E-10	66
P9WF02	A6L175	24.600	226	469	632	3.406E-10	66
P9WF02	Q2IRL7	22.600	250	469	638	5.964E-10	65
P9WF02	B1Y2X5	25.600	231	469	639	5.964E-10	65
P9WF02	Q11KE0	27.700	226	469	650	5.964E-10	65
P9WF02	B8E247	20.900	227	469	618	7.892E-10	64
P9WF02	A9M1G3	27.400	226	469	635	7.892E-10	64
P9WF02	Q5FAI2	26.800	226	469	637	1.044E-09	64
P9WF02	B4RNW6	26.800	226	469	637	1.382E-09	64
P9WF02	Q9JXV7	26.800	226	469	637	1.382E-09	64
P9WF02	A8G4R9	23.500	257	469	629	1.828E-09	63
P9WF02	Q7VNP7	24.100	229	469	617	2.418E-09	63
P9WF02	Q0ARE5	25.500	226	469	643	2.418E-09	63
P9WF02	Q31AZ2	23.800	250	469	629	3.200E-09	63
P9WF02	Q1GZD7	24.500	231	469	614	9.798E-09	61
P9WF02	Q8RAC5	22.800	226	469	622	9.798E-09	61
P9WF02	A1KS32	25.900	226	469	637	1.296E-08	61
P9WF02	Q7VIJ7	27.200	215	469	629	1.714E-08	60
P9WF02	Q5YTA2	26.000	231	469	631	1.604E-07	57
P9WF02	Q11NY7	22.700	226	469	636	1.604E-07	57
P9WF02	C4K6M7	22.200	285	469	622	2.120E-07	57
P9WF02	C1F3C4	23.200	249	469	627	2.120E-07	57
P9WF02	A0QIL6	25.100	231	469	641	3.458E-06	53
P9WF02	Q73W57	25.100	231	469	641	3.458E-06	53
P9WF02	A1T7Z0	24.500	231	469	637	7.984E-06	51
P9WF02	A0PT40	24.600	231	469	637	1.843E-05	50
P9WF02	Q6MDK6	22.300	253	469	635	9.817E-05	48
P9WF02	Q5R7H0	25.000	255	469	919	2.265E-04	47
P9WF02	Q9Z6J9	23.000	151	469	644	5.223E-04	46
A0A5Q0QN66	P0DL13	50.700	339	659	346	1.314E-100	346
A0A5Q0QN66	A8NU13	28.700	328	659	345	2.227E-35	148
A0A5Q0QN66	Q4P3F1	35.900	253	659	462	1.868E-24	113
A0A5Q0QN66	Q6WP50	24.300	317	659	399	8.215E-21	101
A0A5Q0QN66	B2J4A4	23.800	308	659	323	7.656E-20	98
A0A5Q0QN66	Q01581	26.600	380	659	520	2.171E-18	93
A0A5Q0QN66	Q5R7Z9	26.300	380	659	520	2.014E-17	90
A0A5Q0QN66	P13704	25.800	380	659	520	2.661E-17	90
A0A5Q0QN66	P23228	27.600	381	659	522	3.515E-17	89
A0A5Q0QN66	Q8JZK9	30.500	226	659	520	4.643E-17	89
A0A5Q0QN66	Q2KIE6	33.100	178	659	508	5.679E-16	85
A0A5Q0QN66	P54868	33.100	178	659	508	9.904E-16	85
A0A5Q0QN66	O02734	25.400	420	659	508	1.727E-15	84
A0A5Q0QN66	B5H7H3	21.900	321	659	372	5.251E-15	82
A0A5Q0QN66	P54869	28.200	266	659	508	5.251E-15	82
A0A5Q0QN66	P22791	28.000	263	659	508	1.209E-14	81
A0A5Q0QN66	P54839	28.000	226	659	491	2.107E-14	80
A0A5Q0QN66	Q82IY4	25.500	323	659	336	2.782E-14	80
A0A5Q0QN66	P54873	34.200	175	659	461	2.782E-14	80
A0A5Q0QN66	S0DX56	23.900	297	659	357	8.454E-14	78
A0A5Q0QN66	A0A1L7U8F2	24.100	329	659	401	2.568E-13	77
A0A5Q0QN66	C7PLV2	21.900	300	659	321	5.907E-13	76
A0A5Q0QN66	Q86HL5	28.800	177	659	468	5.907E-13	76
A0A5Q0QN66	E3VWJ0	25.000	323	659	337	1.029E-12	75
A0A5Q0QN66	P54870	35.300	130	659	455	1.029E-12	75
A0A5Q0QN66	Q55012	24.000	323	659	337	1.793E-12	74
A0A5Q0QN66	P54874	35.000	134	659	447	1.793E-12	74
A0A5Q0QN66	P54961	36.600	129	659	453	4.124E-12	73
A0A5Q0QN66	Q82RR7	22.800	305	659	335	1.283E-08	61
A0A345BJN1	A0A0U1LSP0	42.400	657	723	997	1.718E-139	463
A0A345BJN1	P11544	40.200	666	723	716	1.331E-121	410
A0A345BJN1	P10248	39.000	682	723	713	1.618E-118	401
A0A345BJN1	O93967	37.900	691	723	740	5.561E-118	400
A0A345BJN1	Q96V77	37.000	687	723	724	1.720E-112	383
A0A345BJN1	P52777	39.600	526	723	754	4.232E-94	329
A0A345BJN1	P27991	39.200	517	723	713	1.181E-90	319
A0A345BJN1	P45734	38.400	527	723	725	3.999E-90	317
A0A345BJN1	P25872	38.700	517	723	715	5.423E-90	317
A0A345BJN1	P45730	38.200	517	723	715	1.835E-89	315
A0A345BJN1	P45725	38.600	510	723	694	2.488E-89	315
A0A345BJN1	P27990	39.000	517	723	725	8.411E-89	313
A0A345BJN1	O49836	38.900	509	723	705	1.546E-88	312
A0A345BJN1	O23924	37.700	527	723	713	1.546E-88	312
A0A345BJN1	P45733	38.800	517	723	712	5.225E-88	311
A0A345BJN1	Q9SS45	39.100	517	723	707	7.084E-88	310
A0A345BJN1	P35513	38.900	517	723	712	7.084E-88	310
A0A345BJN1	P45726	38.400	517	723	714	7.084E-88	310
A0A345BJN1	Q9SMK9	37.800	527	723	718	7.084E-88	310
A0A345BJN1	Q01861	38.200	527	723	723	1.302E-87	310
A0A345BJN1	O64963	37.600	517	723	717	3.243E-87	308
A0A345BJN1	P45728	37.700	517	723	716	4.395E-87	308
A0A345BJN1	P24481	37.700	517	723	716	5.958E-87	308
A0A345BJN1	P26600	37.900	517	723	721	5.958E-87	308
A0A345BJN1	Q42667	37.500	526	723	722	5.958E-87	308
A0A345BJN1	P35511	37.700	517	723	704	1.095E-86	307
A0A345BJN1	O23865	37.600	517	723	708	1.095E-86	307
A0A345BJN1	P31426	37.700	517	723	590	1.483E-86	306
A0A345BJN1	P14717	34.300	666	723	701	1.483E-86	306
A0A345BJN1	Q42858	35.800	614	723	708	2.010E-86	306
A0A345BJN1	O04058	37.600	517	723	667	3.693E-86	305
A0A345BJN1	P45729	36.900	517	723	718	6.781E-86	304
A0A345BJN1	Q43210	39.200	479	723	700	4.197E-85	302
A0A345BJN1	Q04593	37.800	517	723	724	4.197E-85	302
A0A345BJN1	P35510	36.800	517	723	725	7.704E-85	301
A0A345BJN1	Q8VXG7	38.600	518	723	703	1.044E-84	301
A0A345BJN1	P45724	36.500	527	723	717	1.044E-84	301
A0A345BJN1	P31425	37.400	521	723	720	1.414E-84	301
A0A345BJN1	A2X7F7	38.900	488	723	713	1.916E-84	300
A0A345BJN1	Q68G84	37.900	509	723	687	3.515E-84	299
A0A345BJN1	Q0DZE0	38.900	488	723	713	3.515E-84	299
A0A345BJN1	Q6GZ04	37.700	509	723	698	8.737E-84	298
A0A345BJN1	Q42609	36.800	527	723	703	8.737E-84	298
A0A345BJN1	P14166	37.700	517	723	707	3.324E-82	293
A0A345BJN1	Q43052	36.800	517	723	710	6.094E-82	293
A0A345BJN1	P45731	36.600	517	723	682	2.307E-80	288
A0A345BJN1	P45727	38.900	469	723	620	1.917E-79	285
A0A345BJN1	Q40910	40.000	413	723	571	3.638E-76	275
A0A345BJN1	P07218	40.500	352	723	506	1.473E-59	225
A0A345BJN1	B2J528	30.900	482	723	569	2.671E-53	205
A0A345BJN1	P45735	41.600	251	723	416	9.925E-46	182
A0A345BJN1	Q89GV3	28.900	502	723	519	1.297E-41	169
A0A345BJN1	Q8GMG0	29.700	525	723	539	2.298E-41	168
A0A345BJN1	Q92195	57.000	142	723	142	4.070E-41	167
A0A345BJN1	A4YNK7	28.200	497	723	515	1.661E-39	162
A0A345BJN1	A4IK90	29.800	409	723	504	2.208E-39	162
A0A345BJN1	Q7P188	28.400	532	723	510	6.895E-39	160
A0A345BJN1	Q5FRR8	29.300	505	723	515	9.164E-39	160
A0A345BJN1	A5EQB7	28.300	491	723	515	2.858E-38	158
A0A345BJN1	A3CL24	29.200	488	723	513	1.182E-37	156
A0A345BJN1	Q5L310	28.900	407	723	504	2.086E-37	155
A0A345BJN1	A1TRE4	27.600	526	723	512	2.086E-37	155
A0A345BJN1	A8AZ70	28.800	488	723	513	2.086E-37	155
A0A345BJN1	Q9KBE6	27.400	522	723	511	2.770E-37	155
A0A345BJN1	Q1LRV9	28.700	524	723	533	2.770E-37	155
A0A345BJN1	P58083	28.300	488	723	513	3.678E-37	154
A0A345BJN1	Q8NZ46	28.300	488	723	513	4.884E-37	154
A0A345BJN1	Q3J289	28.400	485	723	507	6.484E-37	154
A0A345BJN1	Q5X9K4	28.300	488	723	513	6.484E-37	154
A0A345BJN1	B5XIY2	28.500	488	723	513	6.484E-37	154
A0A345BJN1	Q1D6R1	30.100	411	723	508	1.517E-36	153
A0A345BJN1	Q9KSQ4	28.100	506	723	511	1.517E-36	153
A0A345BJN1	A2RGS5	28.300	488	723	513	1.517E-36	153
A0A345BJN1	Q93TX3	29.400	411	723	510	2.673E-36	152
A0A345BJN1	Q8DA21	27.700	506	723	513	2.673E-36	152
A0A345BJN1	Q2IIV4	29.600	397	723	508	3.548E-36	151
A0A345BJN1	Q1Q9E4	30.700	387	723	520	3.548E-36	151
A0A345BJN1	B9KSW6	28.400	485	723	507	4.709E-36	151
A0A345BJN1	P0DB74	28.100	488	723	513	4.709E-36	151
A0A345BJN1	P0DB75	28.100	488	723	513	4.709E-36	151
A0A345BJN1	C1CWB4	29.200	397	723	499	6.250E-36	151
A0A345BJN1	Q8Z896	28.200	503	723	506	8.293E-36	150
A0A345BJN1	Q7MK58	27.900	496	723	513	8.293E-36	150
A0A345BJN1	B1KP55	31.000	399	723	510	1.100E-35	150
A0A345BJN1	Q87Q77	27.500	507	723	511	1.100E-35	150
A0A345BJN1	B4TQT6	28.000	529	723	506	2.570E-35	149
A0A345BJN1	A1STQ3	27.600	533	723	510	2.570E-35	149
A0A345BJN1	A9H863	29.800	376	723	515	2.570E-35	149
A0A345BJN1	A9AGP7	30.400	468	723	506	3.410E-35	148
A0A345BJN1	B5FP58	28.200	503	723	506	3.410E-35	148
A0A345BJN1	B5QX62	28.200	503	723	506	3.410E-35	148
A0A345BJN1	B5R758	28.200	503	723	506	3.410E-35	148
A0A345BJN1	B4SZJ4	28.200	503	723	506	3.410E-35	148
A0A345BJN1	C0PWX9	28.200	503	723	506	3.410E-35	148
A0A345BJN1	Q8ZQQ9	28.200	503	723	506	3.410E-35	148
A0A345BJN1	A3MLT7	29.400	468	723	507	4.523E-35	148
A0A345BJN1	A2SA96	29.400	468	723	507	4.523E-35	148
A0A345BJN1	Q62LJ6	29.400	468	723	507	4.523E-35	148
A0A345BJN1	A3NXA3	29.400	468	723	507	4.523E-35	148
A0A345BJN1	A3NBH0	29.400	468	723	507	4.523E-35	148
A0A345BJN1	Q63SH6	29.400	468	723	507	4.523E-35	148
A0A345BJN1	A4JG46	29.900	468	723	507	7.958E-35	147
A0A345BJN1	C5D4K1	25.500	507	723	508	7.958E-35	147
A0A345BJN1	B4UC43	29.300	397	723	508	7.958E-35	147
A0A345BJN1	P58082	30.600	370	723	509	7.958E-35	147
A0A345BJN1	A9MTJ1	28.000	503	723	506	1.055E-34	147
A0A345BJN1	B8J950	29.300	397	723	508	1.055E-34	147
A0A345BJN1	Q7NCB3	30.000	401	723	514	1.055E-34	147
A0A345BJN1	B1YT80	29.800	475	723	507	1.400E-34	146
A0A345BJN1	B5XZ79	28.100	522	723	508	1.400E-34	146
A0A345BJN1	A9MJE9	27.600	529	723	506	1.856E-34	146
A0A345BJN1	B2T2Y2	28.600	468	723	507	1.856E-34	146
A0A345BJN1	Q5NZX8	28.300	512	723	526	1.856E-34	146
A0A345BJN1	Q57RG6	27.500	503	723	506	2.462E-34	145
A0A345BJN1	B4EDX5	29.700	468	723	507	2.462E-34	145
A0A345BJN1	A7ZAE4	29.100	379	723	512	3.264E-34	145
A0A345BJN1	Q5PG61	27.800	503	723	506	4.328E-34	145
A0A345BJN1	B5BC34	27.800	503	723	506	4.328E-34	145
A0A345BJN1	A5WDR1	27.600	538	723	519	4.328E-34	145
A0A345BJN1	B5F069	28.000	503	723	506	5.739E-34	144
A0A345BJN1	Q67JH4	28.500	400	723	507	5.739E-34	144
A0A345BJN1	Q1BHY5	29.700	468	723	507	5.739E-34	144
A0A345BJN1	B1JV50	29.700	468	723	507	5.739E-34	144
A0A345BJN1	A0K8U6	29.700	468	723	507	5.739E-34	144
A0A345BJN1	A1JSW6	28.500	509	723	507	7.608E-34	144
A0A345BJN1	Q0BDK6	28.400	512	723	507	7.608E-34	144
A0A345BJN1	A7GR00	28.900	375	723	505	1.009E-33	143
A0A345BJN1	Q8EKJ4	30.500	399	723	513	1.009E-33	143
A0A345BJN1	Q3IWB0	27.500	480	723	523	1.009E-33	143
A0A345BJN1	Q8ZA10	28.200	509	723	510	1.772E-33	143
A0A345BJN1	A9VPT8	28.200	377	723	505	2.349E-33	142
A0A345BJN1	A0RH39	27.900	377	723	505	2.349E-33	142
A0A345BJN1	Q664B8	28.000	509	723	510	2.349E-33	142
A0A345BJN1	A6TSX0	25.400	409	723	507	3.114E-33	142
A0A345BJN1	Q733H8	27.900	377	723	505	5.469E-33	141
A0A345BJN1	B5ETN1	28.200	481	723	510	5.469E-33	141
A0A345BJN1	Q6AKP3	27.100	500	723	512	5.469E-33	141
A0A345BJN1	Q5LRD8	26.000	474	723	512	5.469E-33	141
A0A345BJN1	P21310	28.200	503	723	510	7.248E-33	141
A0A345BJN1	B7JI80	27.700	377	723	505	9.605E-33	140
A0A345BJN1	C1EN93	27.700	377	723	505	9.605E-33	140
A0A345BJN1	B7HKJ1	27.700	377	723	505	9.605E-33	140
A0A345BJN1	B9IUH0	27.700	377	723	505	9.605E-33	140
A0A345BJN1	Q6HFE9	27.700	377	723	505	9.605E-33	140
A0A345BJN1	A8MF64	28.200	371	723	507	9.605E-33	140
A0A345BJN1	B0SYU6	31.200	376	723	511	9.605E-33	140
A0A345BJN1	C3P4M2	27.700	377	723	505	1.273E-32	140
A0A345BJN1	C3L982	27.700	377	723	505	1.273E-32	140
A0A345BJN1	Q81Y45	27.700	377	723	505	1.273E-32	140
A0A345BJN1	Q0AP92	27.900	504	723	507	1.273E-32	140
A0A345BJN1	Q87UM1	27.100	520	723	515	1.273E-32	140
A0A345BJN1	Q73Q56	27.400	403	723	507	1.686E-32	139
A0A345BJN1	Q2RUU3	26.600	516	723	514	1.686E-32	139
A0A345BJN1	A6T6L1	27.500	501	723	508	2.234E-32	139
A0A345BJN1	B7ISJ2	27.400	377	723	505	2.960E-32	139
A0A345BJN1	A4W8B5	27.200	516	723	506	2.960E-32	139
A0A345BJN1	B7HCD0	27.400	377	723	506	2.960E-32	139
A0A345BJN1	Q81AC6	27.400	377	723	506	2.960E-32	139
A0A345BJN1	B7V3J1	26.400	507	723	509	3.922E-32	138
A0A345BJN1	Q9HU85	26.400	507	723	509	3.922E-32	138
A0A345BJN1	Q54JI7	27.000	492	723	539	3.922E-32	138
A0A345BJN1	Q02ER8	26.400	507	723	509	5.195E-32	138
A0A345BJN1	Q637H8	27.900	377	723	505	9.116E-32	137
A0A345BJN1	Q88CZ7	27.900	503	723	510	1.207E-31	137
A0A345BJN1	Q5E0C6	26.800	537	723	510	1.599E-31	136
A0A345BJN1	B8ZV94	27.200	480	723	526	1.599E-31	136
A0A345BJN1	Q162E2	25.000	498	723	513	2.118E-31	136
A0A345BJN1	A8HA91	30.800	376	723	510	2.805E-31	136
A0A345BJN1	Q6LQ56	26.300	537	723	510	2.805E-31	136
A0A345BJN1	Q978N8	28.400	357	723	495	3.715E-31	135
A0A345BJN1	Q8VMR3	27.500	531	723	512	6.514E-31	134
A0A345BJN1	A8G1S5	31.200	373	723	510	1.142E-30	134
A0A345BJN1	Q7N296	29.000	383	723	514	1.142E-30	134
A0A345BJN1	Q6GKT7	26.400	409	723	504	1.512E-30	133
A0A345BJN1	Q11E18	25.500	486	723	511	2.002E-30	133
A0A345BJN1	B0UQ15	31.500	353	723	513	2.002E-30	133
A0A345BJN1	Q5WAZ6	24.700	498	723	500	2.650E-30	132
A0A345BJN1	B8CGY5	28.500	504	723	510	3.508E-30	132
A0A345BJN1	B4RED8	26.900	498	723	511	4.644E-30	132
A0A345BJN1	A9GFW6	27.400	427	723	514	4.644E-30	132
A0A345BJN1	B0R544	28.000	405	723	525	4.644E-30	132
A0A345BJN1	Q9HQD5	28.000	405	723	525	4.644E-30	132
A0A345BJN1	Q8RDU4	26.700	403	723	511	6.148E-30	131
A0A345BJN1	Q82I33	29.100	512	723	512	6.148E-30	131
A0A345BJN1	Q0VZ68	29.200	480	723	531	6.148E-30	131
A0A345BJN1	Q2FKP8	25.400	409	723	504	8.138E-30	131
A0A345BJN1	Q2G2P7	25.400	409	723	504	8.138E-30	131
A0A345BJN1	A6QD47	25.400	409	723	504	8.138E-30	131
A0A345BJN1	A8YYT1	25.400	409	723	504	8.138E-30	131
A0A345BJN1	A6TXF8	25.400	409	723	504	1.077E-29	130
A0A345BJN1	A5INP9	25.400	409	723	504	1.077E-29	130
A0A345BJN1	Q2YUR3	25.400	409	723	504	1.077E-29	130
A0A345BJN1	P64415	25.400	409	723	504	1.077E-29	130
A0A345BJN1	P64416	25.400	409	723	504	1.077E-29	130
A0A345BJN1	P42357	28.000	488	723	657	1.077E-29	130
A0A345BJN1	Q3KJE6	28.200	409	723	510	1.426E-29	130
A0A345BJN1	Q6GD82	25.200	409	723	504	3.304E-29	129
A0A345BJN1	Q8NYY3	25.200	409	723	504	3.304E-29	129
A0A345BJN1	Q5WWW8	25.700	498	723	506	4.373E-29	128
A0A345BJN1	A9IVW5	26.400	475	723	512	7.656E-29	128
A0A345BJN1	Q8RFC2	25.100	460	723	516	1.013E-28	127
A0A345BJN1	Q6FZP9	25.700	476	723	512	1.773E-28	126
A0A345BJN1	Q1IRT8	26.800	407	723	516	1.773E-28	126
A0A345BJN1	P21213	27.600	488	723	657	1.773E-28	126
A0A345BJN1	Q5X5I5	26.000	472	723	506	2.346E-28	126
A0A345BJN1	Q6G3U8	25.600	489	723	512	2.346E-28	126
A0A345BJN1	Q1GSH0	29.800	353	723	509	3.104E-28	126
A0A345BJN1	Q9KWE4	25.200	483	723	511	3.104E-28	126
A0A345BJN1	A1AZX9	25.000	497	723	513	4.106E-28	125
A0A345BJN1	Q8PLZ8	29.100	377	723	513	7.186E-28	124
A0A345BJN1	Q9EWW1	28.400	480	723	512	9.505E-28	124
A0A345BJN1	P35492	27.200	488	723	657	9.505E-28	124
A0A345BJN1	Q8U8Z7	25.000	483	723	514	1.257E-27	124
A0A345BJN1	A5IBM2	26.100	501	723	505	1.663E-27	123
A0A345BJN1	A9WHT8	27.800	405	723	523	1.663E-27	123
A0A345BJN1	B9LLY0	27.800	405	723	523	1.663E-27	123
A0A345BJN1	B9E7E0	25.000	405	723	500	5.088E-27	122
A0A345BJN1	A9WVU3	23.800	510	723	511	5.088E-27	122
A0A345BJN1	P24221	28.400	512	723	514	5.088E-27	122
A0A345BJN1	B9JDC0	24.300	487	723	511	6.728E-27	121
A0A345BJN1	B2SD96	24.000	510	723	511	6.728E-27	121
A0A345BJN1	Q2YIL6	24.000	510	723	511	6.728E-27	121
A0A345BJN1	Q579E8	24.000	510	723	511	6.728E-27	121
A0A345BJN1	Q4A173	26.500	379	723	499	1.177E-26	121
A0A345BJN1	O31197	24.700	481	723	511	1.556E-26	120
A0A345BJN1	Q8FVB4	25.500	384	723	511	2.057E-26	120
A0A345BJN1	Q4UTB9	30.000	353	723	513	2.057E-26	120
A0A345BJN1	B0RUX3	30.000	353	723	513	2.057E-26	120
A0A345BJN1	Q8PAA7	30.000	353	723	513	2.057E-26	120
A0A345BJN1	Q8YD09	23.800	510	723	925	4.755E-26	119
A0A345BJN1	A9MCL0	25.200	384	723	511	6.286E-26	118
A0A345BJN1	B9K288	24.900	505	723	512	1.920E-25	117
A0A345BJN1	Q20502	25.200	454	723	677	1.353E-24	114
A0A3L6G998	C5YHI2	41.300	522	547	545	1.492E-133	437
A0A3L6G998	Q2NM15	40.900	524	547	533	6.864E-130	427
A0A3L6G998	C7E5V8	40.700	524	547	533	1.752E-129	426
A0A3L6G998	C7E5V9	40.900	524	547	533	3.271E-129	425
A0A3L6G998	C7E5W0	40.700	524	547	533	1.015E-127	421
A0A3L6G998	C7E5V7	40.700	525	547	534	5.872E-126	415
A0A3L6G998	Q1EG72	40.400	521	547	548	6.335E-124	409
A0A3L6G998	Q5GJ60	40.800	521	547	548	3.015E-123	407
A0A3L6G998	B1B1U4	37.400	528	547	554	3.142E-113	378
A0A3L6G998	Q6JD70	37.800	552	547	554	1.092E-112	377
A0A3L6G998	Q6JD73	37.100	552	547	554	4.579E-111	372
A0A3L6G998	Q0VHD6	37.800	512	547	550	4.046E-110	369
A0A3L6G998	B1B1U3	36.000	531	547	548	1.918E-109	367
A0A3L6G998	Q6Q3H2	37.900	513	547	556	4.878E-109	366
A0A3L6G998	B9S9Z3	36.700	539	547	558	1.095E-107	362
A0A3L6G998	Q6Q3H3	36.400	526	547	557	3.350E-106	358
A0A3L6G998	Q39761	38.200	523	547	554	2.953E-105	355
A0A3L6G998	P93665	37.800	523	547	554	4.029E-105	355
A0A3L6G998	O49853	37.700	523	547	554	4.029E-105	355
A0A3L6G998	Q39760	37.500	521	547	554	5.498E-105	354
A0A3L6G998	J9RLZ7	38.800	534	547	563	9.017E-104	351
A0A3L6G998	Q43714	36.300	538	547	555	2.750E-102	346
A0A3L6G998	Q8SA63	36.700	526	547	548	3.299E-101	343
A0A3L6G998	B2KSJ5	35.500	539	547	571	3.299E-101	343
A0A3L6G998	J9R5V4	36.300	535	547	562	6.786E-97	331
A0A3L6G998	Q9FQ27	35.300	527	547	544	1.262E-96	330
A0A3L6G998	D0VMR6	35.700	513	547	547	1.721E-96	329
A0A3L6G998	I6RAQ6	36.100	512	547	547	5.949E-96	328
A0A3L6G998	Q84LG0	35.500	525	547	548	5.949E-96	328
A0A3L6G998	D0VMR8	34.900	534	547	547	2.803E-95	326
A0A3L6G998	D0VMR7	34.900	534	547	547	7.104E-95	325
A0A3L6G998	Q84LF1	35.500	524	547	548	2.928E-93	320
A0A3L6G998	Q84LF2	34.500	525	547	548	1.878E-92	317
A0A3L6G998	O64961	34.300	531	547	548	2.560E-92	317
A0A3L6G998	J7LMP2	34.000	517	547	565	3.489E-92	317
A0A3L6G998	O23945	34.800	524	547	556	4.755E-92	316
A0A3L6G998	Q84LF0	34.800	511	547	548	1.204E-91	315
A0A3L6G998	Q39978	34.800	530	547	555	4.154E-91	314
A0A3L6G998	J7LP58	34.200	533	547	564	7.715E-91	313
A0A3L6G998	O65323	34.600	517	547	559	1.051E-90	312
A0A3L6G998	P59287	32.000	528	547	601	2.321E-89	308
A0A3L6G998	Q9XJ32	34.400	530	547	556	4.309E-89	308
A0A3L6G998	K4L9M2	34.300	537	547	561	4.309E-89	308
A0A3L6G998	G5CV46	33.800	528	547	555	1.485E-88	306
A0A3L6G998	Q5SBP6	33.600	523	547	546	3.755E-88	305
A0A3L6G998	G5CV45	33.300	528	547	548	5.116E-88	304
A0A3L6G998	Q9LLR9	34.100	529	547	547	6.970E-88	304
A0A3L6G998	E2E2N7	32.600	544	547	555	6.970E-88	304
A0A3L6G998	D2YZP9	34.700	506	547	550	4.455E-87	302
A0A3L6G998	Q49SP5	34.100	533	547	554	6.068E-87	301
A0A3L6G998	K4LMW2	34.800	537	547	561	6.068E-87	301
A0A3L6G998	Q49SP3	33.000	527	547	552	1.534E-86	300
A0A3L6G998	B6SCF5	34.300	534	547	563	1.534E-86	300
A0A3L6G998	B6SCF6	35.400	517	547	563	2.089E-86	300
A0A3L6G998	Q9FXY7	33.400	534	547	577	2.089E-86	300
A0A3L6G998	I6R4V5	34.100	510	547	546	7.189E-86	298
A0A3L6G998	I6QPS5	32.600	515	547	549	1.816E-85	297
A0A3L6G998	Q49SP4	32.300	526	547	545	2.474E-85	297
A0A3L6G998	B0FGA9	32.800	525	547	559	7.387E-84	292
A0A3L6G998	Q8LSC3	33.400	525	547	583	1.006E-83	292
A0A3L6G998	Q4U3F7	32.600	525	547	559	2.539E-83	291
A0A3L6G998	Q8LSC2	32.900	525	547	558	1.029E-81	286
A0A3L6G998	I6QSN0	31.400	525	547	563	2.641E-79	279
A0A3L6G998	Q4U3F6	31.800	535	547	555	3.593E-79	278
A0A3L6G998	B2KSJ6	32.000	534	547	560	4.890E-79	278
A0A3L6G998	O48935	33.500	529	547	550	6.653E-79	278
A0A3L6G998	Q5W283	33.100	530	547	551	7.811E-78	274
A0A3L6G998	Q9AR04	31.900	509	547	546	1.446E-77	274
A0A3L6G998	Q94JS8	31.700	521	547	560	4.949E-77	272
A0A3L6G998	Q5SBP5	32.100	521	547	540	9.157E-77	271
A0A3L6G998	A7IZZ2	32.500	528	547	615	1.072E-75	268
A0A3L6G998	Q49SP6	29.700	529	547	554	7.915E-74	263
A0A3L6G998	Q93X23	32.700	486	547	597	2.317E-72	258
A0A3L6G998	Q84UU9	29.500	539	547	611	1.983E-71	256
A0A3L6G998	Q6EJ97	31.400	509	547	608	1.695E-70	253
A0A3L6G998	Q49SP7	31.000	498	547	545	2.303E-70	252
A0A3L6G998	B3TPQ7	30.900	529	547	592	4.251E-70	252
A0A3L6G998	B6SCF4	29.700	506	547	613	3.627E-69	249
A0A3L6G998	Q672F7	31.100	505	547	595	1.212E-66	241
A0A3L6G998	Q8GUE4	30.000	484	547	603	1.212E-66	241
A0A3L6G998	Q6PWU2	31.600	484	547	590	5.586E-66	239
A0A3L6G998	P0CJ43	30.300	501	547	589	1.029E-65	239
A0A3L6G998	Q2XSC4	29.500	522	547	538	3.489E-65	237
A0A3L6G998	J7LH11	30.700	511	547	546	6.425E-65	236
A0A3L6G998	A0A178U9Y5	28.300	523	547	592	4.007E-64	234
A0A3L6G998	Q9LRZ6	29.400	516	547	598	7.375E-64	233
A0A3L6G998	A7IZZ1	31.300	522	547	622	1.357E-63	232
A0A3L6G998	A0A1C9J6A7	31.000	491	547	607	9.652E-62	227
A0A3L6G998	Q2XSC5	28.600	532	547	564	4.419E-61	225
A0A3L6G998	Q5SBP3	29.100	492	547	574	4.419E-61	225
A0A3L6G998	P0DI76	30.100	513	547	600	1.100E-60	224
A0A3L6G998	O81191	29.900	518	547	591	2.739E-60	222
A0A3L6G998	Q9ZUH4	29.200	497	547	591	6.817E-60	221
A0A3L6G998	Q8H2B4	27.900	529	547	606	6.817E-60	221
A0A3L6G998	Q8L5K4	29.300	536	547	600	9.237E-60	221
A0A3L6G998	Q2XSC6	30.000	521	547	602	9.237E-60	221
A0A3L6G998	A4FVP2	29.600	509	547	565	1.252E-59	220
A0A3L6G998	Q8L5K3	29.700	467	547	606	3.113E-59	219
A0A3L6G998	G1JUH1	30.000	524	547	607	4.217E-59	219
A0A3L6G998	Q7XAS7	29.900	492	547	595	5.712E-59	218
A0A3L6G998	Q4QSN4	29.400	508	547	815	1.048E-58	218
A0A3L6G998	Q50L36	29.900	492	547	595	1.923E-58	217
A0A3L6G998	Q6USK1	29.300	492	547	567	8.762E-58	215
A0A3L6G998	O64404	28.300	553	547	581	8.762E-58	215
A0A3L6G998	I6RE61	27.900	500	547	596	8.762E-58	215
A0A3L6G998	Q9AR86	29.500	492	547	595	1.607E-57	214
A0A3L6G998	O81192	28.900	473	547	598	1.607E-57	214
A0A3L6G998	Q84LB2	30.900	488	547	576	5.399E-57	213
A0A3L6G998	Q94G53	27.900	547	547	582	7.309E-57	212
A0A3L6G998	Q5SBP0	29.800	490	547	601	7.309E-57	212
A0A3L6G998	Q675L0	28.200	550	547	578	3.321E-56	210
A0A3L6G998	O81193	29.600	480	547	590	4.495E-56	210
A0A3L6G998	Q5SBP2	29.800	490	547	598	4.495E-56	210
A0A3L6G998	Q9T0J9	27.100	531	547	554	2.760E-55	207
A0A3L6G998	Q5SBP1	29.700	491	547	599	2.760E-55	207
A0A3L6G998	Q9SPN0	29.100	482	547	567	6.836E-55	206
A0A3L6G998	Q9SPN1	28.600	482	547	583	3.096E-54	204
A0A3L6G998	Q675L5	27.500	504	547	867	4.187E-54	204
A0A3L6G998	O81086	29.300	504	547	817	5.663E-54	203
A0A3L6G998	Q39980	33.800	349	547	350	1.894E-53	202
A0A3L6G998	Q9T0K1	26.100	531	547	554	2.560E-53	201
A0A3L6G998	E2E2P0	26.100	527	547	594	6.327E-53	200
A0A3L6G998	Q38710	27.000	503	547	868	1.156E-52	199
A0A3L6G998	H8ZM73	28.300	503	547	867	2.112E-52	199
A0A3L6G998	H8ZM71	27.900	504	547	852	2.855E-52	198
A0A3L6G998	H8ZM70	26.800	503	547	844	5.215E-52	198
A0A3L6G998	M4HYP3	27.900	498	547	876	1.739E-51	196
A0A3L6G998	M4HY08	28.500	497	547	868	3.173E-51	195
A0A3L6G998	F1CKI9	27.700	543	547	627	4.287E-51	195
A0A3L6G998	Q84SM8	28.200	541	547	627	5.791E-51	194
A0A3L6G998	F1CKJ1	27.400	543	547	627	1.427E-50	193
A0A3L6G998	M4HYC6	27.000	504	547	850	1.927E-50	193
A0A3L6G998	Q948Z0	27.500	549	547	618	3.515E-50	192
A0A3L6G998	Q675L4	27.100	498	547	859	3.515E-50	192
A0A3L6G998	Q50EK2	27.000	504	547	850	4.747E-50	192
A0A3L6G998	M4HXU6	27.000	504	547	857	4.747E-50	192
A0A3L6G998	B5A434	29.800	487	547	576	1.168E-49	190
A0A3L6G998	P0CV95	27.800	513	547	578	1.168E-49	190
A0A3L6G998	Q9M7C9	27.500	547	547	637	1.577E-49	190
A0A3L6G998	F1CKI8	27.700	541	547	627	2.875E-49	189
A0A3L6G998	F1CKI6	26.900	545	547	627	7.069E-49	188
A0A3L6G998	M4HYC8	28.000	497	547	868	7.069E-49	188
A0A3L6G998	O64405	26.400	562	547	593	9.540E-49	188
A0A3L6G998	P0CV96	27.600	513	547	580	1.737E-48	187
A0A3L6G998	Q84KL3	26.500	557	547	628	3.163E-48	186
A0A3L6G998	Q84UV0	25.900	519	547	569	7.767E-48	185
A0A3L6G998	O24475	28.400	542	547	628	7.767E-48	185
A0A3L6G998	E3W202	25.400	522	547	569	2.571E-47	183
A0A3L6G998	O24474	26.700	541	547	627	2.571E-47	183
A0A3L6G998	Q9M7D0	27.000	555	547	630	3.467E-47	183
A0A3L6G998	E3W203	25.000	522	547	569	6.305E-47	182
A0A3L6G998	Q6XDB5	26.900	541	547	627	6.305E-47	182
A0A3L6G998	Q41594	28.200	512	547	862	1.546E-46	181
A0A3L6G998	Q93YA3	28.400	512	547	862	3.786E-46	180
A0A3L6G998	Q9FT37	28.700	512	547	862	9.270E-46	179
A0A3L6G998	E3W204	25.100	522	547	569	1.249E-45	178
A0A3L6G998	Q9M7D1	25.800	546	547	630	4.459E-44	173
A0A3L6G998	Q39979	33.700	298	547	300	8.084E-44	173
A0A3L6G998	Q84KL6	26.300	541	547	629	2.853E-42	168
A0A3L6G998	Q84KL5	25.900	541	547	574	1.256E-41	166
A0A3L6G998	Q84KL4	25.800	558	547	627	1.256E-41	166
A0A3L6G998	G1DGI7	25.100	533	547	750	1.501E-38	156
A0A3L6G998	Q84ND0	26.800	479	547	581	1.649E-36	150
A0A3L6G998	Q84NC9	26.800	479	547	584	1.649E-36	150
A0A3L6G998	Q2QQJ5	24.200	499	547	815	1.280E-35	147
A0A3L6G998	Q84NC8	24.300	458	547	579	4.250E-34	143
A0A3L6G998	Q1AHB2	23.800	507	547	816	5.830E-33	139
A0A3L6G998	Q29VN2	26.300	482	547	581	1.863E-32	138
A0A3L6G998	G3CCC1	25.500	438	547	792	6.021E-31	133
A0A3L6G998	Q84ZW8	23.700	494	547	590	3.407E-30	130
A0A3L6G998	Q0JEZ8	23.800	496	547	842	1.430E-27	122
A0A3L6G998	Q6Z5J6	23.800	518	547	821	1.905E-27	122
A0A3L6G998	Q66QH3	23.800	496	547	840	2.537E-27	121
A0A3L6G998	Q6BDZ9	24.300	413	547	822	3.378E-27	121
A0A3L6G998	J9R388	24.600	479	547	740	4.498E-27	121
A0A3L6G998	A4KAG7	23.300	514	547	821	1.388E-25	116
A0A3L6G998	Q39548	24.000	495	547	789	2.455E-25	115
A0A3L6G998	J9QS23	24.200	478	547	739	3.265E-25	115
A0A3L6G998	Q0JA82	21.800	488	547	756	1.802E-24	112
A0A3L6G998	A4KAG8	22.500	505	547	821	4.230E-24	111
A0A3L6G998	Q00G37	21.500	498	547	830	5.621E-24	111
A0A3L6G998	Q0E088	21.500	497	547	829	9.922E-24	110
A0A3L6G998	G9MAN7	23.800	477	547	867	1.559E-20	100
A0A3L6G998	O04408	27.100	277	547	801	6.783E-16	85
A0A3L6G998	Q96376	22.800	420	547	870	2.580E-14	79
A0A3L6G998	Q93YV0	20.700	437	547	877	1.825E-13	77
A0A3L6G998	E2IHE0	24.000	328	547	808	5.579E-13	75
A0A3L6G998	Q38802	24.600	273	547	802	2.978E-12	73
A0A3L6G998	Q5MQ85	24.700	253	547	800	9.634E-09	61
A0A3L6G998	Q6Z5I0	24.700	253	547	800	9.634E-09	61
P0DTE4	Q9Y4X1	84.400	527	527	527	2.187E-318	971
P0DTE4	Q80X89	74.600	528	527	528	3.329E-284	872
P0DTE4	P36510	73.700	527	527	527	1.454E-282	868
P0DTE4	Q6PDD0	61.000	523	527	528	8.022E-230	715
P0DTE4	Q9R110	54.500	512	527	530	1.183E-193	611
P0DTE4	P06133	52.100	507	527	528	8.650E-185	585
P0DTE4	Q6K1J1	51.200	507	527	530	1.997E-183	581
P0DTE4	Q5RFJ3	52.200	518	527	527	4.149E-181	574
P0DTE4	O75795	51.000	507	527	530	1.064E-180	573
P0DTE4	P16662	50.900	507	527	529	1.456E-180	573
P0DTE4	O97951	50.000	507	527	529	2.455E-179	569
P0DTE4	Q8BWQ1	52.300	523	527	534	2.455E-179	569
P0DTE4	P09875	50.300	505	527	529	4.598E-179	569
P0DTE4	P54855	50.300	507	527	530	8.614E-179	568
P0DTE4	Q6UWM9	52.000	518	527	527	1.614E-178	567
P0DTE4	O02663	49.800	507	527	529	1.452E-177	564
P0DTE4	Q9XT55	50.900	507	527	528	2.200E-175	558
P0DTE4	O75310	48.900	507	527	529	7.718E-175	556
P0DTE4	Q9GLD9	48.900	507	527	529	6.940E-174	554
P0DTE4	Q8WN97	50.200	507	527	528	2.189E-172	549
P0DTE4	P36513	47.700	524	527	530	5.610E-172	548
P0DTE4	Q9BY64	48.300	507	527	529	2.420E-170	543
P0DTE4	P36514	50.400	500	527	502	6.202E-170	542
P0DTE4	P36512	48.100	507	527	531	2.954E-166	531
P0DTE4	O19103	47.200	507	527	523	1.036E-165	530
P0DTE4	P08541	46.900	522	527	530	1.026E-162	521
P0DTE4	P17717	47.800	507	527	530	3.596E-162	520
P0DTE4	P08542	46.500	507	527	530	5.974E-158	507
P0DTE4	Q62789	46.200	506	527	530	3.151E-155	499
P0DTE4	Q64637	38.100	506	527	531	2.545E-112	375
P0DTE4	P70691	37.900	506	527	533	6.484E-112	374
P0DTE4	Q64638	37.400	506	527	531	1.209E-111	373
P0DTE4	Q63886	38.000	505	527	535	1.209E-111	373
P0DTE4	P20720	38.100	506	527	533	4.206E-111	371
P0DTE4	P22309	38.100	520	527	533	2.728E-110	369
P0DTE4	Q64435	37.900	516	527	531	1.565E-108	364
P0DTE4	Q64550	37.800	521	527	535	2.138E-108	363
P0DTE4	P08430	37.300	516	527	529	1.385E-107	361
P0DTE4	Q6ZQM8	36.500	510	527	531	8.970E-107	359
P0DTE4	Q28611	38.100	516	527	531	3.320E-104	351
P0DTE4	P35503	36.600	505	527	534	1.895E-102	346
P0DTE4	Q64633	35.800	505	527	531	2.586E-102	346
P0DTE4	Q28612	36.800	506	527	532	6.574E-102	344
P0DTE4	P35504	36.100	505	527	534	6.574E-102	344
P0DTE4	Q62452	36.200	510	527	528	8.972E-102	344
P0DTE4	Q9HAW9	36.100	505	527	530	1.224E-101	344
P0DTE4	P22310	36.600	505	527	534	2.281E-101	343
P0DTE4	Q64634	36.200	510	527	530	2.416E-99	337
P0DTE4	Q9HAW7	35.700	510	527	530	5.404E-98	333
P0DTE4	Q9HAW8	35.900	505	527	530	1.006E-97	332
P0DTE4	Q91280	32.700	472	527	472	4.722E-83	289
P0DTE4	Q64676	30.700	516	527	541	2.830E-73	260
P0DTE4	Q09426	30.800	500	527	541	5.236E-73	259
P0DTE4	Q16880	30.300	518	527	541	2.437E-72	258
P0DTE4	Q1LZI1	29.000	492	527	523	1.139E-56	211
P0DTE4	Q6NUS8	27.200	467	527	523	1.537E-51	196
P0DTE4	Q3UP75	26.700	419	527	523	2.587E-49	189
P0DTE4	Q3SY77	28.300	467	527	523	3.496E-49	188
P0DTE4	Q20086	24.400	501	527	533	1.631E-41	165
P0DTE4	Q18081	23.100	378	527	526	2.071E-24	112
P0DTE4	Q21706	23.800	477	527	536	1.526E-23	109
P0DTE4	Q10941	22.500	523	527	531	3.118E-19	95
P0DTE4	P34317	31.100	165	527	507	4.967E-17	88
P0DTE4	F8WKW8	45.000	60	527	444	9.063E-09	61
P0DTE4	A0A067YB04	33.300	107	527	471	9.063E-09	61
P0DTE4	A6BM07	33.600	98	527	474	1.582E-08	61
P0DTE4	Q41819	37.800	82	527	471	3.649E-08	59
P0DTE4	Q9LSY9	43.000	65	527	473	4.820E-08	59
P0DTE4	Q22181	22.800	419	527	524	6.368E-08	59
P0DTE4	Q8KHE4	31.200	96	527	421	1.468E-07	57
P0DTE4	P16165	38.200	78	527	471	1.939E-07	57
P0DTE4	P16167	38.200	78	527	471	1.939E-07	57
P0DTE4	Q43641	33.700	89	527	433	2.562E-07	57
P0DTE4	Q6X1C0	48.000	52	527	460	2.562E-07	57
P0DTE4	P16166	38.200	78	527	471	2.562E-07	57
P0DTE4	Q40284	38.200	68	527	449	3.384E-07	56
P0DTE4	U3U992	42.800	63	527	482	1.030E-06	55
P0DTE4	Q9AR73	41.300	58	527	470	1.360E-06	54
P0DTE4	B4G072	45.000	51	527	462	2.373E-06	53
P0DTE4	Q8RXA5	41.800	55	527	463	2.373E-06	53
P0DTE4	F8WKW1	46.000	50	527	481	2.373E-06	53
P0DTE4	V5LLZ9	33.800	59	527	510	3.134E-06	53
P0DTE4	Q40285	34.300	67	527	346	4.139E-06	53
P0DTE4	Q9ZR27	36.400	74	527	460	4.139E-06	53
P0DTE4	Q9LFJ8	43.300	60	527	460	4.139E-06	53
P0DTE4	Q9ZR26	35.100	74	527	443	5.466E-06	52
P0DTE4	Q8W491	28.300	127	527	481	5.466E-06	52
P0DTE4	Q9ZSK5	39.600	63	527	459	7.218E-06	52
P0DTE4	Q93XP7	40.000	55	527	467	7.218E-06	52
P0DTE4	Q9M156	40.400	47	527	480	7.218E-06	52
P0DTE4	Q2V6J9	39.600	63	527	487	9.532E-06	51
P0DTE4	Q5XF20	37.000	54	527	490	9.532E-06	51
P0DTE4	Q66PF4	38.400	52	527	555	9.532E-06	51
P0DTE4	P51094	28.800	104	527	456	1.259E-05	51
P0DTE4	Q6JAH0	40.000	55	527	466	1.259E-05	51
P0DTE4	Q9S9P6	28.900	206	527	453	1.662E-05	51
P0DTE4	Q9LR44	29.400	102	527	469	1.662E-05	51
P0DTE4	Q40288	37.500	64	527	394	2.195E-05	50
P0DTE4	O82381	39.000	64	527	481	2.195E-05	50
P0DTE4	B2NID7	32.100	84	527	504	2.195E-05	50
P0DTE4	Q9MB73	35.800	53	527	511	2.195E-05	50
P0DTE4	Q8W2B7	39.300	61	527	459	2.898E-05	50
P0DTE4	Q9LML6	28.200	131	527	479	2.898E-05	50
P0DTE4	G3FIN9	30.100	92	527	483	2.898E-05	50
P0DTE4	Q40289	33.600	91	527	287	3.827E-05	49
P0DTE4	Q8GVE3	40.400	47	527	452	3.827E-05	49
P0DTE4	Q5UL10	39.600	53	527	465	3.827E-05	49
P0DTE4	Q66PF5	39.600	53	527	466	3.827E-05	49
P0DTE4	O81498	28.100	96	527	481	3.827E-05	49
P0DTE4	Q9ZR25	35.200	85	527	461	5.053E-05	49
P0DTE4	Q9LVR1	37.000	62	527	481	5.053E-05	49
P0DTE4	Q9LVF0	33.300	63	527	496	5.053E-05	49
P0DTE4	Q40286	50.000	44	527	241	6.672E-05	49
P0DTE4	O48676	33.300	90	527	460	8.810E-05	48
P0DTE4	Q22180	20.500	414	527	512	8.810E-05	48
P0DTE4	Q9AT54	38.000	63	527	476	1.163E-04	48
P0DTE4	Q9XC67	29.300	124	527	461	1.536E-04	48
P0DTE4	Q9ZQG4	39.600	63	527	484	1.536E-04	48
P0DTE4	Q96493	28.500	98	527	453	2.028E-04	47
P0DTE4	Q6WFW1	38.400	52	527	475	2.028E-04	47
P0DTE4	Q40287	38.200	47	527	487	2.028E-04	47
P0DTE4	Q7Y232	28.000	120	527	484	2.677E-04	47
P0DTE4	Q94AB5	38.400	52	527	458	3.535E-04	46
P0DTE4	Q767C8	32.900	79	527	463	4.667E-04	46
P0DTE4	F8WKW0	32.100	84	527	474	4.667E-04	46
P0DTE4	Q94C57	34.900	63	527	483	6.161E-04	46
P9WEX9	Q9C446	57.700	296	331	371	3.368E-110	359
P9WEX9	P24322	55.200	295	331	433	3.755E-108	353
P9WEX9	Q9P885	57.800	273	331	303	6.350E-107	349
P9WEX9	Q92236	53.100	298	331	418	2.013E-105	345
P9WEX9	Q6F596	54.500	273	331	300	1.819E-95	316
P9WEX9	Q9WTN0	54.500	273	331	300	3.409E-95	316
P9WEX9	O95749	53.800	273	331	300	1.196E-94	314
P9WEX9	Q6F5E6	52.800	267	331	343	2.016E-93	310
P9WEX9	B2DBE9	49.600	306	331	424	9.634E-90	300
P9WEX9	Q54BK1	49.800	267	331	303	6.917E-84	283
P9WEX9	Q758K0	40.900	297	331	320	3.342E-69	240
P9WEX9	Q12051	46.200	277	331	335	8.537E-69	239
P9WEX9	A0A1B4XBK0	39.600	298	331	533	2.338E-58	209
P9WEX9	S0E627	35.600	299	331	393	2.210E-55	200
P9WEX9	A2PZA5	35.900	297	331	719	1.261E-53	195
P9WEX9	B2DBE8	37.400	275	331	389	6.314E-51	187
P9WEX9	C9K2Q3	32.700	308	331	697	1.130E-45	171
P9WEX9	P95999	27.300	296	331	332	1.505E-18	91
P9WEX9	P0AD57	24.500	282	331	323	2.025E-18	90
P9WEX9	P0AD58	24.500	282	331	323	2.025E-18	90
P9WEX9	Q3IPL1	24.300	295	331	341	2.025E-18	90
P9WEX9	P39464	31.200	194	331	330	2.723E-18	90
P9WEX9	Q8PW34	27.100	268	331	324	6.617E-18	89
P9WEX9	P44916	26.400	250	331	329	5.756E-15	79
P9WEX9	O24743	24.200	296	331	325	1.384E-14	78
P9WEX9	P55785	22.900	242	331	320	5.957E-14	76
P9WEX9	Q8S948	23.600	220	331	406	1.910E-13	75
P9WEX9	Q0INZ4	21.500	270	331	372	2.555E-13	74
P9WEX9	P22939	28.500	212	331	299	3.417E-13	74
P9WEX9	Q75HZ9	21.200	270	331	403	8.168E-13	73
P9WEX9	Q54VJ9	23.800	283	331	456	3.480E-12	71
P9WEX9	Q76FS5	22.700	234	331	417	8.290E-12	70
P9WEX9	O66129	24.400	253	331	325	4.686E-11	67
P9WEX9	Q08291	26.400	250	331	297	1.112E-10	66
P9WEX9	O22043	28.200	188	331	336	1.107E-09	63
P9WEX9	Q653T6	23.100	247	331	430	1.475E-09	63
P9WEX9	Q9LJY2	28.100	180	331	344	8.215E-09	60
P9WEX9	Q5HZ00	22.500	235	331	422	1.936E-08	59
P9WEX9	Q5T2R2	23.700	224	331	415	1.893E-07	56
P9WEX9	O14230	25.100	252	331	347	2.516E-07	55
P9WEX9	Q9LUD9	24.300	181	331	360	5.903E-07	54
P9WEX9	Q9LUE1	24.300	181	331	360	5.903E-07	54
P9WEX9	Q9LRR0	24.300	181	331	361	5.903E-07	54
P9WEX9	Q42698	24.100	178	331	357	7.843E-07	54
P9WEX9	O04046	26.000	178	331	376	7.843E-07	54
P9WEX9	Q94ID7	26.400	178	331	370	1.042E-06	53
P9WEX9	Q9SLG2	27.200	178	331	372	1.042E-06	53
P9WEX9	P34802	25.500	184	331	371	1.838E-06	53
P9WEX9	Q8PYS1	22.500	200	331	295	4.304E-06	51
P9WEX9	Q43133	25.000	181	331	366	4.304E-06	51
P9WEX9	Q97W92	25.700	160	331	281	5.714E-06	51
P9WEX9	P80042	25.800	220	331	369	5.714E-06	51
P9WEX9	Q33DR2	22.800	194	331	409	1.007E-05	50
P9WEX9	O66126	26.100	172	331	291	1.336E-05	50
P9WEX9	P0A5H9	24.000	249	331	359	1.336E-05	50
P9WEX9	P9WKH0	24.000	249	331	359	1.336E-05	50
P9WEX9	P9WKH1	24.000	249	331	359	1.336E-05	50
P9WEX9	O66952	26.700	205	331	262	1.774E-05	49
P9WEX9	P55539	24.700	266	331	332	3.123E-05	49
P9WEX9	Q9LHR4	23.200	181	331	360	3.123E-05	49
P9WEX9	Q9ZU77	25.600	179	331	347	4.144E-05	48
P9WEX9	Q8WMY2	23.900	246	331	353	7.293E-05	48
P9WEX9	P05369	27.900	194	331	353	1.283E-04	47
P9WEX9	O59703	23.800	183	331	351	1.702E-04	46
P9WEX9	P14324	28.400	194	331	419	1.702E-04	46
P9WEX9	Q92250	24.500	242	331	347	3.969E-04	45
P9WEX9	Q920E5	26.100	194	331	353	9.249E-04	44
P9WEY7	B5H7H3	24.900	321	334	372	2.485E-15	81
P9WEY7	A7NH01	24.100	298	334	326	1.521E-11	69
P9WEY7	B2J4A4	25.500	274	334	323	4.747E-09	61
P9WEY7	D2B747	22.600	313	334	330	6.021E-07	54
P9WEY7	B5HDJ6	22.800	319	334	365	6.021E-07	54
P9WEY7	C7PLV2	25.500	228	334	321	7.997E-07	54
P9WEY7	A0A1L7VZE7	24.200	306	334	401	2.487E-06	52
P9WEY7	A0A1L7U8F2	24.200	306	334	401	3.302E-06	52
P9WEY7	S0DX56	22.300	314	334	357	3.177E-05	49
P9WEY7	Q9UR08	20.200	278	334	320	5.346E-04	45
P0DQP6	P59265	87.500	40	39	122	4.537E-19	80
P0DQP6	P59264	87.500	40	39	122	4.537E-19	80
P0DQP6	Q02517	87.500	40	39	138	4.537E-19	80
P0DQP6	Q90Y77	87.500	40	39	138	4.537E-19	80
P0DQP6	P04417	85.000	40	39	122	2.224E-18	78
P0DQP6	O42187	87.100	39	39	138	2.060E-17	75
P0DQP6	O42190	80.000	40	39	124	2.626E-16	72
P0DQP6	O42189	82.000	39	39	124	3.609E-16	72
P0DQP6	C0HJC1	79.400	39	39	122	3.350E-15	69
P0DQP6	Q9I968	72.500	40	39	138	4.279E-14	66
P0DQP6	A8CG86	75.000	40	39	138	2.894E-13	63
P0DQP6	P81458	70.000	40	39	121	1.035E-12	62
P0DQP6	Q7T2R1	72.500	40	39	138	1.035E-12	62
P0DQP6	P0CAS4	71.700	39	39	122	7.012E-12	59
P0DQP6	P14421	65.000	40	39	122	1.825E-11	58
P0DQP6	Q56JZ2	66.600	39	39	144	2.511E-11	58
P0DQP6	P0DKR3	70.000	40	39	122	3.455E-11	57
P0DQP6	Q910A0	60.000	40	39	138	4.753E-11	57
P0DQP6	P21789	62.500	40	39	120	6.540E-11	57
P0DQP6	P0CAR9	62.500	40	39	137	6.540E-11	57
P0DQP6	C0HK05	65.000	40	39	47	8.998E-11	56
P0DQP6	P24293	62.500	40	39	121	8.998E-11	56
P0DQP6	P86169	65.000	40	39	122	8.998E-11	56
P0DQP6	P62022	65.000	40	39	138	8.998E-11	56
P0DQP6	P62023	65.000	40	39	138	8.998E-11	56
P0DQP6	C0HKC4	60.000	40	39	123	1.238E-10	56
P0DQP6	P51972	60.000	40	39	123	1.238E-10	56
P0DQP6	F8QN54	64.100	39	39	138	1.238E-10	56
P0DQP6	C0HKC3	60.000	40	39	139	1.238E-10	56
P0DQP6	P0CAS2	62.500	40	39	122	1.703E-10	55
P0DQP6	A8CG87	60.000	40	39	138	1.703E-10	55
P0DQP6	A8CG78	60.000	40	39	138	1.703E-10	55
P0DQP6	P18997	75.700	33	39	32	2.344E-10	55
P0DQP6	P0CG56	65.000	40	39	122	2.344E-10	55
P0DQP6	F8QN51	63.800	36	39	137	2.344E-10	55
P0DQP6	Q2YHJ2	64.100	39	39	138	2.344E-10	55
P0DQP6	Q2YHJ7	64.100	39	39	138	2.344E-10	55
P0DQP6	P31854	65.000	40	39	138	3.225E-10	55
P0DQP6	Q9PWR6	60.000	40	39	138	3.225E-10	55
P0DQP6	Q98996	60.000	40	39	138	3.225E-10	55
P0DQP6	B5U6Z2	60.000	40	39	138	3.225E-10	55
P0DQP6	P14555	62.500	40	39	144	3.225E-10	55
P0DQP6	P24294	60.000	40	39	121	4.439E-10	54
P0DQP6	Q6EER2	62.500	40	39	138	4.439E-10	54
P0DQP6	Q6EER3	62.500	40	39	138	4.439E-10	54
P0DQP6	Q6EER6	62.500	40	39	122	6.108E-10	54
P0DQP6	A8CG90	62.500	40	39	137	6.108E-10	54
P0DQP6	Q92147	58.300	36	39	138	6.108E-10	54
P0DQP6	Q90ZZ9	60.000	40	39	138	6.108E-10	54
P0DQP6	Q910A1	60.000	40	39	138	6.108E-10	54
P0DQP6	P14422	61.100	36	39	68	8.406E-10	53
P0DQP6	P59170	61.100	36	39	139	8.406E-10	53
P0DQP6	Q6EER5	65.000	40	39	122	1.157E-09	53
P0DQP6	Q7T3S7	60.000	40	39	136	1.157E-09	53
P0DQP6	P14424	61.500	39	39	138	1.157E-09	53
P0DQP6	P11407	61.500	39	39	138	1.157E-09	53
P0DQP6	P70088	57.500	40	39	138	1.157E-09	53
P0DQP6	Q6H3C8	57.500	40	39	138	1.157E-09	53
P0DQP6	P00626	61.500	39	39	138	1.157E-09	53
P0DQP6	P47711	62.500	40	39	145	1.157E-09	53
P0DQP6	P31482	60.000	40	39	146	1.157E-09	53
P0DQP6	Q6H3C5	62.800	35	39	122	1.592E-09	53
P0DQP6	P34180	60.000	40	39	137	1.592E-09	53
P0DQP6	B3EWP6	52.500	40	39	60	2.191E-09	52
P0DQP6	P0CAS5	62.500	40	39	122	3.016E-09	52
P0DQP6	P24027	64.100	39	39	138	3.016E-09	52
P0DQP6	P0CAS3	61.500	39	39	122	4.151E-09	51
P0DQP6	C0HJL8	62.500	40	39	122	4.151E-09	51
P0DQP6	P84651	55.000	40	39	122	4.151E-09	51
P0DQP6	Q90W39	60.000	40	39	138	4.151E-09	51
P0DQP6	Q2YHJ6	57.500	40	39	138	4.151E-09	51
P0DQP6	Q6H3C7	58.300	36	39	139	5.714E-09	51
P0DQP6	Q9PVF2	58.300	36	39	139	5.714E-09	51
P0DQP6	Q9UNK4	53.800	39	39	145	5.714E-09	51
P0DQP6	Q805A2	62.500	40	39	138	7.866E-09	51
P0DQP6	Q1ZY03	62.500	40	39	138	7.866E-09	51
P0DQP6	P06859	58.900	39	39	138	7.866E-09	51
P0DQP6	P14423	61.500	39	39	146	7.866E-09	51
P0DQP6	P0CAS6	64.100	39	39	122	1.083E-08	50
P0DQP6	Q71QE8	60.000	40	39	138	1.083E-08	50
P0DQP6	P39877	53.800	39	39	138	1.083E-08	50
P0DQP6	B6CQR5	58.900	39	39	138	1.491E-08	50
P0DQP6	C3W4R6	58.900	39	39	138	1.491E-08	50
P0DQP6	Q91506	55.000	40	39	122	2.052E-08	49
P0DQP6	P97391	53.800	39	39	137	2.052E-08	49
P0DQP6	P51433	53.800	39	39	137	2.052E-08	49
P0DQP6	Q2YHJ3	55.000	40	39	138	2.052E-08	49
P0DQP6	Q6EER4	57.500	40	39	138	2.052E-08	49
P0DQP6	P39878	57.800	38	39	150	2.052E-08	49
P0DQP6	P0CAS9	61.700	34	39	34	2.825E-08	49
P0DQP6	P59071	58.900	39	39	121	2.825E-08	49
P0DQP6	C0HK16	58.900	39	39	121	2.825E-08	49
P0DQP6	A8CG84	58.900	39	39	137	2.825E-08	49
P0DQP6	Q2PG83	56.400	39	39	138	2.825E-08	49
P0DQP6	P0DM51	60.000	35	39	50	3.890E-08	49
P0DQP6	P0DJP4	55.000	40	39	122	3.890E-08	49
P0DQP6	P86974	58.900	39	39	122	3.890E-08	49
P0DQP6	Q9YGJ7	60.000	39	39	137	3.890E-08	49
P0DQP6	P45881	58.900	39	39	138	3.890E-08	49
P0DQP6	P48076	55.200	38	39	150	3.890E-08	49
P0DQP6	P0CAS0	57.500	40	39	136	5.356E-08	48
P0DQP6	P81478	50.000	40	39	122	7.375E-08	48
P0DQP6	P0C933	52.500	39	39	49	1.016E-07	48
P0DQP6	P82896	50.000	40	39	122	1.016E-07	48
P0DQP6	P0C943	60.600	33	39	122	1.398E-07	47
P0DQP6	P0C942	60.600	33	39	122	1.398E-07	47
P0DQP6	P0DM50	56.400	39	39	40	1.926E-07	47
P0DQP6	P0DJ62	53.800	39	39	60	1.926E-07	47
P0DQP6	P86803	60.500	38	39	121	1.926E-07	47
P0DQP6	P00622	58.300	36	39	121	1.926E-07	47
P0DQP6	Q2YHJ5	53.800	39	39	122	1.926E-07	47
P0DQP6	Q8AXY1	53.800	39	39	138	1.926E-07	47
P0DQP6	C0HJU3	50.000	40	39	48	2.652E-07	46
P0DQP6	C9DPL5	50.000	40	39	122	2.652E-07	46
P0DQP6	P59171	54.200	35	39	138	2.652E-07	46
P0DQP6	P00625	50.000	36	39	139	2.652E-07	46
P0DQP6	P84674	58.900	39	39	121	3.653E-07	46
P0DQP6	P81479	47.500	40	39	122	5.031E-07	46
P0DQP6	P20476	47.500	40	39	138	5.031E-07	46
P0DQP6	Q6H3D0	47.500	40	39	138	5.031E-07	46
P0DQP6	Q9BZM2	45.700	35	39	168	5.031E-07	46
P0DQP6	B3A0N3	57.800	38	39	50	9.545E-07	45
P0DQP6	P0DMH0	51.200	39	39	51	9.545E-07	45
P0DQP6	P20259	54.000	37	39	117	9.545E-07	45
P0DQP6	C0HKB9	54.000	37	39	119	9.545E-07	45
P0DQP6	P86804	57.800	38	39	121	9.545E-07	45
P0DQP6	P14420	55.000	40	39	122	9.545E-07	45
P0DQP6	Q10755	55.000	40	39	122	9.545E-07	45
P0DQP6	P86806	57.800	38	39	122	9.545E-07	45
P0DQP6	P81243	51.200	39	39	124	9.545E-07	45
P0DQP6	Q8JFG0	55.000	40	39	138	9.545E-07	45
P0DQP6	Q8QG87	50.000	40	39	138	9.545E-07	45
P0DQP6	Q6H3C9	51.200	39	39	138	9.545E-07	45
P0DQP6	Q1RP78	55.000	40	39	138	9.545E-07	45
P0DQP6	Q1RP79	55.000	40	39	138	9.545E-07	45
P0DQP6	P0C551	55.500	36	39	142	9.545E-07	45
P0DQP6	Q9WVF6	51.200	39	39	144	9.545E-07	45
P0DQP6	Q8JFG2	54.000	37	39	152	9.545E-07	45
P0DQP6	Q02471	55.000	40	39	138	1.315E-06	44
P0DQP6	D0UGJ0	47.500	40	39	139	1.315E-06	44
P0DQP6	F5CPF1	51.300	37	39	142	1.315E-06	44
P0DQP6	P00620	56.400	38	39	118	1.811E-06	44
P0DQP6	O42192	46.100	39	39	122	1.811E-06	44
P0DQP6	P04416	52.700	36	39	124	1.811E-06	44
P0DQP6	O42191	51.200	39	39	124	1.811E-06	44
P0DQP6	Q2PG81	53.800	39	39	137	1.811E-06	44
P0DQP6	Q2HZ28	48.700	39	39	138	1.811E-06	44
P0DQP6	P0DJJ9	56.400	39	39	138	1.811E-06	44
P0DQP6	C7G1G6	56.400	39	39	138	1.811E-06	44
P0DQP6	P0DJJ8	56.400	39	39	138	1.811E-06	44
P0DQP6	Q9DF52	52.700	36	39	145	1.811E-06	44
P0DQP6	P0DM49	55.800	34	39	35	2.495E-06	44
P0DQP6	P00621	56.400	38	39	119	2.495E-06	44
P0DQP6	P86368	56.400	39	39	121	2.495E-06	44
P0DQP6	P86805	55.200	38	39	122	2.495E-06	44
P0DQP6	P20249	46.100	39	39	122	2.495E-06	44
P0DQP6	P86389	50.000	40	39	124	2.495E-06	44
P0DQP6	P14411	52.700	36	39	135	2.495E-06	44
P0DQP6	Q7ZTA8	47.500	40	39	138	2.495E-06	44
P0DQP6	P08873	51.300	37	39	145	2.495E-06	44
P0DQP6	P04054	52.700	36	39	148	2.495E-06	44
P0DQP6	Q8UUH9	51.300	37	39	155	2.495E-06	44
P0DQP6	P59069	51.300	37	39	46	3.438E-06	43
P0DQP6	P00592	52.700	36	39	146	3.438E-06	43
P0DQP6	Q6H3C6	48.500	35	39	122	4.737E-06	43
P0DQP6	P0DKR5	52.500	40	39	122	4.737E-06	43
P0DQP6	P81480	45.000	40	39	122	4.737E-06	43
P0DQP6	Q7ZTA6	47.500	40	39	138	4.737E-06	43
P0DQP6	Q7ZTA7	48.700	39	39	138	4.737E-06	43
P0DQP6	P00624	48.700	39	39	138	4.737E-06	43
P0DQP6	Q800C4	48.700	39	39	138	4.737E-06	43
P0DQP6	Q800C1	48.700	39	39	138	4.737E-06	43
P0DQP6	P04055	52.700	36	39	146	4.737E-06	43
P0DQP6	Q9PUH9	51.300	37	39	147	4.737E-06	43
P0DQP6	P84736	48.600	37	39	50	6.527E-06	42
P0DQP6	P0CV89	57.500	33	39	61	6.527E-06	42
P0DQP6	Q9PUH7	51.300	37	39	144	6.527E-06	42
P0DQP6	Q9PUH5	51.300	37	39	145	6.527E-06	42
P0DQP6	Q9Z0Y2	52.700	36	39	146	6.527E-06	42
P0DQP6	Q9PUI0	51.300	37	39	147	6.527E-06	42
P0DQP6	P0DMK1	54.800	31	39	32	8.994E-06	42
P0DQP6	C0HKB8	52.700	36	39	117	8.994E-06	42
P0DQP6	P00605	47.200	36	39	118	8.994E-06	42
P0DQP6	P00599	47.200	36	39	118	8.994E-06	42
P0DQP6	P00604	47.200	36	39	118	8.994E-06	42
P0DQP6	P14556	47.200	36	39	118	8.994E-06	42
P0DQP6	P25498	47.200	36	39	119	8.994E-06	42
P0DQP6	Q7SID6	48.700	39	39	123	8.994E-06	42
P0DQP6	P14418	48.700	39	39	124	8.994E-06	42
P0DQP6	Q7LZQ4	48.700	39	39	124	8.994E-06	42
P0DQP6	P00606	50.000	36	39	145	8.994E-06	42
P0DQP6	A6MEY4	50.000	36	39	145	8.994E-06	42
P0DQP6	P43434	52.700	36	39	146	8.994E-06	42
P0DQP6	P58464	56.200	32	39	120	1.239E-05	42
P0DQP6	Q9PSN5	51.300	37	39	125	1.239E-05	42
P0DQP6	Q9PUI1	51.300	37	39	145	1.239E-05	42
P0DQP6	Q9PRG0	51.300	37	39	145	1.239E-05	42
P0DQP6	P59359	51.300	37	39	145	1.239E-05	42
P0DQP6	Q9PUH8	51.300	37	39	147	1.239E-05	42
P0DQP6	Q7T2Q5	54.200	35	39	147	1.239E-05	42
P0DQP6	Q45Z27	51.300	37	39	151	1.239E-05	42
P0DQP6	Q45Z26	51.300	37	39	151	1.239E-05	42
P0DQP6	Q45Z25	51.300	37	39	151	1.239E-05	42
P0DQP6	Q45Z29	51.300	37	39	151	1.239E-05	42
P0DQP6	Q45Z28	51.300	37	39	151	1.239E-05	42
P0DQP6	Q45Z30	51.300	37	39	151	1.239E-05	42
P0DQP6	P00627	50.000	36	39	135	1.708E-05	41
P0DQP6	P00623	46.100	39	39	138	1.708E-05	41
P0DQP6	P14419	50.000	36	39	123	2.354E-05	41
P0DQP6	Q9PVF1	48.500	35	39	126	2.354E-05	41
P0DQP6	Q9PVE9	48.500	35	39	139	2.354E-05	41
P0DQP6	P00593	50.000	36	39	145	2.354E-05	41
P0DQP6	Q8UUH8	51.300	37	39	145	2.354E-05	41
P0DQP6	Q9DF33	51.300	37	39	146	2.354E-05	41
P0DQP6	Q8UUI0	51.300	37	39	155	2.354E-05	41
P0DQP6	P0DM52	50.000	34	39	35	3.245E-05	40
P0DQP6	P10116	51.300	37	39	118	3.245E-05	40
P0DQP6	P20255	51.300	37	39	118	3.245E-05	40
P0DQP6	P20252	51.300	37	39	118	3.245E-05	40
P0DQP6	P60045	47.200	36	39	126	3.245E-05	40
P0DQP6	G3DT18	45.000	40	39	138	3.245E-05	40
P0DQP6	Q800C3	48.700	39	39	138	3.245E-05	40
P0DQP6	Q800C2	48.700	39	39	138	3.245E-05	40
P0DQP6	A8E2V8	46.100	39	39	139	3.245E-05	40
P0DQP6	P04056	51.300	37	39	118	4.473E-05	40
P0DQP6	P20256	51.300	37	39	118	4.473E-05	40
P0DQP6	P00595	47.200	36	39	119	4.473E-05	40
P0DQP6	A4FS04	47.200	36	39	119	4.473E-05	40
P0DQP6	Q7M334	50.000	36	39	144	4.473E-05	40
P0DQP6	Q7T1R0	48.600	37	39	146	4.473E-05	40
P0DQP6	P0DP54	51.400	35	39	152	4.473E-05	40
P0DQP6	P00603	47.000	34	39	118	6.166E-05	40
P0DQP6	P00602	47.000	34	39	118	6.166E-05	40
P0DQP6	Q9PVF0	45.700	35	39	126	6.166E-05	40
P0DQP6	P00628	50.000	36	39	135	6.166E-05	40
P0DQP6	P00629	50.000	36	39	135	6.166E-05	40
P0DQP6	A8E2V9	51.200	39	39	136	6.166E-05	40
P0DQP6	Q90WA7	50.000	36	39	145	6.166E-05	40
P0DQP6	P80966	51.300	37	39	151	6.166E-05	40
P0DQP6	Q4VRI5	65.200	23	39	154	6.166E-05	40
P0DQP6	P59068	48.600	37	39	57	8.500E-05	39
P0DQP6	P04057	48.600	37	39	118	8.500E-05	39
P0DQP6	P20257	48.600	37	39	118	8.500E-05	39
P0DQP6	Q6SLM0	50.000	36	39	137	8.500E-05	39
P0DQP6	Q9W7J3	52.700	36	39	154	8.500E-05	39
P0DQP6	P00613	51.300	37	39	118	1.172E-04	39
P0DQP6	P60043	47.000	34	39	126	1.172E-04	39
P0DQP6	Q45Z42	54.000	37	39	146	1.172E-04	39
P0DQP6	Q45Z47	51.300	37	39	146	1.172E-04	39
P0DQP6	Q91133	44.400	36	39	146	1.172E-04	39
P0DQP6	Q9I900	44.400	36	39	146	1.172E-04	39
P0DQP6	P00598	44.400	36	39	146	1.172E-04	39
P0DQP6	P00596	44.400	36	39	146	1.172E-04	39
P0DQP6	P00600	44.400	36	39	119	1.616E-04	38
P0DQP6	A8CG82	47.500	40	39	138	1.616E-04	38
P0DQP6	Q92086	41.600	36	39	146	1.616E-04	38
P0DQP6	P00614	51.300	37	39	119	2.228E-04	38
P0DQP6	Q6T179	41.600	36	39	126	2.228E-04	38
P0DQP6	F5CPF0	44.400	36	39	140	2.228E-04	38
P0DQP6	P08872	48.600	37	39	144	2.228E-04	38
P0DQP6	P23026	51.300	37	39	145	2.228E-04	38
P0DQP6	Q92085	41.600	36	39	146	2.228E-04	38
P0DQP6	P00601	44.400	36	39	119	3.073E-04	38
P0DQP6	Q6SLM1	50.000	36	39	137	3.073E-04	38
P0DQP6	Q9I842	48.600	37	39	145	3.073E-04	38
P0DQP6	Q9I837	48.600	37	39	145	3.073E-04	38
P0DQP6	P00612	48.600	37	39	118	4.238E-04	37
P0DQP6	P00608	48.600	37	39	119	4.238E-04	37
P0DQP6	Q7T2Q4	48.600	37	39	147	4.238E-04	37
P0DQP6	Q8UUH7	45.900	37	39	154	4.238E-04	37
P0DQP6	P59070	48.600	37	39	48	5.845E-04	37
P0DQP6	P20250	48.600	37	39	117	5.845E-04	37
P0DQP6	P20251	48.600	37	39	118	5.845E-04	37
P0DQP6	P81237	48.600	37	39	118	8.062E-04	36
P0DQP6	Q6SLM2	47.200	36	39	137	8.062E-04	36
P0DQP6	Q8UUI4	51.300	37	39	145	8.062E-04	36
P0DQP6	Q8UUI3	51.300	37	39	145	8.062E-04	36
P0DQP6	P19000	51.300	37	39	145	8.062E-04	36
P0DUN1	P86169	83.800	123	123	122	1.190E-72	239
P0DUN1	P62022	83.800	123	123	138	1.190E-72	239
P0DUN1	P62023	83.800	123	123	138	1.190E-72	239
P0DUN1	Q6EER2	83.800	123	123	138	5.775E-72	237
P0DUN1	P0CG56	80.600	123	123	122	1.702E-69	230
P0DUN1	P0CAS2	79.000	123	123	122	7.541E-68	225
P0DUN1	P0CAS6	79.000	123	123	122	1.419E-67	224
P0DUN1	P24027	78.200	123	123	138	9.442E-67	222
P0DUN1	P0CAS5	77.400	123	123	122	2.224E-65	218
P0DUN1	P0CAS3	75.000	123	123	122	5.737E-65	217
P0DUN1	P14421	79.000	123	123	122	7.869E-65	216
P0DUN1	P0CAS4	72.500	123	123	122	1.853E-63	213
P0DUN1	P86806	77.000	121	123	122	4.782E-63	211
P0DUN1	C0HJL8	74.100	123	123	122	1.234E-62	210
P0DUN1	P0CAS7	74.100	123	123	121	1.545E-61	207
P0DUN1	P0C942	72.500	123	123	122	1.028E-60	205
P0DUN1	Q1ZY03	73.300	123	123	138	3.640E-60	203
P0DUN1	Q6EER6	75.000	123	123	122	4.992E-60	203
P0DUN1	P0C943	70.900	123	123	122	9.391E-60	202
P0DUN1	P86805	72.900	121	123	122	1.288E-59	201
P0DUN1	Q71QE8	74.100	123	123	138	1.288E-59	201
P0DUN1	Q90W39	72.500	123	123	138	8.574E-59	199
P0DUN1	Q6EER5	72.500	123	123	122	3.034E-58	198
P0DUN1	Q805A2	71.700	123	123	138	3.034E-58	198
P0DUN1	P86974	68.500	123	123	122	9.806E-57	193
P0DUN1	P45881	68.500	123	123	138	9.806E-57	193
P0DUN1	Q6EER4	70.100	123	123	138	1.345E-56	193
P0DUN1	Q6EER3	70.900	123	123	138	2.530E-56	192
P0DUN1	P04417	67.700	123	123	122	1.927E-53	184
P0DUN1	C0HKC3	63.700	123	123	139	2.643E-53	183
P0DUN1	Q6H3C5	66.100	123	123	122	4.972E-53	183
P0DUN1	C0HKC4	63.700	123	123	123	4.972E-53	183
P0DUN1	P51972	63.700	123	123	123	4.972E-53	183
P0DUN1	O42187	66.100	123	123	138	6.819E-53	182
P0DUN1	P14424	66.100	123	123	138	9.353E-53	182
P0DUN1	F8QN54	66.100	123	123	138	9.353E-53	182
P0DUN1	Q90Y77	66.100	123	123	138	9.353E-53	182
P0DUN1	Q02517	65.300	123	123	138	1.760E-52	181
P0DUN1	P59071	68.000	118	123	121	2.413E-52	181
P0DUN1	A8CG84	68.000	118	123	137	2.413E-52	181
P0DUN1	Q2YHJ2	65.300	123	123	138	6.227E-52	179
P0DUN1	Q2YHJ7	65.300	123	123	138	8.542E-52	179
P0DUN1	P11407	66.100	123	123	138	8.542E-52	179
P0DUN1	P00626	66.100	123	123	138	8.542E-52	179
P0DUN1	P59171	62.000	123	123	138	2.204E-51	178
P0DUN1	P84674	65.500	118	123	121	5.687E-51	177
P0DUN1	P86368	65.500	118	123	121	5.687E-51	177
P0DUN1	C0HK16	66.300	118	123	121	5.194E-50	174
P0DUN1	C0HJC1	62.900	123	123	122	7.124E-50	173
P0DUN1	P59265	63.700	123	123	122	2.522E-49	172
P0DUN1	P59264	63.700	123	123	122	3.459E-49	171
P0DUN1	O42190	62.400	124	123	124	3.459E-49	171
P0DUN1	O42189	62.400	124	123	124	4.744E-49	171
P0DUN1	Q91506	62.000	123	123	122	4.333E-48	168
P0DUN1	Q92147	60.000	123	123	138	5.943E-48	168
P0DUN1	P84651	59.600	123	123	122	1.118E-47	167
P0DUN1	A8E2V8	54.800	123	123	139	2.103E-47	166
P0DUN1	Q7SID6	55.600	123	123	123	3.957E-47	166
P0DUN1	P81458	58.800	123	123	121	5.428E-47	165
P0DUN1	F8QN51	60.400	123	123	137	5.428E-47	165
P0DUN1	P06859	61.700	122	123	138	5.428E-47	165
P0DUN1	P24293	59.600	123	123	121	1.021E-46	164
P0DUN1	Q2PG83	60.900	122	123	138	1.921E-46	164
P0DUN1	G3DT18	57.200	123	123	138	2.635E-46	163
P0DUN1	Q9I968	60.400	123	123	138	2.635E-46	163
P0DUN1	Q6H3C7	56.400	123	123	139	3.614E-46	163
P0DUN1	Q9PVF2	56.400	123	123	139	3.614E-46	163
P0DUN1	P14420	59.600	123	123	122	4.957E-46	162
P0DUN1	O42192	54.800	123	123	122	4.957E-46	162
P0DUN1	Q8JFG0	59.600	123	123	138	4.957E-46	162
P0DUN1	Q1RP78	59.600	123	123	138	4.957E-46	162
P0DUN1	Q1RP79	59.600	123	123	138	4.957E-46	162
P0DUN1	Q10755	59.600	123	123	122	6.800E-46	162
P0DUN1	P34180	59.600	123	123	137	6.800E-46	162
P0DUN1	P20249	54.800	123	123	122	9.327E-46	162
P0DUN1	O42191	56.000	124	123	124	9.327E-46	162
P0DUN1	A8CG90	58.000	123	123	137	9.327E-46	162
P0DUN1	A8CG87	57.200	123	123	138	9.327E-46	162
P0DUN1	A8CG78	57.200	123	123	138	9.327E-46	162
P0DUN1	A8CG86	58.000	123	123	138	9.327E-46	162
P0DUN1	P70088	58.400	123	123	138	1.755E-45	161
P0DUN1	Q6H3C8	58.400	123	123	138	1.755E-45	161
P0DUN1	Q2YHJ5	56.000	123	123	122	3.301E-45	160
P0DUN1	Q7LZQ4	55.200	124	123	124	3.301E-45	160
P0DUN1	Q7T2R1	57.200	123	123	138	3.301E-45	160
P0DUN1	P0DKR3	56.400	123	123	122	8.519E-45	159
P0DUN1	P0DKR5	58.000	123	123	122	1.168E-44	158
P0DUN1	P86389	57.900	124	123	124	2.198E-44	158
P0DUN1	Q910A1	58.000	123	123	138	2.198E-44	158
P0DUN1	Q2HZ28	53.200	123	123	138	3.015E-44	157
P0DUN1	P31854	55.600	123	123	138	3.015E-44	157
P0DUN1	P00625	54.000	123	123	139	3.015E-44	157
P0DUN1	Q6H3C6	55.900	117	123	122	4.136E-44	157
P0DUN1	P81480	53.200	123	123	122	4.136E-44	157
P0DUN1	P14418	54.400	124	123	124	4.136E-44	157
P0DUN1	Q6H3C9	55.900	117	123	138	4.136E-44	157
P0DUN1	P86803	60.000	123	123	121	7.781E-44	156
P0DUN1	C9DPL5	56.400	123	123	122	7.781E-44	156
P0DUN1	Q8QG87	55.600	123	123	138	7.781E-44	156
P0DUN1	C3W4R6	56.400	123	123	138	7.781E-44	156
P0DUN1	P86456	54.000	123	123	121	2.008E-43	155
P0DUN1	P0DJP4	57.200	123	123	122	2.008E-43	155
P0DUN1	Q800C2	52.400	123	123	138	2.008E-43	155
P0DUN1	P20476	52.400	123	123	138	2.008E-43	155
P0DUN1	Q6H3D0	52.400	123	123	138	2.008E-43	155
P0DUN1	P00622	54.800	123	123	121	2.754E-43	154
P0DUN1	P81479	52.400	123	123	122	2.754E-43	154
P0DUN1	P81478	56.000	123	123	122	3.778E-43	154
P0DUN1	Q910A0	57.200	123	123	138	3.778E-43	154
P0DUN1	P24294	56.400	123	123	121	5.181E-43	154
P0DUN1	Q02471	56.400	123	123	138	5.181E-43	154
P0DUN1	Q2YHJ6	57.600	123	123	138	7.107E-43	153
P0DUN1	P21789	58.100	116	123	120	9.748E-43	153
P0DUN1	B6CQR5	55.600	123	123	138	9.748E-43	153
P0DUN1	Q800C4	53.200	123	123	138	9.748E-43	153
P0DUN1	Q2YHJ3	57.600	123	123	138	1.337E-42	153
P0DUN1	Q9YGJ7	56.400	123	123	137	2.516E-42	152
P0DUN1	Q800C3	51.600	123	123	138	2.516E-42	152
P0DUN1	Q800C1	51.600	123	123	138	2.516E-42	152
P0DUN1	Q9PVF1	51.600	123	123	126	3.450E-42	151
P0DUN1	P0CAR9	53.600	123	123	137	3.450E-42	151
P0DUN1	P82896	55.200	123	123	122	4.733E-42	151
P0DUN1	Q8AXY1	55.600	123	123	138	4.733E-42	151
P0DUN1	Q7ZTA8	51.600	123	123	138	6.492E-42	151
P0DUN1	Q90ZZ9	54.000	123	123	138	6.492E-42	151
P0DUN1	Q9PVE9	51.600	123	123	139	6.492E-42	151
P0DUN1	Q9PVF0	50.800	123	123	126	8.904E-42	150
P0DUN1	Q7ZTA6	51.600	123	123	138	1.221E-41	150
P0DUN1	P00624	52.400	123	123	138	1.221E-41	150
P0DUN1	Q98996	54.800	123	123	138	1.221E-41	150
P0DUN1	B5U6Z2	54.800	123	123	138	1.675E-41	149
P0DUN1	P00623	51.600	123	123	138	2.298E-41	149
P0DUN1	P59170	52.800	123	123	139	4.323E-41	148
P0DUN1	Q7ZTA7	50.800	123	123	138	5.929E-41	148
P0DUN1	P86804	57.600	123	123	121	1.116E-40	147
P0DUN1	P81243	53.100	124	123	124	2.099E-40	146
P0DUN1	Q9PWR6	53.200	123	123	138	5.416E-40	145
P0DUN1	P0DJJ9	58.800	117	123	138	7.429E-40	145
P0DUN1	P0DJJ8	58.800	117	123	138	7.429E-40	145
P0DUN1	A8CG82	51.500	123	123	138	1.917E-39	143
P0DUN1	C7G1G6	57.900	117	123	138	1.917E-39	143
P0DUN1	P58464	56.000	123	123	120	2.629E-39	143
P0DUN1	Q2PG81	54.000	123	123	137	4.518E-38	139
P0DUN1	A8E2V9	53.200	123	123	136	2.194E-37	138
P0DUN1	P14555	50.700	124	123	144	2.194E-37	138
P0DUN1	Q7T3S7	50.800	123	123	136	5.661E-37	136
P0DUN1	P00621	50.800	123	123	119	9.727E-36	133
P0DUN1	P31482	50.300	125	123	146	1.334E-35	132
P0DUN1	P00620	50.800	123	123	118	1.830E-35	132
P0DUN1	Q9WVF6	49.200	124	123	144	2.510E-35	132
P0DUN1	P14423	48.800	125	123	146	6.477E-35	130
P0DUN1	Q9QUL3	50.000	123	123	142	3.144E-34	128
P0DUN1	Q9UNK4	48.400	124	123	145	8.114E-34	127
P0DUN1	D0UGJ0	45.100	123	123	139	1.526E-33	126
P0DUN1	P47711	48.000	125	123	145	1.526E-33	126
P0DUN1	P39877	48.300	116	123	138	7.410E-33	124
P0DUN1	P97391	48.300	116	123	137	1.273E-31	121
P0DUN1	Q56JZ2	47.600	124	123	144	2.395E-31	120
P0DUN1	P84397	44.300	123	123	107	8.475E-31	119
P0DUN1	P0CAS0	45.500	123	123	136	8.475E-31	119
P0DUN1	P51433	45.700	116	123	137	1.061E-29	115
P0DUN1	P39878	46.500	115	123	150	1.456E-29	115
P0DUN1	P48076	42.900	127	123	150	5.151E-29	113
P0DUN1	C0HKB8	45.900	117	123	117	2.083E-26	106
P0DUN1	Q7T2Q4	43.900	120	123	147	4.902E-25	102
P0DUN1	Q8UUH8	43.800	118	123	145	6.723E-25	102
P0DUN1	Q6T179	43.400	119	123	126	9.219E-25	101
P0DUN1	P00613	44.600	118	123	118	1.734E-24	100
P0DUN1	P00611	42.900	118	123	145	1.734E-24	100
P0DUN1	P10116	42.900	118	123	118	3.261E-24	100
P0DUN1	P20255	43.800	118	123	118	6.133E-24	99
P0DUN1	P00612	43.800	118	123	118	1.153E-23	98
P0DUN1	P20253	42.100	118	123	118	2.169E-23	97
P0DUN1	P25498	42.600	119	123	119	2.169E-23	97
P0DUN1	B3EWP6	67.200	60	123	60	2.974E-23	97
P0DUN1	P04056	42.900	118	123	118	4.079E-23	96
P0DUN1	P0CV89	54.400	90	123	61	5.593E-23	96
P0DUN1	P20251	41.300	118	123	118	5.593E-23	96
P0DUN1	P08872	44.600	109	123	144	5.593E-23	96
P0DUN1	Q8UUI0	41.300	118	123	155	5.593E-23	96
P0DUN1	C0HK05	85.400	48	123	47	7.670E-23	96
P0DUN1	P0DP54	39.600	122	123	152	7.670E-23	96
P0DUN1	P00599	42.100	118	123	118	1.052E-22	95
P0DUN1	P00600	42.600	119	123	119	1.052E-22	95
P0DUN1	P08873	42.100	118	123	145	1.442E-22	95
P0DUN1	P20256	42.100	118	123	118	1.978E-22	94
P0DUN1	P20257	44.200	118	123	118	1.978E-22	94
P0DUN1	Q9BZM2	38.700	125	123	168	1.978E-22	94
P0DUN1	P04057	44.200	118	123	118	2.712E-22	94
P0DUN1	C0HKB9	43.900	119	123	119	2.712E-22	94
P0DUN1	P60044	42.100	118	123	126	2.712E-22	94
P0DUN1	P00598	42.600	119	123	146	2.712E-22	94
P0DUN1	Q8UUH9	40.400	118	123	155	2.712E-22	94
P0DUN1	P60045	42.100	118	123	126	5.100E-22	93
P0DUN1	Q45Z28	40.900	124	123	151	6.994E-22	93
P0DUN1	P0DM51	74.500	51	123	50	9.590E-22	93
P0DUN1	P20250	40.000	117	123	117	9.590E-22	93
P0DUN1	P20252	41.300	118	123	118	9.590E-22	93
P0DUN1	P60043	42.600	119	123	126	9.590E-22	93
P0DUN1	Q92086	41.800	119	123	146	9.590E-22	93
P0DUN1	Q91133	42.600	119	123	146	9.590E-22	93
P0DUN1	Q9I900	42.600	119	123	146	9.590E-22	93
P0DUN1	Q9I845	42.900	118	123	145	1.315E-21	92
P0DUN1	Q9I843	42.900	118	123	145	1.315E-21	92
P0DUN1	P81237	40.900	118	123	118	1.803E-21	92
P0DUN1	Q9PU97	43.800	115	123	137	1.803E-21	92
P0DUN1	Q9I844	42.100	118	123	145	1.803E-21	92
P0DUN1	Q9I847	42.100	118	123	145	1.803E-21	92
P0DUN1	Q45Z25	40.900	124	123	151	1.803E-21	92
P0DUN1	A4FS04	41.800	119	123	119	2.473E-21	91
P0DUN1	Q8UW30	43.400	119	123	146	2.473E-21	91
P0DUN1	Q45Z30	40.900	124	123	151	2.473E-21	91
P0DUN1	Q4VRI5	44.100	117	123	154	2.473E-21	91
P0DUN1	Q9PSN5	40.600	125	123	125	3.390E-21	91
P0DUN1	Q8UUI2	42.100	118	123	145	3.390E-21	91
P0DUN1	Q8UW08	43.400	119	123	146	3.390E-21	91
P0DUN1	P00596	41.800	119	123	146	3.390E-21	91
P0DUN1	Q9QZT3	39.100	111	123	151	3.390E-21	91
P0DUN1	Q92085	40.100	119	123	146	4.649E-21	91
P0DUN1	Q45Z29	40.900	124	123	151	4.649E-21	91
P0DUN1	Q9I842	42.100	118	123	145	6.375E-21	90
P0DUN1	P20259	40.800	117	123	117	8.741E-21	90
P0DUN1	P20258	39.100	117	123	117	8.741E-21	90
P0DUN1	Q9DF52	40.100	118	123	145	8.741E-21	90
P0DUN1	Q9I837	41.300	118	123	145	8.741E-21	90
P0DUN1	P07037	45.500	100	123	119	1.199E-20	89
P0DUN1	P00601	40.900	119	123	119	1.199E-20	89
P0DUN1	Q6SLM1	41.800	118	123	137	1.199E-20	89
P0DUN1	Q9PUH5	39.600	118	123	145	1.199E-20	89
P0DUN1	Q45Z27	40.100	124	123	151	1.199E-20	89
P0DUN1	Q8UW31	40.600	125	123	152	1.199E-20	89
P0DUN1	P00595	45.500	100	123	119	1.643E-20	89
P0DUN1	Q8JFG2	42.100	125	123	152	1.643E-20	89
P0DUN1	Q9PUH6	39.600	118	123	145	2.253E-20	89
P0DUN1	Q45Z47	41.800	119	123	146	2.253E-20	89
P0DUN1	Q45Z26	40.100	124	123	151	2.253E-20	89
P0DUN1	Q6SLM0	40.900	118	123	137	3.090E-20	88
P0DUN1	Q9PUH9	40.600	120	123	147	3.090E-20	88
P0DUN1	Q6YIJ3	42.100	115	123	137	4.236E-20	88
P0DUN1	Q9PTA5	43.400	115	123	137	4.236E-20	88
P0DUN1	Q3C2C1	37.900	135	123	158	4.236E-20	88
P0DUN1	P00610	41.800	119	123	119	5.808E-20	87
P0DUN1	Q9PUI0	39.800	120	123	147	5.808E-20	87
P0DUN1	Q9W7J4	42.900	111	123	154	5.808E-20	87
P0DUN1	Q8AY48	42.900	115	123	137	7.964E-20	87
P0DUN1	P0C551	40.300	125	123	142	7.964E-20	87
P0DUN1	P23026	40.900	118	123	145	7.964E-20	87
P0DUN1	P0DJ62	62.200	60	123	60	1.092E-19	87
P0DUN1	P00617	42.900	115	123	147	1.092E-19	87
P0DUN1	P14556	44.000	99	123	118	3.858E-19	85
P0DUN1	Q9PUI1	40.600	118	123	145	3.858E-19	85
P0DUN1	P59359	40.600	118	123	145	3.858E-19	85
P0DUN1	P00604	44.000	99	123	118	5.290E-19	85
P0DUN1	P04054	45.500	120	123	148	5.290E-19	85
P0DUN1	P00602	45.000	99	123	118	7.253E-19	84
P0DUN1	Q75S51	46.300	94	123	147	9.944E-19	84
P0DUN1	P00605	44.000	99	123	118	1.363E-18	83
P0DUN1	F5CPF1	42.100	111	123	142	1.363E-18	83
P0DUN1	Q7T1R0	41.100	114	123	146	1.363E-18	83
P0DUN1	P81236	39.000	119	123	119	1.869E-18	83
P0DUN1	P80966	41.700	124	123	151	1.869E-18	83
P0DUN1	P43434	40.400	123	123	146	3.513E-18	82
P0DUN1	P00603	44.000	99	123	118	4.816E-18	82
P0DUN1	Q9PUH7	41.500	110	123	144	4.816E-18	82
P0DUN1	Q9PUH8	39.000	120	123	147	9.051E-18	81
P0DUN1	P00609	37.700	119	123	119	1.241E-17	81
P0DUN1	B3A0N3	68.600	50	123	50	3.196E-17	79
P0DUN1	Q9PTA1	41.300	115	123	138	3.196E-17	79
P0DUN1	Q9PUG9	38.400	117	123	144	4.381E-17	79
P0DUN1	Q7T1R1	41.700	114	123	146	4.381E-17	79
P0DUN1	Q9PUH1	37.600	119	123	146	4.381E-17	79
P0DUN1	Q9PUH0	38.500	119	123	146	4.381E-17	79
P0DUN1	Q9PUH4	38.500	119	123	146	6.006E-17	79
P0DUN1	P0C933	60.700	51	123	49	7.484E-16	76
P0DUN1	P00608	37.700	119	123	119	7.484E-16	76
P0DUN1	Q9PRG0	39.000	118	123	145	7.484E-16	76
P0DUN1	P0DMH0	64.100	53	123	51	1.026E-15	75
P0DUN1	Q9PUH3	37.700	119	123	146	1.026E-15	75
P0DUN1	C0HJU3	59.100	49	123	48	1.406E-15	75
P0DUN1	Q9PUH2	37.700	119	123	146	1.406E-15	75
P0DUN1	F8J2D0	42.500	100	123	146	4.960E-15	73
P0DUN1	F8J2D2	42.500	100	123	146	1.277E-14	72
P0DUN1	P0CAS9	85.200	34	123	34	4.502E-14	70
P0DUN1	P0DM50	60.000	40	123	40	9.499E-12	64
P0DUN1	P59068	54.700	52	123	57	6.268E-11	61
P0DUN1	P14422	32.200	118	123	68	1.451E-09	57
P0DUN1	P0DMK1	68.700	32	123	32	1.986E-09	57
P0DUN1	C0HJP9	50.000	54	123	45	1.986E-09	57
P0DUN1	P59067	52.800	52	123	62	2.718E-09	57
P0DUN1	P59070	51.000	48	123	48	9.534E-09	55
P0DUN1	P0DM49	60.000	35	123	35	2.442E-08	54
P0DUN1	P0DM52	54.200	35	123	35	8.554E-08	52
P0DUN1	P0DJM8	91.300	23	123	23	4.986E-06	47
P0DUN1	P0DJN4	82.600	23	123	23	3.901E-04	42
P0DUN1	P0DJM9	82.600	23	123	23	3.901E-04	42
P0DUN1	P0DJN1	82.600	23	123	23	3.901E-04	42
P0DUN1	P0DJN0	82.600	23	123	23	3.901E-04	42
P0DUN1	P0DJN6	82.600	23	123	23	3.901E-04	42
A0A2I7G3B3	P25141	44.400	381	379	382	2.570E-95	318
A0A2I7G3B3	Q9SK86	41.100	381	379	388	3.853E-93	312
A0A2I7G3B3	A1L4Y2	44.500	370	379	394	7.207E-93	311
A0A2I7G3B3	Q0DWH1	43.200	372	379	381	9.856E-93	311
A0A2I7G3B3	Q9SK87	42.100	372	379	386	9.856E-93	311
A0A2I7G3B3	A2XAZ3	42.900	372	379	381	2.521E-92	310
A0A2I7G3B3	P14674	42.700	379	379	380	4.715E-92	309
A0A2I7G3B3	P06525	42.700	372	379	379	8.818E-92	308
A0A2I7G3B3	P14673	42.700	379	379	380	8.818E-92	308
A0A2I7G3B3	P28032	43.300	376	379	380	2.255E-91	307
A0A2I7G3B3	P14675	42.400	379	379	380	2.255E-91	307
A0A2I7G3B3	Q9FH04	40.900	366	379	390	5.767E-91	306
A0A2I7G3B3	P48977	42.700	379	379	380	7.887E-91	305
A0A2I7G3B3	P17648	42.400	379	379	380	1.079E-90	305
A0A2I7G3B3	P14219	42.100	372	379	379	1.475E-90	304
A0A2I7G3B3	P00333	42.100	372	379	379	5.157E-90	303
A0A2I7G3B3	P93629	42.500	366	379	381	5.157E-90	303
A0A2I7G3B3	Q96533	42.100	370	379	379	7.051E-90	302
A0A2I7G3B3	Q0V7W6	42.400	359	379	389	3.371E-89	301
A0A2I7G3B3	P11766	42.500	370	379	374	6.302E-89	300
A0A2I7G3B3	Q8VZ49	41.700	373	379	380	6.302E-89	300
A0A2I7G3B3	Q75ZX4	41.900	372	379	379	1.178E-88	299
A0A2I7G3B3	Q2R8Z5	41.900	372	379	379	1.178E-88	299
A0A2I7G3B3	Q4R1E8	41.600	372	379	379	1.611E-88	299
A0A2I7G3B3	Q0ITW7	41.600	372	379	379	1.611E-88	299
A0A2I7G3B3	P19854	42.500	370	379	374	2.203E-88	298
A0A2I7G3B3	P32771	42.600	372	379	386	2.203E-88	298
A0A2I7G3B3	P05336	42.100	372	379	379	5.631E-88	297
A0A2I7G3B3	P04707	41.100	372	379	379	5.631E-88	297
A0A2I7G3B3	P13603	41.900	379	379	380	5.631E-88	297
A0A2I7G3B3	P81601	41.300	368	379	375	7.699E-88	297
A0A2I7G3B3	P28474	42.100	366	379	374	1.968E-87	295
A0A2I7G3B3	P10848	41.600	372	379	379	3.678E-87	295
A0A2I7G3B3	Q3ZC42	41.800	369	379	374	6.876E-87	294
A0A2I7G3B3	P79896	41.300	371	379	376	9.400E-87	293
A0A2I7G3B3	P12886	41.100	379	379	380	1.757E-86	293
A0A2I7G3B3	O19053	42.600	369	379	374	6.138E-86	291
A0A2I7G3B3	P81600	41.000	371	379	375	1.147E-85	290
A0A2I7G3B3	P86884	41.300	371	379	376	4.007E-85	289
A0A2I7G3B3	P80467	40.500	371	379	373	1.399E-84	287
A0A2I7G3B3	P10847	42.200	369	379	373	4.357E-83	283
A0A2I7G3B3	P46415	40.200	379	379	379	1.113E-82	282
A0A2I7G3B3	Q54TC2	41.700	372	379	379	1.521E-82	281
A0A2I7G3B3	P80512	41.300	371	379	375	2.841E-82	280
A0A2I7G3B3	P0CL53	41.000	375	379	383	6.462E-81	276
A0A2I7G3B3	P86885	41.600	371	379	374	8.832E-81	276
A0A2I7G3B3	P25405	40.000	371	379	375	8.832E-81	276
A0A2I7G3B3	Q8LEB2	36.900	376	379	381	2.254E-80	275
A0A2I7G3B3	P80468	39.500	362	379	379	4.211E-80	274
A0A2I7G3B3	Q06099	40.900	370	379	381	5.754E-80	274
A0A2I7G3B3	P80360	40.200	359	379	376	7.863E-80	273
A0A2I7G3B3	Q17335	38.600	382	379	384	2.007E-79	272
A0A2I7G3B3	P14139	40.100	371	379	375	2.742E-79	272
A0A2I7G3B3	P25406	39.500	371	379	375	2.742E-79	272
A0A2I7G3B3	P80222	39.800	371	379	374	5.121E-79	271
A0A2I7G3B3	P45382	39.200	367	379	375	5.121E-79	271
A0A2I7G3B3	O74685	39.500	370	379	379	5.121E-79	271
A0A2I7G3B3	P26325	37.700	372	379	375	2.440E-78	269
A0A2I7G3B3	Q64437	39.400	371	379	374	3.334E-78	269
A0A2I7G3B3	O97959	40.200	371	379	375	4.555E-78	268
A0A2I7G3B3	P73138	38.800	367	379	369	6.224E-78	268
A0A2I7G3B3	P00328	38.800	371	379	374	6.224E-78	268
A0A2I7G3B3	P72324	38.600	373	379	376	8.505E-78	267
A0A2I7G3B3	P07327	40.100	371	379	375	1.162E-77	267
A0A2I7G3B3	Q5R1W2	40.200	371	379	375	1.162E-77	267
A0A2I7G3B3	Q64563	37.500	371	379	377	1.162E-77	267
A0A2I7G3B3	P41682	39.100	371	379	374	1.588E-77	267
A0A2I7G3B3	P00329	40.000	371	379	375	1.588E-77	267
A0A2I7G3B3	Q5RBP7	39.500	371	379	375	2.170E-77	266
A0A2I7G3B3	P00325	40.200	371	379	375	2.170E-77	266
A0A2I7G3B3	A1A835	38.200	367	379	369	4.050E-77	265
A0A2I7G3B3	Q0TKS7	38.200	367	379	369	4.050E-77	265
A0A2I7G3B3	Q1RFI7	38.200	367	379	369	4.050E-77	265
A0A2I7G3B3	Q03505	39.300	371	379	375	4.050E-77	265
A0A2I7G3B3	A7ZIA4	38.200	367	379	369	5.534E-77	265
A0A2I7G3B3	Q8X5J4	38.200	367	379	369	5.534E-77	265
A0A2I7G3B3	A7ZX04	38.200	367	379	369	5.534E-77	265
A0A2I7G3B3	B1J085	38.200	367	379	369	5.534E-77	265
A0A2I7G3B3	Q3Z550	38.200	367	379	369	5.534E-77	265
A0A2I7G3B3	Q5R7Z8	38.100	372	379	375	7.561E-77	265
A0A2I7G3B3	P28332	39.300	363	379	368	1.033E-76	264
A0A2I7G3B3	P25437	38.200	367	379	369	1.033E-76	264
A0A2I7G3B3	P22797	39.400	371	379	375	1.411E-76	264
A0A2I7G3B3	P06757	39.800	371	379	376	1.928E-76	263
A0A2I7G3B3	Q8FKG1	38.000	367	379	369	4.917E-76	262
A0A2I7G3B3	Q9QYY9	37.200	371	379	377	6.718E-76	262
A0A2I7G3B3	P80338	38.500	371	379	374	1.254E-75	261
A0A2I7G3B3	O74540	39.500	370	379	380	1.713E-75	261
A0A2I7G3B3	P41680	39.200	371	379	375	2.340E-75	260
A0A2I7G3B3	P40394	38.000	371	379	386	2.340E-75	260
A0A2I7G3B3	P08319	38.900	374	379	380	5.966E-75	259
A0A2I7G3B3	P19631	38.300	366	379	375	8.149E-75	259
A0A2I7G3B3	P49645	38.200	371	379	375	1.521E-74	258
A0A2I7G3B3	O46650	38.600	371	379	379	2.838E-74	257
A0A2I7G3B3	P23991	38.300	366	379	376	5.295E-74	256
A0A2I7G3B3	O46649	38.600	373	379	379	5.295E-74	256
A0A2I7G3B3	P39450	38.000	367	379	369	9.879E-74	256
A0A2I7G3B3	P44557	37.400	367	379	378	1.843E-73	255
A0A2I7G3B3	Q9Z2M2	37.800	371	379	375	1.135E-69	244
A0A2I7G3B3	O57380	39.100	365	379	373	1.550E-69	243
A0A2I7G3B3	Q64413	37.000	371	379	375	3.946E-69	242
A0A2I7G3B3	Q64415	37.000	371	379	375	5.388E-69	242
A0A2I7G3B3	P86883	38.100	371	379	375	7.356E-69	241
A0A2I7G3B3	P93243	35.500	415	379	422	1.371E-68	241
A0A2I7G3B3	Q5XI95	36.400	366	379	376	2.556E-68	240
A0A2I7G3B3	Q07264	40.700	293	379	293	3.941E-64	228
A0A2I7G3B3	B2NI93	32.000	368	379	378	1.259E-53	197
A0A2I7G3B3	A4YGN0	32.100	365	379	360	1.858E-45	173
A0A2I7G3B3	P80175	30.600	356	379	371	2.949E-44	169
A0A2I7G3B3	H1ZV38	31.300	375	379	373	1.845E-41	161
A0A2I7G3B3	Q7U1B9	30.100	353	379	375	3.932E-40	157
A0A2I7G3B3	P9WQC6	30.100	353	379	375	3.932E-40	157
A0A2I7G3B3	P9WQB8	29.800	355	379	368	5.337E-40	156
A0A2I7G3B3	P9WQB9	29.800	355	379	368	5.337E-40	156
A0A2I7G3B3	P39849	30.200	339	379	366	3.337E-39	154
A0A2I7G3B3	P80094	28.300	362	379	360	6.146E-39	153
A0A2I7G3B3	P33010	33.200	289	379	319	8.155E-32	132
A0A2I7G3B3	P30350	35.400	184	379	185	4.553E-29	124
A0A2I7G3B3	P12311	29.100	357	379	337	1.121E-28	123
A0A2I7G3B3	P42328	28.100	357	379	339	1.349E-26	116
A0A2I7G3B3	P20368	29.300	321	379	337	2.661E-25	112
A0A2I7G3B3	P42327	27.800	357	379	339	4.825E-25	111
A0A2I7G3B3	O31186	27.900	356	379	340	6.992E-24	108
A0A2I7G3B3	Q99W07	26.300	357	379	336	7.931E-22	102
A0A2I7G3B3	Q2FJ31	26.400	353	379	336	3.458E-21	100
A0A2I7G3B3	Q2G0G1	26.400	353	379	336	3.458E-21	100
A0A2I7G3B3	Q2YSX0	26.400	353	379	336	3.458E-21	100
A0A2I7G3B3	Q5HI63	26.400	353	379	336	3.458E-21	100
A0A2I7G3B3	Q6GJ63	26.400	353	379	336	3.458E-21	100
A0A2I7G3B3	Q6GBM4	26.400	353	379	336	3.458E-21	100
A0A2I7G3B3	Q8NXU1	26.400	353	379	336	3.458E-21	100
A0A2I7G3B3	Q38707	27.700	296	379	365	2.705E-20	97
A0A2I7G3B3	P41637	24.700	334	379	357	1.171E-19	95
A0A2I7G3B3	Q43138	29.200	296	379	363	2.102E-19	94
A0A2I7G3B3	Q6V4H0	27.900	296	379	360	2.817E-19	94
A0A2I7G3B3	Q40976	23.800	334	379	357	3.773E-19	93
A0A2I7G3B3	A0Q5K3	25.600	355	379	351	5.054E-19	93
A0A2I7G3B3	Q0BKV5	26.200	342	379	351	6.768E-19	93
A0A2I7G3B3	Q5NGW4	26.200	342	379	351	6.768E-19	93
A0A2I7G3B3	A4IZ92	26.200	342	379	351	6.768E-19	93
A0A2I7G3B3	Q14IB6	26.200	342	379	351	6.768E-19	93
A0A2I7G3B3	A7NDM9	26.200	342	379	351	6.768E-19	93
A0A2I7G3B3	Q2A282	26.200	342	379	351	6.768E-19	93
A0A2I7G3B3	P93257	24.900	331	379	361	6.768E-19	93
A0A2I7G3B3	Q06004	24.700	365	379	353	1.625E-18	91
A0A2I7G3B3	O65621	25.900	310	379	363	1.625E-18	91
A0A2I7G3B3	O07737	26.300	307	379	384	1.625E-18	91
A0A2I7G3B3	B2SDJ2	25.900	342	379	351	2.175E-18	91
A0A2I7G3B3	O82035	23.300	334	379	357	2.175E-18	91
A0A2I7G3B3	Q02971	26.900	296	379	357	2.910E-18	91
A0A2I7G3B3	B0TYR8	25.700	342	379	351	3.895E-18	90
A0A2I7G3B3	P30360	24.900	334	379	357	3.895E-18	90
A0A2I7G3B3	Q5HRD6	25.800	357	379	340	5.212E-18	90
A0A2I7G3B3	Q2KNL6	26.000	296	379	360	6.972E-18	89
A0A2I7G3B3	P42734	25.200	334	379	360	6.972E-18	89
A0A2I7G3B3	P30359	24.900	334	379	357	1.668E-17	88
A0A2I7G3B3	Q8H859	23.900	337	379	354	2.231E-17	88
A0A2I7G3B3	P75691	25.000	338	379	349	7.125E-17	86
A0A2I7G3B3	Q02972	25.400	296	379	359	9.522E-17	86
A0A2I7G3B3	P39451	25.100	299	379	336	1.272E-16	85
A0A2I7G3B3	P42754	25.200	310	379	337	1.272E-16	85
A0A2I7G3B3	P0CH36	27.700	310	379	349	1.700E-16	85
A0A2I7G3B3	P0CH37	27.700	310	379	349	1.700E-16	85
A0A2I7G3B3	Q9ZRF1	26.300	296	379	359	1.700E-16	85
A0A2I7G3B3	Q337Y2	25.100	334	379	366	3.033E-16	84
A0A2I7G3B3	Q6ERW9	23.800	337	379	436	3.033E-16	84
A0A2I7G3B3	P42495	26.300	334	379	360	5.409E-16	83
A0A2I7G3B3	P48523	23.300	336	379	365	7.222E-16	83
A0A2I7G3B3	P0A4X1	26.300	316	379	346	1.287E-15	82
A0A2I7G3B3	P9WQC4	26.300	316	379	346	1.287E-15	82
A0A2I7G3B3	P9WQC5	26.300	316	379	346	1.287E-15	82
A0A2I7G3B3	Q8KQL2	24.500	344	379	352	1.287E-15	82
A0A2I7G3B3	Q5JI69	24.800	349	379	350	2.292E-15	81
A0A2I7G3B3	O45687	24.700	355	379	351	2.292E-15	81
A0A2I7G3B3	Q2KNL5	23.100	334	379	357	2.292E-15	81
A0A2I7G3B3	O22380	23.100	336	379	361	3.059E-15	81
A0A2I7G3B3	O82056	23.500	334	379	365	5.443E-15	80
A0A2I7G3B3	Q8U259	25.400	349	379	348	7.261E-15	80
A0A2I7G3B3	Q6ERW5	25.100	290	379	362	7.261E-15	80
A0A2I7G3B3	Q6ERW7	25.600	337	379	439	7.261E-15	80
A0A2I7G3B3	A5F0N6	22.100	350	379	343	9.683E-15	79
A0A2I7G3B3	Q9KL62	22.100	350	379	343	9.683E-15	79
A0A2I7G3B3	C3LWF0	22.100	350	379	343	9.683E-15	79
A0A2I7G3B3	Q2R114	23.300	337	379	354	1.291E-14	79
A0A2I7G3B3	Q9UYX0	25.600	349	379	348	1.722E-14	79
A0A2I7G3B3	Q3IHW0	22.100	349	379	341	2.295E-14	78
A0A2I7G3B3	B8EDS6	22.200	350	379	341	4.078E-14	78
A0A2I7G3B3	A3CYN0	22.200	350	379	341	4.078E-14	78
A0A2I7G3B3	A6WUG6	22.200	350	379	341	4.078E-14	78
A0A2I7G3B3	A9KWY0	22.200	350	379	341	4.078E-14	78
A0A2I7G3B3	Q8D442	22.300	351	379	343	4.078E-14	78
A0A2I7G3B3	Q6ERX1	24.200	290	379	359	4.078E-14	78
A0A2I7G3B3	Q7MY48	22.100	343	379	341	5.435E-14	77
A0A2I7G3B3	A7HEI5	23.200	355	379	343	5.435E-14	77
A0A2I7G3B3	P59410	21.200	351	379	343	5.435E-14	77
A0A2I7G3B3	A7MID0	22.400	343	379	341	7.242E-14	77
A0A2I7G3B3	B5ETJ6	22.400	342	379	343	7.242E-14	77
A0A2I7G3B3	Q7MFL5	22.300	351	379	343	7.242E-14	77
A0A2I7G3B3	A1SVW5	22.800	346	379	344	7.242E-14	77
A0A2I7G3B3	A4YCC5	22.200	350	379	341	9.649E-14	76
A0A2I7G3B3	O34788	24.900	352	379	346	9.649E-14	76
A0A2I7G3B3	Q0HDA3	22.200	350	379	341	1.285E-13	76
A0A2I7G3B3	P50381	27.900	252	379	347	1.285E-13	76
A0A2I7G3B3	Q0HPI5	22.200	350	379	341	1.712E-13	76
A0A2I7G3B3	B2U5D5	22.600	343	379	341	2.281E-13	75
A0A2I7G3B3	Q31V06	22.600	343	379	341	2.281E-13	75
A0A2I7G3B3	B5EXC3	22.400	343	379	341	2.281E-13	75
A0A2I7G3B3	Q0SYE5	22.600	343	379	341	2.281E-13	75
A0A2I7G3B3	B7ULH2	22.600	343	379	341	2.281E-13	75
A0A2I7G3B3	P59409	22.600	343	379	341	2.281E-13	75
A0A2I7G3B3	B7MFI0	22.600	343	379	341	2.281E-13	75
A0A2I7G3B3	Q57IC5	22.400	343	379	341	2.281E-13	75
A0A2I7G3B3	B7L742	22.600	343	379	341	2.281E-13	75
A0A2I7G3B3	B5R5E1	22.400	343	379	341	2.281E-13	75
A0A2I7G3B3	B4SXB9	22.400	343	379	341	2.281E-13	75
A0A2I7G3B3	B7NPC5	22.600	343	379	341	2.281E-13	75
A0A2I7G3B3	Q5PC07	22.400	343	379	341	2.281E-13	75
A0A2I7G3B3	B7N1S0	22.600	343	379	341	2.281E-13	75
A0A2I7G3B3	A9MVL0	22.400	343	379	341	2.281E-13	75
A0A2I7G3B3	B7M4A3	22.600	343	379	341	2.281E-13	75
A0A2I7G3B3	C0Q1V0	22.400	343	379	341	2.281E-13	75
A0A2I7G3B3	B5BHZ1	22.400	343	379	341	2.281E-13	75
A0A2I7G3B3	B4TZV9	22.400	343	379	341	2.281E-13	75
A0A2I7G3B3	A8A681	22.600	343	379	341	2.281E-13	75
A0A2I7G3B3	A1AHF3	22.600	343	379	341	2.281E-13	75
A0A2I7G3B3	Q8ZL52	22.400	343	379	341	2.281E-13	75
A0A2I7G3B3	Q0TBJ0	22.600	343	379	341	2.281E-13	75
A0A2I7G3B3	Q8FCA2	22.600	343	379	341	2.281E-13	75
A0A2I7G3B3	B1IZH4	22.600	343	379	341	2.281E-13	75
A0A2I7G3B3	B7NES3	22.600	343	379	341	2.281E-13	75
A0A2I7G3B3	B1LK55	22.600	343	379	341	2.281E-13	75
A0A2I7G3B3	Q1R4X4	22.600	343	379	341	2.281E-13	75
A0A2I7G3B3	Q3YVY1	22.100	343	379	341	3.037E-13	75
A0A2I7G3B3	A1S1Q3	21.700	350	379	341	3.037E-13	75
A0A2I7G3B3	B7LVH6	22.100	343	379	341	3.037E-13	75
A0A2I7G3B3	Q8E8J1	22.000	350	379	341	3.037E-13	75
A0A2I7G3B3	Q6LRD9	21.700	351	379	343	3.037E-13	75
A0A2I7G3B3	Q96XE0	26.700	252	379	347	3.037E-13	75
A0A2I7G3B3	P07754	28.600	255	379	352	3.037E-13	75
A0A2I7G3B3	P31656	23.300	334	379	358	3.037E-13	75
A0A2I7G3B3	A8GLC6	22.300	343	379	341	4.044E-13	74
A0A2I7G3B3	Q5E0F9	22.100	342	379	343	4.044E-13	74
A0A2I7G3B3	O49482	22.900	334	379	357	4.044E-13	74
A0A2I7G3B3	C4ZXK8	22.300	343	379	341	5.384E-13	74
A0A2I7G3B3	B1X950	22.300	343	379	341	5.384E-13	74
A0A2I7G3B3	P07913	22.300	343	379	341	5.384E-13	74
A0A2I7G3B3	A6TFL2	22.300	343	379	341	7.168E-13	74
A0A2I7G3B3	Q48AM4	21.900	350	379	341	7.168E-13	74
A0A2I7G3B3	B1KL24	21.400	350	379	341	9.541E-13	73
A0A2I7G3B3	Q329N8	22.600	343	379	341	9.541E-13	73
A0A2I7G3B3	Q8XEJ1	22.600	343	379	341	9.541E-13	73
A0A2I7G3B3	B5RGH0	22.400	343	379	341	9.541E-13	73
A0A2I7G3B3	B5YWB7	22.600	343	379	341	9.541E-13	73
A0A2I7G3B3	Q07W50	21.700	350	379	341	9.541E-13	73
A0A2I7G3B3	A3QJC8	22.000	350	379	341	9.541E-13	73
A0A2I7G3B3	Q9L233	25.600	290	379	342	9.541E-13	73
A0A2I7G3B3	B6ESA4	21.200	343	379	343	9.541E-13	73
A0A2I7G3B3	O13309	25.300	313	379	348	9.541E-13	73
A0A2I7G3B3	Q8Z2F4	22.400	343	379	341	1.270E-12	73
A0A2I7G3B3	A8ARK6	21.800	343	379	341	1.270E-12	73
A0A2I7G3B3	B7VR52	21.600	342	379	343	1.270E-12	73
A0A2I7G3B3	P39462	26.300	252	379	347	1.270E-12	73
A0A2I7G3B3	A1JHX8	22.000	343	379	341	1.690E-12	72
A0A2I7G3B3	A7ZTH0	22.000	343	379	341	1.690E-12	72
A0A2I7G3B3	A9MKQ8	22.100	343	379	341	1.690E-12	72
A0A2I7G3B3	B5XTI4	22.000	343	379	341	2.249E-12	72
A0A2I7G3B3	B0TNM4	22.000	350	379	341	2.249E-12	72
A0A2I7G3B3	A4SHB7	21.500	343	379	342	2.249E-12	72
A0A2I7G3B3	A8GYP8	22.000	350	379	341	2.992E-12	72
A0A2I7G3B3	A7FCU5	21.700	343	379	341	7.043E-12	70
A0A2I7G3B3	Q1C278	21.700	343	379	341	7.043E-12	70
A0A2I7G3B3	Q8ZJN2	21.700	343	379	341	7.043E-12	70
A0A2I7G3B3	A9R685	21.700	343	379	341	7.043E-12	70
A0A2I7G3B3	Q1CD13	21.700	343	379	341	7.043E-12	70
A0A2I7G3B3	A4TSC6	21.700	343	379	341	7.043E-12	70
A0A2I7G3B3	Q66GC5	21.700	343	379	341	7.043E-12	70
A0A2I7G3B3	B1JQW2	21.700	343	379	341	7.043E-12	70
A0A2I7G3B3	B4F134	21.300	342	379	341	7.043E-12	70
A0A2I7G3B3	B4S298	21.800	348	379	341	1.656E-11	69
A0A2I7G3B3	C5BB99	20.700	342	379	341	1.656E-11	69
A0A2I7G3B3	A8FPE0	21.400	350	379	341	1.656E-11	69
A0A2I7G3B3	Q17334	25.800	300	379	349	5.171E-11	68
A0A2I7G3B3	Q82MN2	24.800	284	379	342	6.872E-11	67
A0A2I7G3B3	Q6XQ67	24.300	361	379	351	9.131E-11	67
A0A2I7G3B3	Q02BT1	22.800	368	379	341	1.612E-10	66
A0A2I7G3B3	Q97UH6	30.500	157	379	368	2.070E-09	63
A0A2I7G3B3	P09347	23.300	312	379	361	1.130E-08	60
A0A2I7G3B3	A1CFL1	23.700	257	379	388	1.130E-08	60
A0A2I7G3B3	P22144	24.900	342	379	363	6.157E-08	58
A0A2I7G3B3	Q52078	25.500	275	379	399	3.181E-06	52
A0A2I7G3B3	A4YGA7	30.300	115	379	358	1.298E-05	50
A0A2I7G3B3	O93715	29.200	124	379	366	1.227E-04	47
A0A2I7G3B3	Q7LYI9	29.200	124	379	366	1.227E-04	47
A0A2K9RFZ8	G3CCC0	50.200	731	814	802	4.788E-229	728
A0A2K9RFZ8	O04408	48.100	717	814	801	1.985E-224	715
A0A2K9RFZ8	E2IHE0	49.600	714	814	808	7.308E-219	698
A0A2K9RFZ8	Q38802	43.400	762	814	802	8.666E-207	663
A0A2K9RFZ8	Q6Z5I0	40.100	733	814	800	2.067E-172	563
A0A2K9RFZ8	Q5MQ85	40.400	733	814	800	1.335E-171	561
A0A2K9RFZ8	J9QS23	39.800	739	814	739	3.166E-168	551
A0A2K9RFZ8	J9R388	39.800	740	814	740	5.895E-168	550
A0A2K9RFZ8	Q6E7D7	39.800	714	814	767	2.788E-167	548
A0A2K9RFZ8	Q0JF02	39.800	714	814	767	8.501E-166	544
A0A2K9RFZ8	Q38710	35.000	773	814	868	2.312E-149	496
A0A2K9RFZ8	H8ZM70	35.000	773	814	844	7.979E-149	494
A0A2K9RFZ8	M4HXU6	35.800	757	814	857	5.113E-148	492
A0A2K9RFZ8	Q50EK2	35.800	757	814	850	6.969E-148	491
A0A2K9RFZ8	H8ZM73	35.500	750	814	867	6.969E-148	491
A0A2K9RFZ8	M4HYC6	35.700	757	814	850	9.497E-148	491
A0A2K9RFZ8	M4HYP3	35.300	774	814	876	2.098E-146	487
A0A2K9RFZ8	Q675L5	44.700	513	814	867	3.398E-145	483
A0A2K9RFZ8	Q675L4	37.300	670	814	859	6.309E-145	482
A0A2K9RFZ8	H8ZM71	35.900	719	814	852	8.596E-145	482
A0A2K9RFZ8	M4HY08	32.900	779	814	868	4.650E-134	451
A0A2K9RFZ8	M4HYC8	32.700	779	814	868	2.174E-133	449
A0A2K9RFZ8	G1DGI7	34.800	747	814	750	4.832E-130	439
A0A2K9RFZ8	O81086	34.900	654	814	817	4.323E-119	406
A0A2K9RFZ8	Q4QSN4	34.700	679	814	815	3.149E-115	395
A0A2K9RFZ8	Q93YA3	38.700	503	814	862	1.664E-111	384
A0A2K9RFZ8	Q41594	38.500	503	814	862	1.043E-110	381
A0A2K9RFZ8	Q9FT37	38.900	503	814	862	1.203E-109	378
A0A2K9RFZ8	G9MAN7	36.700	525	814	867	2.555E-108	374
A0A2K9RFZ8	G3CCC1	28.200	776	814	792	7.064E-82	295
A0A2K9RFZ8	Q39548	27.400	737	814	789	2.703E-76	278
A0A2K9RFZ8	Q9SAK2	26.400	759	814	785	8.902E-76	276
A0A2K9RFZ8	C1K5M3	27.100	717	814	778	2.535E-73	269
A0A2K9RFZ8	Q66QH3	26.800	803	814	840	8.315E-73	267
A0A2K9RFZ8	Q0JEZ8	26.500	803	814	842	2.725E-72	266
A0A2K9RFZ8	Q0JA82	26.100	722	814	756	1.454E-68	254
A0A2K9RFZ8	B8XA41	27.100	716	814	777	2.624E-68	254
A0A2K9RFZ8	Q2QQJ5	30.700	505	814	815	4.130E-65	244
A0A2K9RFZ8	Q0E088	25.100	753	814	829	1.337E-64	242
A0A2K9RFZ8	Q00G37	24.700	754	814	830	1.873E-63	239
A0A2K9RFZ8	A4KAG8	31.300	498	814	821	4.687E-62	234
A0A2K9RFZ8	Q6Z5J6	29.700	496	814	821	8.963E-60	227
A0A2K9RFZ8	A4KAG7	29.100	496	814	821	2.246E-57	220
A0A2K9RFZ8	Q6BDZ9	29.200	495	814	822	3.002E-57	219
A0A2K9RFZ8	Q1AHB2	27.800	495	814	816	2.341E-53	207
A0A2K9RFZ8	Q96376	26.000	726	814	870	1.736E-50	198
A0A2K9RFZ8	Q84KL6	36.500	287	814	629	3.889E-47	187
A0A2K9RFZ8	O24474	32.100	346	814	627	2.853E-46	184
A0A2K9RFZ8	Q6XDB5	38.800	269	814	627	6.694E-46	183
A0A2K9RFZ8	Q9M7C9	38.000	269	814	637	2.771E-45	181
A0A2K9RFZ8	O64404	32.100	368	814	581	3.680E-45	181
A0A2K9RFZ8	Q84KL3	36.600	269	814	628	4.725E-44	177
A0A2K9RFZ8	Q9M7D1	32.800	342	814	630	6.273E-44	177
A0A2K9RFZ8	O64405	37.900	268	814	593	2.584E-43	175
A0A2K9RFZ8	O24475	38.300	269	814	628	2.584E-43	175
A0A2K9RFZ8	Q84KL4	36.700	269	814	627	1.410E-42	173
A0A2K9RFZ8	Q9M7D0	31.900	342	814	630	1.871E-42	172
A0A2K9RFZ8	F1CKI9	34.300	309	814	627	7.682E-42	170
A0A2K9RFZ8	Q948Z0	37.600	269	814	618	1.019E-41	170
A0A2K9RFZ8	F1CKJ1	34.700	309	814	627	1.019E-41	170
A0A2K9RFZ8	Q93YV0	23.100	747	814	877	1.351E-41	169
A0A2K9RFZ8	F1CKI8	36.100	269	814	627	1.792E-41	169
A0A2K9RFZ8	Q84SM8	35.700	269	814	627	9.730E-41	167
A0A2K9RFZ8	Q675L0	35.400	268	814	578	6.282E-38	158
A0A2K9RFZ8	Q84KL5	35.200	256	814	574	5.930E-37	154
A0A2K9RFZ8	F1CKI6	34.300	260	814	627	2.995E-35	149
A0A2K9RFZ8	O50406	31.000	312	814	501	1.061E-32	141
A0A2K9RFZ8	Q84ZW8	23.700	493	814	590	1.830E-28	127
A0A2K9RFZ8	Q6PWU2	33.000	251	814	590	7.355E-28	125
A0A2K9RFZ8	Q93X23	30.100	250	814	597	7.660E-25	115
A0A2K9RFZ8	Q8H2B4	30.500	249	814	606	2.326E-24	113
A0A2K9RFZ8	B2DBF1	26.300	370	814	983	9.320E-24	111
A0A2K9RFZ8	Q9SPN0	32.000	233	814	567	4.927E-23	109
A0A2K9RFZ8	E3W204	29.200	264	814	569	4.927E-23	109
A0A2K9RFZ8	B2DBF0	27.600	324	814	1004	8.581E-23	108
A0A2K9RFZ8	E3W203	29.800	261	814	569	1.132E-22	108
A0A2K9RFZ8	E3W202	30.000	261	814	569	1.495E-22	108
A0A2K9RFZ8	A0A1C9J6A7	28.600	251	814	607	1.495E-22	108
A0A2K9RFZ8	J7LH11	28.500	266	814	546	1.972E-22	107
A0A2K9RFZ8	Q8L5K3	28.000	253	814	606	1.972E-22	107
A0A2K9RFZ8	B2KSJ5	25.300	342	814	571	2.603E-22	107
A0A2K9RFZ8	Q9SPN1	32.600	241	814	583	4.533E-22	106
A0A2K9RFZ8	Q6EJ97	28.300	241	814	608	4.533E-22	106
A0A2K9RFZ8	Q39978	29.600	268	814	555	5.982E-22	106
A0A2K9RFZ8	Q9AR86	31.000	247	814	595	5.982E-22	106
A0A2K9RFZ8	O81192	29.800	249	814	598	7.893E-22	105
A0A2K9RFZ8	Q84LF2	29.400	267	814	548	3.158E-21	103
A0A2K9RFZ8	Q50L36	30.200	247	814	595	3.158E-21	103
A0A2K9RFZ8	Q7XAS7	30.200	247	814	595	4.167E-21	103
A0A2K9RFZ8	Q2XSC4	28.000	274	814	538	7.255E-21	102
A0A2K9RFZ8	Q84LF1	28.600	264	814	548	9.572E-21	102
A0A2K9RFZ8	Q84LF0	28.600	264	814	548	9.572E-21	102
A0A2K9RFZ8	Q5SBP3	29.200	268	814	574	2.199E-20	100
A0A2K9RFZ8	B6SCF4	29.300	249	814	613	2.901E-20	100
A0A2K9RFZ8	B3TPQ7	28.600	250	814	592	3.827E-20	100
A0A2K9RFZ8	B6SCF6	29.500	249	814	563	6.662E-20	99
A0A2K9RFZ8	O81193	29.700	250	814	590	6.662E-20	99
A0A2K9RFZ8	Q96WT2	26.000	338	814	944	6.662E-20	99
A0A2K9RFZ8	E2E2P0	25.800	275	814	594	8.789E-20	98
A0A2K9RFZ8	G5CV45	28.500	268	814	548	1.160E-19	98
A0A2K9RFZ8	Q94G53	30.900	241	814	582	2.018E-19	97
A0A2K9RFZ8	Q8GUE4	28.700	261	814	603	2.662E-19	97
A0A2K9RFZ8	Q9XJ32	28.700	268	814	556	3.512E-19	96
A0A2K9RFZ8	G5CV46	28.500	268	814	555	4.634E-19	96
A0A2K9RFZ8	B6SCF5	28.800	255	814	563	4.634E-19	96
A0A2K9RFZ8	Q5SBP0	26.400	250	814	601	6.113E-19	96
A0A2K9RFZ8	Q84LG0	28.200	264	814	548	8.064E-19	95
A0A2K9RFZ8	P59287	27.600	252	814	601	8.064E-19	95
A0A2K9RFZ8	Q8L5K4	28.000	253	814	600	1.064E-18	95
A0A2K9RFZ8	O65323	29.800	260	814	559	3.221E-18	93
A0A2K9RFZ8	G1JUH1	28.200	244	814	607	3.221E-18	93
A0A2K9RFZ8	Q39760	28.500	264	814	554	7.393E-18	92
A0A2K9RFZ8	Q6Q3H3	29.500	249	814	557	7.393E-18	92
A0A2K9RFZ8	O49853	28.500	264	814	554	9.751E-18	92
A0A2K9RFZ8	J9RLZ7	29.500	251	814	563	9.751E-18	92
A0A2K9RFZ8	B9S9Z3	24.000	333	814	558	1.697E-17	91
A0A2K9RFZ8	Q9AR04	27.700	252	814	546	2.238E-17	91
A0A2K9RFZ8	Q43714	26.200	321	814	555	2.238E-17	91
A0A2K9RFZ8	O81191	31.100	226	814	591	2.238E-17	91
A0A2K9RFZ8	B1B1U3	27.900	277	814	548	2.952E-17	90
A0A2K9RFZ8	Q6USK1	29.600	267	814	567	2.952E-17	90
A0A2K9RFZ8	A7IZZ2	29.000	245	814	615	2.952E-17	90
A0A2K9RFZ8	B2KSJ6	25.400	270	814	560	5.135E-17	89
A0A2K9RFZ8	P93665	28.100	264	814	554	8.933E-17	89
A0A2K9RFZ8	A4FVP2	29.400	245	814	565	8.933E-17	89
A0A2K9RFZ8	Q39761	28.100	264	814	554	1.178E-16	88
A0A2K9RFZ8	Q672F7	26.300	270	814	595	2.703E-16	87
A0A2K9RFZ8	Q9LLR9	24.800	389	814	547	3.565E-16	87
A0A2K9RFZ8	J9R5V4	28.000	256	814	562	6.201E-16	86
A0A2K9RFZ8	Q49SP3	28.200	260	814	552	8.178E-16	85
A0A2K9RFZ8	J7LP58	27.700	249	814	564	8.178E-16	85
A0A2K9RFZ8	A7IZZ1	29.200	265	814	622	1.078E-15	85
A0A2K9RFZ8	Q5SBP6	26.800	274	814	546	1.422E-15	85
A0A2K9RFZ8	Q49SP5	25.200	260	814	554	1.422E-15	85
A0A2K9RFZ8	Q49SP7	27.500	263	814	545	2.474E-15	84
A0A2K9RFZ8	D0VMR7	28.400	249	814	547	5.673E-15	83
A0A2K9RFZ8	P0CJ43	26.300	245	814	589	5.673E-15	83
A0A2K9RFZ8	Q6Q3H2	26.400	241	814	556	7.481E-15	82
A0A2K9RFZ8	I6RAQ6	26.500	252	814	547	9.866E-15	82
A0A2K9RFZ8	O48935	26.300	260	814	550	1.301E-14	81
A0A2K9RFZ8	Q9FXY7	26.800	252	814	577	2.262E-14	81
A0A2K9RFZ8	P0DI76	25.900	245	814	600	2.983E-14	80
A0A2K9RFZ8	E2E2N7	25.900	241	814	555	3.934E-14	80
A0A2K9RFZ8	O23945	26.400	249	814	556	3.934E-14	80
A0A2K9RFZ8	Q84LB2	24.400	343	814	576	3.934E-14	80
A0A2K9RFZ8	D0VMR6	27.600	249	814	547	5.188E-14	79
A0A2K9RFZ8	Q49SP4	26.500	272	814	545	6.840E-14	79
A0A2K9RFZ8	Q0VHD6	24.900	276	814	550	6.840E-14	79
A0A2K9RFZ8	Q5W283	26.100	269	814	551	6.840E-14	79
A0A2K9RFZ8	D0VMR8	27.600	249	814	547	9.020E-14	79
A0A2K9RFZ8	I6RE61	24.300	241	814	596	1.189E-13	78
A0A2K9RFZ8	Q5SBP5	26.700	241	814	540	1.568E-13	78
A0A2K9RFZ8	Q9FQ27	25.600	268	814	544	1.568E-13	78
A0A2K9RFZ8	B1B1U4	24.100	256	814	554	2.068E-13	78
A0A2K9RFZ8	Q94JS8	27.000	229	814	560	3.595E-13	77
A0A2K9RFZ8	P0CV96	24.900	275	814	580	4.741E-13	76
A0A2K9RFZ8	Q9LRZ6	25.200	245	814	598	4.741E-13	76
A0A2K9RFZ8	Q8SA63	24.100	309	814	548	6.251E-13	76
A0A2K9RFZ8	Q4U3F7	24.800	261	814	559	1.087E-12	75
A0A2K9RFZ8	O64961	24.900	268	814	548	1.433E-12	75
A0A2K9RFZ8	I6R4V5	25.100	252	814	546	1.889E-12	74
A0A2K9RFZ8	Q9ZUH4	26.500	241	814	591	1.889E-12	74
A0A2K9RFZ8	Q49SP6	25.700	272	814	554	2.491E-12	74
A0A2K9RFZ8	Q2NM15	26.400	266	814	533	4.330E-12	73
A0A2K9RFZ8	I6QPS5	27.700	252	814	549	4.330E-12	73
A0A2K9RFZ8	B0FGA9	25.000	261	814	559	7.527E-12	72
A0A2K9RFZ8	C7E5W0	26.100	266	814	533	9.924E-12	72
A0A2K9RFZ8	Q6JD73	24.700	249	814	554	9.924E-12	72
A0A2K9RFZ8	C7E5V9	26.400	266	814	533	1.725E-11	71
A0A2K9RFZ8	C7E5V7	26.400	266	814	534	1.725E-11	71
A0A2K9RFZ8	P0CV95	23.900	278	814	578	2.274E-11	71
A0A2K9RFZ8	C7E5V8	26.100	266	814	533	3.953E-11	70
A0A2K9RFZ8	Q6JD70	24.700	249	814	554	3.953E-11	70
A0A2K9RFZ8	J7LMP2	26.100	270	814	565	5.211E-11	70
A0A2K9RFZ8	Q9T0J9	26.200	268	814	554	6.870E-11	69
A0A2K9RFZ8	Q84ND0	26.200	225	814	581	1.893E-09	64
A0A2K9RFZ8	Q84NC9	26.200	225	814	584	1.893E-09	64
A0A2K9RFZ8	Q84NC8	24.800	225	814	579	7.534E-09	63
A0A2K9RFZ8	Q29VN2	23.600	241	814	581	3.601E-07	57
A0A2K9RFZ8	Q84UV0	21.900	275	814	569	9.895E-06	52
C0HLF7	P86169	82.700	110	107	122	2.645E-65	217
C0HLF7	Q6EER2	81.900	111	107	138	2.645E-65	217
C0HLF7	P62022	82.700	110	107	138	2.645E-65	217
C0HLF7	P62023	82.700	110	107	138	2.645E-65	217
C0HLF7	P0CG56	80.900	110	107	122	4.547E-64	213
C0HLF7	P0CAS5	79.000	110	107	122	5.208E-62	207
C0HLF7	P0CAS2	78.100	110	107	122	9.800E-62	207
C0HLF7	P24027	78.800	109	107	138	2.530E-61	205
C0HLF7	P0CAS6	77.900	109	107	122	2.312E-60	203
C0HLF7	P14421	80.000	110	107	122	3.171E-60	202
C0HLF7	P0CAS3	76.100	109	107	122	5.967E-60	201
C0HLF7	C0HJL8	75.600	111	107	122	2.898E-59	199
C0HLF7	P0CAS4	73.300	109	107	122	2.649E-58	197
C0HLF7	P86806	76.100	108	107	122	1.765E-57	194
C0HLF7	P0CAS7	74.500	109	107	121	3.322E-57	194
C0HLF7	P86805	74.300	108	107	122	1.613E-56	192
C0HLF7	Q90W39	73.600	110	107	138	4.366E-53	182
C0HLF7	Q6EER5	71.800	110	107	122	3.992E-52	179
C0HLF7	Q71QE8	72.000	111	107	138	3.992E-52	179
C0HLF7	P0C942	68.100	110	107	122	1.031E-51	178
C0HLF7	Q1ZY03	71.800	110	107	138	1.031E-51	178
C0HLF7	Q805A2	70.000	110	107	138	2.433E-50	174
C0HLF7	Q6EER6	70.000	110	107	122	8.619E-50	172
C0HLF7	P0C943	65.400	110	107	122	1.622E-49	171
C0HLF7	Q6EER4	67.200	110	107	138	2.035E-48	168
C0HLF7	P86974	66.900	109	107	122	2.792E-48	168
C0HLF7	P45881	66.900	109	107	138	5.255E-48	167
C0HLF7	Q6H3C5	65.100	109	107	122	1.861E-47	166
C0HLF7	Q2YHJ2	65.100	109	107	138	3.503E-47	165
C0HLF7	Q6EER3	67.200	110	107	138	3.503E-47	165
C0HLF7	Q2YHJ7	65.100	109	107	138	4.806E-47	164
C0HLF7	O42187	66.900	109	107	138	1.135E-45	160
C0HLF7	P04417	64.500	110	107	122	2.137E-45	160
C0HLF7	Q02517	66.600	108	107	138	2.137E-45	160
C0HLF7	Q90Y77	66.600	108	107	138	2.931E-45	159
C0HLF7	P59071	64.200	109	107	121	1.425E-44	157
C0HLF7	A8CG84	64.200	109	107	137	1.425E-44	157
C0HLF7	P59264	64.800	108	107	122	6.925E-44	155
C0HLF7	F8QN54	61.400	109	107	138	6.925E-44	155
C0HLF7	C0HK16	63.300	109	107	121	1.303E-43	154
C0HLF7	P86368	62.300	109	107	121	1.303E-43	154
C0HLF7	P59265	63.800	108	107	122	3.366E-43	153
C0HLF7	O42189	64.700	102	107	124	1.193E-42	152
C0HLF7	P14424	59.600	109	107	138	1.193E-42	152
C0HLF7	C0HKC3	60.100	103	107	139	1.193E-42	152
C0HLF7	C0HJC1	61.400	109	107	122	1.636E-42	151
C0HLF7	C0HKC4	60.100	103	107	123	2.245E-42	151
C0HLF7	P51972	60.100	103	107	123	2.245E-42	151
C0HLF7	P84674	60.500	109	107	121	3.080E-42	151
C0HLF7	O42190	63.100	103	107	124	7.954E-42	149
C0HLF7	P59171	58.700	109	107	138	7.954E-42	149
C0HLF7	P11407	59.600	109	107	138	1.091E-41	149
C0HLF7	P00626	59.600	109	107	138	1.091E-41	149
C0HLF7	Q9I968	59.000	110	107	138	3.538E-40	145
C0HLF7	Q92147	56.300	110	107	138	1.720E-39	143
C0HLF7	F8QN51	54.500	110	107	137	4.443E-39	141
C0HLF7	A8CG86	56.300	110	107	138	6.095E-39	141
C0HLF7	Q6H3C7	55.600	106	107	139	1.147E-38	140
C0HLF7	Q9PVF2	55.600	106	107	139	1.147E-38	140
C0HLF7	P84651	54.500	110	107	122	1.574E-38	140
C0HLF7	Q7T2R1	55.400	110	107	138	2.160E-38	139
C0HLF7	P59170	54.500	110	107	139	5.579E-38	138
C0HLF7	Q910A0	56.000	107	107	138	1.050E-37	138
C0HLF7	Q10755	54.100	109	107	122	1.441E-37	137
C0HLF7	O42191	55.800	102	107	124	1.441E-37	137
C0HLF7	A8CG87	52.700	110	107	138	1.441E-37	137
C0HLF7	A8CG78	52.700	110	107	138	1.441E-37	137
C0HLF7	P70088	54.500	110	107	138	1.441E-37	137
C0HLF7	Q6H3C8	54.500	110	107	138	1.441E-37	137
C0HLF7	P86803	58.500	110	107	121	1.977E-37	137
C0HLF7	P24293	55.400	110	107	121	1.977E-37	137
C0HLF7	P81458	54.500	110	107	121	1.977E-37	137
C0HLF7	P14420	54.100	109	107	122	1.977E-37	137
C0HLF7	A8CG90	55.400	110	107	137	1.977E-37	137
C0HLF7	Q8JFG0	54.100	109	107	138	1.977E-37	137
C0HLF7	P0DKR3	53.600	110	107	122	3.722E-37	136
C0HLF7	Q90ZZ9	54.500	110	107	138	3.722E-37	136
C0HLF7	O42192	51.300	109	107	122	5.106E-37	136
C0HLF7	Q7LZQ4	54.900	102	107	124	5.106E-37	136
C0HLF7	Q1RP78	53.200	109	107	138	5.106E-37	136
C0HLF7	Q1RP79	53.200	109	107	138	5.106E-37	136
C0HLF7	Q910A1	53.600	110	107	138	7.006E-37	135
C0HLF7	P0DKR5	53.200	109	107	122	1.810E-36	134
C0HLF7	Q8QG87	50.900	110	107	138	2.483E-36	134
C0HLF7	G3DT18	51.800	110	107	138	2.483E-36	134
C0HLF7	P86389	52.600	112	107	124	3.407E-36	133
C0HLF7	P20249	50.400	109	107	122	4.674E-36	133
C0HLF7	P14418	53.900	102	107	124	4.674E-36	133
C0HLF7	P86456	53.200	108	107	121	6.413E-36	132
C0HLF7	P31854	50.000	110	107	138	6.413E-36	132
C0HLF7	P24294	51.800	110	107	121	8.799E-36	132
C0HLF7	Q7SID6	53.900	102	107	123	8.799E-36	132
C0HLF7	C3W4R6	52.200	109	107	138	8.799E-36	132
C0HLF7	A8E2V8	54.900	102	107	139	8.799E-36	132
C0HLF7	P34180	53.600	110	107	137	1.207E-35	132
C0HLF7	P20476	50.000	110	107	138	1.207E-35	132
C0HLF7	Q6H3D0	50.000	110	107	138	1.207E-35	132
C0HLF7	P00625	55.300	103	107	139	1.207E-35	132
C0HLF7	P81479	50.000	110	107	122	1.656E-35	131
C0HLF7	P81478	55.100	107	107	122	1.656E-35	131
C0HLF7	B6CQR5	52.200	109	107	138	1.656E-35	131
C0HLF7	Q2YHJ5	50.400	109	107	122	2.273E-35	131
C0HLF7	Q8AXY1	53.200	109	107	138	2.273E-35	131
C0HLF7	Q6H3C9	55.800	102	107	138	2.273E-35	131
C0HLF7	Q98996	51.800	110	107	138	2.273E-35	131
C0HLF7	B5U6Z2	51.800	110	107	138	2.273E-35	131
C0HLF7	Q2HZ28	48.600	109	107	138	3.118E-35	130
C0HLF7	P21789	52.700	110	107	120	4.279E-35	130
C0HLF7	Q6H3C6	54.900	102	107	122	1.105E-34	129
C0HLF7	C9DPL5	50.900	110	107	122	1.105E-34	129
C0HLF7	P81480	49.000	110	107	122	1.105E-34	129
C0HLF7	Q9PWR6	50.900	110	107	138	1.105E-34	129
C0HLF7	Q800C3	51.800	106	107	138	1.105E-34	129
C0HLF7	Q800C4	50.000	110	107	138	1.105E-34	129
C0HLF7	Q800C2	51.800	106	107	138	1.105E-34	129
C0HLF7	Q02471	51.300	109	107	138	1.105E-34	129
C0HLF7	Q800C1	50.900	106	107	138	1.105E-34	129
C0HLF7	Q9YGJ7	52.700	109	107	137	1.516E-34	128
C0HLF7	Q2YHJ6	53.200	107	107	138	1.516E-34	128
C0HLF7	Q91506	58.200	102	107	122	2.081E-34	128
C0HLF7	P81243	50.400	111	107	124	2.081E-34	128
C0HLF7	Q7ZTA8	50.000	108	107	138	2.081E-34	128
C0HLF7	P86804	55.800	110	107	121	2.855E-34	128
C0HLF7	Q7ZTA6	50.000	108	107	138	2.855E-34	128
C0HLF7	Q9PVF1	53.900	102	107	126	5.375E-34	127
C0HLF7	Q7ZTA7	50.900	106	107	138	5.375E-34	127
C0HLF7	Q9PVE9	53.900	102	107	139	5.375E-34	127
C0HLF7	P0DJP4	52.300	107	107	122	7.374E-34	126
C0HLF7	P0DJJ9	57.200	110	107	138	7.374E-34	126
C0HLF7	P00622	57.700	90	107	121	1.012E-33	126
C0HLF7	P82896	51.400	107	107	122	1.012E-33	126
C0HLF7	P00624	49.500	109	107	138	1.012E-33	126
C0HLF7	P06859	58.800	101	107	138	1.012E-33	126
C0HLF7	Q9PVF0	52.900	102	107	126	1.388E-33	126
C0HLF7	Q2YHJ3	52.300	107	107	138	1.388E-33	126
C0HLF7	Q2PG83	57.800	101	107	138	1.905E-33	125
C0HLF7	P00623	48.600	109	107	138	1.905E-33	125
C0HLF7	C7G1G6	56.300	110	107	138	1.905E-33	125
C0HLF7	P0DJJ8	56.300	110	107	138	3.586E-33	124
C0HLF7	Q7T3S7	50.000	110	107	136	9.264E-33	123
C0HLF7	A8E2V9	54.500	110	107	136	1.271E-32	123
C0HLF7	P0CAR9	49.000	109	107	137	1.744E-32	123
C0HLF7	P39877	48.600	111	107	138	1.744E-32	123
C0HLF7	A8CG82	49.500	109	107	138	1.744E-32	123
C0HLF7	Q2PG81	55.800	102	107	137	3.284E-32	122
C0HLF7	P47711	51.300	113	107	145	3.284E-32	122
C0HLF7	D0UGJ0	44.500	110	107	139	4.506E-32	121
C0HLF7	P31482	51.300	113	107	146	6.182E-32	121
C0HLF7	P00621	50.400	107	107	119	8.483E-32	121
C0HLF7	P14555	50.000	112	107	144	3.007E-31	119
C0HLF7	Q9UNK4	50.800	112	107	145	4.126E-31	119
C0HLF7	Q9WVF6	48.200	112	107	144	2.753E-30	116
C0HLF7	P00620	50.000	103	107	118	3.778E-30	116
C0HLF7	P97391	47.700	111	107	137	7.113E-30	115
C0HLF7	P14423	48.200	112	107	146	1.339E-29	114
C0HLF7	P58464	50.900	109	107	120	2.309E-28	111
C0HLF7	P51433	45.900	111	107	137	2.309E-28	111
C0HLF7	Q56JZ2	47.700	111	107	144	8.186E-28	109
C0HLF7	P39878	46.700	107	107	150	1.029E-26	106
C0HLF7	P48076	45.700	107	107	150	2.658E-26	105
C0HLF7	Q9QUL3	47.300	111	107	142	6.867E-26	104
C0HLF7	C0HK05	89.300	47	107	47	6.290E-25	101
C0HLF7	P0CAS0	44.500	108	107	136	6.290E-25	101
C0HLF7	B3EWP6	63.300	60	107	60	1.085E-23	97
C0HLF7	P08872	47.800	92	107	144	4.834E-22	93
C0HLF7	C0HKB8	47.800	93	107	117	6.632E-22	92
C0HLF7	P0CV89	51.100	90	107	61	9.101E-22	92
C0HLF7	Q7T2Q4	45.200	95	107	147	2.351E-21	91
C0HLF7	Q9PTA6	47.400	95	107	138	4.427E-21	90
C0HLF7	Q8UUH8	46.700	92	107	145	6.075E-21	89
C0HLF7	P0DJ62	61.000	59	107	60	2.955E-20	87
C0HLF7	Q8UUI0	45.600	92	107	155	2.955E-20	87
C0HLF7	F5CPF0	43.600	93	107	140	4.055E-20	87
C0HLF7	P10116	44.500	92	107	118	5.564E-20	87
C0HLF7	Q6T179	42.500	94	107	126	5.564E-20	87
C0HLF7	P00613	45.000	102	107	118	7.634E-20	86
C0HLF7	Q9PU97	46.400	95	107	137	1.048E-19	86
C0HLF7	Q6YIJ3	46.400	95	107	137	1.048E-19	86
C0HLF7	Q8UUH7	44.500	92	107	154	1.048E-19	86
C0HLF7	Q90251	46.400	95	107	137	1.437E-19	85
C0HLF7	P00611	43.100	102	107	145	1.437E-19	85
C0HLF7	Q9BZM2	40.000	113	107	168	1.437E-19	85
C0HLF7	P0DM51	69.300	49	107	50	1.972E-19	85
C0HLF7	Q9PTA5	47.000	95	107	137	1.972E-19	85
C0HLF7	Q7T2Q5	44.200	95	107	147	1.972E-19	85
C0HLF7	C0HKB9	45.200	95	107	119	2.706E-19	85
C0HLF7	Q8UUH9	44.500	92	107	155	2.706E-19	85
C0HLF7	Q8AY48	46.400	95	107	137	3.714E-19	84
C0HLF7	Q6YNQ0	45.400	95	107	137	3.714E-19	84
C0HLF7	P00619	45.400	95	107	147	3.714E-19	84
C0HLF7	P00612	44.100	102	107	118	5.095E-19	84
C0HLF7	P00617	46.400	95	107	147	5.095E-19	84
C0HLF7	P17934	46.900	94	107	147	5.095E-19	84
C0HLF7	P25498	44.600	94	107	119	6.992E-19	83
C0HLF7	P20255	44.500	92	107	118	1.316E-18	83
C0HLF7	P60044	43.900	91	107	126	1.316E-18	83
C0HLF7	P08873	44.500	92	107	145	1.316E-18	83
C0HLF7	P81237	43.400	92	107	118	1.806E-18	82
C0HLF7	P00595	43.600	94	107	119	3.401E-18	81
C0HLF7	C1IC46	45.800	95	107	137	3.401E-18	81
C0HLF7	Q6SLM1	43.600	93	107	137	3.401E-18	81
C0HLF7	P00606	46.300	93	107	145	3.401E-18	81
C0HLF7	Q75S51	52.700	74	107	147	3.401E-18	81
C0HLF7	P20256	43.400	92	107	118	4.666E-18	81
C0HLF7	C1IC45	45.800	95	107	137	4.666E-18	81
C0HLF7	P20250	42.300	92	107	117	6.402E-18	81
C0HLF7	P60045	42.500	94	107	126	6.402E-18	81
C0HLF7	Q92086	42.500	94	107	146	6.402E-18	81
C0HLF7	Q9I900	43.600	94	107	146	6.402E-18	81
C0HLF7	Q9PUH9	44.600	94	107	147	6.402E-18	81
C0HLF7	Q45Z27	43.000	100	107	151	6.402E-18	81
C0HLF7	Q45Z29	43.000	100	107	151	6.402E-18	81
C0HLF7	Q45Z30	43.000	100	107	151	6.402E-18	81
C0HLF7	P04056	43.400	92	107	118	8.785E-18	80
C0HLF7	P20253	42.300	92	107	118	8.785E-18	80
C0HLF7	P20251	42.300	92	107	118	8.785E-18	80
C0HLF7	Q8QFW4	44.400	95	107	147	8.785E-18	80
C0HLF7	P07037	42.500	94	107	119	1.205E-17	80
C0HLF7	Q9DF52	41.400	93	107	145	1.205E-17	80
C0HLF7	Q9PUI0	44.600	94	107	147	1.205E-17	80
C0HLF7	Q45Z26	43.000	100	107	151	1.205E-17	80
C0HLF7	Q45Z28	43.000	100	107	151	1.205E-17	80
C0HLF7	Q9QXX3	39.300	99	107	151	1.205E-17	80
C0HLF7	Q9W7J3	42.000	99	107	154	1.205E-17	80
C0HLF7	Q8QFW3	45.200	95	107	147	1.654E-17	79
C0HLF7	P0C933	62.000	50	107	49	2.269E-17	79
C0HLF7	P20258	42.300	92	107	117	2.269E-17	79
C0HLF7	P20252	42.300	92	107	118	2.269E-17	79
C0HLF7	Q9PSN5	42.000	100	107	125	2.269E-17	79
C0HLF7	P0C551	43.000	99	107	142	2.269E-17	79
C0HLF7	Q9PUH5	42.300	92	107	145	2.269E-17	79
C0HLF7	Q9PUH8	44.600	94	107	147	2.269E-17	79
C0HLF7	A4FS04	42.500	94	107	119	3.114E-17	79
C0HLF7	Q92085	41.400	94	107	146	3.114E-17	79
C0HLF7	P00598	42.500	94	107	146	3.114E-17	79
C0HLF7	P00596	42.500	94	107	146	3.114E-17	79
C0HLF7	P60043	43.900	91	107	126	4.272E-17	78
C0HLF7	Q6SLM0	42.500	93	107	137	4.272E-17	78
C0HLF7	Q9PUH6	42.300	92	107	145	4.272E-17	78
C0HLF7	Q7T1R1	45.700	94	107	146	4.272E-17	78
C0HLF7	P00600	42.500	94	107	119	5.862E-17	78
C0HLF7	D2X8K2	41.200	108	107	119	5.862E-17	78
C0HLF7	Q9I845	42.100	102	107	145	5.862E-17	78
C0HLF7	Q9I843	42.100	102	107	145	5.862E-17	78
C0HLF7	Q7T1R0	43.400	94	107	146	5.862E-17	78
C0HLF7	Q9I844	42.100	102	107	145	8.043E-17	78
C0HLF7	Q9I847	42.100	102	107	145	8.043E-17	78
C0HLF7	Q45Z25	42.000	100	107	151	8.043E-17	78
C0HLF7	P20259	43.400	92	107	117	1.103E-16	77
C0HLF7	Q8UUI2	42.300	92	107	145	1.103E-16	77
C0HLF7	Q91133	42.500	94	107	146	1.103E-16	77
C0HLF7	P04055	44.300	97	107	146	1.103E-16	77
C0HLF7	P00601	42.500	94	107	119	1.514E-16	77
C0HLF7	Q6SLM2	42.500	93	107	137	1.514E-16	77
C0HLF7	Q8JFG2	43.000	100	107	152	1.514E-16	77
C0HLF7	Q9I842	41.100	102	107	145	2.850E-16	76
C0HLF7	Q9I837	41.100	102	107	145	3.911E-16	76
C0HLF7	P14411	42.100	93	107	135	5.366E-16	75
C0HLF7	Q9PUI1	42.500	94	107	145	5.366E-16	75
C0HLF7	P59359	42.500	94	107	145	5.366E-16	75
C0HLF7	Q9QZT3	38.300	99	107	151	5.366E-16	75
C0HLF7	P00599	40.800	93	107	118	7.362E-16	75
C0HLF7	P19000	43.400	92	107	145	7.362E-16	75
C0HLF7	Q4VRI5	41.400	99	107	154	7.362E-16	75
C0HLF7	Q8UUI4	43.400	92	107	145	1.010E-15	74
C0HLF7	P80966	43.000	100	107	151	1.010E-15	74
C0HLF7	P81236	42.300	92	107	119	1.386E-15	74
C0HLF7	Q8UUI3	43.400	92	107	145	1.386E-15	74
C0HLF7	Q8UW08	42.700	103	107	146	1.386E-15	74
C0HLF7	Q9W7J4	46.800	79	107	154	1.386E-15	74
C0HLF7	O15496	38.400	91	107	165	1.386E-15	74
C0HLF7	F5CPF1	41.000	95	107	142	1.901E-15	74
C0HLF7	Q8UW30	41.700	103	107	146	1.901E-15	74
C0HLF7	Q8UW31	40.000	100	107	152	2.609E-15	73
C0HLF7	Q9PUH7	41.900	93	107	144	3.579E-15	73
C0HLF7	Q45Z42	41.900	93	107	146	3.579E-15	73
C0HLF7	C0HJU3	56.200	48	107	48	4.910E-15	72
C0HLF7	P0CAS9	88.200	34	107	34	6.737E-15	72
C0HLF7	P00604	41.300	92	107	118	6.737E-15	72
C0HLF7	P14556	41.300	92	107	118	6.737E-15	72
C0HLF7	Q9PUH0	41.100	102	107	146	6.737E-15	72
C0HLF7	P00602	41.300	92	107	118	9.243E-15	72
C0HLF7	Q8AY47	50.000	72	107	139	9.243E-15	72
C0HLF7	P00609	39.700	93	107	119	1.268E-14	71
C0HLF7	Q9PUH4	40.100	102	107	146	1.268E-14	71
C0HLF7	P00605	41.300	92	107	118	1.740E-14	71
C0HLF7	Q9PUH1	41.100	102	107	146	2.387E-14	70
C0HLF7	Q9PUH3	39.200	102	107	146	4.492E-14	70
C0HLF7	Q9PUH2	40.100	102	107	146	4.492E-14	70
C0HLF7	Q3C2C1	32.300	130	107	158	4.492E-14	70
C0HLF7	P00603	40.200	92	107	118	6.163E-14	69
C0HLF7	Q9PUG9	40.200	93	107	144	6.163E-14	69
C0HLF7	P00610	38.800	103	107	119	1.591E-13	68
C0HLF7	F8J2D0	40.800	93	107	146	1.591E-13	68
C0HLF7	F8J2D2	40.800	93	107	146	4.108E-13	67
C0HLF7	Q9PRG0	40.400	94	107	145	2.737E-12	64
C0HLF7	P0DM50	64.100	39	107	40	1.329E-11	63
C0HLF7	P59068	55.700	52	107	57	1.329E-11	63
C0HLF7	P59070	52.000	48	107	48	1.107E-09	57
C0HLF7	P14422	58.900	39	107	68	4.884E-08	52
P0DTE5	Q6PDD0	84.800	528	536	528	1.981E-316	966
P0DTE5	Q9Y4X1	80.800	523	536	527	5.794E-295	904
P0DTE5	P36510	75.700	516	536	527	7.814E-279	857
P0DTE5	Q80X89	75.800	517	536	528	2.009E-278	856
P0DTE5	Q9R110	69.500	507	536	530	1.596E-235	732
P0DTE5	O75795	64.900	507	536	530	1.641E-226	706
P0DTE5	Q8BWQ1	66.400	510	536	534	1.832E-224	700
P0DTE5	P06133	64.500	507	536	528	3.835E-222	694
P0DTE5	P54855	63.500	507	536	530	2.528E-221	691
P0DTE5	Q5RFJ3	65.000	507	536	527	3.462E-221	691
P0DTE5	Q6UWM9	65.300	507	536	527	1.504E-219	686
P0DTE5	P16662	63.100	507	536	529	3.863E-219	685
P0DTE5	Q6K1J1	62.400	507	536	530	3.863E-219	685
P0DTE5	O97951	63.100	507	536	529	7.243E-219	684
P0DTE5	Q9XT55	63.800	507	536	528	3.486E-218	682
P0DTE5	O02663	62.700	507	536	529	3.147E-217	679
P0DTE5	P09875	62.000	505	536	529	2.074E-216	677
P0DTE5	Q9GLD9	61.800	507	536	529	9.008E-215	672
P0DTE5	O75310	61.600	507	536	529	8.128E-214	670
P0DTE5	Q8WN97	62.400	507	536	528	3.911E-213	668
P0DTE5	P36514	62.600	499	536	502	6.616E-212	664
P0DTE5	P36513	59.400	507	536	530	2.336E-208	654
P0DTE5	Q9BY64	60.400	507	536	529	7.404E-207	649
P0DTE5	P36512	57.900	531	536	531	3.575E-203	639
P0DTE5	O19103	58.300	507	536	523	1.132E-201	634
P0DTE5	P08541	56.900	530	536	530	1.135E-198	626
P0DTE5	P17717	58.800	507	536	530	1.135E-198	626
P0DTE5	P08542	55.200	530	536	530	8.306E-193	609
P0DTE5	Q62789	54.900	529	536	530	6.066E-190	601
P0DTE5	Q63886	44.700	506	536	535	3.334E-141	459
P0DTE5	Q64638	44.800	505	536	531	2.179E-140	457
P0DTE5	Q64550	44.900	506	536	535	7.615E-140	455
P0DTE5	P22309	45.100	506	536	533	8.304E-138	449
P0DTE5	P70691	44.800	505	536	533	8.304E-138	449
P0DTE5	Q6ZQM8	44.400	506	536	531	1.552E-137	449
P0DTE5	Q64435	44.500	514	536	531	2.901E-137	448
P0DTE5	P20720	44.600	505	536	533	2.590E-136	445
P0DTE5	P35503	44.300	506	536	534	9.046E-136	443
P0DTE5	Q64633	43.600	506	536	531	3.159E-135	442
P0DTE5	P08430	44.500	514	536	529	4.319E-135	441
P0DTE5	Q64637	44.000	505	536	531	1.103E-134	440
P0DTE5	Q62452	44.500	506	536	528	1.508E-134	440
P0DTE5	Q9HAW9	44.500	506	536	530	5.267E-134	438
P0DTE5	P35504	44.100	506	536	534	5.267E-134	438
P0DTE5	P22310	44.100	506	536	534	2.514E-133	436
P0DTE5	Q9HAW8	45.100	506	536	530	2.242E-132	434
P0DTE5	Q64634	43.700	506	536	530	2.242E-132	434
P0DTE5	Q9HAW7	45.200	506	536	530	7.826E-132	432
P0DTE5	Q28612	43.600	505	536	532	1.999E-131	431
P0DTE5	Q28611	44.300	514	536	531	4.548E-130	427
P0DTE5	Q91280	39.000	472	536	472	1.781E-109	367
P0DTE5	Q09426	36.100	477	536	541	9.209E-95	324
P0DTE5	Q64676	35.400	493	536	541	2.335E-94	323
P0DTE5	Q16880	35.500	495	536	541	3.184E-94	322
P0DTE5	Q1LZI1	34.500	468	536	523	4.217E-76	269
P0DTE5	Q3UP75	31.900	516	536	523	1.693E-74	264
P0DTE5	Q6NUS8	32.900	487	536	523	1.986E-71	255
P0DTE5	Q3SY77	33.500	467	536	523	3.670E-71	254
P0DTE5	Q20086	28.200	493	536	533	1.380E-51	196
P0DTE5	Q21706	25.500	480	536	536	1.484E-35	147
P0DTE5	P34317	27.800	391	536	507	5.363E-31	133
P0DTE5	Q18081	25.800	398	536	526	2.282E-30	131
P0DTE5	Q10941	23.800	516	536	531	9.582E-26	116
P0DTE5	Q22181	21.800	408	536	524	1.002E-13	78
P0DTE5	Q22180	23.300	414	536	512	5.361E-13	75
P0DTE5	Q6X1C0	35.200	121	536	460	2.167E-12	73
P0DTE5	Q9LSY9	30.700	150	536	473	6.175E-11	68
P0DTE5	Q8KHE4	23.800	309	536	421	1.884E-10	67
P0DTE5	A0A067YB04	27.900	177	536	471	4.349E-10	66
P0DTE5	Q01330	23.600	396	536	413	1.752E-09	64
P0DTE5	V5LLZ9	31.400	126	536	510	1.752E-09	64
P0DTE5	F8WKW8	29.200	139	536	444	5.339E-09	62
P0DTE5	Q43641	30.300	154	536	433	7.054E-09	62
P0DTE5	Q9ZSK5	31.000	128	536	459	7.054E-09	62
P0DTE5	O48676	30.300	164	536	460	7.054E-09	62
P0DTE5	O82381	27.500	166	536	481	1.231E-08	61
P0DTE5	A6BM07	33.600	98	536	474	1.627E-08	61
P0DTE5	Q66PF4	29.400	118	536	555	2.149E-08	60
P0DTE5	Q41819	35.200	101	536	471	2.839E-08	60
P0DTE5	Q9LR44	25.200	204	536	469	4.953E-08	59
P0DTE5	Q9AR73	33.900	109	536	470	4.953E-08	59
P0DTE5	U3U992	27.200	186	536	482	6.543E-08	59
P0DTE5	Q2V6J9	32.200	120	536	487	8.642E-08	58
P0DTE5	Q9MB73	27.200	178	536	511	8.642E-08	58
P0DTE5	Q9ZR26	27.200	146	536	443	1.142E-07	58
P0DTE5	Q96493	27.200	186	536	453	1.142E-07	58
P0DTE5	Q9ZR27	27.500	144	536	460	1.142E-07	58
P0DTE5	Q9ZR25	29.800	150	536	461	1.142E-07	58
P0DTE5	Q5XF20	27.300	127	536	490	1.508E-07	57
P0DTE5	Q40285	26.000	149	536	346	1.991E-07	57
P0DTE5	Q40288	29.100	150	536	394	1.991E-07	57
P0DTE5	P16165	38.200	78	536	471	1.991E-07	57
P0DTE5	P16167	38.200	78	536	471	1.991E-07	57
P0DTE5	P16166	38.200	78	536	471	2.630E-07	57
P0DTE5	F8WKW0	26.300	162	536	474	2.630E-07	57
P0DTE5	Q40284	38.200	68	536	449	3.474E-07	56
P0DTE5	F8WKW1	31.400	123	536	481	3.474E-07	56
P0DTE5	Q9LVF0	28.400	122	536	496	3.474E-07	56
P0DTE5	Q9M156	27.100	136	536	480	8.003E-07	55
P0DTE5	Q94AB5	27.300	149	536	458	1.057E-06	55
P0DTE5	Q9LFJ8	33.000	119	536	460	1.396E-06	54
P0DTE5	Q767C8	28.300	140	536	463	1.843E-06	54
P0DTE5	Q8W491	28.000	157	536	481	1.843E-06	54
P0DTE5	B4G072	45.000	51	536	462	2.434E-06	53
P0DTE5	Q8RXA5	41.800	55	536	463	2.434E-06	53
P0DTE5	G3FIN9	25.600	162	536	483	2.434E-06	53
P0DTE5	Q5UL10	34.500	106	536	465	3.214E-06	53
P0DTE5	Q66PF5	33.600	106	536	466	5.605E-06	52
P0DTE5	B2NID7	25.900	157	536	504	5.605E-06	52
P0DTE5	Q40289	34.900	103	536	287	7.401E-06	52
P0DTE5	Q93XP7	40.000	55	536	467	7.401E-06	52
P0DTE5	Q9AT54	29.100	119	536	476	7.401E-06	52
P0DTE5	P51094	23.800	173	536	456	9.772E-06	51
P0DTE5	Q6JAH0	40.000	55	536	466	1.290E-05	51
P0DTE5	Q9LML6	25.100	142	536	479	1.290E-05	51
P0DTE5	Q94C57	30.000	120	536	483	1.290E-05	51
P0DTE5	Q8GVE3	25.000	163	536	452	2.249E-05	50
P0DTE5	Q9S9P6	30.800	112	536	453	2.249E-05	50
P0DTE5	Q9ZQG4	30.600	123	536	484	2.249E-05	50
P0DTE5	Q8W2B7	39.300	61	536	459	2.970E-05	50
P0DTE5	O81498	28.100	96	536	481	3.921E-05	49
P0DTE5	Q9LVR1	37.000	62	536	481	5.177E-05	49
P0DTE5	Q40286	50.000	44	536	241	6.835E-05	49
P0DTE5	Q6WFW1	38.400	52	536	475	2.076E-04	47
P0DTE5	Q8H0F2	28.800	124	536	482	2.076E-04	47
P0DTE5	Q7Y232	28.000	120	536	484	2.076E-04	47
P0DTE5	Q40287	38.200	47	536	487	2.076E-04	47
P0DTE5	P21686	23.100	183	536	431	8.325E-04	45
A0A5C1REZ4	Q1ERI2	55.500	478	494	501	5.017E-175	555
A0A5C1REZ4	A0A162J448	55.500	478	494	501	5.017E-175	555
A0A5C1REZ4	B8M9K4	38.500	464	494	515	3.039E-95	323
A0A5C1REZ4	O34660	37.100	453	494	495	1.528E-92	316
A0A5C1REZ4	P46367	36.000	457	494	519	1.043E-89	307
A0A5C1REZ4	Q985M6	35.200	475	494	487	9.174E-89	304
A0A5C1REZ4	Q9SU63	38.000	456	494	538	3.177E-88	303
A0A5C1REZ4	P71016	37.000	461	494	490	8.063E-88	302
A0A5C1REZ4	O35945	36.300	467	494	501	3.807E-87	300
A0A5C1REZ4	Q25417	37.400	459	494	498	5.192E-87	299
A0A5C1REZ4	Q9JHW9	37.300	457	494	512	7.082E-87	299
A0A5C1REZ4	Q8K4D8	36.600	457	494	512	2.451E-86	297
A0A5C1REZ4	P47895	36.200	470	494	512	2.150E-85	295
A0A5C1REZ4	P86886	36.100	450	494	501	3.998E-85	294
A0A5C1REZ4	Q66HF8	36.800	457	494	519	1.014E-84	293
A0A5C1REZ4	P24549	34.800	467	494	501	1.383E-84	292
A0A5C1REZ4	P30837	36.400	465	494	517	1.383E-84	292
A0A5C1REZ4	P42041	36.000	460	494	497	1.885E-84	292
A0A5C1REZ4	Q27640	35.900	450	494	497	2.571E-84	291
A0A5C1REZ4	Q5R6B5	36.200	465	494	517	3.505E-84	291
A0A5C1REZ4	P08157	35.900	455	494	497	4.779E-84	291
A0A5C1REZ4	Q29490	35.200	467	494	501	4.779E-84	291
A0A5C1REZ4	Q9CZS1	36.400	457	494	519	4.779E-84	291
A0A5C1REZ4	P51647	34.800	467	494	501	8.885E-84	290
A0A5C1REZ4	Q56YU0	36.600	460	494	501	1.211E-83	289
A0A5C1REZ4	C0RHQ3	33.800	475	494	487	2.252E-83	289
A0A5C1REZ4	Q1BQE1	34.800	469	494	489	2.252E-83	289
A0A5C1REZ4	A0B2F6	34.800	469	494	489	2.252E-83	289
A0A5C1REZ4	P13601	36.200	459	494	501	2.252E-83	289
A0A5C1REZ4	P40108	35.200	468	494	496	3.070E-83	288
A0A5C1REZ4	Q8YFY0	33.800	475	494	487	4.186E-83	288
A0A5C1REZ4	C3MIE5	34.600	480	494	487	4.186E-83	288
A0A5C1REZ4	A6X2G8	33.600	475	494	487	4.186E-83	288
A0A5C1REZ4	B2SA42	33.800	475	494	487	4.186E-83	288
A0A5C1REZ4	Q2YMP8	33.800	475	494	487	4.186E-83	288
A0A5C1REZ4	Q57EI0	33.800	475	494	487	4.186E-83	288
A0A5C1REZ4	B1K708	34.600	469	494	489	5.707E-83	287
A0A5C1REZ4	P41751	36.100	455	494	497	7.781E-83	287
A0A5C1REZ4	Q8R0Y6	34.300	470	494	902	7.781E-83	287
A0A5C1REZ4	P28037	34.500	470	494	902	7.781E-83	287
A0A5C1REZ4	A9AN00	34.400	469	494	489	1.061E-82	287
A0A5C1REZ4	O06837	35.800	461	494	502	1.061E-82	287
A0A5C1REZ4	Q39A43	34.600	469	494	489	1.446E-82	286
A0A5C1REZ4	Q63ZT8	32.400	470	494	902	1.972E-82	286
A0A5C1REZ4	B4EHJ1	34.400	469	494	489	2.688E-82	286
A0A5C1REZ4	A3MEC6	35.000	474	494	489	2.688E-82	286
A0A5C1REZ4	A2RWD6	35.000	474	494	489	2.688E-82	286
A0A5C1REZ4	Q62CH7	35.000	474	494	489	2.688E-82	286
A0A5C1REZ4	A1UVS4	35.000	474	494	489	2.688E-82	286
A0A5C1REZ4	Q8G1Z9	33.600	475	494	487	3.664E-82	285
A0A5C1REZ4	A9M9H7	33.600	475	494	487	3.664E-82	285
A0A5C1REZ4	Q0B712	34.200	469	494	489	3.664E-82	285
A0A5C1REZ4	A3NKP8	35.000	474	494	489	4.995E-82	285
A0A5C1REZ4	B1Z033	34.200	469	494	489	6.809E-82	284
A0A5C1REZ4	A3P6B0	34.800	474	494	489	6.809E-82	284
A0A5C1REZ4	Q3JLL8	34.800	474	494	489	6.809E-82	284
A0A5C1REZ4	B1LIJ8	36.000	467	494	490	6.809E-82	284
A0A5C1REZ4	O94788	34.300	465	494	518	6.809E-82	284
A0A5C1REZ4	A4JJG5	34.600	469	494	489	9.282E-82	284
A0A5C1REZ4	O93344	34.700	465	494	518	9.282E-82	284
A0A5C1REZ4	B0CKN3	33.600	475	494	487	1.265E-81	284
A0A5C1REZ4	Q63KK8	34.800	474	494	489	1.265E-81	284
A0A5C1REZ4	B9JBA3	34.300	479	494	487	2.351E-81	283
A0A5C1REZ4	Q2KB42	33.800	479	494	487	2.351E-81	283
A0A5C1REZ4	C6DKY5	35.200	461	494	490	2.351E-81	283
A0A5C1REZ4	B0KN18	35.500	461	494	490	2.351E-81	283
A0A5C1REZ4	P51977	35.900	450	494	501	2.351E-81	283
A0A5C1REZ4	Q6D6E0	34.500	475	494	490	3.204E-81	282
A0A5C1REZ4	P48644	35.900	450	494	501	3.204E-81	282
A0A5C1REZ4	B7M2V6	35.700	467	494	490	4.368E-81	282
A0A5C1REZ4	B3PTE1	33.800	479	494	487	5.954E-81	282
A0A5C1REZ4	Q1MJU3	33.800	479	494	487	5.954E-81	282
A0A5C1REZ4	B1XET7	35.800	467	494	490	5.954E-81	282
A0A5C1REZ4	P17445	35.800	467	494	490	5.954E-81	282
A0A5C1REZ4	B7N8L4	35.800	467	494	490	8.115E-81	281
A0A5C1REZ4	A7ZI51	35.700	467	494	490	8.115E-81	281
A0A5C1REZ4	B7L441	35.800	467	494	490	8.115E-81	281
A0A5C1REZ4	A7ZWV5	35.600	467	494	490	8.115E-81	281
A0A5C1REZ4	B5ZUG3	33.600	479	494	487	1.106E-80	281
A0A5C1REZ4	B7MCD1	35.500	467	494	490	1.106E-80	281
A0A5C1REZ4	Q7AH91	35.500	467	494	490	1.106E-80	281
A0A5C1REZ4	B5Z1R1	35.500	467	494	490	1.106E-80	281
A0A5C1REZ4	Q2YV11	34.800	464	494	495	1.106E-80	281
A0A5C1REZ4	B7UJG5	35.500	467	494	490	2.055E-80	280
A0A5C1REZ4	Q2FK94	35.000	464	494	495	2.055E-80	280
A0A5C1REZ4	Q2G1J0	35.000	464	494	495	2.055E-80	280
A0A5C1REZ4	Q5HJK3	35.000	464	494	495	2.055E-80	280
A0A5C1REZ4	Q62148	34.300	465	494	518	2.055E-80	280
A0A5C1REZ4	Q5HLA3	34.300	465	494	497	2.800E-80	280
A0A5C1REZ4	Q8CN24	34.300	465	494	497	2.800E-80	280
A0A5C1REZ4	Q0T7M9	35.600	467	494	490	3.817E-80	279
A0A5C1REZ4	Q19A30	33.900	458	494	505	3.817E-80	279
A0A5C1REZ4	A6W2P7	32.700	469	494	485	5.201E-80	279
A0A5C1REZ4	B7V5R4	34.300	475	494	490	7.089E-80	278
A0A5C1REZ4	Q02DY9	34.300	475	494	490	7.089E-80	278
A0A5C1REZ4	Q9HTJ1	34.300	475	494	490	7.089E-80	278
A0A5C1REZ4	Q4K4K8	34.800	470	494	490	9.661E-80	278
A0A5C1REZ4	Q7A825	34.800	464	494	495	9.661E-80	278
A0A5C1REZ4	Q7A1Y7	34.800	464	494	495	9.661E-80	278
A0A5C1REZ4	Q99X54	34.800	464	494	495	9.661E-80	278
A0A5C1REZ4	A6U6Y9	33.600	479	494	487	1.317E-79	278
A0A5C1REZ4	Q13NG6	33.600	469	494	489	1.317E-79	278
A0A5C1REZ4	A7FKL5	35.000	475	494	490	1.317E-79	278
A0A5C1REZ4	B7NK50	35.400	466	494	490	1.317E-79	278
A0A5C1REZ4	Q3BXK7	35.500	458	494	490	1.794E-79	277
A0A5C1REZ4	Q1C931	34.500	475	494	490	1.794E-79	277
A0A5C1REZ4	Q8ZGV9	34.500	475	494	490	1.794E-79	277
A0A5C1REZ4	Q1CFR8	34.500	475	494	490	1.794E-79	277
A0A5C1REZ4	A4TNP1	34.500	475	494	490	1.794E-79	277
A0A5C1REZ4	Q0TKW0	35.600	467	494	490	1.794E-79	277
A0A5C1REZ4	Q6GCV9	34.800	464	494	495	1.794E-79	277
A0A5C1REZ4	A6VEI4	34.100	475	494	490	2.445E-79	277
A0A5C1REZ4	Q4UYN4	35.100	458	494	490	3.332E-79	276
A0A5C1REZ4	B0RNV0	35.100	458	494	490	3.332E-79	276
A0A5C1REZ4	B2K8U5	34.500	472	494	490	3.332E-79	276
A0A5C1REZ4	Q1IG69	35.100	461	494	490	4.541E-79	276
A0A5C1REZ4	Q8P5D8	35.100	458	494	490	6.188E-79	276
A0A5C1REZ4	B1J2K9	35.300	461	494	490	6.188E-79	276
A0A5C1REZ4	P54222	33.400	479	494	487	8.432E-79	275
A0A5C1REZ4	Q66D53	34.500	472	494	490	8.432E-79	275
A0A5C1REZ4	Q7ZVB2	32.700	465	494	508	8.432E-79	275
A0A5C1REZ4	B2TCJ9	33.600	469	494	489	1.566E-78	274
A0A5C1REZ4	Q6FDF8	34.100	475	494	490	1.566E-78	274
A0A5C1REZ4	A5WA96	35.100	461	494	490	2.133E-78	274
A0A5C1REZ4	Q88CW7	35.100	461	494	490	2.133E-78	274
A0A5C1REZ4	Q87H52	33.100	454	494	486	2.907E-78	274
A0A5C1REZ4	Q8K009	31.300	472	494	923	2.907E-78	274
A0A5C1REZ4	B5Y007	34.600	470	494	490	3.961E-78	273
A0A5C1REZ4	B3VMC0	35.500	444	494	503	3.961E-78	273
A0A5C1REZ4	Q84LK3	35.500	444	494	503	3.961E-78	273
A0A5C1REZ4	P56533	33.000	467	494	503	1.002E-77	272
A0A5C1REZ4	Q8UH56	32.500	480	494	493	1.365E-77	272
A0A5C1REZ4	B2FQ90	34.500	463	494	490	2.533E-77	271
A0A5C1REZ4	A8GBX8	34.300	475	494	490	3.452E-77	271
A0A5C1REZ4	Q48CM6	35.000	470	494	490	4.702E-77	270
A0A5C1REZ4	Q5R8A4	32.500	465	494	494	4.702E-77	270
A0A5C1REZ4	B4SHW0	34.300	463	494	490	8.727E-77	269
A0A5C1REZ4	B7VQ28	33.500	455	494	486	1.189E-76	269
A0A5C1REZ4	Q8PPG7	34.700	457	494	490	1.620E-76	269
A0A5C1REZ4	A3M365	32.800	475	494	490	1.620E-76	269
A0A5C1REZ4	B2JS88	33.000	474	494	489	2.206E-76	268
A0A5C1REZ4	Q4ZM62	35.300	461	494	490	2.206E-76	268
A0A5C1REZ4	P49189	32.100	465	494	494	2.206E-76	268
A0A5C1REZ4	A4VKC2	34.300	475	494	490	3.005E-76	268
A0A5C1REZ4	B7I896	32.800	475	494	490	4.094E-76	267
A0A5C1REZ4	B0V944	32.800	475	494	490	4.094E-76	267
A0A5C1REZ4	O24174	36.200	444	494	505	4.094E-76	267
A0A5C1REZ4	B2HV80	32.800	475	494	490	5.576E-76	267
A0A5C1REZ4	O74187	32.600	455	494	500	7.596E-76	267
A0A5C1REZ4	Q9STS1	33.900	460	494	503	1.035E-75	266
A0A5C1REZ4	Q92YD2	34.900	435	494	481	1.409E-75	266
A0A5C1REZ4	Q802W2	33.500	463	494	518	1.409E-75	266
A0A5C1REZ4	A8AGJ9	33.100	453	494	474	2.614E-75	265
A0A5C1REZ4	B0VST2	32.800	475	494	490	2.614E-75	265
A0A5C1REZ4	A7N2Q0	31.700	467	494	486	3.561E-75	265
A0A5C1REZ4	P54115	33.900	458	494	500	3.561E-75	265
A0A5C1REZ4	P52476	34.900	457	494	511	3.561E-75	265
A0A5C1REZ4	Q88AE9	34.400	470	494	490	6.605E-75	264
A0A5C1REZ4	P23883	33.900	463	494	495	8.995E-75	263
A0A5C1REZ4	P80668	33.300	461	494	499	8.995E-75	263
A0A5C1REZ4	P19059	32.800	478	494	486	1.668E-74	263
A0A5C1REZ4	A5F3A7	32.500	468	494	506	4.213E-74	261
A0A5C1REZ4	P0C6D7	32.500	468	494	506	4.213E-74	261
A0A5C1REZ4	Q6D6Y7	33.300	453	494	474	7.813E-74	261
A0A5C1REZ4	Q9JLJ2	32.300	465	494	494	7.813E-74	261
A0A5C1REZ4	Q3Z1H6	32.100	453	494	474	1.449E-73	260
A0A5C1REZ4	A4WAR9	32.600	453	494	474	3.657E-73	259
A0A5C1REZ4	B6IAI9	31.900	453	494	474	4.979E-73	258
A0A5C1REZ4	B7L6F9	31.900	453	494	474	4.979E-73	258
A0A5C1REZ4	B7LZ33	31.900	453	494	474	4.979E-73	258
A0A5C1REZ4	A8A002	31.900	453	494	474	6.780E-73	258
A0A5C1REZ4	B1IS15	31.900	453	494	474	6.780E-73	258
A0A5C1REZ4	Q0T431	31.900	453	494	474	6.780E-73	258
A0A5C1REZ4	Q83R90	31.900	453	494	474	6.780E-73	258
A0A5C1REZ4	C4ZVI3	31.900	453	494	474	9.231E-73	258
A0A5C1REZ4	B1XDF5	31.900	453	494	474	9.231E-73	258
A0A5C1REZ4	P77674	31.900	453	494	474	9.231E-73	258
A0A5C1REZ4	C6DD82	32.700	453	494	474	9.231E-73	258
A0A5C1REZ4	Q9JLJ3	32.300	465	494	494	9.231E-73	258
A0A5C1REZ4	P28237	30.500	476	494	500	9.231E-73	258
A0A5C1REZ4	A1AB46	31.700	453	494	474	1.257E-72	257
A0A5C1REZ4	Q0THX6	31.700	453	494	474	1.257E-72	257
A0A5C1REZ4	Q8FHK7	31.700	453	494	474	1.257E-72	257
A0A5C1REZ4	B1LFH3	31.900	453	494	474	1.257E-72	257
A0A5C1REZ4	Q1RBX3	31.700	453	494	474	1.257E-72	257
A0A5C1REZ4	B7MMS8	31.700	453	494	474	1.257E-72	257
A0A5C1REZ4	B7MUN0	31.700	453	494	474	1.257E-72	257
A0A5C1REZ4	B7N4K1	31.700	453	494	474	1.711E-72	257
A0A5C1REZ4	P42236	34.200	453	494	488	1.711E-72	257
A0A5C1REZ4	B7LR95	31.200	453	494	474	4.317E-72	256
A0A5C1REZ4	Q8ZPC9	33.200	453	494	474	4.317E-72	256
A0A5C1REZ4	Q8X9W5	31.700	453	494	474	4.317E-72	256
A0A5C1REZ4	B5Z0W0	31.700	453	494	474	4.317E-72	256
A0A5C1REZ4	C0Q4N4	33.200	453	494	474	5.877E-72	255
A0A5C1REZ4	P63938	35.800	444	494	507	5.877E-72	255
A0A5C1REZ4	P9WNY0	35.800	444	494	507	5.877E-72	255
A0A5C1REZ4	P9WNY1	35.800	444	494	507	5.877E-72	255
A0A5C1REZ4	Q9RJZ6	32.600	469	494	507	5.877E-72	255
A0A5C1REZ4	Q57P61	33.200	453	494	474	8.000E-72	255
A0A5C1REZ4	Q8Z747	33.200	453	494	474	8.000E-72	255
A0A5C1REZ4	B7URJ0	31.500	453	494	474	8.000E-72	255
A0A5C1REZ4	P94428	32.400	454	494	462	1.089E-71	254
A0A5C1REZ4	P0DOV9	33.500	460	494	486	1.089E-71	254
A0A5C1REZ4	P46368	34.700	445	494	506	2.018E-71	254
A0A5C1REZ4	Q5PHV8	33.000	453	494	474	3.739E-71	253
A0A5C1REZ4	A9MYQ4	32.800	453	494	474	3.739E-71	253
A0A5C1REZ4	P46369	33.400	456	494	506	3.739E-71	253
A0A5C1REZ4	P42329	33.900	454	494	488	6.927E-71	252
A0A5C1REZ4	Q32FQ5	31.700	453	494	474	1.746E-70	251
A0A5C1REZ4	Q2YUN1	33.900	453	494	475	2.377E-70	250
A0A5C1REZ4	O04895	31.100	476	494	501	3.235E-70	250
A0A5C1REZ4	P42757	31.200	456	494	502	3.235E-70	250
A0A5C1REZ4	B9F3B6	32.900	440	494	527	4.402E-70	250
A0A5C1REZ4	H8ZPX2	36.100	441	494	477	5.990E-70	249
A0A5C1REZ4	Q3J4E9	32.000	479	494	483	5.990E-70	249
A0A5C1REZ4	Q5KYR4	33.600	454	494	484	8.152E-70	249
A0A5C1REZ4	Q2FF06	33.700	453	494	475	1.109E-69	248
A0A5C1REZ4	Q2FWD6	33.700	453	494	475	1.109E-69	248
A0A5C1REZ4	Q5HE78	33.700	453	494	475	1.109E-69	248
A0A5C1REZ4	Q99SD6	33.700	453	494	475	1.109E-69	248
A0A5C1REZ4	Q7A4D8	33.700	453	494	475	1.109E-69	248
A0A5C1REZ4	Q88RC0	31.600	467	494	480	2.054E-69	248
A0A5C1REZ4	A3PI00	32.000	479	494	483	2.054E-69	248
A0A5C1REZ4	A4WUY6	31.600	479	494	483	3.803E-69	247
A0A5C1REZ4	Q6G7I8	33.400	453	494	475	5.175E-69	246
A0A5C1REZ4	Q8NVG4	33.400	453	494	475	5.175E-69	246
A0A5C1REZ4	A4IPF5	35.600	442	494	483	5.175E-69	246
A0A5C1REZ4	A4IPB2	33.700	459	494	484	7.041E-69	246
A0A5C1REZ4	Q5KYK0	34.800	442	494	484	7.041E-69	246
A0A5C1REZ4	Q8EMV4	33.600	470	494	486	7.041E-69	246
A0A5C1REZ4	Q9FDS1	34.400	442	494	503	7.041E-69	246
A0A5C1REZ4	B9KNS6	32.000	479	494	483	9.580E-69	246
A0A5C1REZ4	H1ZV37	34.000	434	494	478	1.303E-68	245
A0A5C1REZ4	P51650	33.200	440	494	523	1.124E-67	243
A0A5C1REZ4	Q49Z69	32.900	453	494	475	2.080E-67	242
A0A5C1REZ4	Q9KAH5	33.500	465	494	485	2.080E-67	242
A0A5C1REZ4	Q4L803	32.900	453	494	475	3.848E-67	241
A0A5C1REZ4	Q8BWF0	33.000	440	494	523	9.683E-67	240
A0A5C1REZ4	Q9I6M5	29.900	458	494	483	1.317E-66	239
A0A5C1REZ4	A8GHZ8	31.700	446	494	474	2.436E-66	239
A0A5C1REZ4	A5YBJ3	33.900	459	494	492	2.436E-66	239
A0A5C1REZ4	H2IFE7	31.000	450	494	480	6.126E-66	237
A0A5C1REZ4	Q5HMA0	33.100	453	494	475	1.540E-65	236
A0A5C1REZ4	Q8CNI5	33.100	453	494	475	1.540E-65	236
A0A5C1REZ4	P51649	31.900	440	494	535	2.848E-65	235
A0A5C1REZ4	Q6A2H0	31.900	440	494	535	2.848E-65	235
A0A5C1REZ4	Q6A2H1	31.900	440	494	535	5.264E-65	235
A0A5C1REZ4	P23105	30.900	478	494	486	9.730E-65	234
A0A5C1REZ4	Q3MSM4	31.900	440	494	535	1.798E-64	233
A0A5C1REZ4	Q9US47	31.500	440	494	547	2.445E-64	233
A0A5C1REZ4	Q6A2H2	31.900	440	494	535	4.518E-64	232
A0A5C1REZ4	Q65IX1	32.300	450	494	484	8.347E-64	231
A0A5C1REZ4	P25526	29.500	457	494	482	2.849E-63	229
A0A5C1REZ4	Q8ES27	33.200	435	494	486	3.872E-63	229
A0A5C1REZ4	Q81QB6	33.200	442	494	487	3.872E-63	229
A0A5C1REZ4	Q5WKZ1	33.100	453	494	491	7.151E-63	228
A0A5C1REZ4	Q6HIK3	33.000	442	494	487	9.718E-63	228
A0A5C1REZ4	A8FDV4	30.800	470	494	486	1.321E-62	228
A0A5C1REZ4	O32507	30.100	462	494	477	1.794E-62	227
A0A5C1REZ4	B8DCT8	32.500	468	494	488	2.438E-62	227
A0A5C1REZ4	Q5WH11	33.700	434	494	486	3.313E-62	226
A0A5C1REZ4	A0REB5	32.800	442	494	487	8.311E-62	225
A0A5C1REZ4	A9VMS6	32.200	447	494	483	1.534E-61	224
A0A5C1REZ4	P42412	33.100	453	494	487	2.084E-61	224
A0A5C1REZ4	Q63B74	32.500	442	494	488	2.084E-61	224
A0A5C1REZ4	P94682	31.900	449	494	476	2.831E-61	224
A0A5C1REZ4	D4GP41	32.300	449	494	482	2.831E-61	224
A0A5C1REZ4	A7BJC4	33.100	453	494	487	2.831E-61	224
A0A5C1REZ4	Q8Y9Y4	32.200	468	494	488	2.831E-61	224
A0A5C1REZ4	Q4V1F6	32.300	442	494	487	3.846E-61	223
A0A5C1REZ4	Q65D00	32.500	468	494	487	7.097E-61	222
A0A5C1REZ4	Q92EQ7	32.000	468	494	488	7.097E-61	222
A0A5C1REZ4	Q738L2	31.800	451	494	486	1.309E-60	222
A0A5C1REZ4	C1KZ99	32.000	468	494	488	1.309E-60	222
A0A5C1REZ4	Q81DR5	31.000	470	494	486	1.779E-60	221
A0A5C1REZ4	B7H597	31.600	451	494	486	2.416E-60	221
A0A5C1REZ4	B7IW48	31.600	451	494	486	3.281E-60	220
A0A5C1REZ4	A0RDW1	31.600	451	494	486	4.456E-60	220
A0A5C1REZ4	Q81QR5	31.600	451	494	486	4.456E-60	220
A0A5C1REZ4	Q63BL0	31.600	451	494	486	4.456E-60	220
A0A5C1REZ4	Q6HJ19	31.600	451	494	486	4.456E-60	220
A0A5C1REZ4	Q723T1	31.800	468	494	488	4.456E-60	220
A0A5C1REZ4	Q8GAK7	28.800	449	494	458	6.051E-60	220
A0A5C1REZ4	A7GPH3	30.800	451	494	486	1.116E-59	219
A0A5C1REZ4	B7HR31	31.400	451	494	486	2.058E-59	218
A0A5C1REZ4	B9IZZ7	31.400	451	494	486	2.058E-59	218
A0A5C1REZ4	Q7U2I0	29.200	449	494	457	5.151E-59	217
A0A5C1REZ4	A1KF54	29.200	449	494	457	5.151E-59	217
A0A5C1REZ4	A5TYV9	29.200	449	494	457	5.151E-59	217
A0A5C1REZ4	P9WNX8	29.200	449	494	457	5.151E-59	217
A0A5C1REZ4	Q73TP5	29.600	434	494	472	4.378E-58	214
A0A5C1REZ4	A0QMB9	29.400	434	494	472	1.486E-57	213
A0A5C1REZ4	A7ZAI1	32.300	453	494	487	3.714E-57	211
A0A5C1REZ4	O69497	28.600	449	494	457	4.892E-55	205
A0A5C1REZ4	Q0WSF1	28.600	461	494	596	1.655E-54	203
A0A5C1REZ4	Q55585	28.600	434	494	454	2.916E-52	197
A0A5C1REZ4	Q7KW39	31.100	415	494	520	9.302E-50	189
A0A5C1REZ4	Q29HB2	30.900	423	494	520	2.308E-49	188
A0A5C1REZ4	Q9SYG7	30.100	446	494	508	3.262E-46	179
A0A5C1REZ4	Q29491	36.100	235	494	240	1.209E-41	165
A0A5Q0QRJ3	A8NU13	33.200	325	346	345	1.269E-54	198
A0A5Q0QRJ3	P0DL13	31.200	328	346	346	8.148E-47	175
A0A5Q0QRJ3	B2J4A4	28.400	311	346	323	1.021E-37	149
A0A5Q0QRJ3	Q6WP50	31.500	279	346	399	1.168E-34	139
A0A5Q0QRJ3	D2B747	30.100	298	346	330	9.584E-32	131
A0A5Q0QRJ3	C7PLV2	27.400	267	346	321	6.747E-30	125
A0A5Q0QRJ3	A7NH01	25.400	291	346	326	6.338E-28	119
A0A5Q0QRJ3	S0DX56	28.900	271	346	357	7.096E-27	116
A0A5Q0QRJ3	A0A1L7VZE7	25.600	344	346	401	7.819E-23	104
A0A5Q0QRJ3	A9FZ87	27.000	265	346	329	1.054E-22	104
A0A5Q0QRJ3	A0A1L7U8F2	25.500	344	346	401	2.581E-22	102
A0A5Q0QRJ3	B5GS26	25.700	300	346	327	2.669E-17	87
A0A5Q0QRJ3	E4N7E5	27.300	256	346	320	9.229E-15	79
A0A5Q0QRJ3	B5HDJ6	25.900	187	346	365	7.139E-13	73
A0A5Q0QRJ3	Q9K499	22.900	298	346	361	2.987E-10	65
A0A5Q0QRJ3	D9XDR8	19.800	312	346	338	6.901E-09	61
A0A5Q0QRJ3	Q9F1V8	20.900	299	346	437	8.919E-08	57
A0A5Q0QRJ3	A4FG19	22.400	146	346	354	1.931E-05	49
A0A348B780	A8NU13	33.900	323	338	345	1.102E-55	201
A0A348B780	P0DL13	33.700	327	338	346	1.810E-54	198
A0A348B780	B2J4A4	27.200	317	338	323	6.030E-36	143
A0A348B780	C7PLV2	28.700	318	338	321	6.996E-35	140
A0A348B780	A7NH01	28.700	280	338	326	1.717E-32	133
A0A348B780	Q6WP50	26.700	335	338	399	5.818E-32	131
A0A348B780	S0DX56	30.200	333	338	357	2.671E-31	129
A0A348B780	D2B747	29.400	298	338	330	1.582E-28	121
A0A348B780	A9FZ87	27.800	280	338	329	4.959E-26	113
A0A348B780	A0A1L7VZE7	25.600	344	338	401	1.226E-25	112
A0A348B780	A0A1L7U8F2	25.300	344	338	401	3.027E-25	111
A0A348B780	Q82RR7	26.800	194	338	335	1.248E-18	91
A0A348B780	E4N7E5	26.900	287	338	320	2.255E-18	90
A0A348B780	B5GS26	27.900	266	338	327	7.751E-17	85
A0A348B780	D9XD61	21.700	303	338	343	6.048E-16	83
A0A348B780	B5HDJ6	24.700	308	338	365	2.613E-15	81
A0A348B780	Q9K499	22.200	331	338	361	3.688E-13	74
A0A348B780	D9XDR8	24.100	292	338	338	1.175E-12	72
A0A348B780	D8RNZ9	21.100	300	338	368	6.364E-08	57
A0A348B780	A4FG19	23.400	181	338	354	1.333E-04	47
A0A348B780	Q9F1Y6	18.400	173	338	440	5.458E-04	45
C0HLV0	Q66NB7	70.300	27	27	386	3.495E-07	45
P0DUN2	P86803	85.400	123	123	121	4.211E-72	237
P0DUN2	P86804	83.800	123	123	121	1.702E-69	230
P0DUN2	P58464	82.100	123	123	120	2.923E-68	226
P0DUN2	P45881	67.700	123	123	138	5.961E-55	188
P0DUN2	P86974	66.900	123	123	122	1.024E-53	184
P0DUN2	Q71QE8	61.200	123	123	138	1.340E-49	173
P0DUN2	O42187	64.200	122	123	138	1.224E-48	170
P0DUN2	Q1ZY03	62.600	122	123	138	1.534E-47	167
P0DUN2	Q805A2	60.400	123	123	138	3.957E-47	166
P0DUN2	P04417	61.700	122	123	122	1.021E-46	164
P0DUN2	Q9I968	59.600	123	123	138	1.401E-46	164
P0DUN2	Q6EER3	59.600	123	123	138	2.635E-46	163
P0DUN2	Q6EER6	59.600	123	123	122	3.614E-46	163
P0DUN2	Q6EER4	58.000	123	123	138	4.957E-46	162
P0DUN2	P06859	58.500	122	123	138	6.800E-46	162
P0DUN2	F8QN51	59.800	116	123	137	9.327E-46	162
P0DUN2	O42189	60.000	123	123	124	1.755E-45	161
P0DUN2	Q6EER5	58.000	123	123	122	2.407E-45	160
P0DUN2	Q2PG81	61.800	117	123	137	2.407E-45	160
P0DUN2	C7G1G6	61.900	119	123	138	3.301E-45	160
P0DUN2	P0DJJ8	61.900	119	123	138	4.528E-45	160
P0DUN2	A8E2V9	60.900	122	123	136	6.211E-45	159
P0DUN2	P0DJJ9	61.900	119	123	138	6.211E-45	159
P0DUN2	Q91506	56.400	123	123	122	2.198E-44	158
P0DUN2	Q90W39	57.200	123	123	138	4.136E-44	157
P0DUN2	A8CG90	58.100	116	123	137	1.464E-43	155
P0DUN2	Q6H3C5	58.500	122	123	122	2.008E-43	155
P0DUN2	P84651	56.900	122	123	122	2.008E-43	155
P0DUN2	Q2PG83	56.000	122	123	138	2.008E-43	155
P0DUN2	C0HKC3	56.000	123	123	139	2.754E-43	154
P0DUN2	C0HKC4	56.000	123	123	123	5.181E-43	154
P0DUN2	P51972	56.000	123	123	123	5.181E-43	154
P0DUN2	G3DT18	51.600	123	123	138	5.181E-43	154
P0DUN2	C0HJC1	56.900	122	123	122	7.107E-43	153
P0DUN2	Q92147	56.000	122	123	138	7.107E-43	153
P0DUN2	F8QN54	58.500	122	123	138	7.107E-43	153
P0DUN2	P59171	57.000	120	123	138	9.748E-43	153
P0DUN2	Q02517	65.700	107	123	138	9.748E-43	153
P0DUN2	P70088	55.200	122	123	138	1.337E-42	153
P0DUN2	Q6H3C8	55.200	122	123	138	1.337E-42	153
P0DUN2	P59071	59.800	116	123	121	1.834E-42	152
P0DUN2	A8CG84	59.800	116	123	137	1.834E-42	152
P0DUN2	O42190	65.400	108	123	124	3.450E-42	151
P0DUN2	Q2YHJ2	57.700	122	123	138	3.450E-42	151
P0DUN2	Q2YHJ7	57.700	122	123	138	4.733E-42	151
P0DUN2	P14424	57.700	122	123	138	4.733E-42	151
P0DUN2	P81458	56.400	116	123	121	6.492E-42	151
P0DUN2	Q2YHJ5	52.800	122	123	122	6.492E-42	151
P0DUN2	Q90Y77	64.800	107	123	138	6.492E-42	151
P0DUN2	C0HK16	58.900	116	123	121	1.675E-41	149
P0DUN2	P00626	57.700	122	123	138	1.675E-41	149
P0DUN2	P14421	54.800	123	123	122	2.298E-41	149
P0DUN2	P34180	56.400	116	123	137	2.298E-41	149
P0DUN2	Q90ZZ9	51.600	123	123	138	2.298E-41	149
P0DUN2	P24293	55.500	116	123	121	3.152E-41	149
P0DUN2	C9DPL5	52.400	123	123	122	4.323E-41	148
P0DUN2	A8CG87	53.200	123	123	138	4.323E-41	148
P0DUN2	Q8QG87	52.400	123	123	138	4.323E-41	148
P0DUN2	A8CG78	53.200	123	123	138	4.323E-41	148
P0DUN2	O42192	52.000	122	123	122	5.929E-41	148
P0DUN2	Q7SID6	55.200	122	123	123	5.929E-41	148
P0DUN2	P11407	56.900	122	123	138	5.929E-41	148
P0DUN2	A8E2V8	54.800	122	123	139	5.929E-41	148
P0DUN2	P20249	52.000	122	123	122	8.133E-41	147
P0DUN2	C3W4R6	54.000	123	123	138	1.116E-40	147
P0DUN2	P86389	52.300	124	123	124	1.530E-40	147
P0DUN2	P81480	51.600	123	123	122	2.099E-40	146
P0DUN2	O42191	54.400	123	123	124	2.099E-40	146
P0DUN2	P20476	52.000	122	123	138	2.879E-40	146
P0DUN2	Q6H3D0	52.000	122	123	138	2.879E-40	146
P0DUN2	P59170	52.100	116	123	139	2.879E-40	146
P0DUN2	P21789	54.700	116	123	120	3.949E-40	145
P0DUN2	P86368	57.200	116	123	121	3.949E-40	145
P0DUN2	P81479	52.000	122	123	122	3.949E-40	145
P0DUN2	P0CAR9	50.400	123	123	137	3.949E-40	145
P0DUN2	Q9YGJ7	53.200	123	123	137	3.949E-40	145
P0DUN2	P84674	57.200	116	123	121	5.416E-40	145
P0DUN2	Q7LZQ4	54.400	123	123	124	5.416E-40	145
P0DUN2	Q8AXY1	52.800	122	123	138	5.416E-40	145
P0DUN2	Q6EER2	54.800	123	123	138	7.429E-40	145
P0DUN2	Q910A0	54.400	122	123	138	7.429E-40	145
P0DUN2	B6CQR5	53.200	123	123	138	1.398E-39	144
P0DUN2	Q800C3	51.200	122	123	138	1.398E-39	144
P0DUN2	C0HJL8	53.200	123	123	122	2.629E-39	143
P0DUN2	Q910A1	53.600	122	123	138	3.607E-39	143
P0DUN2	Q800C2	51.200	122	123	138	4.947E-39	142
P0DUN2	P14418	53.600	123	123	124	6.785E-39	142
P0DUN2	Q2HZ28	50.400	122	123	138	9.307E-39	141
P0DUN2	Q800C1	50.400	122	123	138	9.307E-39	141
P0DUN2	P0DJP4	51.600	123	123	122	2.402E-38	140
P0DUN2	P0CAS5	52.800	122	123	122	2.402E-38	140
P0DUN2	P00624	50.400	122	123	138	3.294E-38	140
P0DUN2	P24027	52.800	122	123	138	4.518E-38	139
P0DUN2	Q800C4	51.200	122	123	138	4.518E-38	139
P0DUN2	P00623	50.400	122	123	138	6.198E-38	139
P0DUN2	Q6H3C6	59.600	107	123	122	8.501E-38	139
P0DUN2	P81243	52.300	124	123	124	8.501E-38	139
P0DUN2	Q6H3C9	59.600	107	123	138	8.501E-38	139
P0DUN2	P00625	51.600	122	123	139	8.501E-38	139
P0DUN2	P31854	49.100	123	123	138	1.166E-37	138
P0DUN2	Q7T3S7	53.600	109	123	136	1.599E-37	138
P0DUN2	Q9PWR6	52.000	122	123	138	1.599E-37	138
P0DUN2	Q7ZTA8	49.100	123	123	138	1.599E-37	138
P0DUN2	B5U6Z2	52.000	122	123	138	1.599E-37	138
P0DUN2	Q6H3C7	53.200	122	123	139	1.599E-37	138
P0DUN2	Q9PVF2	53.200	122	123	139	1.599E-37	138
P0DUN2	P0CAS6	52.800	122	123	122	2.194E-37	138
P0DUN2	P0DKR3	48.300	123	123	122	2.194E-37	138
P0DUN2	Q98996	52.000	122	123	138	2.194E-37	138
P0DUN2	P59264	61.100	107	123	122	3.009E-37	137
P0DUN2	Q7ZTA6	49.100	123	123	138	3.009E-37	137
P0DUN2	P24294	51.200	120	123	121	4.127E-37	137
P0DUN2	P86169	52.800	122	123	122	4.127E-37	137
P0DUN2	P62022	52.800	122	123	138	4.127E-37	137
P0DUN2	A8CG86	49.100	123	123	138	4.127E-37	137
P0DUN2	P62023	52.800	122	123	138	4.127E-37	137
P0DUN2	Q7ZTA7	49.500	122	123	138	5.661E-37	136
P0DUN2	P86806	56.400	116	123	122	7.764E-37	136
P0DUN2	P0CG56	52.000	122	123	122	1.065E-36	136
P0DUN2	Q2YHJ6	50.800	123	123	138	1.065E-36	136
P0DUN2	P59265	60.100	107	123	122	1.461E-36	135
P0DUN2	Q8JFG0	50.000	123	123	138	1.461E-36	135
P0DUN2	Q7T2R1	48.300	123	123	138	1.461E-36	135
P0DUN2	Q10755	50.000	123	123	122	2.004E-36	135
P0DUN2	P0CAS7	51.200	122	123	121	2.748E-36	134
P0DUN2	P81478	50.800	123	123	122	2.748E-36	134
P0DUN2	Q2YHJ3	50.800	123	123	138	2.748E-36	134
P0DUN2	P14420	49.100	123	123	122	3.769E-36	134
P0DUN2	Q1RP78	49.100	123	123	138	3.769E-36	134
P0DUN2	P86456	49.100	123	123	121	7.092E-36	133
P0DUN2	Q1RP79	48.300	123	123	138	9.727E-36	133
P0DUN2	Q9PVF1	50.800	122	123	126	1.830E-35	132
P0DUN2	P0CAS2	52.000	122	123	122	2.510E-35	132
P0DUN2	P82896	49.100	123	123	122	2.510E-35	132
P0DUN2	Q9PVE9	50.800	122	123	139	2.510E-35	132
P0DUN2	P86805	53.800	116	123	122	3.443E-35	131
P0DUN2	Q9PVF0	50.000	122	123	126	4.722E-35	131
P0DUN2	P0CAS4	49.500	122	123	122	8.884E-35	130
P0DUN2	P0DKR5	47.500	123	123	122	3.144E-34	128
P0DUN2	P0CAS3	48.700	122	123	122	5.915E-34	128
P0DUN2	Q02471	47.500	123	123	138	5.915E-34	128
P0DUN2	P00621	52.900	116	123	119	2.872E-33	126
P0DUN2	P00622	47.500	123	123	121	3.597E-32	123
P0DUN2	P14555	49.200	124	123	144	3.597E-32	123
P0DUN2	Q56JZ2	49.200	124	123	144	1.273E-31	121
P0DUN2	A8CG82	44.300	123	123	138	1.746E-31	121
P0DUN2	P00620	52.500	116	123	118	2.395E-31	120
P0DUN2	P47711	46.800	124	123	145	2.187E-30	117
P0DUN2	Q9WVF6	44.800	124	123	144	1.061E-29	115
P0DUN2	P14423	47.600	124	123	146	1.996E-29	115
P0DUN2	P0DM51	88.200	51	123	50	1.329E-28	112
P0DUN2	P31482	46.700	122	123	146	1.329E-28	112
P0DUN2	P0C942	44.700	122	123	122	3.428E-28	111
P0DUN2	D0UGJ0	42.400	123	123	139	3.428E-28	111
P0DUN2	P97391	47.400	116	123	137	4.702E-28	111
P0DUN2	P84397	44.800	123	123	107	8.845E-28	110
P0DUN2	P0CAS0	43.200	123	123	136	8.845E-28	110
P0DUN2	Q9QUL3	46.800	123	123	142	8.845E-28	110
P0DUN2	P48076	44.200	112	123	150	1.664E-27	109
P0DUN2	P0C943	43.000	122	123	122	8.073E-27	107
P0DUN2	P39878	42.700	112	123	150	2.856E-26	106
P0DUN2	Q9UNK4	44.700	113	123	145	1.010E-25	104
P0DUN2	P51433	44.900	116	123	137	1.900E-25	103
P0DUN2	P39877	44.000	116	123	138	6.723E-25	102
P0DUN2	P0DP54	40.800	122	123	152	2.169E-23	97
P0DUN2	B3A0N3	80.300	50	123	50	5.593E-23	96
P0DUN2	Q7M334	42.000	115	123	144	4.649E-21	91
P0DUN2	P43434	41.900	122	123	146	1.643E-20	89
P0DUN2	P0CV89	46.100	91	123	61	3.858E-19	85
P0DUN2	Q9Z0Y2	42.000	115	123	146	3.858E-19	85
P0DUN2	P04055	41.100	115	123	146	9.944E-19	84
P0DUN2	P14419	40.400	122	123	123	1.363E-18	83
P0DUN2	P00593	42.000	115	123	145	1.363E-18	83
P0DUN2	P04054	41.100	115	123	148	1.363E-18	83
P0DUN2	B3EWP6	62.200	60	123	60	1.869E-18	83
P0DUN2	P0DJ62	62.200	60	123	60	1.869E-18	83
P0DUN2	P81236	44.700	107	123	119	1.869E-18	83
P0DUN2	Q9DF33	42.700	107	123	146	2.562E-18	83
P0DUN2	P00599	36.600	117	123	118	3.513E-18	82
P0DUN2	C1IC46	41.500	100	123	137	3.513E-18	82
P0DUN2	Q45Z28	42.500	106	123	151	3.513E-18	82
P0DUN2	P20255	43.200	118	123	118	6.602E-18	81
P0DUN2	P04416	40.300	115	123	124	6.602E-18	81
P0DUN2	C1IC45	41.500	100	123	137	6.602E-18	81
P0DUN2	Q9DF52	41.000	94	123	145	6.602E-18	81
P0DUN2	Q9BZM2	40.000	111	123	168	6.602E-18	81
P0DUN2	P04056	43.200	118	123	118	9.051E-18	81
P0DUN2	P07037	39.600	100	123	119	9.051E-18	81
P0DUN2	Q45Z27	42.500	106	123	151	9.051E-18	81
P0DUN2	Q45Z29	42.500	106	123	151	9.051E-18	81
P0DUN2	Q45Z30	42.500	106	123	151	9.051E-18	81
P0DUN2	Q9QXX3	41.200	109	123	151	9.051E-18	81
P0DUN2	P20251	41.600	105	123	118	1.241E-17	81
P0DUN2	Q9PUH7	39.800	116	123	144	1.701E-17	80
P0DUN2	Q9QZT3	41.300	109	123	151	1.701E-17	80
P0DUN2	Q45Z26	42.500	106	123	151	1.701E-17	80
P0DUN2	O15496	37.700	103	123	165	1.701E-17	80
P0DUN2	P00592	39.400	115	123	146	2.332E-17	80
P0DUN2	Q45Z25	41.600	106	123	151	2.332E-17	80
P0DUN2	C0HK05	70.200	47	123	47	3.196E-17	79
P0DUN2	Q9PSN5	41.600	106	123	125	3.196E-17	79
P0DUN2	P08873	40.900	107	123	145	3.196E-17	79
P0DUN2	P00606	40.500	99	123	145	3.196E-17	79
P0DUN2	P20250	40.700	105	123	117	4.381E-17	79
P0DUN2	P25498	35.800	118	123	119	4.381E-17	79
P0DUN2	C0HKB9	41.400	119	123	119	4.381E-17	79
P0DUN2	P60044	37.800	116	123	126	4.381E-17	79
P0DUN2	Q6SLM1	40.000	94	123	137	4.381E-17	79
P0DUN2	Q91133	36.600	118	123	146	4.381E-17	79
P0DUN2	P20256	41.600	118	123	118	6.006E-17	79
P0DUN2	P06596	38.300	115	123	146	6.006E-17	79
P0DUN2	P60045	36.300	118	123	126	8.233E-17	78
P0DUN2	P81237	42.300	106	123	118	1.129E-16	78
P0DUN2	P00596	36.600	118	123	146	1.129E-16	78
P0DUN2	P0DMH0	64.700	51	123	51	1.547E-16	78
P0DUN2	P00600	36.300	118	123	119	1.547E-16	78
P0DUN2	Q6SLM0	42.100	94	123	137	1.547E-16	78
P0DUN2	P0C551	37.700	124	123	142	1.547E-16	78
P0DUN2	P00598	36.600	118	123	146	1.547E-16	78
P0DUN2	Q3C2C1	35.200	135	123	158	1.547E-16	78
P0DUN2	Q6T179	35.500	118	123	126	2.120E-16	77
P0DUN2	Q9PUH5	39.800	117	123	145	2.120E-16	77
P0DUN2	P0DM50	76.900	39	123	40	2.906E-16	77
P0DUN2	P20253	39.800	117	123	118	2.906E-16	77
P0DUN2	Q8JFG2	38.200	125	123	152	2.906E-16	77
P0DUN2	P80966	41.000	116	123	151	3.984E-16	76
P0DUN2	A4FS04	36.600	118	123	119	5.460E-16	76
P0DUN2	P60043	37.800	116	123	126	5.460E-16	76
P0DUN2	Q9I900	37.100	118	123	146	5.460E-16	76
P0DUN2	Q4VRI5	46.300	91	123	154	5.460E-16	76
P0DUN2	Q92085	34.700	118	123	146	1.026E-15	75
P0DUN2	P20252	37.100	118	123	118	1.406E-15	75
P0DUN2	P81167	37.100	102	123	118	2.641E-15	74
P0DUN2	P81166	37.100	102	123	118	2.641E-15	74
P0DUN2	P0C933	62.000	50	123	49	3.619E-15	74
P0DUN2	Q9PUI1	37.000	117	123	145	3.619E-15	74
P0DUN2	P59359	37.000	117	123	145	3.619E-15	74
P0DUN2	Q92086	35.500	118	123	146	3.619E-15	74
P0DUN2	C0HKB8	41.000	94	123	117	4.960E-15	73
P0DUN2	F5CPF1	39.200	109	123	142	4.960E-15	73
P0DUN2	P00609	37.900	100	123	119	6.798E-15	73
P0DUN2	P0DMK1	87.500	32	123	32	9.316E-15	72
P0DUN2	P00595	36.600	100	123	119	9.316E-15	72
P0DUN2	Q9PUH9	39.200	101	123	147	9.316E-15	72
P0DUN2	P20257	37.100	118	123	118	1.277E-14	72
P0DUN2	P08872	39.000	107	123	144	1.277E-14	72
P0DUN2	P20258	43.200	99	123	117	1.750E-14	72
P0DUN2	P04057	37.100	118	123	118	1.750E-14	72
P0DUN2	P14556	40.500	99	123	118	1.750E-14	72
P0DUN2	P00594	38.800	105	123	132	1.750E-14	72
P0DUN2	Q9PUI0	38.300	101	123	147	1.750E-14	72
P0DUN2	Q8UW31	37.500	124	123	152	1.750E-14	72
P0DUN2	P00601	37.600	100	123	119	2.398E-14	71
P0DUN2	P0DM52	76.400	34	123	35	6.169E-14	70
P0DUN2	P00613	35.800	118	123	118	6.169E-14	70
P0DUN2	P20259	38.200	117	123	117	8.453E-14	70
P0DUN2	P00605	39.600	99	123	118	8.453E-14	70
P0DUN2	P00604	39.600	99	123	118	8.453E-14	70
P0DUN2	P19000	36.800	112	123	145	2.175E-13	68
P0DUN2	Q45Z42	35.500	119	123	146	2.175E-13	68
P0DUN2	P00612	35.000	118	123	118	2.979E-13	68
P0DUN2	Q8UUI3	36.800	112	123	145	2.979E-13	68
P0DUN2	Q8UUH9	36.900	110	123	155	4.082E-13	68
P0DUN2	P23026	37.700	111	123	145	5.593E-13	67
P0DUN2	Q8UUH8	34.100	118	123	145	5.593E-13	67
P0DUN2	P00602	35.000	117	123	118	7.662E-13	67
P0DUN2	Q9PRG0	36.200	117	123	145	7.662E-13	67
P0DUN2	Q8UUI4	36.200	111	123	145	7.662E-13	67
P0DUN2	Q9PUH8	38.300	101	123	147	7.662E-13	67
P0DUN2	Q8UUI0	33.600	117	123	155	7.662E-13	67
P0DUN2	Q9I842	35.800	118	123	145	1.050E-12	66
P0DUN2	P10116	35.000	118	123	118	1.438E-12	66
P0DUN2	P00603	35.000	117	123	118	1.438E-12	66
P0DUN2	P00608	38.500	100	123	119	1.438E-12	66
P0DUN2	Q9I837	35.000	118	123	145	1.438E-12	66
P0DUN2	Q7T1R0	40.400	82	123	146	1.438E-12	66
P0DUN2	Q9PUH6	37.300	117	123	145	1.970E-12	66
P0DUN2	C0HJU3	55.100	49	123	48	5.063E-12	64
P0DUN2	Q8UW30	38.300	98	123	146	5.063E-12	64
P0DUN2	Q8UUI2	35.000	118	123	145	6.935E-12	64
P0DUN2	Q8UW08	35.100	119	123	146	6.935E-12	64
P0DUN2	P00610	37.300	98	123	119	9.499E-12	64
P0DUN2	Q9I845	35.000	118	123	145	1.301E-11	63
P0DUN2	P00611	34.100	118	123	145	1.301E-11	63
P0DUN2	Q9I843	35.000	118	123	145	1.301E-11	63
P0DUN2	Q9I844	34.100	118	123	145	1.782E-11	63
P0DUN2	Q9I847	34.100	118	123	145	1.782E-11	63
P0DUN2	F8J2D0	37.900	100	123	146	1.782E-11	63
P0DUN2	F8J2D2	37.900	100	123	146	4.577E-11	62
P0DUN2	Q9PUH4	36.100	100	123	146	4.577E-11	62
P0DUN2	Q9PUH3	36.100	100	123	146	8.584E-11	61
P0DUN2	Q9PUH2	36.100	100	123	146	1.609E-10	60
P0DUN2	P0DM49	68.500	35	123	35	7.742E-10	58
P0DUN2	P59068	48.000	51	123	57	5.091E-09	56
P0DUN2	P0CAS9	63.600	33	123	34	2.442E-08	54
P0DUN2	P84736	50.000	49	123	50	3.341E-08	53
P0DUN2	P59070	48.900	48	123	48	6.253E-08	53
P0DUN2	P14422	61.100	36	123	68	1.046E-06	49
P0DUN2	P59069	45.600	45	123	46	2.860E-04	42
P0DPT0	P0DMB4	92.300	301	301	334	5.909E-190	587
P0DPT0	P0DMB5	91.600	301	301	334	2.085E-189	586
P0DPT0	P0CH87	88.700	301	301	301	1.602E-183	569
P0DPT0	Q06478	75.700	301	301	317	3.322E-158	496
P0DPT0	P49369	69.300	297	301	336	7.119E-140	443
P0DPT0	P0CH86	64.900	297	301	298	8.495E-129	411
P0DPT0	A2VBC4	56.000	299	301	322	6.830E-111	359
P0DPT0	Q6Q251	52.600	296	301	316	3.048E-103	337
P0DPT0	Q6Q252	52.300	296	301	337	7.830E-103	336
P0DPT0	Q6Q249	52.300	296	301	316	3.772E-102	334
P0DPT0	Q9U6W0	55.100	296	301	301	1.327E-101	332
P0DPT0	Q68KK0	37.200	250	301	346	1.210E-41	158
P0DPT0	Q9Y5X9	29.600	297	301	500	7.520E-32	130
P0DPT0	Q9WVG5	30.700	258	301	500	2.206E-30	125
P0DPT0	Q8VBX1	31.100	258	301	493	2.998E-30	125
P0DPT0	P81139	29.800	282	301	434	3.483E-29	122
P0DPT0	J3RZ81	29.000	259	301	497	2.969E-28	119
P0DPT0	P11151	29.300	261	301	478	4.031E-28	119
P0DPT0	Q29524	29.300	261	301	478	4.031E-28	119
P0DPT0	P07867	29.000	269	301	494	4.031E-28	119
P0DPT0	P49060	28.600	261	301	475	1.859E-27	117
P0DPT0	P11150	29.200	267	301	499	1.859E-27	117
P0DPT0	P06858	28.100	261	301	475	2.523E-27	116
P0DPT0	O46647	28.200	261	301	475	4.648E-27	115
P0DPT0	O46559	28.500	267	301	499	4.648E-27	115
P0DPT0	P55031	27.800	261	301	478	8.559E-27	115
P0DPT0	Q64424	26.200	293	301	470	2.138E-26	113
P0DPT0	P11602	27.700	261	301	490	2.138E-26	113
P0DPT0	P54318	28.300	291	301	468	2.900E-26	113
P0DPT0	P49923	27.700	261	301	478	2.900E-26	113
P0DPT0	P11153	27.800	261	301	465	3.934E-26	113
P0DPT0	Q64425	28.200	248	301	457	5.336E-26	112
P0DPT0	P50903	26.600	309	301	465	9.815E-26	111
P0DPT0	P27657	28.000	296	301	465	3.318E-25	110
P0DPT0	Q6P8U6	27.100	296	301	465	4.498E-25	109
P0DPT0	P17892	26.400	291	301	482	8.266E-25	109
P0DPT0	P16233	27.000	289	301	465	2.058E-24	108
P0DPT0	P54317	25.000	285	301	469	2.058E-24	108
P0DPT0	Q3SZ79	31.000	256	301	500	3.778E-24	107
P0DPT0	P29183	26.700	248	301	461	5.119E-24	106
P0DPT0	P00591	28.400	244	301	450	6.935E-24	106
P0DPT0	Q17RR3	31.600	213	301	467	4.280E-23	104
P0DPT0	A5PK46	28.000	258	301	469	4.280E-23	104
P0DPT0	Q02157	30.000	203	301	465	7.845E-23	103
P0DPT0	O88354	27.100	248	301	465	1.437E-22	102
P0DPT0	Q7M3V4	47.800	91	301	152	4.237E-13	73
P0DPT0	Q7M3V3	43.100	101	301	139	5.684E-13	73
P0DPT0	P0DMB7	88.000	25	301	25	1.098E-05	50
P0DPT0	P0DMB8	88.000	25	301	25	1.098E-05	50
P9WEW0	P0DL13	59.700	344	351	346	8.053E-138	440
P9WEW0	A8NU13	27.900	327	351	345	6.296E-42	161
P9WEW0	Q6WP50	27.900	306	351	399	7.869E-27	116
P9WEW0	S0DX56	26.300	318	351	357	9.636E-25	110
P9WEW0	A7NH01	24.100	300	351	326	6.875E-22	101
P9WEW0	A0A1L7VZE7	28.300	331	351	401	7.401E-21	98
P9WEW0	A0A1L7U8F2	28.000	331	351	401	2.422E-20	96
P9WEW0	B5H7H3	23.000	309	351	372	2.723E-18	90
P9WEW0	K0K750	26.000	232	351	353	9.517E-16	82
P9WEW0	E8W6C7	21.000	308	351	356	4.081E-15	80
P9WEW0	Q82IY4	26.800	306	351	336	1.305E-14	79
P9WEW0	Q55012	26.200	306	351	337	4.162E-14	77
P9WEW0	E3VWJ0	26.900	306	351	337	2.361E-13	75
P9WEW0	Q82RR7	21.600	316	351	335	3.147E-11	68
P9WEW0	D9XDR8	22.900	299	351	338	3.931E-08	58
P0DUF3	Q60301	40.500	69	1179	1181	1.848E-04	49
