A0A3G1DJF0	Q9SMN0	26.300	164	320	324	7.181E-10	63
A0A3G1DJF0	R4X247	33.800	124	320	374	5.370E-09	61
A0A3G1DJF0	R4X244	33.800	124	320	374	5.370E-09	61
A0A3G1DJF0	R4X4V6	33.800	124	320	374	5.370E-09	61
A0A3G1DJF0	R4X5P0	33.800	124	320	374	5.370E-09	61
A0A3G1DJF0	Q9SX25	29.600	124	320	336	1.269E-08	59
A0A3G1DJF0	Q9SMM9	25.600	145	320	329	7.067E-08	57
A0A3G1DJF0	Q9LMA7	27.600	158	320	318	1.251E-07	56
A0A3G1DJF0	I4DST9	30.100	124	320	382	1.665E-07	56
A0A3G1DJF0	I4DST8	30.100	124	320	385	1.665E-07	56
A0A3G1DJF0	Q94AS5	24.200	271	320	427	5.208E-07	54
A0A3G1DJF0	Q9LVB8	32.100	108	320	327	9.206E-07	53
A0A3G1DJF0	A0A0A1EQ07	26.300	126	320	313	1.627E-06	53
A0A3G1DJF0	Q8VYP9	24.600	269	320	476	8.948E-06	50
A0A3G1DJF0	A0A0H5BMX5	27.200	130	320	440	1.188E-05	50
A0A3G1DJF0	P9WK86	32.300	104	320	319	6.510E-05	48
A0A3G1DJF0	P9WK87	32.300	104	320	319	6.510E-05	48
A0A3G1DJF0	I3PLR2	26.500	112	320	320	1.147E-04	47
A0A3G1DJF0	Q6L5F5	24.500	275	320	414	2.679E-04	46
A0A3G1DJF0	P24484	28.500	109	320	433	6.255E-04	44
A0A5C1REZ4	Q1ERI2	55.500	478	494	501	4.774E-175	555
A0A5C1REZ4	B8M9K4	38.500	464	494	515	2.892E-95	323
A0A5C1REZ4	O34660	37.100	453	494	495	1.454E-92	316
A0A5C1REZ4	P46367	36.000	457	494	519	9.927E-90	307
A0A5C1REZ4	Q985M6	35.200	475	494	487	8.730E-89	304
A0A5C1REZ4	Q9SU63	38.000	456	494	538	3.023E-88	303
A0A5C1REZ4	P71016	37.000	461	494	490	7.673E-88	302
A0A5C1REZ4	Q8S528	37.300	456	494	534	1.947E-87	301
A0A5C1REZ4	O35945	36.300	467	494	501	3.623E-87	300
A0A5C1REZ4	Q25417	37.400	459	494	498	4.941E-87	299
A0A5C1REZ4	Q9JHW9	37.300	457	494	512	6.739E-87	299
A0A5C1REZ4	Q8K4D8	36.600	457	494	512	2.332E-86	297
A0A5C1REZ4	P30837	36.400	465	494	517	3.805E-85	294
A0A5C1REZ4	Q66HF8	36.800	457	494	519	9.649E-85	293
A0A5C1REZ4	P42041	36.000	460	494	497	1.794E-84	292
A0A5C1REZ4	Q8D3K3	34.700	459	494	486	2.446E-84	291
A0A5C1REZ4	Q27640	35.900	450	494	497	2.446E-84	291
A0A5C1REZ4	Q5R6B5	36.200	465	494	517	3.336E-84	291
A0A5C1REZ4	P08157	35.900	455	494	497	4.548E-84	291
A0A5C1REZ4	Q9CZS1	36.400	457	494	519	4.548E-84	291
A0A5C1REZ4	Q56YU0	36.600	460	494	501	1.153E-83	289
A0A5C1REZ4	C0RHQ3	33.800	475	494	487	2.143E-83	289
A0A5C1REZ4	A0B2F6	34.800	469	494	489	2.143E-83	289
A0A5C1REZ4	Q1BQE1	34.800	469	494	489	2.143E-83	289
A0A5C1REZ4	P13601	36.200	459	494	501	2.143E-83	289
A0A5C1REZ4	P40047	34.800	465	494	520	2.143E-83	289
A0A5C1REZ4	A6ZR27	34.800	465	494	520	2.143E-83	289
A0A5C1REZ4	P40108	35.200	468	494	496	2.922E-83	288
A0A5C1REZ4	B2SA42	33.800	475	494	487	3.984E-83	288
A0A5C1REZ4	A6X2G8	33.600	475	494	487	3.984E-83	288
A0A5C1REZ4	Q57EI0	33.800	475	494	487	3.984E-83	288
A0A5C1REZ4	Q8YFY0	33.800	475	494	487	3.984E-83	288
A0A5C1REZ4	A5VPA5	33.800	475	494	487	3.984E-83	288
A0A5C1REZ4	Q2YMP8	33.800	475	494	487	3.984E-83	288
A0A5C1REZ4	B1K708	34.600	469	494	489	5.431E-83	287
A0A5C1REZ4	P41751	36.100	455	494	497	7.405E-83	287
A0A5C1REZ4	Q8R0Y6	34.300	470	494	902	7.405E-83	287
A0A5C1REZ4	O06837	35.800	461	494	502	1.009E-82	287
A0A5C1REZ4	Q39A43	34.600	469	494	489	1.376E-82	286
A0A5C1REZ4	Q62CH7	35.000	474	494	489	2.558E-82	286
A0A5C1REZ4	B4EHJ1	34.400	469	494	489	2.558E-82	286
A0A5C1REZ4	A3MEC6	35.000	474	494	489	2.558E-82	286
A0A5C1REZ4	A2RWD6	35.000	474	494	489	2.558E-82	286
A0A5C1REZ4	A9M9H7	33.600	475	494	487	3.487E-82	285
A0A5C1REZ4	Q8G1Z9	33.600	475	494	487	3.487E-82	285
A0A5C1REZ4	Q0B712	34.200	469	494	489	3.487E-82	285
A0A5C1REZ4	A3NKP8	35.000	474	494	489	4.753E-82	285
A0A5C1REZ4	A3P6B0	34.800	474	494	489	6.479E-82	284
A0A5C1REZ4	B1Z033	34.200	469	494	489	6.479E-82	284
A0A5C1REZ4	Q3JLL8	34.800	474	494	489	6.479E-82	284
A0A5C1REZ4	B1LIJ8	36.000	467	494	490	6.479E-82	284
A0A5C1REZ4	A4JJG5	34.600	469	494	489	8.833E-82	284
A0A5C1REZ4	O93344	34.700	465	494	518	8.833E-82	284
A0A5C1REZ4	B0CKN3	33.600	475	494	487	1.204E-81	284
A0A5C1REZ4	Q63KK8	34.800	474	494	489	1.204E-81	284
A0A5C1REZ4	B6I075	35.800	467	494	490	1.641E-81	283
A0A5C1REZ4	B9JBA3	34.300	479	494	487	2.237E-81	283
A0A5C1REZ4	Q2KB42	33.800	479	494	487	2.237E-81	283
A0A5C1REZ4	B0KN18	35.500	461	494	490	2.237E-81	283
A0A5C1REZ4	C6DKY5	35.200	461	494	490	2.237E-81	283
A0A5C1REZ4	P51977	35.900	450	494	501	2.237E-81	283
A0A5C1REZ4	A4XPI6	35.500	475	494	490	3.049E-81	282
A0A5C1REZ4	Q6D6E0	34.500	475	494	490	3.049E-81	282
A0A5C1REZ4	P48644	35.900	450	494	501	3.049E-81	282
A0A5C1REZ4	B7M2V6	35.700	467	494	490	4.157E-81	282
A0A5C1REZ4	Q1MJU3	33.800	479	494	487	5.666E-81	282
A0A5C1REZ4	B3PTE1	33.800	479	494	487	5.666E-81	282
A0A5C1REZ4	B7N8L4	35.800	467	494	490	7.722E-81	281
A0A5C1REZ4	B1J0W5	35.800	467	494	490	7.722E-81	281
A0A5C1REZ4	A7ZWV5	35.600	467	494	490	7.722E-81	281
A0A5C1REZ4	B7L441	35.800	467	494	490	7.722E-81	281
A0A5C1REZ4	A7ZI51	35.700	467	494	490	7.722E-81	281
A0A5C1REZ4	B5ZUG3	33.600	479	494	487	1.053E-80	281
A0A5C1REZ4	Q7AH91	35.500	467	494	490	1.053E-80	281
A0A5C1REZ4	B7MCD1	35.500	467	494	490	1.053E-80	281
A0A5C1REZ4	B5Z1R1	35.500	467	494	490	1.053E-80	281
A0A5C1REZ4	Q2YV11	34.800	464	494	495	1.053E-80	281
A0A5C1REZ4	Q9L4K1	34.700	460	494	489	1.435E-80	280
A0A5C1REZ4	B7UJG5	35.500	467	494	490	1.955E-80	280
A0A5C1REZ4	Q5HJK3	35.000	464	494	495	1.955E-80	280
A0A5C1REZ4	Q2G1J0	35.000	464	494	495	1.955E-80	280
A0A5C1REZ4	Q8CN24	34.300	465	494	497	2.665E-80	280
A0A5C1REZ4	Q5HLA3	34.300	465	494	497	2.665E-80	280
A0A5C1REZ4	Q0T7M9	35.600	467	494	490	3.632E-80	279
A0A5C1REZ4	A6W2P7	32.700	469	494	485	4.950E-80	279
A0A5C1REZ4	Q4L919	34.500	465	494	497	4.950E-80	279
A0A5C1REZ4	Q02DY9	34.300	475	494	490	6.746E-80	278
A0A5C1REZ4	B7V5R4	34.300	475	494	490	6.746E-80	278
A0A5C1REZ4	Q9HTJ1	34.300	475	494	490	6.746E-80	278
A0A5C1REZ4	Q4K4K8	34.800	470	494	490	9.194E-80	278
A0A5C1REZ4	Q3K5H4	34.800	475	494	490	9.194E-80	278
A0A5C1REZ4	Q99X54	34.800	464	494	495	9.194E-80	278
A0A5C1REZ4	Q7A1Y7	34.800	464	494	495	9.194E-80	278
A0A5C1REZ4	Q7A825	34.800	464	494	495	9.194E-80	278
A0A5C1REZ4	A6U6Y9	33.600	479	494	487	1.253E-79	278
A0A5C1REZ4	Q13NG6	33.600	469	494	489	1.253E-79	278
A0A5C1REZ4	A7FKL5	35.000	475	494	490	1.253E-79	278
A0A5C1REZ4	Q1C931	34.500	475	494	490	1.707E-79	277
A0A5C1REZ4	A4TNP1	34.500	475	494	490	1.707E-79	277
A0A5C1REZ4	Q1CFR8	34.500	475	494	490	1.707E-79	277
A0A5C1REZ4	Q3BXK7	35.500	458	494	490	1.707E-79	277
A0A5C1REZ4	Q0TKW0	35.600	467	494	490	1.707E-79	277
A0A5C1REZ4	Q8ZGV9	34.500	475	494	490	1.707E-79	277
A0A5C1REZ4	Q6GCV9	34.800	464	494	495	1.707E-79	277
A0A5C1REZ4	A6VEI4	34.100	475	494	490	2.327E-79	277
A0A5C1REZ4	B0RNV0	35.100	458	494	490	3.171E-79	276
A0A5C1REZ4	B2K8U5	34.500	472	494	490	3.171E-79	276
A0A5C1REZ4	Q4UYN4	35.100	458	494	490	3.171E-79	276
A0A5C1REZ4	Q1IG69	35.100	461	494	490	4.321E-79	276
A0A5C1REZ4	B1J2K9	35.300	461	494	490	5.888E-79	276
A0A5C1REZ4	P54222	33.400	479	494	487	8.024E-79	275
A0A5C1REZ4	Q66D53	34.500	472	494	490	8.024E-79	275
A0A5C1REZ4	Q7ZVB2	32.700	465	494	508	8.024E-79	275
A0A5C1REZ4	B2TCJ9	33.600	469	494	489	1.490E-78	274
A0A5C1REZ4	B1JSQ9	34.100	475	494	490	1.490E-78	274
A0A5C1REZ4	Q6FDF8	34.100	475	494	490	1.490E-78	274
A0A5C1REZ4	A5WA96	35.100	461	494	490	2.030E-78	274
A0A5C1REZ4	Q88CW7	35.100	461	494	490	2.030E-78	274
A0A5C1REZ4	C3K3D2	34.700	470	494	490	2.030E-78	274
A0A5C1REZ4	Q87H52	33.100	454	494	486	2.766E-78	274
A0A5C1REZ4	Q8K009	31.300	472	494	923	2.766E-78	274
A0A5C1REZ4	B5Y007	34.600	470	494	490	3.769E-78	273
A0A5C1REZ4	Q84LK3	35.500	444	494	503	3.769E-78	273
A0A5C1REZ4	B3VMC0	35.500	444	494	503	3.769E-78	273
A0A5C1REZ4	Q9S795	35.800	460	494	501	5.135E-78	273
A0A5C1REZ4	P56533	33.000	467	494	503	9.533E-78	272
A0A5C1REZ4	Q8UH56	32.500	480	494	493	1.299E-77	272
A0A5C1REZ4	Q29228	33.100	465	494	494	1.770E-77	271
A0A5C1REZ4	G5DDC2	36.200	444	494	506	1.770E-77	271
A0A5C1REZ4	B2FQ90	34.500	463	494	490	2.411E-77	271
A0A5C1REZ4	A8GBX8	34.300	475	494	490	3.285E-77	271
A0A5C1REZ4	Q48CM6	35.000	470	494	490	4.475E-77	270
A0A5C1REZ4	B7VQ28	33.500	455	494	486	1.131E-76	269
A0A5C1REZ4	C0P9J6	36.000	444	494	505	1.131E-76	269
A0A5C1REZ4	Q8PPG7	34.700	457	494	490	1.541E-76	269
A0A5C1REZ4	A3M365	32.800	475	494	490	1.541E-76	269
A0A5C1REZ4	B2JS88	33.000	474	494	489	2.099E-76	268
A0A5C1REZ4	Q4ZM62	35.300	461	494	490	2.099E-76	268
A0A5C1REZ4	P49189	32.100	465	494	494	2.099E-76	268
A0A5C1REZ4	B0V944	32.800	475	494	490	3.896E-76	267
A0A5C1REZ4	B7GYG4	32.800	475	494	490	3.896E-76	267
A0A5C1REZ4	B7I896	32.800	475	494	490	3.896E-76	267
A0A5C1REZ4	O24174	36.200	444	494	505	3.896E-76	267
A0A5C1REZ4	B2HV80	32.800	475	494	490	5.307E-76	267
A0A5C1REZ4	Q93YB2	34.900	461	494	503	5.307E-76	267
A0A5C1REZ4	Q9STS1	33.900	460	494	503	9.846E-76	266
A0A5C1REZ4	Q802W2	33.500	463	494	518	1.341E-75	266
A0A5C1REZ4	A8AGJ9	33.100	453	494	474	2.488E-75	265
A0A5C1REZ4	B0VST2	32.800	475	494	490	2.488E-75	265
A0A5C1REZ4	A7N2Q0	31.700	467	494	486	3.388E-75	265
A0A5C1REZ4	P54115	33.900	458	494	500	3.388E-75	265
A0A5C1REZ4	P52476	34.900	457	494	524	3.388E-75	265
A0A5C1REZ4	C6KEM4	35.800	449	494	506	4.615E-75	264
A0A5C1REZ4	Q88AE9	34.400	470	494	490	6.285E-75	264
A0A5C1REZ4	P23883	33.900	463	494	495	8.560E-75	263
A0A5C1REZ4	P80668	33.300	461	494	499	8.560E-75	263
A0A5C1REZ4	P19059	32.800	478	494	486	1.588E-74	263
A0A5C1REZ4	Q3YAT5	33.400	464	494	504	2.162E-74	262
A0A5C1REZ4	A5F3A7	32.500	468	494	506	4.010E-74	261
A0A5C1REZ4	P0C6D7	32.500	468	494	506	4.010E-74	261
A0A5C1REZ4	A0A0E3T3B5	34.500	448	494	503	5.460E-74	261
A0A5C1REZ4	Q6D6Y7	33.300	453	494	474	7.435E-74	261
A0A5C1REZ4	Q9JLJ2	32.300	465	494	494	7.435E-74	261
A0A5C1REZ4	Q3Z1H6	32.100	453	494	474	1.379E-73	260
A0A5C1REZ4	P37685	34.500	454	494	512	1.379E-73	260
A0A5C1REZ4	A4WAR9	32.600	453	494	474	3.480E-73	259
A0A5C1REZ4	B7LZ33	31.900	453	494	474	4.739E-73	258
A0A5C1REZ4	A7ZLN7	31.900	453	494	474	4.739E-73	258
A0A5C1REZ4	B6IAI9	31.900	453	494	474	4.739E-73	258
A0A5C1REZ4	B7L6F9	31.900	453	494	474	4.739E-73	258
A0A5C1REZ4	A8A002	31.900	453	494	474	6.452E-73	258
A0A5C1REZ4	Q0T431	31.900	453	494	474	6.452E-73	258
A0A5C1REZ4	B1IS15	31.900	453	494	474	6.452E-73	258
A0A5C1REZ4	B1XDF5	31.900	453	494	474	8.784E-73	258
A0A5C1REZ4	C6DD82	32.700	453	494	474	8.784E-73	258
A0A5C1REZ4	C4ZVI3	31.900	453	494	474	8.784E-73	258
A0A5C1REZ4	Q9JLJ3	32.300	465	494	494	8.784E-73	258
A0A5C1REZ4	P28237	30.500	476	494	500	8.784E-73	258
A0A5C1REZ4	Q0THX6	31.700	453	494	474	1.196E-72	257
A0A5C1REZ4	B7MMS8	31.700	453	494	474	1.196E-72	257
A0A5C1REZ4	B1LFH3	31.900	453	494	474	1.196E-72	257
A0A5C1REZ4	B7MUN0	31.700	453	494	474	1.196E-72	257
A0A5C1REZ4	Q8FHK7	31.700	453	494	474	1.196E-72	257
A0A5C1REZ4	A1AB46	31.700	453	494	474	1.196E-72	257
A0A5C1REZ4	Q1RBX3	31.700	453	494	474	1.196E-72	257
A0A5C1REZ4	B7N4K1	31.700	453	494	474	1.628E-72	257
A0A5C1REZ4	P42236	34.200	453	494	488	1.628E-72	257
A0A5C1REZ4	B5Z0W0	31.700	453	494	474	4.108E-72	256
A0A5C1REZ4	Q8ZPC9	33.200	453	494	474	4.108E-72	256
A0A5C1REZ4	Q8X9W5	31.700	453	494	474	4.108E-72	256
A0A5C1REZ4	B7LR95	31.200	453	494	474	4.108E-72	256
A0A5C1REZ4	P9WNY0	35.800	444	494	507	5.593E-72	255
A0A5C1REZ4	P9WNY1	35.800	444	494	507	5.593E-72	255
A0A5C1REZ4	P63938	35.800	444	494	507	5.593E-72	255
A0A5C1REZ4	Q9RJZ6	32.600	469	494	507	5.593E-72	255
A0A5C1REZ4	Q8Z747	33.200	453	494	474	7.613E-72	255
A0A5C1REZ4	B7URJ0	31.500	453	494	474	7.613E-72	255
A0A5C1REZ4	Q57P61	33.200	453	494	474	7.613E-72	255
A0A5C1REZ4	P94428	32.400	454	494	462	1.036E-71	254
A0A5C1REZ4	P0DOV9	33.500	460	494	486	1.036E-71	254
A0A5C1REZ4	A0A0E3T552	33.900	448	494	503	1.036E-71	254
A0A5C1REZ4	P46368	34.700	445	494	506	1.920E-71	254
A0A5C1REZ4	Q5PHV8	33.000	453	494	474	3.558E-71	253
A0A5C1REZ4	A9MYQ4	32.800	453	494	474	3.558E-71	253
A0A5C1REZ4	P46369	33.400	456	494	506	3.558E-71	253
A0A5C1REZ4	Q9SAK4	33.100	441	494	528	3.558E-71	253
A0A5C1REZ4	P42329	33.900	454	494	488	6.592E-71	252
A0A5C1REZ4	Q32FQ5	31.700	453	494	474	1.662E-70	251
A0A5C1REZ4	Q79EM7	33.400	452	494	485	1.662E-70	251
A0A5C1REZ4	Q2YUN1	33.900	453	494	475	2.262E-70	250
A0A5C1REZ4	O04895	31.100	476	494	501	3.078E-70	250
A0A5C1REZ4	P42757	31.200	456	494	502	3.078E-70	250
A0A5C1REZ4	A1B4L2	34.200	439	494	508	3.078E-70	250
A0A5C1REZ4	B9F3B6	32.900	440	494	527	4.189E-70	250
A0A5C1REZ4	H8ZPX2	36.100	441	494	477	5.701E-70	249
A0A5C1REZ4	Q3J4E9	32.000	479	494	483	5.701E-70	249
A0A5C1REZ4	Q6GEV3	33.700	453	494	475	7.758E-70	249
A0A5C1REZ4	Q5KYR4	33.600	454	494	484	7.758E-70	249
A0A5C1REZ4	Q5HE78	33.700	453	494	475	1.056E-69	248
A0A5C1REZ4	Q2FWD6	33.700	453	494	475	1.056E-69	248
A0A5C1REZ4	Q2FF06	33.700	453	494	475	1.056E-69	248
A0A5C1REZ4	Q99SD6	33.700	453	494	475	1.056E-69	248
A0A5C1REZ4	A3PI00	32.000	479	494	483	1.955E-69	248
A0A5C1REZ4	A4WUY6	31.600	479	494	483	3.619E-69	247
A0A5C1REZ4	F8JX40	34.200	439	494	507	3.619E-69	247
A0A5C1REZ4	Q6G7I8	33.400	453	494	475	4.925E-69	246
A0A5C1REZ4	Q8NVG4	33.400	453	494	475	4.925E-69	246
A0A5C1REZ4	A4IPF5	35.600	442	494	483	4.925E-69	246
A0A5C1REZ4	Q5KYK0	34.800	442	494	484	6.701E-69	246
A0A5C1REZ4	A4IPB2	33.700	459	494	484	6.701E-69	246
A0A5C1REZ4	Q8EMV4	33.600	470	494	486	6.701E-69	246
A0A5C1REZ4	Q0P5F9	32.400	462	494	487	6.701E-69	246
A0A5C1REZ4	Q9FDS1	34.400	442	494	503	6.701E-69	246
A0A5C1REZ4	B9KNS6	32.000	479	494	483	9.117E-69	246
A0A5C1REZ4	H1ZV37	34.000	434	494	478	1.240E-68	245
A0A5C1REZ4	Q9ZA11	33.400	445	494	506	4.249E-68	244
A0A5C1REZ4	Q8BH00	31.700	456	494	487	1.070E-67	243
A0A5C1REZ4	P51650	33.200	440	494	523	1.070E-67	243
A0A5C1REZ4	Q49Z69	32.900	453	494	475	1.979E-67	242
A0A5C1REZ4	Q9KAH5	33.500	465	494	485	1.979E-67	242
A0A5C1REZ4	Q9RKF1	31.900	450	494	492	1.979E-67	242
A0A5C1REZ4	Q4L803	32.900	453	494	475	3.662E-67	241
A0A5C1REZ4	Q8BWF0	33.000	440	494	523	9.215E-67	240
A0A5C1REZ4	A8GHZ8	31.700	446	494	474	2.318E-66	239
A0A5C1REZ4	A5YBJ3	33.900	459	494	492	2.318E-66	239
A0A5C1REZ4	H2IFE7	31.000	450	494	480	5.830E-66	237
A0A5C1REZ4	Q3MSM3	32.500	440	494	535	7.927E-66	237
A0A5C1REZ4	Q5HMA0	33.100	453	494	475	1.466E-65	236
A0A5C1REZ4	Q6A2H0	31.900	440	494	535	2.710E-65	235
A0A5C1REZ4	P51649	31.900	440	494	535	2.710E-65	235
A0A5C1REZ4	Q6A2H1	31.900	440	494	535	5.010E-65	235
A0A5C1REZ4	Q3MSM4	31.900	440	494	535	1.711E-64	233
A0A5C1REZ4	Q9US47	31.500	440	494	498	2.326E-64	233
A0A5C1REZ4	Q6A2H2	31.900	440	494	535	4.299E-64	232
A0A5C1REZ4	Q65IX1	32.300	450	494	484	7.943E-64	231
A0A5C1REZ4	P25526	29.500	457	494	482	2.711E-63	229
A0A5C1REZ4	Q81QB6	33.200	442	494	487	3.684E-63	229
A0A5C1REZ4	Q9AHG1	32.100	449	494	477	5.007E-63	229
A0A5C1REZ4	Q6HIK3	33.000	442	494	487	9.247E-63	228
A0A5C1REZ4	A8FDV4	30.800	470	494	486	1.257E-62	228
A0A5C1REZ4	O32507	30.100	462	494	477	1.708E-62	227
A0A5C1REZ4	B8DCT8	32.500	468	494	488	2.320E-62	227
A0A5C1REZ4	A0REB5	32.800	442	494	487	7.909E-62	225
A0A5C1REZ4	P42412	33.100	453	494	487	1.983E-61	224
A0A5C1REZ4	Q63B74	32.500	442	494	488	1.983E-61	224
A0A5C1REZ4	P94682	31.900	449	494	476	2.694E-61	224
A0A5C1REZ4	D4GP41	32.300	449	494	482	2.694E-61	224
A0A5C1REZ4	A7BJC4	33.100	453	494	487	2.694E-61	224
A0A5C1REZ4	Q4V1F6	32.300	442	494	487	3.660E-61	223
A0A5C1REZ4	Q65D00	32.500	468	494	487	6.754E-61	222
A0A5C1REZ4	A9VF06	31.800	451	494	486	9.174E-61	222
A0A5C1REZ4	Q738L2	31.800	451	494	486	1.246E-60	222
A0A5C1REZ4	C1KZ99	32.000	468	494	488	1.246E-60	222
A0A5C1REZ4	Q81DR5	31.000	470	494	486	1.693E-60	221
A0A5C1REZ4	B7H597	31.600	451	494	486	2.299E-60	221
A0A5C1REZ4	B7IW48	31.600	451	494	486	3.122E-60	220
A0A5C1REZ4	Q81QR5	31.600	451	494	486	4.240E-60	220
A0A5C1REZ4	Q6HJ19	31.600	451	494	486	4.240E-60	220
A0A5C1REZ4	A0RDW1	31.600	451	494	486	4.240E-60	220
A0A5C1REZ4	Q63BL0	31.600	451	494	486	4.240E-60	220
A0A5C1REZ4	Q723T1	31.800	468	494	488	4.240E-60	220
A0A5C1REZ4	Q8GAK7	28.800	449	494	458	5.759E-60	220
A0A5C1REZ4	A7GPH3	30.800	451	494	486	1.062E-59	219
A0A5C1REZ4	B9IZZ7	31.400	451	494	486	1.958E-59	218
A0A5C1REZ4	B7HR31	31.400	451	494	486	1.958E-59	218
A0A5C1REZ4	A5TYV9	29.200	449	494	457	4.902E-59	217
A0A5C1REZ4	Q7U2I0	29.200	449	494	457	4.902E-59	217
A0A5C1REZ4	P9WNX9	29.200	449	494	457	4.902E-59	217
A0A5C1REZ4	Q73TP5	29.600	434	494	472	4.166E-58	214
A0A5C1REZ4	A0QMB9	29.400	434	494	472	1.414E-57	213
A0A5C1REZ4	Q9I702	31.100	472	494	497	2.605E-57	212
A0A5C1REZ4	A0PN13	27.900	449	494	458	3.535E-57	211
A0A5C1REZ4	P94358	28.700	436	494	485	2.206E-56	209
A0A5C1REZ4	O69497	28.600	449	494	457	4.655E-55	205
A0A5C1REZ4	Q0WSF1	28.600	461	494	596	1.575E-54	203
A0A5C1REZ4	Q54I10	31.800	424	494	528	2.437E-53	200
A0A5C1REZ4	Q55585	28.600	434	494	454	2.775E-52	197
A0A5C1REZ4	K9UV87	30.400	437	494	486	3.150E-51	194
A0A5C1REZ4	Q29HB2	30.900	423	494	520	2.196E-49	188
A0A5C1REZ4	Q29491	36.100	235	494	240	1.150E-41	165
A0A5Q0QSI8	A0A0C9VD04	67.600	340	430	347	3.628E-156	497
A0A5Q0QSI8	A0A0C3FBR2	67.500	339	430	345	6.802E-156	496
A0A5Q0QSI8	B8PD44	42.400	331	430	336	3.807E-80	276
A0A5Q0QSI8	A8NU13	42.400	329	430	345	5.525E-78	270
A0A5Q0QSI8	A0A348B779	33.900	308	430	338	9.458E-47	178
A0A5Q0QSI8	A8NE23	31.700	343	430	425	1.684E-44	171
A0A5Q0QSI8	W4JX79	32.100	314	430	345	6.477E-43	167
A0A5Q0QSI8	P0DL13	32.200	322	430	345	3.348E-41	162
A0A5Q0QSI8	A0A0D2L718	29.500	334	430	327	1.523E-40	160
A0A5Q0QSI8	A0A8H7XMX0	31.100	321	430	344	2.389E-36	147
A0A5Q0QSI8	A0A8H7XP09	25.200	331	430	361	6.872E-31	130
A0A5Q0QSI8	A0A8H7XQ49	23.600	329	430	364	1.136E-27	121
A0A5Q0QSI8	A0A8H8CFI5	23.700	332	430	364	2.051E-27	120
A0A5Q0QSI8	A9GK58	28.200	256	430	315	6.174E-18	90
A0A5Q0QSI8	S0DX56	23.700	339	430	357	1.033E-14	80
A0A5Q0QSI8	D2B747	24.700	317	430	330	4.273E-14	78
A0A5Q0QSI8	A0A1B4XBG5	22.600	315	430	367	2.154E-11	69
A0A5Q0QSI8	B2J4A4	21.600	308	430	323	1.168E-10	67
A0A5Q0QSI8	A0A0B4G3Q7	24.500	255	430	342	5.989E-09	61
A0A5Q0QSI8	E9E766	21.000	305	430	349	5.322E-07	55
A0A5Q0QSI8	E8W6C7	21.300	313	430	356	5.322E-07	55
A0A5Q0QSI8	E4N7E5	24.000	203	430	320	8.741E-06	51
A0A5Q0QSI8	A0A0B4IF96	24.400	258	430	355	1.529E-05	50
A0A5Q0QSI8	A0A0B4FWC3	24.100	258	430	332	2.675E-05	49
A0A5Q0QSI8	A0A151ZEA6	22.000	260	430	353	2.675E-05	49
A0A5Q0QSI8	A0A0H5BN61	19.800	317	430	322	1.430E-04	47
A0A5Q0QSI8	A0A1G9VRW7	21.200	241	430	339	1.891E-04	47
A0A5Q0QSI8	F0ZLU4	23.800	175	430	377	5.779E-04	45
A0A2U1LIM9	Q05001	74.300	712	704	714	0.000E+00	1114
A0A2U1LIM9	Q9SUM3	70.900	711	704	711	0.000E+00	1036
A0A2U1LIM9	A0A7T9QPQ1	70.900	706	704	706	0.000E+00	1035
A0A2U1LIM9	C5YJG8	70.700	696	704	706	0.000E+00	1025
A0A2U1LIM9	Q653S9	70.100	704	704	714	0.000E+00	1018
A0A2U1LIM9	Q0J705	72.500	671	704	719	0.000E+00	1014
A0A2U1LIM9	Q7X7K8	74.400	661	704	695	0.000E+00	1013
A0A2U1LIM9	P37116	69.700	665	704	690	3.883E-305	943
A0A2U1LIM9	Q9SB48	66.600	670	704	692	1.715E-294	912
A0A2U1LIM9	P37040	39.500	607	704	678	1.436E-131	439
A0A2U1LIM9	Q27597	40.000	607	704	679	1.436E-131	439
A0A2U1LIM9	P00389	39.000	607	704	679	3.641E-131	437
A0A2U1LIM9	Q07994	39.200	654	704	671	6.769E-131	437
A0A2U1LIM9	P00388	39.500	607	704	678	1.716E-130	436
A0A2U1LIM9	Q3SYT8	38.400	607	704	678	5.930E-130	434
A0A2U1LIM9	P37039	39.000	607	704	678	8.084E-130	434
A0A2U1LIM9	P16435	38.100	607	704	677	3.333E-128	429
A0A2U1LIM9	P19618	36.900	607	704	601	2.626E-115	391
A0A2U1LIM9	Q4WM67	34.200	637	704	695	1.563E-103	356
A0A2U1LIM9	Q0CMM0	34.100	638	704	695	1.344E-102	353
A0A2U1LIM9	Q5BFT5	34.000	638	704	695	1.827E-102	353
A0A2U1LIM9	Q00141	33.900	637	704	694	2.484E-102	353
A0A2U1LIM9	A2QS05	33.700	638	704	695	4.592E-102	352
A0A2U1LIM9	Q9HDG2	34.100	678	704	736	2.810E-93	326
A0A2U1LIM9	P50126	33.500	623	704	680	8.116E-92	321
A0A2U1LIM9	P37201	34.600	623	704	680	1.269E-90	318
A0A2U1LIM9	O32214	33.000	635	704	605	1.181E-79	285
A0A2U1LIM9	P16603	32.000	638	704	691	2.442E-78	281
A0A2U1LIM9	Q9KUX4	32.700	606	704	614	1.399E-75	273
A0A2U1LIM9	A5F3I4	32.700	606	704	614	2.559E-75	272
A0A2U1LIM9	Q4JIJ2	31.200	686	704	695	5.834E-73	265
A0A2U1LIM9	Q0HYB4	32.000	605	704	604	2.162E-71	260
A0A2U1LIM9	A0KTH4	32.000	605	704	604	2.396E-70	257
A0A2U1LIM9	Q7MHA5	31.200	639	704	616	1.961E-69	254
A0A2U1LIM9	Q87L90	30.600	606	704	623	6.514E-69	253
A0A2U1LIM9	Q8C1A3	29.200	694	704	696	8.793E-69	252
A0A2U1LIM9	Q9UBK8	29.400	696	704	698	8.793E-69	252
A0A2U1LIM9	Q5E841	30.600	606	704	604	1.306E-67	249
A0A2U1LIM9	Q498R1	27.500	698	704	700	3.207E-67	248
A0A2U1LIM9	Q7N8L6	30.900	608	704	600	5.837E-67	247
A0A2U1LIM9	A1JJS2	28.700	629	704	601	6.392E-66	244
A0A2U1LIM9	Q5NRM1	29.100	639	704	606	2.113E-65	242
A0A2U1LIM9	Q66ED4	28.700	629	704	618	3.840E-65	241
A0A2U1LIM9	Q2NVN4	30.500	605	704	603	9.407E-65	240
A0A2U1LIM9	Q8ZBN6	28.800	629	704	606	1.268E-64	240
A0A2U1LIM9	Q1C3Z0	28.800	629	704	606	1.268E-64	240
A0A2U1LIM9	Q6D1A1	30.600	605	704	609	5.637E-64	238
A0A2U1LIM9	A4TPY5	28.500	629	704	612	7.596E-64	237
A0A2U1LIM9	Q1CLS8	28.500	629	704	612	7.596E-64	237
A0A2U1LIM9	A7FLZ0	28.500	629	704	612	1.023E-63	237
A0A2U1LIM9	Q6LM58	29.500	606	704	605	1.858E-63	236
A0A2U1LIM9	Q1LTP1	29.500	605	704	595	2.711E-62	233
A0A2U1LIM9	Q65T53	30.500	617	704	597	2.711E-62	233
A0A2U1LIM9	A6TD49	29.100	634	704	599	6.619E-62	231
A0A2U1LIM9	A7MJ63	29.200	605	704	600	6.619E-62	231
A0A2U1LIM9	Q7VQH2	29.600	605	704	610	1.615E-61	230
A0A2U1LIM9	O19114	32.400	501	704	496	7.137E-61	228
A0A2U1LIM9	Q8K9D3	28.800	611	704	602	9.605E-61	228
A0A2U1LIM9	A1AEV0	28.900	605	704	599	1.293E-60	228
A0A2U1LIM9	Q0T1I8	29.400	605	704	599	1.293E-60	228
A0A2U1LIM9	Q83QD9	29.400	605	704	599	1.293E-60	228
A0A2U1LIM9	Q0TEA2	28.900	605	704	599	1.293E-60	228
A0A2U1LIM9	Q1R7T4	28.900	605	704	599	1.293E-60	228
A0A2U1LIM9	Q8FEI7	28.900	605	704	599	1.293E-60	228
A0A2U1LIM9	A7ZQK7	28.900	605	704	599	1.739E-60	227
A0A2U1LIM9	B1IU77	28.900	605	704	599	1.739E-60	227
A0A2U1LIM9	Q8X7U1	28.700	605	704	599	2.341E-60	227
A0A2U1LIM9	A8ANX1	29.000	605	704	601	2.341E-60	227
A0A2U1LIM9	A8A3P5	28.700	605	704	599	3.149E-60	226
A0A2U1LIM9	Q31XM4	28.900	605	704	599	4.237E-60	226
A0A2U1LIM9	Q32CG3	28.500	605	704	599	1.388E-59	224
A0A2U1LIM9	A4WDW1	28.500	605	704	601	8.212E-59	222
A0A2U1LIM9	A9LZ73	31.000	605	704	604	8.212E-59	222
A0A2U1LIM9	P38039	29.200	606	704	599	1.996E-58	221
A0A2U1LIM9	A9N2E6	28.800	605	704	599	2.683E-58	220
A0A2U1LIM9	Q8Z458	28.800	610	704	599	3.607E-58	220
A0A2U1LIM9	Q9JUD8	30.900	605	704	604	8.761E-58	219
A0A2U1LIM9	Q5PEH7	28.500	605	704	599	1.582E-57	218
A0A2U1LIM9	A1KU06	30.600	605	704	604	5.159E-57	216
A0A2U1LIM9	Q9JS45	30.600	605	704	604	9.312E-57	216
A0A2U1LIM9	P57503	27.200	617	704	601	2.386E-55	211
A0A2U1LIM9	Q17574	26.000	676	704	682	1.056E-42	172
A0A2U1LIM9	Q09878	29.900	351	704	1006	4.912E-34	144
A0A2U1LIM9	P52674	25.600	591	704	522	8.647E-34	143
A0A2U1LIM9	Q9NV66	39.500	169	704	732	2.751E-20	100
A0A2U1LIM9	Q08C92	35.300	232	704	730	3.634E-20	99
A0A2U1LIM9	Q5REF9	39.500	169	704	732	3.634E-20	99
A0A2U1LIM9	Q92091	28.500	272	704	470	4.443E-19	96
A0A2U1LIM9	Q8BJM7	37.700	169	704	721	1.784E-18	94
A0A2U1LIM9	Q2KHP8	35.400	169	704	735	1.648E-17	91
A0A2U1LIM9	P10933	32.500	201	704	360	3.498E-16	86
A0A2U1LIM9	P41346	33.000	201	704	363	6.094E-16	85
A0A2U1LIM9	P41343	31.100	201	704	365	4.253E-15	83
A0A2U1LIM9	Q9FKW6	30.600	201	704	360	7.409E-15	82
A0A2U1LIM9	P00455	31.100	201	704	369	2.247E-14	80
A0A2U1LIM9	Q6ZFJ3	30.600	201	704	366	2.966E-14	80
A0A2U1LIM9	A2WZT1	30.600	201	704	366	3.914E-14	79
A0A2U1LIM9	O23877	29.200	220	704	378	6.817E-14	79
A0A2U1LIM9	O04397	34.600	151	704	375	1.187E-13	78
A0A2U1LIM9	P53991	30.500	204	704	354	1.566E-13	78
A0A2U1LIM9	Q9S9P8	30.200	220	704	382	1.566E-13	78
A0A2U1LIM9	Q8W493	30.600	201	704	369	2.067E-13	77
A0A2U1LIM9	P58558	29.300	197	704	440	2.727E-13	77
A0A2U1LIM9	Q9M0V6	29.600	220	704	378	4.749E-13	76
A0A2U1LIM9	A2Y8E0	29.600	201	704	362	6.266E-13	76
A0A2U1LIM9	Q93RE3	29.000	203	704	386	6.266E-13	76
A0A2U1LIM9	P21890	28.800	197	704	440	6.266E-13	76
A0A2U1LIM9	Q44549	28.800	197	704	440	6.266E-13	76
A0A2U1LIM9	P41344	29.600	201	704	362	1.091E-12	75
A0A2U1LIM9	Q41014	29.500	220	704	377	1.091E-12	75
A0A2U1LIM9	P41345	29.000	220	704	378	1.439E-12	74
A0A2U1LIM9	Q6NUM6	35.600	157	704	668	2.506E-12	74
A0A2U1LIM9	Q00598	28.100	171	704	363	4.362E-12	73
A0A2U1LIM9	P31973	28.700	203	704	402	7.593E-12	72
A0A2U1LIM9	P00454	30.700	161	704	294	2.784E-10	67
A0A2U1LIM9	Q92037	31.500	111	704	164	7.801E-06	52
A0A2U1LIM9	Q9I9M2	26.600	156	704	212	1.029E-05	52
A0A2U1LIM9	Q51603	27.400	177	704	339	2.155E-04	48
A0A2U1LIM9	Q8H8N3	30.500	145	704	653	2.155E-04	48
A0A2U1LIM9	C6KT68	25.300	207	704	371	6.512E-04	46
P0DPT0	P0DMB4	92.300	301	301	334	5.623E-190	587
P0DPT0	P0DMB5	91.600	301	301	334	1.984E-189	586
P0DPT0	P0CH87	88.700	301	301	301	1.524E-183	569
P0DPT0	A0A0M3KKW3	88.300	301	301	300	4.882E-182	565
P0DPT0	Q06478	75.700	301	301	317	3.162E-158	496
P0DPT0	Q3ZU95	70.300	297	301	310	6.635E-143	452
P0DPT0	P51528	69.000	297	301	300	2.634E-140	444
P0DPT0	P49369	69.300	297	301	336	6.775E-140	443
P0DPT0	P0CH47	68.300	294	301	337	8.756E-133	422
P0DPT0	P0CH86	64.900	297	301	298	8.084E-129	411
P0DPT0	P53357	65.300	293	301	303	5.442E-125	400
P0DPT0	A2VBC4	56.000	299	301	322	6.500E-111	359
P0DPT0	Q6Q250	52.300	296	301	316	7.451E-103	336
P0DPT0	Q6Q252	52.300	296	301	337	7.451E-103	336
P0DPT0	Q6Q249	52.300	296	301	316	3.589E-102	334
P0DPT0	Q9U6W0	55.100	296	301	301	1.263E-101	332
P0DPT0	C0HMC9	58.000	258	301	303	2.646E-99	326
P0DPT0	Q68KK0	37.200	250	301	346	1.151E-41	158
P0DPT0	Q9Y5X9	29.600	297	301	500	7.157E-32	130
P0DPT0	Q9WVG5	30.700	258	301	500	2.099E-30	125
P0DPT0	Q8VBX1	31.100	258	301	493	2.853E-30	125
P0DPT0	Q06000	29.100	261	301	474	8.306E-29	121
P0DPT0	J3RZ81	29.000	259	301	497	2.825E-28	119
P0DPT0	P11152	28.400	261	301	474	3.836E-28	119
P0DPT0	P11151	29.300	261	301	478	3.836E-28	119
P0DPT0	Q29524	29.300	261	301	478	3.836E-28	119
P0DPT0	P07867	29.000	269	301	494	3.836E-28	119
P0DPT0	P49060	28.600	261	301	475	1.769E-27	117
P0DPT0	P11150	29.200	267	301	499	1.769E-27	117
P0DPT0	P06858	28.100	261	301	475	2.401E-27	116
P0DPT0	P27656	33.600	207	301	510	3.259E-27	116
P0DPT0	O46647	28.200	261	301	475	4.423E-27	115
P0DPT0	O46559	28.500	267	301	499	4.423E-27	115
P0DPT0	P55031	27.800	261	301	478	8.145E-27	115
P0DPT0	P11602	27.700	261	301	490	2.034E-26	113
P0DPT0	P54318	28.300	291	301	468	2.760E-26	113
P0DPT0	P49923	27.700	261	301	478	2.760E-26	113
P0DPT0	P11153	27.800	261	301	465	3.744E-26	113
P0DPT0	Q64425	28.200	248	301	457	5.078E-26	112
P0DPT0	P50903	26.600	309	301	465	9.340E-26	111
P0DPT0	Q5E9H0	30.800	251	301	456	1.267E-25	111
P0DPT0	P27657	28.000	296	301	465	3.158E-25	110
P0DPT0	D7EZN2	27.800	281	301	471	3.158E-25	110
P0DPT0	P17892	26.400	291	301	482	7.866E-25	109
P0DPT0	P16233	27.000	289	301	465	1.958E-24	108
P0DPT0	P54317	25.000	285	301	469	1.958E-24	108
P0DPT0	P29183	26.700	248	301	461	4.871E-24	106
P0DPT0	P00591	28.400	244	301	450	6.599E-24	106
P0DPT0	Q53H76	30.500	251	301	456	3.008E-23	104
P0DPT0	Q17RR3	31.600	213	301	467	4.073E-23	104
P0DPT0	A5PK46	28.000	258	301	469	4.073E-23	104
P0DPT0	P97535	30.400	251	301	456	5.514E-23	103
P0DPT0	Q5RBQ5	30.500	251	301	456	7.465E-23	103
P0DPT0	Q8VI78	30.200	251	301	456	1.011E-22	102
P0DPT0	Q7M3V4	47.800	91	301	152	4.032E-13	73
P0DPT0	Q7M3V3	43.100	101	301	139	5.409E-13	73
A0A5C1ZXT8	Q9TWL9	46.500	73	178	77	4.533E-17	81
C0HLL4	P86687	61.400	335	341	345	1.366E-144	459
C0HLL4	P49371	63.300	327	341	331	1.237E-143	456
C0HLL4	Q9U6V9	59.300	342	341	367	1.694E-143	456
C0HLL4	P0DRN5	62.500	334	341	357	1.533E-142	453
C0HLL4	P49370	63.300	327	341	331	2.877E-142	452
C0HLL4	P86875	61.600	334	341	357	2.603E-141	449
C0HLL4	Q05FZ2	62.600	327	341	331	4.885E-141	449
C0HLL4	A0ABM1IHN5	59.800	336	341	365	3.227E-140	446
C0HLL4	Q95PD7	46.900	330	341	387	3.954E-96	319
C0HLL4	Q08169	48.400	316	341	382	2.598E-95	316
C0HLL4	A0A348G5W8	46.100	326	341	357	1.247E-94	314
C0HLL4	E2ADC1	45.500	313	341	342	5.942E-91	304
C0HLL4	E0XKJ9	37.600	317	341	349	2.012E-62	221
C0HLL4	Q9XZ48	33.500	328	341	376	2.206E-48	180
C0HLL4	A0A0S4JYH2	33.200	318	341	394	1.681E-46	174
C0HLL4	Q76HN1	29.200	319	341	449	2.423E-42	162
C0HLL4	Q62803	33.600	322	341	512	6.110E-42	161
C0HLL4	A0A1L4BJ83	30.800	316	341	408	5.283E-41	158
C0HLL4	P38566	32.300	326	341	545	6.202E-40	155
C0HLL4	Q91ZJ9	28.300	319	341	462	8.437E-40	154
C0HLL4	P0DRN8	27.700	324	341	400	1.148E-39	154
C0HLL4	A3QVN2	30.400	333	341	449	3.927E-39	153
C0HLL4	W0HFN9	29.300	318	341	403	9.877E-39	151
C0HLL4	Q12794	29.100	324	341	435	9.877E-39	151
C0HLL4	J3S820	30.400	333	341	449	9.877E-39	151
C0HLL4	R4J7Z9	27.400	324	341	400	1.343E-38	151
C0HLL4	A3QVN3	30.100	328	341	449	1.343E-38	151
C0HLL4	A3QVN6	30.100	328	341	449	1.343E-38	151
C0HLL4	Q6RHW4	28.800	320	341	435	1.826E-38	151
C0HLL4	A3QVN5	29.800	328	341	449	4.590E-38	149
C0HLL4	A3QVN9	29.700	333	341	449	4.590E-38	149
C0HLL4	A3QVN4	29.800	328	341	449	1.567E-37	148
C0HLL4	A3QVP0	29.700	333	341	449	1.567E-37	148
C0HLL4	P48794	32.000	322	341	512	2.131E-37	147
C0HLL4	Q5E985	28.400	329	341	450	2.896E-37	147
C0HLL4	J9XYC6	28.200	328	341	414	3.936E-37	147
C0HLL4	P86100	29.700	326	341	410	7.270E-37	146
C0HLL4	P0DYJ2	28.300	317	341	402	2.116E-35	141
C0HLL4	O35632	28.700	328	341	473	5.302E-35	140
C0HLL4	Q8SQG7	29.200	331	341	476	1.328E-34	139
C0HLL4	Q2M3T9	31.100	330	341	481	6.124E-34	137
C0HLL4	Q9Z2Q3	28.100	328	341	473	1.128E-33	136
C0HLL4	Q05A56	29.100	330	341	481	3.828E-33	135
C0HLL4	E5RWZ0	27.000	333	341	491	9.564E-33	134
C0HLL4	K7ZMF5	27.500	333	341	483	2.388E-32	132
C0HLL4	I0CME7	26.400	324	341	448	3.706E-31	129
C0HLL4	Q801Z8	26.100	325	341	477	4.222E-30	126
C0HLL4	A0A0C9QKT6	30.200	224	341	257	1.423E-29	124
C0HLL4	Q6RHW2	26.800	326	341	419	7.319E-28	119
C0HLL4	Q5REQ1	27.100	325	341	414	2.454E-27	117
C0HLL4	Q8VEI3	27.300	327	341	412	1.112E-26	115
C0HLL4	A0A7T9L375	31.300	247	341	290	1.503E-26	115
C0HLL4	O43820	26.200	326	341	417	9.180E-26	113
C0HLL4	Q76HM9	26.400	327	341	412	1.377E-24	109
C0HLL4	C0HKM3	24.200	317	341	458	3.733E-23	105
C0HLL4	I0CME8	26.200	308	341	347	9.995E-22	100
C0HLL4	P0CH89	61.200	31	341	31	1.348E-05	50
P9WEW8	H1VQB1	75.800	294	324	322	4.693E-145	459
P9WEW8	I1RL14	80.500	273	324	368	5.824E-144	456
P9WEW8	E9F5E9	70.900	299	324	337	5.461E-137	436
P9WEW8	Q4WBI4	70.700	287	324	357	8.532E-132	421
P9WEW8	P9WEQ2	66.000	314	324	333	2.193E-131	420
P9WEW8	A0A8D5M3Y5	64.400	304	324	383	6.498E-123	395
P9WEW8	Q672V6	66.200	287	324	340	1.219E-122	394
P9WEW8	A0A0E3D8M9	60.100	309	324	364	9.965E-121	389
P9WEW8	A0A3S5XFG0	64.200	297	324	380	4.857E-117	378
P9WEW8	A0A140JWS2	62.500	288	324	356	9.203E-114	369
P9WEW8	A0A0E3D8P4	63.100	285	324	341	1.260E-113	368
P9WEW8	Q56RZ3	59.700	291	324	334	3.237E-113	367
P9WEW8	Q56RZ7	59.700	291	324	334	3.237E-113	367
P9WEW8	Q9C446	60.300	290	324	371	6.070E-113	366
P9WEW8	J7FIX8	66.600	258	324	334	1.559E-112	365
P9WEW8	P24322	59.800	284	324	433	1.271E-110	360
P9WEW8	Q92236	58.400	291	324	418	4.471E-110	358
P9WEW8	P9WEF2	57.800	292	324	419	5.021E-105	344
P9WEW8	A0A348FUE1	56.900	293	324	963	3.308E-104	341
P9WEW8	Q9P885	56.500	283	324	303	2.996E-100	330
P9WEW8	P56966	55.800	263	324	300	6.248E-95	314
P9WEW8	A0A858E6N7	59.100	273	324	365	8.553E-95	314
P9WEW8	Q6F5E6	54.200	284	324	343	1.603E-94	313
P9WEW8	A0A858E7G0	59.100	273	324	364	7.702E-94	311
P9WEW8	B2DBE9	51.800	293	324	424	8.541E-92	305
P9WEW8	A0A7D0AGU9	53.200	259	324	303	3.320E-89	298
P9WEW8	F9WWF1	49.400	293	324	332	7.652E-88	294
P9WEW8	Q54BK1	50.700	266	324	303	2.148E-82	278
P9WEW8	A0A1U8QLG8	48.100	276	324	397	1.409E-81	276
P9WEW8	A0A1V0QSA8	49.300	292	324	339	2.367E-80	272
P9WEW8	Q758K0	45.300	280	324	320	5.247E-73	251
P9WEW8	A0A0P0ZEM1	44.600	280	324	714	4.693E-72	248
P9WEW8	Q12051	46.500	277	324	335	1.467E-70	244
P9WEW8	K2SUY0	45.400	275	324	698	1.310E-69	241
P9WEW8	A0A8K1AY78	44.100	281	324	764	1.791E-69	241
P9WEW8	A0A2Z6AQX7	44.900	276	324	732	3.348E-69	240
P9WEW8	P9WEP0	42.100	294	324	710	2.186E-68	237
P9WEW8	A0A2Z6AQX6	44.400	262	324	778	4.984E-67	233
P9WEW8	A1DN30	44.100	271	324	764	6.813E-67	233
P9WEW8	A0A858E4Y8	42.900	292	324	324	1.273E-66	232
P9WEW8	A0A0P0ZD79	39.900	307	324	705	3.961E-65	228
P9WEW8	F9XLC1	43.100	286	324	361	1.889E-64	226
P9WEW8	A0A8H4CUY8	43.500	285	324	760	2.582E-64	226
P9WEW8	P9WER5	41.700	290	324	671	2.795E-62	220
P9WEW8	A1C8C3	40.600	287	324	718	5.218E-62	219
P9WEW8	M2V8C1	42.800	273	324	721	2.485E-61	217
P9WEW8	W6QAE7	44.200	288	324	742	2.485E-61	217
P9WEW8	A0A1Y1C7Q5	42.800	270	324	746	2.485E-61	217
P9WEW8	B6HFX8	41.900	315	324	732	6.338E-61	216
P9WEW8	A0A1B4XBK0	38.500	311	324	533	7.692E-60	213
P9WEW8	A0A1V1FVQ6	40.900	288	324	728	3.659E-59	211
P9WEW8	A0A348DU52	39.800	318	324	770	8.272E-58	207
P9WEW8	M2U578	43.300	224	324	704	1.367E-56	203
P9WEW8	A0A6S6QJ62	37.500	292	324	350	4.207E-55	199
P9WEW8	A0A2Z6FZ31	38.200	277	324	725	1.996E-54	197
P9WEW8	W6JPP9	40.000	288	324	339	5.079E-54	196
P9WEW8	S0E627	37.100	263	324	393	5.079E-54	196
P9WEW8	N4V6D4	38.300	292	324	712	9.465E-54	195
P9WEW8	A2PZA5	38.100	275	324	719	3.287E-53	193
P9WEW8	B2DBE8	37.900	298	324	389	1.007E-51	189
P9WEW8	C9K2Q3	35.000	294	324	697	1.603E-45	171
P9WEW8	P0AD57	28.000	258	324	323	8.036E-24	106
P9WEW8	P0AD58	28.000	258	324	323	8.036E-24	106
P9WEW8	O06428	26.600	298	324	335	1.182E-19	94
P9WEW8	P39464	30.200	214	324	330	2.146E-19	93
P9WEW8	O24743	29.600	217	324	325	2.317E-18	90
P9WEW8	Q9UWR6	26.400	231	324	318	7.594E-18	88
P9WEW8	P95999	30.200	214	324	332	2.483E-17	87
P9WEW8	P44916	25.000	258	324	329	1.089E-16	85
P9WEW8	Q3IPL1	24.900	276	324	341	1.089E-16	85
P9WEW8	A0A0A7GEY4	27.800	260	324	319	2.072E-15	81
P9WEW8	P55785	24.600	264	324	320	6.706E-15	79
P9WEW8	Q8PW34	24.900	260	324	324	6.706E-15	79
P9WEW8	O66129	24.700	257	324	325	2.243E-13	74
P9WEW8	P22939	26.500	250	324	299	5.375E-13	73
P9WEW8	Q76FS5	25.200	224	324	417	5.375E-13	73
P9WEW8	Q75HZ9	25.600	227	324	403	7.191E-13	73
P9WEW8	Q0INZ4	25.600	227	324	414	7.191E-13	73
P9WEW8	P31114	23.600	242	324	348	9.811E-12	69
P9WEW8	Q54VJ9	24.000	288	324	456	2.338E-11	68
P9WEW8	Q9LJY2	28.000	221	324	344	1.323E-10	66
P9WEW8	Q08291	25.100	255	324	297	1.765E-10	65
P9WEW8	Q653T6	24.600	223	324	430	7.444E-10	63
P9WEW8	P14324	29.700	244	324	419	1.323E-09	63
P9WEW8	O43091	23.400	216	324	378	2.349E-09	62
P9WEW8	Q5HZ00	24.800	257	324	422	2.349E-09	62
P9WEW8	Q5T2R2	23.700	228	324	415	4.169E-09	61
P9WEW8	O22043	27.100	229	324	336	9.847E-09	60
P9WEW8	P05369	28.800	270	324	353	9.847E-09	60
P9WEW8	Q9SLG2	28.800	219	324	372	9.847E-09	60
P9WEW8	Q97W92	28.700	160	324	281	3.092E-08	58
P9WEW8	Q8K9A0	24.300	232	324	294	4.115E-08	58
P9WEW8	P22873	31.900	184	324	307	4.115E-08	58
P9WEW8	Q9LUD9	25.200	222	324	360	5.475E-08	57
P9WEW8	Q9LUE1	25.600	222	324	360	5.475E-08	57
P9WEW8	Q8WMY2	28.300	230	324	353	7.285E-08	57
P9WEW8	P55539	28.300	230	324	332	9.691E-08	57
P9WEW8	Q9LRR0	25.800	222	324	361	1.289E-07	56
P9WEW8	O04046	25.300	219	324	376	1.714E-07	56
P9WEW8	Q8PYS1	25.000	153	324	295	2.280E-07	55
P9WEW8	P48368	28.400	213	324	300	2.280E-07	55
P9WEW8	Q33DR2	22.100	227	324	409	4.030E-07	55
P9WEW8	Q45220	27.500	219	324	332	5.357E-07	54
P9WEW8	O14230	30.200	217	324	347	7.121E-07	54
P9WEW8	P80042	24.900	252	324	369	9.464E-07	53
P9WEW8	Q94ID7	26.100	224	324	370	9.464E-07	53
P9WEW8	P34802	25.000	225	324	371	1.258E-06	53
P9WEW8	Q42698	24.300	219	324	357	1.671E-06	53
P9WEW8	Q9LIA0	26.500	222	324	357	1.671E-06	53
P9WEW8	Q43133	26.400	222	324	366	2.950E-06	52
P9WEW8	O59703	28.000	219	324	351	5.204E-06	51
P9WEW8	A0A1D8PH78	28.200	213	324	351	6.911E-06	51
P9WEW8	Q9LHR4	24.300	222	324	360	1.618E-05	49
P9WEW8	Q9ZU77	26.400	220	324	347	2.851E-05	49
P9WEW8	O53507	22.800	323	324	352	2.851E-05	49
P9WEW8	P08524	26.800	214	324	352	1.557E-04	46
A0A452E9Y6	P80025	96.400	712	712	712	0.000E+00	1441
A0A452E9Y6	A5JUY8	95.900	712	712	712	0.000E+00	1435
A0A452E9Y6	P22079	83.000	712	712	712	0.000E+00	1251
A0A452E9Y6	Q8R481	77.200	709	712	710	0.000E+00	1168
A0A452E9Y6	Q5SW46	75.700	709	712	710	0.000E+00	1147
A0A452E9Y6	P05164	52.300	683	712	745	4.806E-235	740
A0A452E9Y6	P11247	51.200	674	712	718	6.430E-229	722
A0A452E9Y6	F6RBT1	50.500	687	712	715	2.253E-228	721
A0A452E9Y6	P11678	50.800	683	712	715	1.188E-225	713
A0A452E9Y6	P49290	50.900	678	712	716	3.042E-225	712
A0A452E9Y6	P80550	49.400	677	712	704	1.267E-217	690
A0A452E9Y6	P09933	43.700	659	712	926	1.091E-169	550
A0A452E9Y6	Q8HYB7	44.200	661	712	944	1.490E-169	550
A0A452E9Y6	P07202	43.500	661	712	933	1.807E-168	547
A0A452E9Y6	P14650	42.700	649	712	914	3.373E-168	546
A0A452E9Y6	P35419	42.700	649	712	914	6.294E-168	545
A0A452E9Y6	Q23490	34.700	570	712	724	1.634E-94	330
A0A452E9Y6	Q01603	33.400	591	712	690	1.804E-82	294
A0A452E9Y6	A0A1Y9G8H0	32.800	576	712	592	8.143E-77	277
A0A452E9Y6	Q20616	30.900	570	712	655	1.667E-75	273
A0A452E9Y6	Q9VEG6	32.600	581	712	809	5.112E-73	265
A0A452E9Y6	P82600	30.400	581	712	790	4.604E-68	250
A0A452E9Y6	P90820	29.700	613	712	718	1.719E-62	233
A0A452E9Y6	P27607	23.800	385	712	603	5.446E-08	59
A0A452E9Y6	P22437	24.300	309	712	602	3.778E-07	57
A0A452E9Y6	O97554	24.800	291	712	606	6.005E-06	53
A0A452E9Y6	O02768	31.500	144	712	604	1.377E-05	51
A0A452E9Y6	P35355	31.500	144	712	604	2.394E-05	51
A0A452E9Y6	O19183	29.000	179	712	604	2.394E-05	51
A0A452E9Y6	P70682	33.300	100	712	604	1.658E-04	48
A0A452E9Y6	O62725	29.100	179	712	604	8.708E-04	46
P9WEV6	A0A8K1AY78	37.700	762	728	764	2.029E-154	507
P9WEV6	A0A1V1FVQ6	40.500	728	728	728	3.336E-153	503
P9WEV6	M2V8C1	39.200	724	728	721	2.943E-152	500
P9WEV6	A1C8C3	38.600	728	728	718	2.135E-147	486
P9WEV6	A0A0P0ZEM1	38.100	728	728	714	3.975E-147	485
P9WEV6	A0A2Z6AQX6	38.700	725	728	778	1.010E-146	484
P9WEV6	P9WER5	36.900	728	728	671	6.363E-141	467
P9WEV6	A2PZA5	36.300	728	728	719	5.381E-135	450
P9WEV6	C9K2Q3	36.600	728	728	697	7.336E-135	449
P9WEV6	A0A0P0ZD79	32.700	723	728	705	1.188E-113	387
P9WEV6	K2SUY0	30.800	728	728	698	1.663E-101	351
P9WEV6	A0A2Z6AQX7	32.300	721	728	732	1.213E-99	346
P9WEV6	A0A1B4XBK0	55.200	314	728	533	7.615E-99	343
P9WEV6	N4V6D4	30.800	720	728	712	5.275E-93	326
P9WEV6	W6QAE7	31.300	724	728	742	9.065E-89	313
P9WEV6	A0A1Y1C7Q5	32.000	663	728	746	4.727E-87	308
P9WEV6	P9WEP0	31.900	683	728	710	1.594E-86	306
P9WEV6	A0A348DU52	30.000	724	728	770	5.768E-83	296
P9WEV6	A0A2Z6FZ31	26.900	722	728	725	3.552E-82	293
P9WEV6	B6HFX8	30.100	724	728	732	3.552E-82	293
P9WEV6	M2U578	27.400	711	728	704	9.241E-79	283
P9WEV6	A0A8H4CUY8	30.000	675	728	760	7.827E-75	271
P9WEV6	A1DN30	29.100	738	728	764	2.607E-74	270
P9WEV6	B2DBE8	44.800	302	728	389	1.430E-71	261
P9WEV6	F9XLC1	45.500	289	728	361	4.235E-69	254
P9WEV6	S0E627	44.900	294	728	393	6.238E-68	250
P9WEV6	W6JPP9	46.500	286	728	339	1.662E-66	246
P9WEV6	Q92236	40.500	296	728	418	4.363E-61	229
P9WEV6	Q9C446	40.100	308	728	371	2.735E-59	224
P9WEV6	A0A0E3D8M9	42.500	296	728	364	5.221E-58	220
P9WEV6	A0A348FUE1	34.500	388	728	963	5.221E-58	220
P9WEV6	H1VQB1	43.800	275	728	322	2.276E-57	218
P9WEV6	P9WEF2	41.200	292	728	419	4.100E-57	217
P9WEV6	Q4WBI4	41.200	296	728	357	9.906E-57	216
P9WEV6	E9F5E9	41.300	286	728	337	1.783E-56	215
P9WEV6	Q56RZ3	40.000	300	728	334	2.392E-56	215
P9WEV6	Q56RZ7	40.000	300	728	334	2.392E-56	215
P9WEV6	P24322	42.100	266	728	433	7.745E-56	213
P9WEV6	I1RL14	44.300	266	728	368	1.393E-55	213
P9WEV6	Q9P885	43.200	275	728	303	1.868E-55	212
P9WEV6	P9WEQ2	43.000	258	728	333	2.505E-55	212
P9WEV6	J7FIX8	40.800	299	728	334	6.037E-55	211
P9WEV6	B2DBE9	38.200	296	728	424	1.949E-54	209
P9WEV6	A0A140JWS2	40.500	296	728	356	6.286E-54	207
P9WEV6	Q672V6	43.400	258	728	340	1.128E-53	207
P9WEV6	A0A0E3D8P4	39.800	306	728	341	2.713E-53	205
P9WEV6	Q6F5E6	40.500	291	728	343	6.518E-53	204
P9WEV6	A0A8D5M3Y5	41.100	280	728	383	2.805E-52	202
P9WEV6	F9WWF1	36.000	315	728	332	5.028E-52	201
P9WEV6	A0A858E6N7	38.800	296	728	365	5.028E-52	201
P9WEV6	A0A3S5XFG0	40.400	282	728	380	3.865E-51	199
P9WEV6	A0A858E7G0	39.800	296	728	364	5.171E-51	198
P9WEV6	A0A1U8QLG8	37.700	301	728	397	9.255E-51	198
P9WEV6	A0A7D0AGU9	37.800	283	728	303	9.643E-49	191
P9WEV6	Q54BK1	38.500	270	728	303	5.482E-48	189
P9WEV6	P56966	36.900	276	728	300	9.777E-48	188
P9WEV6	A0A1V0QSA8	35.300	310	728	339	4.184E-45	180
P9WEV6	A0A858E4Y8	37.400	275	728	324	3.027E-41	168
P9WEV6	Q12051	34.400	300	728	335	2.231E-40	165
P9WEV6	Q758K0	34.000	221	728	320	1.369E-34	146
P9WEV6	A0A6S6QJ62	31.400	256	728	350	3.191E-34	145
P9WEV6	P95999	29.700	233	728	332	7.202E-14	79
P9WEV6	P0AD57	27.500	252	728	323	2.182E-13	77
P9WEV6	P0AD58	27.500	252	728	323	2.182E-13	77
P9WEV6	Q8PW34	27.500	222	728	324	1.518E-12	74
P9WEV6	P44916	27.000	216	728	329	2.002E-12	74
P9WEV6	Q9UWR6	26.800	217	728	318	2.641E-12	74
P9WEV6	O06428	28.700	193	728	335	4.596E-12	73
P9WEV6	P39464	24.300	235	728	330	3.193E-11	70
P9WEV6	O24743	28.500	247	728	325	7.328E-11	69
P9WEV6	Q76FS5	22.900	233	728	417	2.925E-10	67
P9WEV6	Q3IPL1	24.700	228	728	341	8.851E-10	65
P9WEV6	Q75HZ9	23.600	247	728	403	1.167E-09	65
P9WEV6	Q0INZ4	23.900	244	728	414	1.539E-09	64
P9WEV6	D7PHZ5	26.400	253	728	349	2.030E-09	64
P9WEV6	V6RG22	26.300	252	728	347	4.657E-09	63
P9WEV6	Q97W92	30.200	161	728	281	8.099E-09	62
P9WEV6	O66129	23.200	247	728	325	1.068E-08	62
P9WEV6	O59703	30.300	195	728	351	1.409E-08	61
P9WEV6	Q92235	25.800	275	728	347	2.449E-08	61
P9WEV6	P22873	31.600	177	728	307	5.617E-08	59
P9WEV6	Q653T6	20.400	238	728	430	5.617E-08	59
P9WEV6	O43091	24.800	194	728	378	1.698E-07	58
P9WEV6	Q43315	28.100	229	728	342	2.239E-07	57
P9WEV6	Q08291	24.600	204	728	297	5.134E-07	56
P9WEV6	O50410	26.000	185	728	350	5.134E-07	56
P9WEV6	Q5HZ00	21.400	251	728	422	5.134E-07	56
P9WEV6	Q9LJY2	28.200	191	728	344	8.926E-07	55
P9WEV6	Q54VJ9	24.700	268	728	456	8.926E-07	55
P9WEV6	P55785	22.700	182	728	320	1.177E-06	55
P9WEV6	A0A343W970	22.700	252	728	405	1.552E-06	55
P9WEV6	A0A1V0QSH7	25.900	229	728	341	2.046E-06	54
P9WEV6	A8NU13	24.300	159	728	345	2.046E-06	54
P9WEV6	Q9UR08	23.700	253	728	320	2.698E-06	54
P9WEV6	P31114	23.600	183	728	348	2.698E-06	54
P9WEV6	O14230	24.200	232	728	347	3.557E-06	53
P9WEV6	A0A1D8PH78	26.900	261	728	351	8.154E-06	52
P9WEV6	Q09152	25.000	229	728	384	8.154E-06	52
P9WEV6	Q33DR2	24.400	247	728	409	1.075E-05	52
P9WEV6	P49353	26.400	231	728	350	1.417E-05	51
P9WEV6	A0A386JVA3	22.000	252	728	403	1.417E-05	51
P9WEV6	Q9SLG2	26.500	177	728	372	3.248E-05	50
P9WEV6	A0A7J6HWR9	24.600	230	728	340	5.646E-05	49
P9WEV6	Q5T2R2	24.300	198	728	415	5.646E-05	49
P9WEV6	P0DPK6	27.100	148	728	359	1.294E-04	48
P9WEV6	O22043	26.800	194	728	336	1.706E-04	48
P9WEV6	P49352	24.500	229	728	342	1.706E-04	48
P9WEV6	Q8PYS1	25.700	187	728	295	2.249E-04	48
P9WEV6	P21684	25.400	254	728	302	2.965E-04	47
P9WEV6	A0A385AJM2	28.400	103	728	332	2.965E-04	47
P9WEV6	P49351	25.200	186	728	342	2.965E-04	47
P9WEV6	O24241	25.300	230	728	342	3.908E-04	47
P9WEV6	F0ZLU4	28.900	102	728	377	5.152E-04	46
A0A455LLX4	Q9USJ6	35.800	195	198	200	7.754E-29	117
A0A455LLX4	Q07923	36.000	146	198	191	4.877E-25	106
A0A455LLX4	Q88FF8	32.100	133	198	186	2.371E-09	59
A0A455LLX4	Q93T20	32.800	133	198	186	3.211E-09	59
A0A455LLX4	Q9FAW5	32.800	140	198	178	2.199E-07	53
A0A455LLX4	P0AGE7	39.600	95	198	188	7.309E-07	52
A0A455LLX4	P0AGE8	39.600	95	198	188	7.309E-07	52
A0A455LLX4	D3KVM6	28.400	130	198	183	1.955E-05	48
A0A455LLX4	Q941Y8	28.400	132	198	203	6.417E-05	46
P0DUN5	P86169	80.300	122	98	122	3.043E-65	216
P0DUN5	A0A193CHJ5	80.300	122	98	138	3.043E-65	216
P0DUN5	P62022	80.300	122	98	138	3.043E-65	216
P0DUN5	P62023	80.300	122	98	138	3.043E-65	216
P0DUN5	C0HM14	79.500	122	98	122	5.234E-64	213
P0DUN5	P0DJN6	77.800	122	98	138	1.854E-63	211
P0DUN5	P0C942	77.000	122	98	122	6.564E-63	209
P0DUN5	P0CG56	77.800	122	98	122	1.235E-62	209
P0DUN5	P0C943	75.400	122	98	122	6.001E-62	207
P0DUN5	P0CAS2	76.200	122	98	122	7.526E-61	203
P0DUN5	Q6EER2	75.400	122	98	138	5.016E-60	201
P0DUN5	P0CAS6	76.000	121	98	122	6.882E-60	201
P0DUN5	P0CAS5	74.500	122	98	122	6.292E-59	198
P0DUN5	P24027	75.200	121	98	138	8.632E-59	198
P0DUN5	P0CAS3	71.900	121	98	122	5.262E-57	192
P0DUN5	P0CAS7	72.900	121	98	121	6.603E-56	189
P0DUN5	P86806	71.900	121	98	122	3.209E-55	187
P0DUN5	P86805	71.000	121	98	122	5.524E-54	184
P0DUN5	P0CAS4	73.100	108	98	122	1.426E-53	183
P0DUN5	C0HJL8	63.900	122	98	122	1.371E-49	171
P0DUN5	P14421	66.300	122	98	122	6.102E-48	166
P0DUN5	Q1ZY03	59.000	122	98	138	5.879E-44	155
P0DUN5	Q90W39	59.000	122	98	138	3.592E-42	150
P0DUN5	Q6EER4	58.100	122	98	138	4.514E-41	147
P0DUN5	Q6EER6	59.000	122	98	122	6.194E-41	146
P0DUN5	Q6EER5	58.100	122	98	122	1.166E-40	145
P0DUN5	Q71QE8	58.100	122	98	138	4.134E-40	144
P0DUN5	P0DJN7	58.100	122	98	138	7.785E-40	143
P0DUN5	Q805A2	55.700	122	98	138	1.466E-39	142
P0DUN5	Q6EER3	56.500	122	98	138	7.131E-39	140
P0DUN5	P20474	53.900	113	98	138	2.122E-36	133
P0DUN5	P86974	53.000	113	98	122	2.913E-36	133
P0DUN5	P14424	53.700	108	98	138	2.446E-34	127
P0DUN5	Q6H3C5	54.600	108	98	122	4.607E-34	126
P0DUN5	F8QN54	52.200	113	98	138	4.607E-34	126
P0DUN5	Q2YHJ2	54.600	108	98	138	1.634E-33	125
P0DUN5	P11407	53.700	108	98	138	2.242E-33	124
P0DUN5	Q2YHJ7	54.600	108	98	138	2.242E-33	124
P0DUN5	P00626	53.700	108	98	138	2.242E-33	124
P0DUN5	P59171	52.700	108	98	138	3.077E-33	124
P0DUN5	P86368	52.700	108	98	121	4.223E-33	124
P0DUN5	P04417	50.800	122	98	122	1.091E-32	123
P0DUN5	P59071	52.700	108	98	121	2.056E-32	122
P0DUN5	A8CG84	52.700	108	98	137	2.056E-32	122
P0DUN5	Q90Y77	49.100	122	98	138	3.871E-32	121
P0DUN5	Q8JIG0	48.300	122	98	138	7.291E-32	120
P0DUN5	Q02517	48.300	122	98	138	7.291E-32	120
P0DUN5	P84674	50.900	108	98	121	1.001E-31	120
P0DUN5	P06860	48.300	122	98	122	9.175E-31	117
P0DUN5	O42187	47.900	121	98	138	1.259E-30	117
P0DUN5	P14420	52.900	102	98	122	3.255E-30	115
P0DUN5	Q8JFG0	52.900	102	98	138	3.255E-30	115
P0DUN5	Q1RP78	52.900	102	98	138	3.255E-30	115
P0DUN5	Q1RP79	52.900	102	98	138	3.255E-30	115
P0DUN5	Q10755	52.900	102	98	122	4.467E-30	115
P0DUN5	C0HJC1	47.900	121	98	122	6.130E-30	115
P0DUN5	G3DT18	51.400	103	98	138	6.130E-30	115
P0DUN5	P59265	47.500	122	98	122	1.155E-29	114
P0DUN5	Q8JIY9	48.300	122	98	138	1.155E-29	114
P0DUN5	C0HKC3	49.500	109	98	139	1.155E-29	114
P0DUN5	P84651	45.900	122	98	122	2.175E-29	113
P0DUN5	C0HKC4	49.500	109	98	123	2.175E-29	113
P0DUN5	P86907	45.000	122	98	122	2.985E-29	113
P0DUN5	Q92147	44.200	122	98	138	2.985E-29	113
P0DUN5	P0DKR5	46.700	122	98	122	5.622E-29	112
P0DUN5	Q9I8F8	47.200	108	98	122	1.453E-28	111
P0DUN5	P81458	48.100	107	98	121	1.995E-28	110
P0DUN5	Q2HZ28	46.200	108	98	138	1.995E-28	110
P0DUN5	Q6H3C8	44.200	122	98	138	2.738E-28	110
P0DUN5	P86389	49.000	110	98	124	3.757E-28	109
P0DUN5	A8CG90	45.900	121	98	137	3.757E-28	109
P0DUN5	Q02471	50.000	102	98	138	3.757E-28	109
P0DUN5	P00622	48.000	102	98	121	7.078E-28	109
P0DUN5	Q8QG87	46.200	108	98	138	7.078E-28	109
P0DUN5	A8CG86	47.200	108	98	138	7.078E-28	109
P0DUN5	Q7T2R1	47.200	108	98	138	7.078E-28	109
P0DUN5	Q6H3C7	44.700	123	98	139	7.078E-28	109
P0DUN5	Q9PVF2	44.700	123	98	139	7.078E-28	109
P0DUN5	P31100	46.200	108	98	138	9.714E-28	108
P0DUN5	F8QN53	48.100	107	98	137	1.333E-27	108
P0DUN5	A0A411EZW9	44.400	108	98	138	2.511E-27	107
P0DUN5	P86456	42.400	113	98	121	3.447E-27	107
P0DUN5	P20249	45.300	108	98	122	3.447E-27	107
P0DUN5	P31854	45.300	108	98	138	3.447E-27	107
P0DUN5	Q7SID6	46.700	109	98	123	4.731E-27	106
P0DUN5	Q800C1	44.400	108	98	138	4.731E-27	106
P0DUN5	P34180	48.100	107	98	137	6.493E-27	106
P0DUN5	Q800C3	44.400	108	98	138	6.493E-27	106
P0DUN5	P84397	50.500	91	98	107	8.912E-27	106
P0DUN5	P24293	47.200	107	98	121	8.912E-27	106
P0DUN5	P0DKR3	46.200	108	98	122	8.912E-27	106
P0DUN5	Q910A1	45.000	122	98	138	1.223E-26	105
P0DUN5	Q2YHJ5	43.500	108	98	122	1.679E-26	105
P0DUN5	P20476	41.800	122	98	138	2.304E-26	104
P0DUN5	Q6H3D0	41.800	122	98	138	2.304E-26	104
P0DUN5	A8CG78	47.000	102	98	138	2.304E-26	104
P0DUN5	A8CG87	47.000	102	98	138	2.304E-26	104
P0DUN5	Q8AXY1	46.200	108	98	138	3.162E-26	104
P0DUN5	A8CG89	43.400	115	98	138	3.162E-26	104
P0DUN5	C9DPL5	49.000	102	98	122	4.340E-26	104
P0DUN5	Q9I968	46.200	108	98	138	4.340E-26	104
P0DUN5	A8CG82	43.400	115	98	138	4.340E-26	104
P0DUN5	F8QN51	46.200	107	98	137	5.957E-26	103
P0DUN5	Q7ZTA6	43.500	108	98	138	5.957E-26	103
P0DUN5	C3W4R6	47.000	102	98	138	5.957E-26	103
P0DUN5	F8QN52	47.000	102	98	138	5.957E-26	103
P0DUN5	A8E2V8	43.100	109	98	139	5.957E-26	103
P0DUN5	Q800C4	43.500	108	98	138	1.122E-25	102
P0DUN5	B6CQR5	47.000	102	98	138	1.122E-25	102
P0DUN5	Q910A0	44.200	122	98	138	1.122E-25	102
P0DUN5	P00623	43.500	108	98	138	1.122E-25	102
P0DUN5	Q91506	48.600	108	98	122	1.540E-25	102
P0DUN5	Q7ZTA7	43.500	108	98	138	1.540E-25	102
P0DUN5	P00624	43.500	108	98	138	1.540E-25	102
P0DUN5	P81480	43.500	108	98	122	2.114E-25	102
P0DUN5	Q7T3T5	42.600	115	98	130	3.983E-25	101
P0DUN5	Q98996	44.200	122	98	138	3.983E-25	101
P0DUN5	D6MKR0	42.500	108	98	138	3.983E-25	101
P0DUN5	P81478	41.800	122	98	122	5.466E-25	100
P0DUN5	P21789	46.500	101	98	120	7.503E-25	100
P0DUN5	P00621	46.000	101	98	119	1.030E-24	100
P0DUN5	O42189	47.200	110	98	124	1.030E-24	100
P0DUN5	Q2PG83	47.700	108	98	138	1.030E-24	100
P0DUN5	P0DJP4	43.400	122	98	122	1.413E-24	99
P0DUN5	Q9YGJ7	45.300	107	98	137	1.413E-24	99
P0DUN5	Q2YHJ6	43.400	122	98	138	1.413E-24	99
P0DUN5	Q90ZZ9	44.400	108	98	138	1.940E-24	99
P0DUN5	P06859	47.700	108	98	138	1.940E-24	99
P0DUN5	Q7LZQ4	44.500	110	98	124	2.663E-24	98
P0DUN5	O42190	43.500	124	98	124	2.663E-24	98
P0DUN5	Q9PWR6	43.400	122	98	138	2.663E-24	98
P0DUN5	Q9PVF0	43.100	109	98	126	3.655E-24	98
P0DUN5	Q9PVF1	43.100	109	98	126	3.655E-24	98
P0DUN5	P0C8M1	50.000	107	98	121	5.017E-24	98
P0DUN5	P59172	44.000	109	98	139	5.017E-24	98
P0DUN5	Q9PVE9	43.100	109	98	139	5.017E-24	98
P0DUN5	P59170	44.000	109	98	139	5.017E-24	98
P0DUN5	P00620	44.100	100	98	118	6.886E-24	97
P0DUN5	Q6H3C6	44.600	103	98	122	6.886E-24	97
P0DUN5	Q6H3C9	44.600	103	98	138	6.886E-24	97
P0DUN5	P86803	42.100	112	98	121	9.451E-24	97
P0DUN5	P0DUN3	46.000	92	98	107	1.781E-23	96
P0DUN5	P14418	43.600	110	98	124	1.781E-23	96
P0DUN5	P24294	45.000	101	98	121	2.444E-23	96
P0DUN5	P0CAR9	44.800	107	98	137	2.444E-23	96
P0DUN5	P31482	40.000	115	98	146	4.604E-23	95
P0DUN5	P82896	42.500	108	98	122	8.675E-23	94
P0DUN5	P14423	37.900	116	98	146	8.675E-23	94
P0DUN5	P0CV89	59.400	66	98	61	1.634E-22	93
P0DUN5	P39877	39.800	103	98	138	2.243E-22	93
P0DUN5	Q9UNK4	41.400	111	98	145	2.059E-21	90
P0DUN5	P86804	40.300	112	98	121	2.827E-21	90
P0DUN5	Q9NZK7	40.900	109	98	142	1.003E-20	88
P0DUN5	P47711	37.600	125	98	145	1.377E-20	88
P0DUN5	P0DUN4	47.100	80	98	92	3.562E-20	87
P0DUN5	C0HM79	45.500	94	98	95	4.890E-20	86
P0DUN5	Q7T3S7	40.700	106	98	136	4.890E-20	86
P0DUN5	P0DJJ8	42.200	108	98	138	4.890E-20	86
P0DUN5	Q9QUL3	40.500	101	98	142	4.890E-20	86
P0DUN5	Q9WVF6	37.800	111	98	144	9.214E-20	85
P0DUN5	P51433	37.800	103	98	137	1.265E-19	85
P0DUN5	C7G1G6	41.200	108	98	138	1.265E-19	85
P0DUN5	D0UGJ0	37.600	109	98	139	4.490E-19	83
P0DUN5	Q56JZ2	35.900	114	98	144	6.164E-19	83
P0DUN5	Q2PG81	39.800	107	98	137	1.161E-18	82
P0DUN5	A8E2V9	37.800	110	98	136	4.123E-18	81
P0DUN5	P0CAS0	39.200	106	98	136	3.478E-16	75
P0DUN5	P0DP54	35.500	102	98	152	4.384E-15	72
P0DUN5	C0HKB8	39.300	89	98	117	8.262E-15	71
P0DUN5	Q9QXX3	36.100	103	98	151	8.262E-15	71
P0DUN5	P48076	33.300	99	98	150	4.027E-14	69
P0DUN5	P20255	38.600	118	98	118	7.587E-14	68
P0DUN5	F5CPF0	38.100	110	98	140	1.041E-13	68
P0DUN5	Q9QZT3	35.200	103	98	151	1.430E-13	68
P0DUN5	P00599	37.500	118	98	118	1.962E-13	67
P0DUN5	Q9PTA6	42.100	83	98	138	2.694E-13	67
P0DUN5	P00613	37.500	103	98	118	5.076E-13	66
P0DUN5	P04056	37.800	118	98	118	5.076E-13	66
P0DUN5	P00612	37.500	103	98	118	6.967E-13	66
P0DUN5	P00614	37.800	103	98	119	6.967E-13	66
P0DUN5	P00600	38.000	99	98	119	6.967E-13	66
P0DUN5	Q6T179	41.200	80	98	126	6.967E-13	66
P0DUN5	Q7T2Q4	36.000	99	98	147	1.313E-12	65
P0DUN5	Q7T2Q5	41.200	80	98	147	1.313E-12	65
P0DUN5	P23026	39.000	106	98	145	1.802E-12	64
P0DUN5	Q9BZM2	32.700	111	98	168	1.802E-12	64
P0DUN5	P20253	34.600	97	98	118	2.473E-12	64
P0DUN5	P81237	35.500	90	98	118	2.473E-12	64
P0DUN5	P00602	41.000	99	98	118	2.473E-12	64
P0DUN5	P00601	38.000	99	98	119	2.473E-12	64
P0DUN5	P20256	36.100	118	98	118	4.660E-12	63
P0DUN5	Q9I842	38.300	106	98	145	4.660E-12	63
P0DUN5	C0HK05	63.800	47	98	47	8.781E-12	63
P0DUN5	P20254	34.300	102	98	118	8.781E-12	63
P0DUN5	P00610	34.900	105	98	119	8.781E-12	63
P0DUN5	Q90251	42.100	83	98	137	8.781E-12	63
P0DUN5	P08873	34.600	97	98	145	8.781E-12	63
P0DUN5	P20251	34.300	102	98	118	1.205E-11	62
P0DUN5	Q9PTA7	42.100	83	98	133	1.205E-11	62
P0DUN5	Q9PTA5	41.600	83	98	137	1.205E-11	62
P0DUN5	P00618	42.100	83	98	145	1.205E-11	62
P0DUN5	B3EWP6	54.700	53	98	60	1.654E-11	62
P0DUN5	P00603	40.000	99	98	118	1.654E-11	62
P0DUN5	P20252	36.200	102	98	118	1.654E-11	62
P0DUN5	Q9PU97	42.100	83	98	137	1.654E-11	62
P0DUN5	Q6YIJ3	42.500	80	98	137	1.654E-11	62
P0DUN5	Q9PTA1	42.100	83	98	145	1.654E-11	62
P0DUN5	Q9DF33	39.200	101	98	146	1.654E-11	62
P0DUN5	P00617	42.100	83	98	147	1.654E-11	62
P0DUN5	Q8AY48	42.500	80	98	137	2.271E-11	61
P0DUN5	Q9I843	38.700	97	98	145	2.271E-11	61
P0DUN5	Q9I845	38.700	97	98	145	2.271E-11	61
P0DUN5	Q9I846	38.700	97	98	145	2.271E-11	61
P0DUN5	Q92086	40.000	80	98	146	3.117E-11	61
P0DUN5	Q75S51	42.500	80	98	147	3.117E-11	61
P0DUN5	P20250	33.300	102	98	117	4.278E-11	61
P0DUN5	P20258	40.700	81	98	117	4.278E-11	61
P0DUN5	P60043	40.000	80	98	126	4.278E-11	61
P0DUN5	P60044	38.700	80	98	126	4.278E-11	61
P0DUN5	Q9I900	40.000	80	98	146	4.278E-11	61
P0DUN5	P15445	41.200	80	98	119	5.872E-11	60
P0DUN5	Q6YNQ0	41.200	80	98	137	5.872E-11	60
P0DUN5	Q7T1R0	43.700	79	98	146	5.872E-11	60
P0DUN5	P00619	41.200	80	98	147	5.872E-11	60
P0DUN5	P25498	40.000	80	98	119	8.059E-11	60
P0DUN5	A4FS04	41.200	80	98	119	1.106E-10	59
P0DUN5	P00597	41.200	80	98	146	1.106E-10	59
P0DUN5	P00598	41.200	80	98	146	1.106E-10	59
P0DUN5	Q8AXW7	37.300	97	98	146	1.106E-10	59
P0DUN5	Q91133	41.200	80	98	146	1.106E-10	59
P0DUN5	Q8QFW4	41.200	80	98	147	1.106E-10	59
P0DUN5	Q3C2C1	31.800	110	98	158	1.106E-10	59
P0DUN5	P81166	32.900	96	98	118	1.518E-10	59
P0DUN5	P81167	32.900	96	98	118	1.518E-10	59
P0DUN5	P60045	38.700	80	98	126	1.518E-10	59
P0DUN5	Q9PUH9	37.300	83	98	147	1.518E-10	59
P0DUN5	P14615	41.200	80	98	120	2.084E-10	59
P0DUN5	P00606	40.700	80	98	145	2.084E-10	59
P0DUN5	Q9PUI0	36.100	83	98	147	2.084E-10	59
P0DUN5	Q4VRI5	38.800	85	98	154	2.084E-10	59
P0DUN5	Q5G290	39.200	79	98	125	2.860E-10	58
P0DUN5	Q92084	37.500	80	98	146	2.860E-10	58
P0DUN5	Q92085	37.500	80	98	146	2.860E-10	58
P0DUN5	Q45Z42	35.200	88	98	146	2.860E-10	58
P0DUN5	Q45Z25	36.300	88	98	151	2.860E-10	58
P0DUN5	Q45Z28	36.300	88	98	151	2.860E-10	58
P0DUN5	P0DY42	33.900	106	98	162	2.860E-10	58
P0DUN5	Q9W7J3	35.800	92	98	154	3.926E-10	58
P0DUN5	Q8QFW3	41.200	80	98	147	5.388E-10	57
P0DUN5	P81236	34.000	91	98	119	7.395E-10	57
P0DUN5	Q9PSN5	36.300	88	98	125	7.395E-10	57
P0DUN5	Q45Z26	36.300	88	98	151	7.395E-10	57
P0DUN5	Q45Z29	36.300	88	98	151	7.395E-10	57
P0DUN5	Q45Z30	36.300	88	98	151	7.395E-10	57
P0DUN5	P0CAS9	75.700	33	98	34	1.015E-09	57
P0DUN5	Q6SLM2	34.400	90	98	137	1.393E-09	56
P0DUN5	F5CPF1	37.300	83	98	142	1.393E-09	56
P0DUN5	Q9Z0Y2	38.000	84	98	146	1.393E-09	56
P0DUN5	P80966	35.700	109	98	151	1.393E-09	56
P0DUN5	Q6SLM1	38.700	80	98	137	1.912E-09	56
P0DUN5	Q3C2C2	32.400	111	98	159	1.912E-09	56
P0DUN5	D2X8K2	36.000	97	98	119	3.601E-09	55
P0DUN5	P04416	35.300	105	98	124	3.601E-09	55
P0DUN5	Q6SLM0	37.500	80	98	137	3.601E-09	55
P0DUN5	P06596	37.300	99	98	146	3.601E-09	55
P0DUN5	P00592	34.500	105	98	146	4.942E-09	55
P0DUN5	Q90WA7	36.600	99	98	145	6.782E-09	54
P0DUN5	P00629	37.600	99	98	145	6.782E-09	54
P0DUN5	Q7T1R1	37.100	100	98	146	6.782E-09	54
P0DUN5	P04054	37.700	106	98	148	6.782E-09	54
P0DUN5	Q8UW31	35.200	85	98	152	6.782E-09	54
P0DUN5	P00628	36.600	99	98	135	9.307E-09	54
P0DUN5	P14411	39.500	80	98	135	9.307E-09	54
P0DUN5	Q90WA8	37.600	99	98	145	9.307E-09	54
P0DUN5	P04055	36.900	84	98	146	9.307E-09	54
P0DUN5	Q7M334	35.100	91	98	144	1.277E-08	53
P0DUN5	P00593	35.700	90	98	145	1.753E-08	53
P0DUN5	P43434	35.200	85	98	146	1.753E-08	53
P0DUN5	P0DM51	58.300	36	98	50	2.405E-08	53
P0DUN5	P0DMH0	59.400	37	98	51	2.405E-08	53
P0DUN5	P14419	36.400	88	98	123	2.405E-08	53
P0DUN5	P00594	34.700	95	98	132	2.405E-08	53
P0DUN5	A6MEY4	37.000	80	98	145	2.405E-08	53
P0DUN5	C0HJP9	71.400	28	98	45	8.528E-08	51
P0DUN5	P0C551	34.200	105	98	142	8.528E-08	51
P0DUN5	P0C932	48.000	50	98	50	1.170E-07	51
P0DUN5	P00609	37.800	82	98	119	3.023E-07	49
P0DUN5	P0DJ62	53.800	39	98	60	4.147E-07	49
P0DUN5	B3A0N3	48.700	41	98	50	2.765E-06	47
P0DUN5	C1JAR9	31.600	101	98	147	7.136E-06	46
P0DUN5	P59068	58.000	31	98	57	2.301E-04	41
P0DUN5	Q8AY47	43.100	51	98	139	2.301E-04	41
P0DTE5	Q6PDD0	84.800	528	536	528	1.885E-316	966
P0DTE5	P36510	75.700	516	536	527	7.436E-279	857
P0DTE5	Q80X89	75.800	517	536	528	1.911E-278	856
P0DTE5	Q9R110	69.500	507	536	530	1.519E-235	732
P0DTE5	O75795	64.900	507	536	530	1.561E-226	706
P0DTE5	Q8BWQ1	66.400	510	536	534	1.743E-224	700
P0DTE5	P06133	64.500	507	536	528	3.649E-222	694
P0DTE5	P54855	63.500	507	536	530	2.406E-221	691
P0DTE5	Q5RFJ3	65.000	507	536	527	3.295E-221	691
P0DTE5	Q6UWM9	65.300	507	536	527	1.432E-219	686
P0DTE5	Q6K1J1	62.400	507	536	530	3.676E-219	685
P0DTE5	O97951	63.100	507	536	529	6.892E-219	684
P0DTE5	P16662	63.100	507	536	529	6.892E-219	684
P0DTE5	Q9XT55	63.800	507	536	528	3.318E-218	682
P0DTE5	O02663	62.700	507	536	529	2.994E-217	679
P0DTE5	P09875	62.000	505	536	529	1.974E-216	677
P0DTE5	O75310	61.600	507	536	529	7.734E-214	670
P0DTE5	Q8WN97	62.400	507	536	528	3.722E-213	668
P0DTE5	P36514	62.600	499	536	502	6.296E-212	664
P0DTE5	P36537	61.200	507	536	528	1.800E-209	657
P0DTE5	Q9BY64	60.400	507	536	529	7.046E-207	649
P0DTE5	P36512	57.900	531	536	531	3.402E-203	639
P0DTE5	O19103	58.300	507	536	523	1.077E-201	634
P0DTE5	P08541	56.900	530	536	530	1.080E-198	626
P0DTE5	P17717	58.800	507	536	530	1.080E-198	626
P0DTE5	P36511	57.600	507	536	530	1.824E-197	622
P0DTE5	P08542	55.200	530	536	530	7.904E-193	609
P0DTE5	P19488	56.200	507	536	530	1.334E-191	605
P0DTE5	Q62789	54.900	529	536	530	5.773E-190	601
P0DTE5	Q64638	44.800	505	536	531	2.073E-140	457
P0DTE5	Q64550	44.900	506	536	535	7.247E-140	455
P0DTE5	P70691	44.800	505	536	533	7.902E-138	449
P0DTE5	P22309	45.100	506	536	533	7.902E-138	449
P0DTE5	Q6ZQM8	44.400	506	536	531	1.477E-137	449
P0DTE5	Q64435	44.500	514	536	531	2.761E-137	448
P0DTE5	P19224	44.200	517	536	532	3.775E-137	447
P0DTE5	P20720	44.600	505	536	533	2.464E-136	445
P0DTE5	P35503	44.300	506	536	534	8.608E-136	443
P0DTE5	Q64633	43.600	506	536	531	3.007E-135	442
P0DTE5	P08430	44.500	514	536	529	4.110E-135	441
P0DTE5	Q64637	44.000	505	536	531	1.050E-134	440
P0DTE5	Q62452	44.500	506	536	528	1.435E-134	440
P0DTE5	Q9HAW9	44.500	506	536	530	5.013E-134	438
P0DTE5	P35504	44.100	506	536	534	5.013E-134	438
P0DTE5	O60656	44.100	506	536	530	1.750E-133	437
P0DTE5	P22310	44.100	506	536	534	2.393E-133	436
P0DTE5	Q9HAW8	45.100	506	536	530	2.133E-132	434
P0DTE5	Q64634	43.700	506	536	530	2.133E-132	434
P0DTE5	Q9HAW7	45.200	506	536	530	7.447E-132	432
P0DTE5	Q28612	43.600	505	536	532	1.902E-131	431
P0DTE5	Q28611	44.300	514	536	531	4.328E-130	427
P0DTE5	Q91280	39.000	472	536	472	1.695E-109	367
P0DTE5	Q09426	36.100	477	536	541	8.763E-95	324
P0DTE5	Q64676	35.400	493	536	541	2.222E-94	323
P0DTE5	Q16880	35.500	495	536	541	3.030E-94	322
P0DTE5	Q1LZI1	34.500	468	536	523	4.013E-76	269
P0DTE5	Q8JZZ0	32.000	489	536	523	8.763E-73	259
P0DTE5	Q6NUS8	32.900	487	536	523	1.890E-71	255
P0DTE5	Q3SY77	33.500	467	536	523	3.493E-71	254
P0DTE5	Q20086	28.200	493	536	533	1.313E-51	196
P0DTE5	Q21706	25.500	480	536	536	1.413E-35	147
P0DTE5	A8WLF6	24.600	522	536	536	3.646E-33	139
P0DTE5	P34317	27.800	391	536	507	5.103E-31	133
P0DTE5	Q18081	25.800	398	536	526	2.172E-30	131
P0DTE5	Q10941	23.800	516	536	531	9.118E-26	116
P0DTE5	Q22181	21.800	408	536	524	9.531E-14	78
P0DTE5	Q6X1C0	35.200	121	536	460	2.063E-12	73
P0DTE5	Q9LSY9	30.700	150	536	473	5.876E-11	68
P0DTE5	Q8KHE4	23.800	309	536	421	1.793E-10	67
P0DTE5	A0A067YB04	27.900	177	536	471	4.139E-10	66
P0DTE5	P0DO49	31.000	147	536	478	4.139E-10	66
P0DTE5	Q01330	23.600	396	536	413	1.667E-09	64
P0DTE5	V5LLZ9	31.400	126	536	510	1.667E-09	64
P0DTE5	Q43641	30.300	154	536	433	6.713E-09	62
P0DTE5	Q9ZSK5	31.000	128	536	459	6.713E-09	62
P0DTE5	O82381	27.500	166	536	481	1.172E-08	61
P0DTE5	A6BM07	33.600	98	536	474	1.548E-08	61
P0DTE5	A0A2R6Q8R5	30.400	145	536	456	2.045E-08	60
P0DTE5	Q66PF4	29.400	118	536	555	2.045E-08	60
P0DTE5	Q41819	35.200	101	536	471	2.701E-08	60
P0DTE5	Q9LR44	25.200	204	536	469	4.714E-08	59
P0DTE5	Q9AR73	33.900	109	536	470	4.714E-08	59
P0DTE5	K4D3V7	24.200	305	536	475	4.714E-08	59
P0DTE5	U5NH37	27.200	186	536	482	6.226E-08	59
P0DTE5	U3U992	27.200	186	536	482	6.226E-08	59
P0DTE5	Q2V6J9	32.200	120	536	487	8.224E-08	58
P0DTE5	Q9MB73	27.200	178	536	511	8.224E-08	58
P0DTE5	Q9ZR26	27.200	146	536	443	1.086E-07	58
P0DTE5	Q96493	27.200	186	536	453	1.086E-07	58
P0DTE5	Q9ZR27	27.500	144	536	460	1.086E-07	58
P0DTE5	Q9ZR25	29.800	150	536	461	1.086E-07	58
P0DTE5	Q33DV3	29.200	120	536	457	1.435E-07	57
P0DTE5	P0DO74	25.800	169	536	460	1.435E-07	57
P0DTE5	Q5H861	29.600	161	536	491	1.435E-07	57
P0DTE5	Q40285	26.000	149	536	346	1.895E-07	57
P0DTE5	Q40288	29.100	150	536	394	1.895E-07	57
P0DTE5	P16165	38.200	78	536	471	1.895E-07	57
P0DTE5	P16167	38.200	78	536	471	1.895E-07	57
P0DTE5	A0A193AUF6	31.900	118	536	506	1.895E-07	57
P0DTE5	O70023	29.600	160	536	422	2.503E-07	57
P0DTE5	O22820	28.400	120	536	449	2.503E-07	57
P0DTE5	O82383	27.700	164	536	467	2.503E-07	57
P0DTE5	P16166	38.200	78	536	471	2.503E-07	57
P0DTE5	F8WKW1	31.400	123	536	481	3.306E-07	56
P0DTE5	F8WLS6	28.700	138	536	487	3.306E-07	56
P0DTE5	Q9LVF0	28.400	122	536	496	3.306E-07	56
P0DTE5	Q9M156	27.100	136	536	480	7.615E-07	55
P0DTE5	Q94AB5	27.300	149	536	458	1.006E-06	55
P0DTE5	A0A3B6XRM0	27.500	119	536	490	1.006E-06	55
P0DTE5	A0A193AU77	31.000	118	536	517	1.006E-06	55
P0DTE5	A0A0A6ZFR4	27.200	121	536	451	1.328E-06	54
P0DTE5	K7NBW3	29.000	116	536	454	1.328E-06	54
P0DTE5	Q9LFJ8	33.000	119	536	460	1.328E-06	54
P0DTE5	Q767C8	28.300	140	536	463	1.754E-06	54
P0DTE5	P0DO58	31.900	95	536	464	1.754E-06	54
P0DTE5	Q8W491	28.000	157	536	481	1.754E-06	54
P0DTE5	B4G072	45.000	51	536	462	2.316E-06	53
P0DTE5	Q8RXA5	41.800	55	536	463	2.316E-06	53
P0DTE5	G3FIN9	25.600	162	536	483	2.316E-06	53
P0DTE5	Q5UL10	34.500	106	536	465	3.059E-06	53
P0DTE5	G3FIN8	25.600	162	536	483	3.059E-06	53
P0DTE5	Q66PF5	33.600	106	536	466	5.333E-06	52
P0DTE5	P0DO75	27.300	138	536	486	5.333E-06	52
P0DTE5	B2NID7	25.900	157	536	504	5.333E-06	52
P0DTE5	Q40289	34.900	103	536	287	7.043E-06	52
P0DTE5	Q93XP7	40.000	55	536	467	7.043E-06	52
P0DTE5	Q9AT54	29.100	119	536	476	7.043E-06	52
P0DTE5	B2XBQ5	29.500	97	536	483	7.043E-06	52
P0DTE5	P51094	23.800	173	536	456	9.299E-06	51
P0DTE5	A0A0K0PVW1	32.300	68	536	472	9.299E-06	51
P0DTE5	A0A067YBQ3	30.300	111	536	451	1.228E-05	51
P0DTE5	Q6JAH0	40.000	55	536	466	1.228E-05	51
P0DTE5	A0A0K0PVL3	32.300	68	536	472	1.228E-05	51
P0DTE5	Q9LML6	25.100	142	536	479	1.228E-05	51
P0DTE5	Q94C57	30.000	120	536	483	1.228E-05	51
P0DTE5	A0A068J840	35.200	68	536	475	1.621E-05	51
P0DTE5	P0DO73	44.600	47	536	485	1.621E-05	51
P0DTE5	Q8GVE3	25.000	163	536	452	2.141E-05	50
P0DTE5	A0A0K0PVM5	35.200	68	536	475	2.141E-05	50
P0DTE5	Q9ZQG4	30.600	123	536	484	2.141E-05	50
P0DTE5	C3W7B0	26.900	137	536	471	2.826E-05	50
P0DTE5	O81498	28.100	96	536	481	3.732E-05	49
P0DTE5	A0A0A6ZFY4	28.500	112	536	442	4.927E-05	49
P0DTE5	Q9LVR1	37.000	62	536	481	4.927E-05	49
P0DTE5	Q40286	50.000	44	536	241	6.505E-05	49
P0DTE5	P0DO59	29.600	123	536	454	8.588E-05	48
P0DTE5	Q5VMI0	25.700	137	536	471	1.134E-04	48
P0DTE5	Q65JC2	23.200	211	536	396	1.976E-04	47
P0DTE5	Q6WFW1	38.400	52	536	475	1.976E-04	47
P0DTE5	Q8H0F2	28.800	124	536	482	1.976E-04	47
P0DTE5	Q7Y232	28.000	120	536	484	1.976E-04	47
P0DTE5	Q40287	38.200	47	536	487	1.976E-04	47
P0DTE5	P14726	33.300	78	536	455	4.546E-04	46
P0DTE5	P21686	23.100	183	536	431	7.922E-04	45
P0DTE5	A0A0A7HB61	30.800	68	536	473	7.922E-04	45
P0DUB9	P0DUB8	100.000	319	319	358	3.252E-205	632
P0DUB9	P25275	83.700	320	319	364	5.287E-171	534
P0DUB9	P22088	83.900	317	319	364	5.962E-169	528
P0DUB9	P26876	39.900	315	319	311	1.567E-56	203
P0DUB9	P26877	38.900	315	319	311	3.538E-55	199
P0DUB9	P08658	38.000	318	319	293	1.700E-42	162
P0DUB9	P54857	29.400	170	319	326	2.111E-13	74
P0DUB9	P65288	27.600	167	319	680	1.652E-07	56
P0DUB9	P65289	27.600	167	319	680	1.652E-07	56
P0DUB9	Q5HCM7	27.600	167	319	680	1.652E-07	56
P0DUB9	Q8NUI5	27.600	167	319	680	1.652E-07	56
P0DUB9	Q2FUU5	27.600	167	319	680	1.652E-07	56
P0DUB9	Q6G604	27.600	167	319	680	1.652E-07	56
P0DUB9	Q6GDD3	27.600	167	319	680	1.652E-07	56
P0DUB9	Q5HKP6	27.300	169	319	688	2.924E-07	55
P0DUB9	P0C0R3	27.300	169	319	688	2.924E-07	55
P0DUB9	P0C0R4	27.300	169	319	688	2.924E-07	55
P0DUB9	Q6GJZ6	27.900	169	319	691	2.924E-07	55
P0DUB9	Q6GCF1	27.900	169	319	690	5.171E-07	54
P0DUB9	Q5HJ48	27.900	169	319	690	5.171E-07	54
P0DUB9	Q8NYC2	27.900	169	319	690	5.171E-07	54
P0DUB9	Q2G155	27.900	169	319	690	5.171E-07	54
P0DUB9	P10335	27.900	169	319	690	5.171E-07	54
P0DUB9	Q7A7P2	27.900	169	319	691	5.171E-07	54
P0DUB9	Q99WQ6	27.900	169	319	691	5.171E-07	54
P0DUB9	P37957	35.500	111	319	212	2.147E-06	52
P0DUD9	A0A1G6LGU2	33.600	300	311	312	8.134E-44	165
P0DUD9	A0A381HAP5	31.900	309	311	314	8.816E-40	153
P0DUD9	A0A5D0EMF2	28.800	314	311	317	1.482E-30	126
P0DUD9	P0DV41	39.500	124	311	308	4.920E-17	85
P0DUD9	A0A0J5WTU0	36.400	118	311	303	9.530E-16	81
P0DUD9	P0DV29	39.800	118	311	303	5.605E-15	79
A0A5P8DI15	G3E4M6	98.400	711	711	710	0.000E+00	1474
A0A5P8DI15	A0A1X9ISN9	98.400	665	711	664	0.000E+00	1376
A0A5P8DI15	A0A0U3LQ20	79.900	710	711	793	0.000E+00	1179
A0A5P8DI15	G3E4M4	62.900	710	711	794	1.868E-298	924
A0A5P8DI15	A0A1W6QDJ1	62.900	710	711	796	3.501E-298	923
A0A5P8DI15	A0A2K9RG07	62.300	711	711	800	4.794E-298	923
A0A5P8DI15	A0A0M4M0T9	59.600	712	711	815	5.969E-291	902
A0A5P8DI15	A0A0M5L832	59.300	712	711	815	3.544E-289	897
A0A5P8DI15	A0A0U2D9C5	60.700	711	711	776	6.005E-285	885
A0A5P8DI15	A0A1S5RW73	60.600	711	711	787	1.125E-284	884
A0A5P8DI15	O04408	57.500	711	711	801	1.719E-273	852
A0A5P8DI15	Q38802	53.400	710	711	802	5.383E-257	804
A0A5P8DI15	E2IHE0	54.300	711	711	808	1.111E-251	788
A0A5P8DI15	A0A1D6K6U5	49.500	725	711	825	8.547E-232	731
A0A5P8DI15	B8PQ84	49.400	710	711	793	1.156E-228	722
A0A5P8DI15	A0A1X9IRQ7	49.700	711	711	798	2.163E-228	721
A0A5P8DI15	Q6ET36	49.500	725	711	867	1.419E-227	719
A0A5P8DI15	Q41771	49.300	724	711	824	1.561E-225	713
A0A5P8DI15	G3CCC0	48.100	710	711	802	5.309E-219	694
A0A5P8DI15	A0A075FA51	47.500	711	711	785	1.336E-215	684
A0A5P8DI15	A0A2K9RFZ7	47.400	711	711	798	3.359E-212	674
A0A5P8DI15	Q6Z5I0	47.300	703	711	800	1.688E-203	649
A0A5P8DI15	Q5MQ85	47.300	703	711	800	8.070E-203	647
A0A5P8DI15	G8GJ95	45.500	711	711	785	1.648E-200	640
A0A5P8DI15	G8GJ96	45.100	711	711	784	1.176E-197	632
A0A5P8DI15	Q6E7D7	46.200	710	711	767	1.282E-195	626
A0A5P8DI15	Q0JF02	46.100	710	711	767	1.145E-194	623
A0A5P8DI15	A5A8G0	50.900	573	711	881	2.760E-188	604
A0A5P8DI15	A0A075FAK4	43.600	710	711	776	7.048E-188	603
A0A5P8DI15	J9R388	49.300	620	711	740	1.743E-184	593
A0A5P8DI15	J9QS23	44.500	729	711	739	3.255E-184	593
A0A5P8DI15	Q947C4	45.200	589	711	873	9.578E-164	533
A0A5P8DI15	H8ZM73	48.100	493	711	867	3.625E-156	511
A0A5P8DI15	H8ZM70	43.400	568	711	844	5.285E-154	505
A0A5P8DI15	Q38710	43.400	568	711	868	5.285E-154	505
A0A5P8DI15	M4HXU6	43.100	568	711	857	3.421E-153	502
A0A5P8DI15	M4HY05	43.000	568	711	857	3.023E-152	499
A0A5P8DI15	F2XFB2	47.000	490	711	859	5.634E-152	499
A0A5P8DI15	Q675L4	42.600	568	711	859	7.690E-152	498
A0A5P8DI15	Q675L5	42.600	566	711	867	7.690E-152	498
A0A5P8DI15	H8ZM71	42.500	568	711	852	3.645E-151	496
A0A5P8DI15	Q50EK2	42.800	568	711	850	4.976E-151	496
A0A5P8DI15	M4HYC6	42.600	568	711	850	9.271E-151	495
A0A5P8DI15	M4HXW5	45.300	491	711	876	1.334E-143	474
A0A5P8DI15	M4HYP3	45.300	491	711	876	1.334E-143	474
A0A5P8DI15	M4HY08	40.100	568	711	868	7.028E-139	460
A0A5P8DI15	M4HYC8	39.900	568	711	868	3.319E-138	458
A0A5P8DI15	G1DGI7	43.200	496	711	750	1.376E-136	454
A0A5P8DI15	G9MAN7	41.100	533	711	867	2.124E-123	415
A0A5P8DI15	A0A1L6Z3A5	41.000	496	711	814	6.377E-122	411
A0A5P8DI15	Q9FT37	36.900	575	711	862	5.554E-121	408
A0A5P8DI15	Q93YA3	36.700	579	711	862	1.031E-120	407
A0A5P8DI15	Q41594	36.200	579	711	862	4.204E-119	402
A0A5P8DI15	Q4QSN4	37.500	581	711	815	1.092E-116	395
A0A5P8DI15	A0A1X9IRP7	42.200	429	711	419	1.638E-100	347
A0A5P8DI15	A0A1L6Z3A0	34.200	565	711	846	8.627E-95	331
A0A5P8DI15	A0AA38CJ97	31.100	595	711	817	1.522E-90	318
A0A5P8DI15	B9T625	33.700	493	711	738	1.850E-84	300
A0A5P8DI15	B9SIM3	30.700	568	711	774	2.702E-81	290
A0A5P8DI15	A0A1Z3GC64	31.400	493	711	794	1.666E-80	288
A0A5P8DI15	B9SIM2	30.200	560	711	778	7.576E-80	286
A0A5P8DI15	G3CCC1	30.400	570	711	792	2.116E-78	282
A0A5P8DI15	A0A1Z3GBK8	32.400	493	711	806	1.299E-77	279
A0A5P8DI15	B9SIL7	27.700	671	711	778	1.971E-76	276
A0A5P8DI15	A0A5P8DI06	28.400	685	711	797	2.666E-76	275
A0A5P8DI15	Q39548	31.200	493	711	789	2.205E-75	273
A0A5P8DI15	A0A075FBT3	30.000	566	711	756	4.032E-75	272
A0A5P8DI15	Q9XEH9	29.900	585	711	784	1.235E-72	264
A0A5P8DI15	Q9SAK2	30.900	493	711	785	2.254E-72	263
A0A5P8DI15	Q2QQJ5	30.300	510	711	815	4.114E-72	263
A0A5P8DI15	Q66QH3	28.600	566	711	840	1.014E-71	261
A0A5P8DI15	Q0JEZ8	28.400	574	711	842	1.014E-71	261
A0A5P8DI15	H6VLG5	30.800	493	711	811	1.369E-71	261
A0A5P8DI15	Q9XEI0	29.700	585	711	784	6.153E-71	259
A0A5P8DI15	Q0JA82	29.300	560	711	756	1.515E-70	258
A0A5P8DI15	C1K5M3	31.200	566	711	778	1.515E-70	258
A0A5P8DI15	Q0E088	27.900	560	711	829	2.481E-68	251
A0A5P8DI15	Q6Z5J6	30.700	493	711	821	4.948E-67	247
A0A5P8DI15	A4KAG7	30.700	493	711	821	1.214E-66	246
A0A5P8DI15	A0A1D6KUI6	29.300	568	711	848	5.407E-66	244
A0A5P8DI15	A4KAG8	31.100	499	711	821	1.070E-64	240
A0A5P8DI15	Q0JA81	26.500	564	711	819	3.297E-61	229
A0A5P8DI15	Q96376	27.900	582	711	870	1.036E-56	216
A0A5P8DI15	Q6BDZ9	28.700	493	711	822	4.521E-56	214
A0A5P8DI15	Q1AHB2	28.400	493	711	816	2.903E-53	205
A0A5P8DI15	O64404	33.800	369	711	581	5.216E-53	204
A0A5P8DI15	R9QMR3	32.300	349	711	629	3.022E-52	202
A0A5P8DI15	R9QMY9	32.000	349	711	629	4.050E-52	201
A0A5P8DI15	Q20HU7	32.300	349	711	634	4.050E-52	201
A0A5P8DI15	Q9M7C9	34.000	348	711	637	7.269E-52	201
A0A5P8DI15	F2XFA1	31.700	349	711	624	7.525E-51	198
A0A5P8DI15	F2XFA4	31.700	349	711	624	7.525E-51	198
A0A5P8DI15	F2XFA8	32.300	349	711	627	1.349E-50	197
A0A5P8DI15	R9QMW1	31.500	349	711	623	1.806E-50	196
A0A5P8DI15	R9QMQ9	31.200	349	711	627	3.236E-50	196
A0A5P8DI15	Q6XDB5	32.300	349	711	627	3.236E-50	196
A0A5P8DI15	C0PTH8	31.400	349	711	624	4.331E-50	195
A0A5P8DI15	O24474	31.200	351	711	627	4.331E-50	195
A0A5P8DI15	Q9M7D1	31.200	351	711	630	4.331E-50	195
A0A5P8DI15	Q93YV0	27.100	577	711	877	1.038E-49	194
A0A5P8DI15	F2XF96	31.400	349	711	627	3.326E-49	192
A0A5P8DI15	Q20HU6	30.500	418	711	575	4.449E-49	192
A0A5P8DI15	R9QMR0	31.100	348	711	628	7.960E-49	191
A0A5P8DI15	R9QMR5	32.200	349	711	626	1.065E-48	191
A0A5P8DI15	F2XF95	31.100	349	711	627	1.065E-48	191
A0A5P8DI15	Q84KL3	38.100	262	711	628	1.065E-48	191
A0A5P8DI15	Q84KL4	31.200	348	711	627	3.403E-48	189
A0A5P8DI15	R9QMY8	30.400	348	711	619	8.131E-48	188
A0A5P8DI15	F1CKJ1	32.600	354	711	627	8.131E-48	188
A0A5P8DI15	R9QMR1	37.400	262	711	628	1.941E-47	187
A0A5P8DI15	F2XFA0	31.900	349	711	578	2.594E-47	186
A0A5P8DI15	F2XF99	38.200	266	711	580	2.594E-47	186
A0A5P8DI15	Q9M7D0	30.800	349	711	630	2.594E-47	186
A0A5P8DI15	C0PPM5	31.800	349	711	579	3.467E-47	186
A0A5P8DI15	R9QMW2	37.700	262	711	628	4.632E-47	186
A0A5P8DI15	R9QMZ0	31.300	349	711	616	6.189E-47	185
A0A5P8DI15	O22340	31.800	348	711	637	1.105E-46	184
A0A5P8DI15	F2XFA6	30.600	349	711	627	1.476E-46	184
A0A5P8DI15	R9QMW4	29.700	349	711	626	4.695E-46	183
A0A5P8DI15	F1CKI9	30.000	372	711	627	4.695E-46	183
A0A5P8DI15	Q675L0	31.000	349	711	578	8.370E-46	182
A0A5P8DI15	F1CKI8	30.200	372	711	627	1.492E-45	181
A0A5P8DI15	R9QMW8	34.100	271	711	626	1.992E-45	181
A0A5P8DI15	R9QMR6	34.100	271	711	626	1.992E-45	181
A0A5P8DI15	C0PPR1	34.500	266	711	626	1.992E-45	181
A0A5P8DI15	Q84SM8	29.800	351	711	627	2.658E-45	180
A0A5P8DI15	C0PT35	28.400	349	711	612	6.320E-45	179
A0A5P8DI15	R9QMR4	29.100	348	711	621	6.320E-45	179
A0A5P8DI15	R9QMW7	29.100	348	711	621	6.320E-45	179
A0A5P8DI15	F2XFA2	28.400	349	711	612	1.125E-44	178
A0A5P8DI15	F2XF98	28.100	349	711	612	2.672E-44	177
A0A5P8DI15	R9QMW3	28.900	348	711	624	8.458E-44	175
A0A5P8DI15	Q84KL5	35.200	263	711	574	1.128E-43	175
A0A5P8DI15	F1CKI6	29.200	389	711	627	1.982E-41	168
A0A5P8DI15	C7ASI9	29.700	370	711	627	3.515E-41	167
A0A5P8DI15	Q948Z0	29.800	342	711	618	1.957E-40	165
A0A5P8DI15	A0A2K9RFZ2	26.200	449	711	589	6.177E-32	138
A0A5P8DI15	Q6PWU2	29.700	346	711	590	1.085E-31	137
A0A5P8DI15	Q8GUE4	28.700	336	711	603	1.437E-31	136
A0A5P8DI15	Q93X23	29.900	343	711	597	2.522E-31	136
A0A5P8DI15	B2KSJ5	30.900	271	711	571	3.342E-31	135
A0A5P8DI15	Q84LF1	25.300	434	711	548	5.864E-31	134
A0A5P8DI15	Q4JHG3	30.500	287	711	603	7.768E-31	134
A0A5P8DI15	Q308N0	29.500	310	711	603	7.768E-31	134
A0A5P8DI15	B5A434	30.300	339	711	576	1.363E-30	133
A0A5P8DI15	O50406	30.200	314	711	501	1.805E-30	133
A0A5P8DI15	G0Y7D3	28.400	359	711	580	2.390E-30	132
A0A5P8DI15	C0KWV4	29.800	310	711	603	2.390E-30	132
A0A5P8DI15	P59287	31.200	270	711	601	5.550E-30	131
A0A5P8DI15	J7LH11	27.000	370	711	546	9.730E-30	130
A0A5P8DI15	Q40577	29.000	274	711	548	9.730E-30	130
A0A5P8DI15	Q84LF0	29.000	274	711	548	1.706E-29	130
A0A5P8DI15	Q672F7	29.000	349	711	595	1.706E-29	130
A0A5P8DI15	G0Y7D1	28.100	365	711	582	1.214E-28	127
A0A5P8DI15	O81192	31.200	267	711	598	1.214E-28	127
A0A5P8DI15	Q84LG0	28.700	274	711	548	1.607E-28	126
A0A5P8DI15	Q5SBP3	28.200	355	711	574	1.607E-28	126
A0A5P8DI15	B3TPQ7	28.100	371	711	592	1.607E-28	126
A0A5P8DI15	Q39760	31.600	276	711	554	2.127E-28	126
A0A5P8DI15	A0A7J6HK32	34.700	261	711	556	2.127E-28	126
A0A5P8DI15	G5CV45	28.000	274	711	548	2.815E-28	126
A0A5P8DI15	A0A075FBG7	28.300	371	711	580	2.815E-28	126
A0A5P8DI15	O49853	31.600	276	711	554	3.725E-28	125
A0A5P8DI15	Q5UB07	28.100	344	711	580	3.725E-28	125
A0A5P8DI15	A0A1V0QSF6	30.600	263	711	551	4.929E-28	125
A0A5P8DI15	L0HAM7	28.200	365	711	603	6.522E-28	124
A0A5P8DI15	Q39761	31.600	276	711	554	8.629E-28	124
A0A5P8DI15	A0A1C9J6A7	26.700	344	711	607	8.629E-28	124
A0A5P8DI15	J7LQ09	27.400	341	711	542	1.142E-27	124
A0A5P8DI15	Q8L5K3	26.500	343	711	606	1.142E-27	124
A0A5P8DI15	P93665	31.500	271	711	554	1.511E-27	123
A0A5P8DI15	Q9ZUH4	26.800	339	711	591	1.511E-27	123
A0A5P8DI15	Q6USK1	27.200	367	711	567	3.497E-27	122
A0A5P8DI15	E3W203	30.400	264	711	569	3.497E-27	122
A0A5P8DI15	Q8H2B4	32.200	264	711	606	4.627E-27	122
A0A5P8DI15	A0A4Y5QVX6	30.400	263	711	551	8.095E-27	121
A0A5P8DI15	A0A1V0QSF3	29.600	263	711	551	8.095E-27	121
A0A5P8DI15	E3W204	30.000	264	711	569	8.095E-27	121
A0A5P8DI15	Q6Q3H3	31.300	252	711	557	1.071E-26	121
A0A5P8DI15	O81193	31.500	271	711	590	1.416E-26	120
A0A5P8DI15	Q9AR86	27.800	344	711	595	1.416E-26	120
A0A5P8DI15	G1JUH1	26.000	346	711	607	1.416E-26	120
A0A5P8DI15	A0A348FUE1	28.100	375	711	963	1.873E-26	120
A0A5P8DI15	Q39978	27.200	274	711	555	2.477E-26	119
A0A5P8DI15	R4JQT5	28.300	343	711	597	2.477E-26	119
A0A5P8DI15	E3W202	30.000	264	711	569	3.276E-26	119
A0A5P8DI15	P0CV94	28.600	354	711	519	4.333E-26	119
A0A5P8DI15	R4YXW8	26.800	358	711	572	4.333E-26	119
A0A5P8DI15	P0CV95	27.900	360	711	578	4.333E-26	119
A0A5P8DI15	A6XH06	30.900	271	711	581	4.333E-26	119
A0A5P8DI15	A0A7G5KLV1	27.700	276	711	561	5.730E-26	118
A0A5P8DI15	Q43714	29.100	301	711	555	7.577E-26	118
A0A5P8DI15	B9S9Z3	28.800	274	711	558	7.577E-26	118
A0A5P8DI15	O65323	26.900	274	711	559	7.577E-26	118
A0A5P8DI15	E2E2P0	27.500	343	711	594	7.577E-26	118
A0A5P8DI15	Q7XAS7	27.200	344	711	595	7.577E-26	118
A0A5P8DI15	A0A1V0QSH2	27.200	339	711	561	1.002E-25	117
A0A5P8DI15	J9RLZ7	30.700	277	711	563	1.002E-25	117
A0A5P8DI15	T1RR72	30.700	273	711	594	1.002E-25	117
A0A5P8DI15	T1RRJ4	30.700	273	711	594	1.002E-25	117
A0A5P8DI15	T1RRR9	30.700	273	711	594	1.002E-25	117
A0A5P8DI15	L0HB77	29.100	370	711	597	1.325E-25	117
A0A5P8DI15	A0A1V0E492	29.700	267	711	559	1.752E-25	117
A0A5P8DI15	Q50L36	27.500	344	711	595	1.752E-25	117
A0A5P8DI15	P0DI76	26.100	339	711	600	1.752E-25	117
A0A5P8DI15	P0DI77	26.100	339	711	600	1.752E-25	117
A0A5P8DI15	G5CV52	29.400	277	711	554	2.316E-25	116
A0A5P8DI15	I6RE61	26.700	359	711	596	2.316E-25	116
A0A5P8DI15	A0A1V0QSF8	26.200	339	711	632	2.316E-25	116
A0A5P8DI15	A0A0M3Q1Q3	30.500	271	711	542	3.062E-25	116
A0A5P8DI15	Q9AR04	28.000	270	711	546	3.062E-25	116
A0A5P8DI15	Q9LLR9	24.500	398	711	547	3.062E-25	116
A0A5P8DI15	R4JND9	30.100	271	711	597	3.062E-25	116
A0A5P8DI15	A0A4Y5L9K3	29.300	271	711	571	4.049E-25	115
A0A5P8DI15	A0A7G5KLV3	25.900	340	711	586	4.049E-25	115
A0A5P8DI15	B6SCF4	27.000	319	711	613	4.049E-25	115
A0A5P8DI15	E2E2N3	26.600	364	711	595	5.353E-25	115
A0A5P8DI15	Q5SBP0	24.700	365	711	601	5.353E-25	115
A0A5P8DI15	Q9XJ32	27.200	274	711	556	7.077E-25	115
A0A5P8DI15	A0A1U8QHE3	29.300	418	711	979	7.077E-25	115
A0A5P8DI15	A0A1V0QSG6	29.400	257	711	567	9.356E-25	114
A0A5P8DI15	R4YZC3	26.800	364	711	596	9.356E-25	114
A0A5P8DI15	G5CV46	26.100	274	711	555	1.237E-24	114
A0A5P8DI15	A7IZZ2	26.900	339	711	615	1.237E-24	114
A0A5P8DI15	Q94G53	26.700	357	711	582	2.161E-24	113
A0A5P8DI15	O23945	28.800	252	711	556	2.857E-24	113
A0A5P8DI15	A4FVP2	25.900	341	711	565	2.857E-24	113
A0A5P8DI15	P0CV96	27.900	360	711	580	2.857E-24	113
A0A5P8DI15	Q9SPN1	27.800	349	711	583	2.857E-24	113
A0A5P8DI15	B1B1U3	28.800	309	711	548	3.776E-24	112
A0A5P8DI15	A0A4Y5QZ62	26.600	348	711	554	4.991E-24	112
A0A5P8DI15	B3TPQ6	29.000	254	711	550	6.597E-24	111
A0A5P8DI15	Q2XSC4	24.600	467	711	538	8.719E-24	111
A0A5P8DI15	E2E2P1	26.600	364	711	601	8.719E-24	111
A0A5P8DI15	A0A4Y5QWK5	25.800	339	711	633	8.719E-24	111
A0A5P8DI15	B2DBF1	27.300	370	711	983	8.719E-24	111
A0A5P8DI15	A0A4Y5QWA6	26.600	348	711	554	1.152E-23	111
A0A5P8DI15	Q49SP5	24.700	413	711	554	1.152E-23	111
A0A5P8DI15	J7LP58	27.900	279	711	564	1.152E-23	111
A0A5P8DI15	Q9LRZ6	25.800	403	711	598	1.523E-23	110
A0A5P8DI15	H9L9E5	28.400	249	711	556	2.013E-23	110
A0A5P8DI15	Q8L5K4	29.700	256	711	600	2.013E-23	110
A0A5P8DI15	Q2XSC6	32.400	254	711	602	2.013E-23	110
A0A5P8DI15	Q49SP3	31.000	257	711	552	2.660E-23	109
A0A5P8DI15	A0A1W6QDI7	27.200	362	711	626	3.515E-23	109
A0A5P8DI15	A0A348AUW1	26.700	298	711	554	4.645E-23	109
A0A5P8DI15	A0A167V661	25.500	368	711	554	4.645E-23	109
A0A5P8DI15	A0A348AUV5	25.500	368	711	554	4.645E-23	109
A0A5P8DI15	E2E2N7	28.600	275	711	555	4.645E-23	109
A0A5P8DI15	C8XPS0	27.200	347	711	595	4.645E-23	109
A0A5P8DI15	K4L9M2	29.600	249	711	561	6.138E-23	108
A0A5P8DI15	A0A348AUV9	25.300	368	711	554	1.072E-22	108
A0A5P8DI15	Q0VHD6	27.900	285	711	550	1.871E-22	107
A0A5P8DI15	K4LMW2	28.500	262	711	561	1.871E-22	107
A0A5P8DI15	P0CJ43	26.300	339	711	589	2.472E-22	106
A0A5P8DI15	B1B1U4	28.400	262	711	554	3.267E-22	106
A0A5P8DI15	A0A348AUW0	27.100	264	711	554	4.316E-22	106
A0A5P8DI15	A0A348AUV7	27.100	264	711	554	4.316E-22	106
A0A5P8DI15	Q9SPN0	24.000	484	711	567	5.702E-22	105
A0A5P8DI15	Q5SBP7	27.800	279	711	550	9.952E-22	104
A0A5P8DI15	Q84ND0	27.600	342	711	581	9.952E-22	104
A0A5P8DI15	Q84NC9	27.600	342	711	584	9.952E-22	104
A0A5P8DI15	Q49SP4	27.500	275	711	545	1.737E-21	104
A0A5P8DI15	A0A291LSD6	24.900	288	711	571	5.289E-21	102
A0A5P8DI15	I7GPX8	24.100	361	711	595	5.289E-21	102
A0A5P8DI15	Q5SBP1	27.600	263	711	599	5.289E-21	102
A0A5P8DI15	Q5SBP2	27.600	263	711	598	1.610E-20	100
A0A5P8DI15	E2E2N4	26.300	270	711	554	2.808E-20	100
A0A5P8DI15	D0VMR6	27.500	257	711	547	3.709E-20	99
A0A5P8DI15	C5YHH7	25.800	262	711	541	4.898E-20	99
A0A5P8DI15	D0VMR7	27.900	257	711	547	4.898E-20	99
A0A5P8DI15	Q5GJ59	27.800	289	711	548	4.898E-20	99
A0A5P8DI15	A0A2R4QKX7	27.500	258	711	561	4.898E-20	99
A0A5P8DI15	D0VMR8	27.500	257	711	547	6.469E-20	98
A0A5P8DI15	A0A1V0QSF4	25.300	361	711	615	6.469E-20	98
A0A5P8DI15	Q5SBP6	26.600	273	711	546	8.543E-20	98
A0A5P8DI15	J7LMP2	26.300	275	711	565	8.543E-20	98
A0A5P8DI15	Q5SBP4	22.600	462	711	541	1.128E-19	98
A0A5P8DI15	B9RXW0	28.500	268	711	564	1.490E-19	97
A0A5P8DI15	A0A1V0QSH1	27.300	339	711	594	1.490E-19	97
A0A5P8DI15	W0FFD7	28.500	249	711	559	2.598E-19	96
A0A5P8DI15	A7IZZ1	26.800	326	711	623	2.598E-19	96
A0A5P8DI15	Q9UVY5	27.300	324	711	952	7.899E-19	95
A0A5P8DI15	G8GJ94	23.300	350	711	575	1.043E-18	94
A0A5P8DI15	Q84LB2	27.500	268	711	576	1.043E-18	94
A0A5P8DI15	Q5SBP5	28.600	249	711	540	2.401E-18	93
A0A5P8DI15	S0EA85	27.300	324	711	952	3.170E-18	93
A0A5P8DI15	C5YHI2	29.100	216	711	545	1.679E-17	91
A0A5P8DI15	Q49SP6	26.600	279	711	554	1.679E-17	91
A0A5P8DI15	O13284	26.900	333	711	946	1.679E-17	91
A0A5P8DI15	Q4KSH9	24.200	426	711	557	6.730E-17	89
A0A5P8DI15	B2C4D0	27.000	257	711	547	1.173E-16	88
A0A5P8DI15	C7E5W0	26.400	256	711	533	2.043E-16	87
A0A5P8DI15	Q6JD73	25.000	271	711	554	2.697E-16	87
A0A5P8DI15	C7E5V9	26.400	256	711	533	8.185E-16	85
A0A5P8DI15	C7E5V7	26.000	256	711	534	1.080E-15	85
A0A5P8DI15	Q6JD70	25.500	271	711	554	1.426E-15	84
A0A5P8DI15	Q2NM15	25.600	256	711	533	1.882E-15	84
A0A5P8DI15	Q8LSC3	23.500	438	711	583	2.484E-15	83
A0A5P8DI15	C7E5V8	25.600	256	711	533	7.535E-15	82
A0A383ZFX3	Q17QB3	89.100	395	395	395	9.715E-248	760
A0A383ZFX3	Q60HH4	85.000	395	395	395	3.952E-242	743
A0A383ZFX3	A5A6P2	85.400	393	395	395	3.585E-241	741
A0A383ZFX3	Q13510	84.700	393	395	395	1.040E-238	734
A0A383ZFX3	A0A0P6JG37	83.200	395	395	395	3.017E-236	726
A0A383ZFX3	Q9WV54	77.400	395	395	394	1.790E-221	684
A0A383ZFX3	O45686	38.800	387	395	393	1.451E-96	323
A0A383ZFX3	Q09551	37.800	349	395	401	8.285E-76	262
A0A383ZFX3	Q9GUI1	34.100	325	395	355	1.073E-51	192
A0A383ZFX3	Q9D7V9	32.000	343	395	362	1.073E-51	192
A0A383ZFX3	G1T7U7	32.800	343	395	358	1.716E-50	188
A0A383ZFX3	H0VCJ6	31.600	340	395	354	1.480E-49	185
A0A383ZFX3	Q02083	32.100	345	395	359	9.369E-49	183
P0DTE4	Q80X89	74.600	528	527	528	3.168E-284	872
P0DTE4	P36510	73.700	527	527	527	1.384E-282	868
P0DTE4	Q6PDD0	61.000	523	527	528	7.634E-230	715
P0DTE4	Q9R110	54.500	512	527	530	1.126E-193	611
P0DTE4	P06133	52.100	507	527	528	8.232E-185	585
P0DTE4	Q6K1J1	51.200	507	527	530	1.900E-183	581
P0DTE4	Q5RFJ3	52.200	518	527	527	3.948E-181	574
P0DTE4	O75795	51.000	507	527	530	1.012E-180	573
P0DTE4	P16662	50.900	507	527	529	2.596E-180	572
P0DTE4	O97951	50.000	507	527	529	2.336E-179	569
P0DTE4	Q8BWQ1	52.300	523	527	534	2.336E-179	569
P0DTE4	P09875	50.300	505	527	529	4.376E-179	569
P0DTE4	P54855	50.300	507	527	530	8.197E-179	568
P0DTE4	Q6UWM9	52.000	518	527	527	1.535E-178	567
P0DTE4	O02663	49.800	507	527	529	1.381E-177	564
P0DTE4	Q9XT55	50.900	507	527	528	2.093E-175	558
P0DTE4	O75310	48.900	507	527	529	7.344E-175	556
P0DTE4	Q8WN97	50.200	507	527	528	2.083E-172	549
P0DTE4	Q9BY64	48.300	507	527	529	2.303E-170	543
P0DTE4	P36514	50.400	500	527	502	5.902E-170	542
P0DTE4	P36537	48.300	507	527	528	1.513E-169	541
P0DTE4	P36512	48.100	507	527	531	2.811E-166	531
P0DTE4	O19103	47.200	507	527	523	9.855E-166	530
P0DTE4	P36511	48.000	507	527	530	4.245E-164	525
P0DTE4	P08541	46.900	522	527	530	9.765E-163	521
P0DTE4	P17717	47.800	507	527	530	3.422E-162	520
P0DTE4	P19488	46.000	522	527	530	4.155E-158	508
P0DTE4	P08542	46.500	507	527	530	5.685E-158	507
P0DTE4	Q62789	46.200	506	527	530	2.998E-155	499
P0DTE4	Q64637	38.100	506	527	531	2.422E-112	375
P0DTE4	P70691	37.900	506	527	533	6.170E-112	374
P0DTE4	Q64638	37.400	506	527	531	1.151E-111	373
P0DTE4	P20720	38.100	506	527	533	4.003E-111	371
P0DTE4	P22309	38.100	520	527	533	2.596E-110	369
P0DTE4	P19224	36.800	514	527	532	9.027E-110	367
P0DTE4	Q64435	37.900	516	527	531	1.490E-108	364
P0DTE4	Q64550	37.800	521	527	535	2.034E-108	363
P0DTE4	P08430	37.300	516	527	529	1.318E-107	361
P0DTE4	Q6ZQM8	36.500	510	527	531	8.536E-107	359
P0DTE4	Q28611	38.100	516	527	531	3.159E-104	351
P0DTE4	P35503	36.600	505	527	534	1.803E-102	346
P0DTE4	Q64633	35.800	505	527	531	2.461E-102	346
P0DTE4	O60656	36.600	505	527	530	4.584E-102	345
P0DTE4	Q28612	36.800	506	527	532	6.256E-102	344
P0DTE4	P35504	36.100	505	527	534	6.256E-102	344
P0DTE4	Q62452	36.200	510	527	528	8.538E-102	344
P0DTE4	Q9HAW9	36.100	505	527	530	1.165E-101	344
P0DTE4	P22310	36.600	505	527	534	2.170E-101	343
P0DTE4	Q64634	36.200	510	527	530	2.300E-99	337
P0DTE4	Q9HAW7	35.700	510	527	530	5.142E-98	333
P0DTE4	Q9HAW8	35.900	505	527	530	9.572E-98	332
P0DTE4	Q91280	32.700	472	527	472	4.494E-83	289
P0DTE4	Q64676	30.700	516	527	541	2.693E-73	260
P0DTE4	Q09426	30.800	500	527	541	4.983E-73	259
P0DTE4	Q16880	30.300	518	527	541	2.319E-72	258
P0DTE4	Q1LZI1	29.000	492	527	523	1.084E-56	211
P0DTE4	Q6NUS8	27.200	467	527	523	1.462E-51	196
P0DTE4	Q3SY77	28.300	467	527	523	3.327E-49	188
P0DTE4	Q8JZZ0	28.100	381	527	523	6.074E-49	188
P0DTE4	Q20086	24.400	501	527	533	1.552E-41	165
P0DTE4	Q18081	23.100	378	527	526	1.971E-24	112
P0DTE4	Q21706	23.800	477	527	536	1.452E-23	109
P0DTE4	A8WLF6	22.800	533	527	536	8.014E-23	107
P0DTE4	Q10941	22.500	523	527	531	2.967E-19	95
P0DTE4	P34317	31.100	165	527	507	4.727E-17	88
P0DTE4	A0A067YB04	33.300	107	527	471	8.624E-09	61
P0DTE4	A6BM07	33.600	98	527	474	1.506E-08	61
P0DTE4	Q41819	37.800	82	527	471	3.472E-08	59
P0DTE4	Q9LSY9	43.000	65	527	473	4.587E-08	59
P0DTE4	P0DO49	42.100	64	527	478	4.587E-08	59
P0DTE4	Q22181	22.800	419	527	524	6.060E-08	59
P0DTE4	Q8KHE4	31.200	96	527	421	1.397E-07	57
P0DTE4	A0A2R6Q8R5	34.300	99	527	456	1.846E-07	57
P0DTE4	P16165	38.200	78	527	471	1.846E-07	57
P0DTE4	P16167	38.200	78	527	471	1.846E-07	57
P0DTE4	Q43641	33.700	89	527	433	2.438E-07	57
P0DTE4	Q6X1C0	48.000	52	527	460	2.438E-07	57
P0DTE4	P16166	38.200	78	527	471	2.438E-07	57
P0DTE4	Q33DV3	28.100	96	527	457	5.618E-07	55
P0DTE4	U5NH37	42.800	63	527	482	9.801E-07	55
P0DTE4	U3U992	42.800	63	527	482	9.801E-07	55
P0DTE4	Q9AR73	41.300	58	527	470	1.295E-06	54
P0DTE4	P0DO58	31.900	95	527	464	1.710E-06	54
P0DTE4	B4G072	45.000	51	527	462	2.258E-06	53
P0DTE4	Q8RXA5	41.800	55	527	463	2.258E-06	53
P0DTE4	F8WKW1	46.000	50	527	481	2.258E-06	53
P0DTE4	O70023	38.200	81	527	422	2.982E-06	53
P0DTE4	Q5H861	35.500	90	527	491	2.982E-06	53
P0DTE4	V5LLZ9	33.800	59	527	510	2.982E-06	53
P0DTE4	Q40285	34.300	67	527	346	3.938E-06	53
P0DTE4	Q9LFJ8	43.300	60	527	460	3.938E-06	53
P0DTE4	Q9ZR27	36.400	74	527	460	3.938E-06	53
P0DTE4	A0A193AUF6	40.300	52	527	506	3.938E-06	53
P0DTE4	Q9ZR26	35.100	74	527	443	5.201E-06	52
P0DTE4	Q8W491	28.300	127	527	481	5.201E-06	52
P0DTE4	Q9ZSK5	39.600	63	527	459	6.869E-06	52
P0DTE4	P0DO74	29.700	101	527	460	6.869E-06	52
P0DTE4	Q93XP7	40.000	55	527	467	6.869E-06	52
P0DTE4	Q9M156	40.400	47	527	480	6.869E-06	52
P0DTE4	A0A0K0PVW1	32.300	68	527	472	9.071E-06	51
P0DTE4	Q2V6J9	39.600	63	527	487	9.071E-06	51
P0DTE4	Q66PF4	38.400	52	527	555	9.071E-06	51
P0DTE4	A0A0A6ZFR4	42.500	54	527	451	1.198E-05	51
P0DTE4	P51094	28.800	104	527	456	1.198E-05	51
P0DTE4	Q6JAH0	40.000	55	527	466	1.198E-05	51
P0DTE4	O82383	40.600	64	527	467	1.198E-05	51
P0DTE4	A0A0K0PVL3	32.300	68	527	472	1.198E-05	51
P0DTE4	A0A193AU77	38.400	52	527	517	1.198E-05	51
P0DTE4	Q9LR44	29.400	102	527	469	1.582E-05	51
P0DTE4	A0A068J840	35.200	68	527	475	1.582E-05	51
P0DTE4	P0DO73	44.600	47	527	485	1.582E-05	51
P0DTE4	Q40288	37.500	64	527	394	2.089E-05	50
P0DTE4	A0A0K0PVM5	35.200	68	527	475	2.089E-05	50
P0DTE4	O82381	39.000	64	527	481	2.089E-05	50
P0DTE4	B2XBQ5	35.300	65	527	483	2.089E-05	50
P0DTE4	F8WLS6	38.700	62	527	487	2.089E-05	50
P0DTE4	B2NID7	32.100	84	527	504	2.089E-05	50
P0DTE4	Q9MB73	35.800	53	527	511	2.089E-05	50
P0DTE4	A0A067YBQ3	44.400	45	527	451	2.758E-05	50
P0DTE4	K4D3V7	38.300	60	527	475	2.758E-05	50
P0DTE4	Q9LML6	28.200	131	527	479	2.758E-05	50
P0DTE4	G3FIN8	30.100	92	527	483	2.758E-05	50
P0DTE4	G3FIN9	30.100	92	527	483	2.758E-05	50
P0DTE4	A0A3B6XRM0	37.700	53	527	490	2.758E-05	50
P0DTE4	Q40289	33.600	91	527	287	3.642E-05	49
P0DTE4	Q8GVE3	40.400	47	527	452	3.642E-05	49
P0DTE4	Q5UL10	39.600	53	527	465	3.642E-05	49
P0DTE4	Q66PF5	39.600	53	527	466	3.642E-05	49
P0DTE4	O81498	28.100	96	527	481	3.642E-05	49
P0DTE4	A0A0A6ZFY4	28.500	112	527	442	4.809E-05	49
P0DTE4	Q9ZR25	35.200	85	527	461	4.809E-05	49
P0DTE4	Q9LVR1	37.000	62	527	481	4.809E-05	49
P0DTE4	Q9LVF0	33.300	63	527	496	4.809E-05	49
P0DTE4	Q40286	50.000	44	527	241	6.350E-05	49
P0DTE4	P0DO59	29.600	123	527	454	8.384E-05	48
P0DTE4	Q9AT54	38.000	63	527	476	1.107E-04	48
P0DTE4	K7NBW3	44.600	47	527	454	1.462E-04	48
P0DTE4	Q9XC67	29.300	124	527	461	1.462E-04	48
P0DTE4	Q9ZQG4	39.600	63	527	484	1.462E-04	48
P0DTE4	Q96493	28.500	98	527	453	1.930E-04	47
P0DTE4	Q6WFW1	38.400	52	527	475	1.930E-04	47
P0DTE4	Q40287	38.200	47	527	487	1.930E-04	47
P0DTE4	Q65JC2	24.800	125	527	396	2.548E-04	47
P0DTE4	Q7Y232	28.000	120	527	484	2.548E-04	47
P0DTE4	Q94AB5	38.400	52	527	458	3.364E-04	46
P0DTE4	C3W7B0	34.400	58	527	471	3.364E-04	46
P0DTE4	Q5VMI0	34.400	58	527	471	3.364E-04	46
P0DTE4	O22820	38.400	52	527	449	4.441E-04	46
P0DTE4	P14726	33.300	78	527	455	4.441E-04	46
P0DTE4	Q767C8	32.900	79	527	463	4.441E-04	46
P0DTE4	Q94C57	34.900	63	527	483	5.863E-04	46
P0DTE4	A0A0A7HB61	30.800	68	527	473	7.740E-04	45
P0DUM0	P9WEN6	49.200	684	700	703	7.170E-203	646
P0DUM0	A0AAN4PAE6	45.500	688	700	722	5.127E-170	551
P0DUM0	A0A4Y6HUD7	41.400	678	700	747	8.086E-148	486
P0DUM0	A0A0A7AAW9	40.100	682	700	724	3.382E-146	481
P0DUM0	A0A4Y6HUI7	41.200	682	700	743	2.631E-144	476
P0DUM0	X2BTY5	39.800	680	700	719	4.838E-139	460
P0DUM0	Q96V77	40.200	682	700	724	1.768E-136	453
P0DUM0	P11544	38.000	684	700	716	2.539E-134	447
P0DUM0	P10248	38.300	672	700	713	2.667E-132	441
P0DUM0	O93967	38.500	669	700	740	2.924E-128	429
P0DUM0	P35510	34.800	658	700	725	4.670E-107	366
P0DUM0	P45724	34.500	666	700	717	4.726E-105	361
P0DUM0	P27990	40.200	497	700	725	4.071E-104	358
P0DUM0	A0A2H5AIY6	35.400	641	700	686	1.024E-103	357
P0DUM0	P25872	40.100	496	700	715	2.576E-103	355
P0DUM0	P19142	35.500	641	700	712	6.479E-103	354
P0DUM0	Q50EX7	40.500	498	700	718	6.479E-103	354
P0DUM0	P45730	33.300	681	700	715	8.810E-103	354
P0DUM0	O64963	40.000	493	700	717	1.198E-102	353
P0DUM0	P27991	40.700	497	700	713	1.629E-102	353
P0DUM0	P26600	40.700	479	700	721	2.215E-102	353
P0DUM0	A0A2H5AIW0	32.800	684	700	708	4.096E-102	352
P0DUM0	P45734	39.700	496	700	725	4.096E-102	352
P0DUM0	P52777	34.400	675	700	754	4.096E-102	352
P0DUM0	O49836	39.800	493	700	705	4.784E-101	349
P0DUM0	P45733	39.600	495	700	712	4.784E-101	349
P0DUM0	Q9M568	33.000	680	700	710	6.504E-101	348
P0DUM0	P45732	40.000	497	700	715	6.504E-101	348
P0DUM0	P35511	35.300	644	700	704	8.842E-101	348
P0DUM0	Q9SMK9	39.600	499	700	718	8.842E-101	348
P0DUM0	P45725	39.400	506	700	694	1.202E-100	347
P0DUM0	P31426	40.500	479	700	590	1.634E-100	347
P0DUM0	P35513	37.700	536	700	712	2.221E-100	347
P0DUM0	Q0DZE0	39.900	495	700	713	2.221E-100	347
P0DUM0	O04058	39.700	499	700	667	3.020E-100	346
P0DUM0	P0DO55	39.400	496	700	722	5.580E-100	346
P0DUM0	O23924	38.600	494	700	713	7.585E-100	345
P0DUM0	O23865	39.300	496	700	708	1.031E-99	345
P0DUM0	P45729	32.500	684	700	718	1.031E-99	345
P0DUM0	P45726	32.400	670	700	714	1.402E-99	344
P0DUM0	Q42609	41.800	478	700	703	3.519E-99	343
P0DUM0	Q42858	40.200	492	700	708	3.519E-99	343
P0DUM0	O49835	34.400	641	700	710	3.519E-99	343
P0DUM0	Q42667	39.300	493	700	722	3.519E-99	343
P0DUM0	Q01861	39.100	505	700	723	6.502E-99	342
P0DUM0	Q43210	39.600	499	700	700	8.836E-99	342
P0DUM0	P45728	39.000	496	700	716	1.201E-98	342
P0DUM0	P31425	33.500	666	700	720	1.632E-98	341
P0DUM0	Q04593	38.100	516	700	724	3.015E-98	340
P0DUM0	Q8VXG7	39.600	494	700	703	1.028E-97	339
P0DUM0	P19143	39.500	472	700	710	6.471E-97	336
P0DUM0	P45731	38.600	516	700	682	2.996E-96	334
P0DUM0	Q43052	32.300	680	700	710	1.021E-95	333
P0DUM0	Q6GZ04	38.100	505	700	698	8.709E-95	330
P0DUM0	Q68G84	38.100	505	700	687	1.183E-94	330
P0DUM0	P45727	35.500	623	700	620	2.182E-94	329
P0DUM0	Q40910	41.400	412	700	571	1.610E-83	297
P0DUM0	B2J528	34.300	532	700	569	3.820E-76	274
P0DUM0	Q3M5Z3	32.800	477	700	567	3.639E-68	250
P0DUM0	P07218	44.100	321	700	506	1.207E-67	249
P0DUM0	Q8RBH4	30.800	474	700	508	7.173E-60	225
P0DUM0	Q7NCB3	32.600	473	700	514	1.391E-58	221
P0DUM0	Q1D6R1	32.900	479	700	508	1.997E-57	218
P0DUM0	Q8NZ46	29.200	516	700	513	6.514E-57	216
P0DUM0	Q2IIV4	32.800	471	700	508	1.580E-56	215
P0DUM0	B5XIY2	29.100	516	700	513	1.580E-56	215
P0DUM0	A2RGS5	29.200	516	700	513	1.580E-56	215
P0DUM0	Q5X9K4	29.100	516	700	513	2.123E-56	214
P0DUM0	P0DB75	29.100	516	700	513	6.912E-56	213
P0DUM0	P58083	28.900	516	700	513	1.247E-55	212
P0DUM0	B8J950	32.400	471	700	508	1.674E-55	212
P0DUM0	B4UC43	32.400	471	700	508	1.674E-55	212
P0DUM0	A4IK90	31.000	520	700	504	3.019E-55	211
P0DUM0	Q93TX3	31.500	478	700	510	4.054E-55	211
P0DUM0	Q6AKP3	32.400	476	700	512	7.307E-55	210
P0DUM0	Q8RDU4	29.100	514	700	511	2.372E-54	208
P0DUM0	A6TSX0	28.100	447	700	507	7.693E-54	207
P0DUM0	Q891Q1	29.800	474	700	514	1.032E-53	206
P0DUM0	A8AZ70	30.300	473	700	513	1.385E-53	206
P0DUM0	A3CL24	30.500	473	700	513	1.385E-53	206
P0DUM0	Q8GMG0	29.300	518	700	539	1.385E-53	206
P0DUM0	Q5L310	30.500	493	700	504	2.492E-53	205
P0DUM0	Q8U8Z7	30.300	473	700	514	1.082E-52	203
P0DUM0	A8MF64	27.700	499	700	507	1.945E-52	202
P0DUM0	A5FZB9	32.000	497	700	508	1.945E-52	202
P0DUM0	B6IWC6	33.900	466	700	509	3.497E-52	201
P0DUM0	P10944	28.500	511	700	508	6.284E-52	201
P0DUM0	P58082	32.400	472	700	509	1.129E-51	200
P0DUM0	B8H2S1	32.400	472	700	513	1.129E-51	200
P0DUM0	Q5WAZ6	29.000	511	700	500	1.513E-51	199
P0DUM0	A8G1S5	31.100	518	700	510	2.028E-51	199
P0DUM0	Q9RZ06	30.900	469	700	524	4.879E-51	198
P0DUM0	B1KP55	31.900	514	700	510	6.537E-51	198
P0DUM0	A1TRE4	32.400	417	700	512	6.537E-51	198
P0DUM0	Q7P188	32.600	466	700	510	8.758E-51	197
P0DUM0	Q5FRR8	30.700	470	700	515	8.758E-51	197
P0DUM0	Q73Q56	28.900	473	700	507	1.173E-50	197
P0DUM0	P45735	46.600	221	700	416	1.572E-50	196
P0DUM0	C1CWB4	31.100	464	700	499	1.572E-50	196
P0DUM0	Q8EKJ4	31.700	524	700	513	2.105E-50	196
P0DUM0	Q5LRD8	34.700	371	700	512	1.625E-49	193
P0DUM0	A9GFW6	30.000	470	700	514	1.625E-49	193
P0DUM0	A8HA91	31.500	514	700	510	2.176E-49	193
P0DUM0	Q664B8	32.100	473	700	510	2.176E-49	193
P0DUM0	Q9KWE4	31.200	440	700	511	2.176E-49	193
P0DUM0	Q5PG61	31.600	507	700	506	2.913E-49	192
P0DUM0	B5BC34	31.600	507	700	506	2.913E-49	192
P0DUM0	Q8ZA10	32.100	473	700	510	2.913E-49	192
P0DUM0	Q9KSQ4	32.400	449	700	511	2.913E-49	192
P0DUM0	Q9HLI6	30.200	471	700	496	3.898E-49	192
P0DUM0	B2T2Y2	31.000	473	700	507	3.898E-49	192
P0DUM0	Q8Z896	31.400	507	700	506	5.218E-49	192
P0DUM0	A9MJE9	33.700	442	700	506	5.218E-49	192
P0DUM0	Q8RFC2	28.700	474	700	516	6.983E-49	191
P0DUM0	Q57RG6	32.500	473	700	506	9.345E-49	191
P0DUM0	B5R758	32.300	473	700	506	9.345E-49	191
P0DUM0	B8CGY5	30.700	514	700	510	9.345E-49	191
P0DUM0	A5EQB7	32.700	423	700	515	9.345E-49	191
P0DUM0	B4SZJ4	32.300	473	700	506	1.251E-48	190
P0DUM0	C0PWX9	32.300	473	700	506	1.251E-48	190
P0DUM0	B4TC45	32.300	473	700	506	1.251E-48	190
P0DUM0	B5FP58	32.300	473	700	506	1.251E-48	190
P0DUM0	B5QX62	32.300	473	700	506	1.251E-48	190
P0DUM0	Q8ZQQ9	32.100	473	700	506	1.673E-48	190
P0DUM0	Q1GSH0	33.100	471	700	509	2.239E-48	190
P0DUM0	A9AGP7	31.000	473	700	506	2.995E-48	189
P0DUM0	Q579E8	33.200	416	700	511	2.995E-48	189
P0DUM0	Q2YIL6	33.200	416	700	511	2.995E-48	189
P0DUM0	A7ZAE4	28.500	473	700	512	2.995E-48	189
P0DUM0	O31197	30.000	473	700	511	4.007E-48	189
P0DUM0	A7GR00	28.300	476	700	505	5.360E-48	188
P0DUM0	A3PK23	30.600	474	700	507	5.360E-48	188
P0DUM0	A6WYU8	32.700	416	700	511	5.360E-48	188
P0DUM0	A5VVJ6	33.200	416	700	511	5.360E-48	188
P0DUM0	B8II08	32.000	477	700	515	5.360E-48	188
P0DUM0	Q8YD09	33.200	416	700	925	5.360E-48	188
P0DUM0	Q63SH6	30.600	473	700	507	7.169E-48	188
P0DUM0	Q62LJ6	30.600	473	700	507	7.169E-48	188
P0DUM0	A3NBH0	30.600	473	700	507	7.169E-48	188
P0DUM0	A2SA96	30.600	473	700	507	7.169E-48	188
P0DUM0	A3MLT7	30.600	473	700	507	7.169E-48	188
P0DUM0	A3NXA3	30.600	473	700	507	7.169E-48	188
P0DUM0	A9H863	31.900	439	700	515	7.169E-48	188
P0DUM0	Q978N8	32.400	392	700	495	9.589E-48	188
P0DUM0	Q3J289	30.400	474	700	507	1.282E-47	187
P0DUM0	B4EDX5	30.600	473	700	507	1.282E-47	187
P0DUM0	A9WVU3	33.000	416	700	511	1.282E-47	187
P0DUM0	Q8FVB4	33.000	416	700	511	2.293E-47	186
P0DUM0	Q8DA21	31.000	473	700	513	2.293E-47	186
P0DUM0	B1JV50	30.600	473	700	507	3.066E-47	186
P0DUM0	B9KSW6	30.400	474	700	507	4.100E-47	186
P0DUM0	A4JG46	30.600	473	700	507	4.100E-47	186
P0DUM0	Q87Q77	31.000	473	700	511	4.100E-47	186
P0DUM0	B2A3D9	27.600	473	700	507	5.481E-47	185
P0DUM0	B9K288	28.800	473	700	512	5.481E-47	185
P0DUM0	Q7MK58	30.800	473	700	513	5.481E-47	185
P0DUM0	Q0AP92	32.200	424	700	507	7.327E-47	185
P0DUM0	A0K8U6	30.400	473	700	507	7.327E-47	185
P0DUM0	Q15X40	30.700	444	700	509	7.327E-47	185
P0DUM0	B1YT80	30.600	473	700	507	9.794E-47	184
P0DUM0	Q0BDK6	30.400	473	700	507	1.309E-46	184
P0DUM0	Q11E18	29.000	473	700	511	1.309E-46	184
P0DUM0	Q20502	28.800	469	700	677	1.309E-46	184
P0DUM0	A4YNK7	31.700	423	700	515	1.750E-46	184
P0DUM0	B0UQ15	33.000	437	700	513	2.338E-46	183
P0DUM0	Q2RUU3	31.600	450	700	514	2.338E-46	183
P0DUM0	Q87UM1	31.100	478	700	515	2.338E-46	183
P0DUM0	A6T6L1	32.300	440	700	508	3.125E-46	183
P0DUM0	B5XZ79	32.500	440	700	508	3.125E-46	183
P0DUM0	Q637H8	26.800	513	700	505	4.175E-46	183
P0DUM0	Q9KBE6	29.300	471	700	511	4.175E-46	183
P0DUM0	A4W8B5	31.700	473	700	506	7.453E-46	182
P0DUM0	A1JSW6	31.700	473	700	507	7.453E-46	182
P0DUM0	Q983I0	31.500	472	700	513	7.453E-46	182
P0DUM0	Q1Q9E4	30.800	442	700	520	7.453E-46	182
P0DUM0	C1EN93	26.600	513	700	505	1.330E-45	181
P0DUM0	B7JI80	26.800	513	700	505	1.330E-45	181
P0DUM0	Q88CZ7	30.300	474	700	510	1.330E-45	181
P0DUM0	A5WDR1	31.200	439	700	519	1.330E-45	181
P0DUM0	C3L982	26.800	513	700	505	1.777E-45	181
P0DUM0	A9VPT8	27.700	476	700	505	1.777E-45	181
P0DUM0	C3P4M2	26.800	513	700	505	1.777E-45	181
P0DUM0	Q54JI7	27.100	476	700	539	1.777E-45	181
P0DUM0	Q5E0C6	31.900	436	700	510	2.373E-45	180
P0DUM0	Q4A173	26.200	509	700	499	3.169E-45	180
P0DUM0	B7V3J1	31.900	466	700	509	3.169E-45	180
P0DUM0	Q9HU85	31.900	466	700	509	3.169E-45	180
P0DUM0	Q6LQ56	31.300	443	700	510	3.169E-45	180
P0DUM0	Q0VZ68	30.200	465	700	531	3.169E-45	180
P0DUM0	B7HKJ1	27.300	476	700	505	4.233E-45	179
P0DUM0	B9IUH0	27.300	476	700	505	4.233E-45	179
P0DUM0	Q02ER8	31.700	466	700	509	4.233E-45	179
P0DUM0	P21310	30.600	474	700	510	4.233E-45	179
P0DUM0	Q162E2	32.900	395	700	513	4.233E-45	179
P0DUM0	Q733H8	27.400	476	700	505	7.547E-45	179
P0DUM0	B7HCD0	27.100	476	700	506	1.008E-44	178
P0DUM0	Q81AC6	27.100	476	700	506	1.008E-44	178
P0DUM0	Q82I33	30.100	473	700	512	1.345E-44	178
P0DUM0	B4RED8	34.100	390	700	511	1.796E-44	177
P0DUM0	B7ISJ2	26.900	476	700	505	2.397E-44	177
P0DUM0	Q92195	62.900	135	700	142	3.200E-44	177
P0DUM0	Q5WWW8	29.000	464	700	506	3.200E-44	177
P0DUM0	A1STQ3	29.900	471	700	510	3.200E-44	177
P0DUM0	Q89GV3	32.000	422	700	519	3.200E-44	177
P0DUM0	Q3KJE6	31.400	439	700	510	5.699E-44	176
P0DUM0	Q8VMR3	31.300	466	700	512	5.699E-44	176
P0DUM0	Q7N296	29.700	474	700	514	5.699E-44	176
P0DUM0	A7YWP4	27.300	471	700	657	5.699E-44	176
P0DUM0	Q0BZK2	30.500	448	700	513	1.015E-43	175
P0DUM0	Q5ZVR0	29.400	447	700	506	1.354E-43	175
P0DUM0	A5INP9	25.400	513	700	504	2.410E-43	174
P0DUM0	A6TXF8	25.400	513	700	504	2.410E-43	174
P0DUM0	Q5HJY8	25.600	513	700	504	2.410E-43	174
P0DUM0	Q2G2P7	25.600	513	700	504	2.410E-43	174
P0DUM0	A6QD47	25.600	513	700	504	2.410E-43	174
P0DUM0	Q2FKP8	25.600	513	700	504	2.410E-43	174
P0DUM0	P64415	25.400	513	700	504	2.410E-43	174
P0DUM0	P64416	25.400	513	700	504	2.410E-43	174
P0DUM0	A8YYT1	25.600	513	700	504	2.410E-43	174
P0DUM0	Q2YUR3	25.600	513	700	504	4.289E-43	173
P0DUM0	Q9EWW1	29.900	473	700	512	4.289E-43	173
P0DUM0	Q6GD82	25.200	513	700	504	7.629E-43	172
P0DUM0	Q8NYY3	25.200	513	700	504	7.629E-43	172
P0DUM0	Q5X5I5	29.300	439	700	506	7.629E-43	172
P0DUM0	A9WHT8	28.800	478	700	523	7.629E-43	172
P0DUM0	B9LLY0	28.800	478	700	523	7.629E-43	172
P0DUM0	A5IBM2	29.200	447	700	505	1.017E-42	172
P0DUM0	Q4UTB9	29.900	474	700	513	1.357E-42	171
P0DUM0	Q8PAA7	29.900	474	700	513	1.357E-42	171
P0DUM0	B0RUX3	29.900	474	700	513	1.357E-42	171
P0DUM0	P42357	27.600	471	700	657	1.809E-42	171
P0DUM0	B5ETN1	30.500	436	700	510	4.286E-42	170
P0DUM0	P35492	28.100	471	700	657	5.714E-42	169
P0DUM0	P21213	27.600	471	700	657	1.015E-41	169
P0DUM0	B8ZV93	29.900	402	700	526	1.803E-41	168
P0DUM0	B8ZV94	29.900	402	700	526	1.803E-41	168
P0DUM0	Q1IRT8	27.900	471	700	516	2.402E-41	168
P0DUM0	Q6GKT7	25.000	513	700	504	3.200E-41	167
P0DUM0	A9IVW5	29.200	424	700	512	4.264E-41	167
P0DUM0	Q6G3U8	27.700	473	700	512	1.008E-40	166
P0DUM0	Q9HQD5	28.600	422	700	525	1.008E-40	166
P0DUM0	B0R544	28.600	422	700	525	1.008E-40	166
P0DUM0	Q6FZP9	29.300	424	700	512	1.788E-40	165
P0DUM0	B9E7E0	25.800	473	700	500	7.366E-39	160
P0DUM0	Q556V9	28.400	479	700	529	1.304E-38	159
P0DUM0	P35512	52.000	48	700	235	2.341E-05	51
A0A2Z5WA18	Q6AVG6	53.300	441	502	459	7.643E-144	465
A0A2Z5WA18	A0A7J6F8C5	54.500	413	502	464	6.139E-142	460
A0A2Z5WA18	B1WTZ2	55.100	406	502	402	5.500E-141	457
A0A2Z5WA18	Q31S64	55.300	401	502	398	1.408E-140	456
A0A2Z5WA18	Q5N249	55.300	401	502	398	1.408E-140	456
A0A2Z5WA18	B8HWD3	53.300	407	502	405	6.035E-139	451
A0A2Z5WA18	Q94B35	54.900	401	502	466	1.129E-138	450
A0A2Z5WA18	Q8DK29	54.700	407	502	402	3.537E-137	446
A0A2Z5WA18	B0JVA7	52.900	410	502	402	7.246E-135	439
A0A2Z5WA18	P58674	53.100	401	502	402	2.267E-133	435
A0A2Z5WA18	B0C4N8	50.700	407	502	415	1.482E-132	432
A0A2Z5WA18	B1XPG7	53.800	401	502	403	2.772E-132	432
A0A2Z5WA18	B2IZV5	51.900	404	502	402	3.389E-131	428
A0A2Z5WA18	Q3AN10	51.800	401	502	399	4.520E-128	419
A0A2Z5WA18	Q7V329	51.600	398	502	398	1.410E-126	415
A0A2Z5WA18	A2BUP5	51.000	398	502	398	1.928E-126	415
A0A2Z5WA18	Q7U9K4	52.600	397	502	399	1.928E-126	415
A0A2Z5WA18	Q10WA8	51.800	400	502	401	1.928E-126	415
A0A2Z5WA18	Q3B080	52.100	401	502	399	6.737E-126	413
A0A2Z5WA18	A2C096	51.300	402	502	401	9.210E-126	413
A0A2Z5WA18	Q46HB0	51.300	402	502	401	9.210E-126	413
A0A2Z5WA18	A9BDN6	51.600	397	502	404	9.210E-126	413
A0A2Z5WA18	A2BP63	51.100	398	502	398	8.220E-125	410
A0A2Z5WA18	A3PAY5	51.100	398	502	398	1.536E-124	409
A0A2Z5WA18	Q7VDS2	50.900	398	502	405	2.100E-124	409
A0A2Z5WA18	Q31CR8	51.100	398	502	398	3.925E-124	408
A0A2Z5WA18	Q0IDE5	51.600	397	502	398	4.786E-123	405
A0A2Z5WA18	A5GWG3	50.200	406	502	406	8.943E-123	404
A0A2Z5WA18	Q7NG74	52.600	372	502	417	4.268E-122	402
A0A2Z5WA18	A5GIF7	49.800	397	502	399	1.054E-118	392
A0A2Z5WA18	A2CCK3	50.000	398	502	398	2.397E-117	388
A0A2Z5WA18	Q7V4T7	49.700	398	502	398	4.477E-117	387
A0A2Z5WA18	Q8RA76	29.400	346	502	288	1.017E-32	138
A0A2Z5WA18	B0K9L0	28.200	346	502	288	2.641E-30	130
A0A2Z5WA18	A4SIX8	29.400	341	502	311	8.972E-27	119
A0A2Z5WA18	A6Q2R7	26.600	348	502	275	1.198E-26	119
A0A2Z5WA18	A5GE10	28.200	348	502	282	1.198E-26	119
A0A2Z5WA18	B3E441	27.600	343	502	280	3.801E-26	117
A0A2Z5WA18	A6Q7P9	27.700	346	502	277	5.072E-26	117
A0A2Z5WA18	A1TYZ2	28.200	359	502	316	5.072E-26	117
A0A2Z5WA18	Q749Y8	27.700	346	502	282	1.606E-25	115
A0A2Z5WA18	A1ANP9	27.900	343	502	280	2.142E-25	115
A0A2Z5WA18	Q9X781	29.900	343	502	332	2.857E-25	114
A0A2Z5WA18	Q8DET0	27.300	346	502	316	6.772E-25	113
A0A2Z5WA18	Q7MNM5	27.300	346	502	316	6.772E-25	113
A0A2Z5WA18	Q39XB6	26.800	346	502	282	1.203E-24	112
A0A2Z5WA18	C6E2B3	26.800	346	502	283	1.604E-24	112
A0A2Z5WA18	Q2GDX3	25.800	348	502	303	3.795E-24	111
A0A2Z5WA18	B8GQR4	28.200	344	502	310	3.795E-24	111
A0A2Z5WA18	Q7VJV5	26.300	346	502	273	5.056E-24	110
A0A2Z5WA18	Q5FFL5	28.900	346	502	328	5.056E-24	110
A0A2Z5WA18	Q3A3D3	26.800	346	502	279	6.735E-24	110
A0A2Z5WA18	A0PKQ3	29.300	343	502	332	6.735E-24	110
A0A2Z5WA18	A0LW20	28.800	342	502	340	1.195E-23	109
A0A2Z5WA18	B9LZG4	27.200	346	502	282	1.591E-23	109
A0A2Z5WA18	B5E9S9	25.400	346	502	283	1.591E-23	109
A0A2Z5WA18	A1K4R4	27.600	362	502	312	1.591E-23	109
A0A2Z5WA18	B6ENC7	26.800	346	502	314	2.119E-23	108
A0A2Z5WA18	A4T986	29.800	343	502	333	2.119E-23	108
A0A2Z5WA18	Q6ADV0	28.300	365	502	337	3.757E-23	108
A0A2Z5WA18	A7GXB5	26.000	348	502	274	5.001E-23	107
A0A2Z5WA18	Q97I09	26.300	342	502	642	5.001E-23	107
A0A2Z5WA18	P0A5I1	28.200	343	502	335	8.861E-23	106
A0A2Z5WA18	P9WKG1	28.200	343	502	335	8.861E-23	106
A0A2Z5WA18	P9WKG0	28.200	343	502	335	8.861E-23	106
A0A2Z5WA18	B9KD74	27.500	346	502	278	1.179E-22	106
A0A2Z5WA18	Q5PKI4	27.800	356	502	316	1.179E-22	106
A0A2Z5WA18	P58678	27.800	356	502	316	1.179E-22	106
A0A2Z5WA18	B5BLL3	27.800	356	502	316	1.179E-22	106
A0A2Z5WA18	Q6NI36	29.000	343	502	333	1.179E-22	106
A0A2Z5WA18	Q0S489	28.800	343	502	336	1.179E-22	106
A0A2Z5WA18	B1ZXD4	25.600	346	502	289	1.569E-22	106
A0A2Z5WA18	Q4ZYJ1	26.700	344	502	315	1.569E-22	106
A0A2Z5WA18	A5VY55	27.200	344	502	315	1.569E-22	106
A0A2Z5WA18	C1AYI4	28.800	343	502	336	1.569E-22	106
A0A2Z5WA18	Q9FBM1	29.000	343	502	338	1.569E-22	106
A0A2Z5WA18	A3Q4N0	28.600	358	502	333	2.088E-22	105
A0A2Z5WA18	Q5YQ94	30.400	343	502	336	2.088E-22	105
A0A2Z5WA18	Q47BK8	27.200	343	502	306	2.779E-22	105
A0A2Z5WA18	Q486R1	26.100	356	502	309	2.779E-22	105
A0A2Z5WA18	Q1I4S8	26.100	344	502	315	2.779E-22	105
A0A2Z5WA18	Q88Q89	27.200	344	502	315	2.779E-22	105
A0A2Z5WA18	B4TIE9	27.500	356	502	316	3.697E-22	104
A0A2Z5WA18	B5FHE3	27.500	356	502	316	3.697E-22	104
A0A2Z5WA18	B5F728	27.500	356	502	316	3.697E-22	104
A0A2Z5WA18	B5R1N9	27.500	356	502	316	3.697E-22	104
A0A2Z5WA18	Q57TL2	27.500	356	502	316	3.697E-22	104
A0A2Z5WA18	C1DPH8	26.300	344	502	315	4.918E-22	104
A0A2Z5WA18	Q4K5U7	26.100	344	502	315	4.918E-22	104
A0A2Z5WA18	A9MYG8	27.500	356	502	316	4.918E-22	104
A0A2Z5WA18	B4T6H5	27.500	356	502	316	4.918E-22	104
A0A2Z5WA18	B4TWP0	27.500	356	502	316	4.918E-22	104
A0A2Z5WA18	P58679	27.500	356	502	316	4.918E-22	104
A0A2Z5WA18	Q187C6	26.100	343	502	279	6.541E-22	104
A0A2Z5WA18	Q48NK3	26.300	344	502	315	6.541E-22	104
A0A2Z5WA18	Q889E1	26.700	344	502	315	6.541E-22	104
A0A2Z5WA18	Q2NVY3	26.700	344	502	316	6.541E-22	104
A0A2Z5WA18	C4K4R2	28.300	343	502	319	6.541E-22	104
A0A2Z5WA18	A1TE06	29.900	343	502	337	6.541E-22	104
A0A2Z5WA18	A7ZCD0	25.400	348	502	274	8.700E-22	103
A0A2Z5WA18	A1SZP0	26.600	372	502	314	8.700E-22	103
A0A2Z5WA18	B1JF80	26.400	344	502	315	8.700E-22	103
A0A2Z5WA18	C0Q4I9	27.200	356	502	316	8.700E-22	103
A0A2Z5WA18	Q82WM1	26.900	344	502	323	8.700E-22	103
A0A2Z5WA18	Q1B4H4	28.300	358	502	333	8.700E-22	103
A0A2Z5WA18	A1UKL5	28.300	358	502	333	8.700E-22	103
A0A2Z5WA18	C1A2V7	28.100	343	502	337	8.700E-22	103
A0A2Z5WA18	Q82IE8	29.000	343	502	338	8.700E-22	103
A0A2Z5WA18	Q21HK6	27.100	346	502	311	1.157E-21	103
A0A2Z5WA18	A9MR43	27.000	356	502	316	1.157E-21	103
A0A2Z5WA18	Q1CSL3	25.200	346	502	274	2.046E-21	102
A0A2Z5WA18	B6JMP4	25.200	346	502	274	2.046E-21	102
A0A2Z5WA18	P65185	25.200	346	502	274	2.046E-21	102
A0A2Z5WA18	P65186	25.200	346	502	274	2.046E-21	102
A0A2Z5WA18	Q6AL80	25.800	350	502	313	2.046E-21	102
A0A2Z5WA18	B1W2D7	28.700	343	502	329	2.046E-21	102
A0A2Z5WA18	Q8FQP0	30.200	343	502	336	2.720E-21	102
A0A2Z5WA18	Q3K6L8	26.300	344	502	314	3.616E-21	101
A0A2Z5WA18	A6T4G3	26.600	356	502	316	3.616E-21	101
A0A2Z5WA18	A5FPY7	26.900	342	502	284	4.807E-21	101
A0A2Z5WA18	Q3ZYL6	26.900	342	502	284	4.807E-21	101
A0A2Z5WA18	Q5P224	25.500	345	502	312	4.807E-21	101
A0A2Z5WA18	Q8K9Z4	25.900	348	502	313	4.807E-21	101
A0A2Z5WA18	B7UI74	26.500	343	502	316	4.807E-21	101
A0A2Z5WA18	B7MNN4	26.500	343	502	316	4.807E-21	101
A0A2Z5WA18	Q1RGH3	26.500	343	502	316	4.807E-21	101
A0A2Z5WA18	A8ALT3	26.500	343	502	316	4.807E-21	101
A0A2Z5WA18	B7MAE9	26.500	343	502	316	4.807E-21	101
A0A2Z5WA18	A1A777	26.500	343	502	316	4.807E-21	101
A0A2Z5WA18	Q0TLW2	26.500	343	502	321	4.807E-21	101
A0A2Z5WA18	Q895G2	25.700	344	502	635	4.807E-21	101
A0A2Z5WA18	A1JJE4	27.100	343	502	317	8.493E-21	100
A0A2Z5WA18	A8MFE2	23.600	346	502	279	1.129E-20	100
A0A2Z5WA18	Q0STT3	26.300	344	502	282	1.129E-20	100
A0A2Z5WA18	A7ZVX7	26.500	343	502	316	1.129E-20	100
A0A2Z5WA18	B7M0C5	26.500	343	502	316	1.129E-20	100
A0A2Z5WA18	Q9A345	27.000	348	502	319	1.129E-20	100
A0A2Z5WA18	Q0TRF3	27.200	344	502	282	1.500E-20	99
A0A2Z5WA18	B7L4F1	26.500	343	502	316	1.500E-20	99
A0A2Z5WA18	B7IAU0	26.300	344	502	316	1.500E-20	99
A0A2Z5WA18	Q32K68	26.500	343	502	316	1.500E-20	99
A0A2Z5WA18	B7LVN5	26.500	343	502	316	1.500E-20	99
A0A2Z5WA18	Q0T8G5	26.500	343	502	316	1.500E-20	99
A0A2Z5WA18	B7NHD3	26.500	343	502	316	1.500E-20	99
A0A2Z5WA18	B6HYX7	26.500	343	502	316	1.500E-20	99
A0A2Z5WA18	B2U248	26.500	343	502	316	1.500E-20	99
A0A2Z5WA18	B7N7Q3	26.500	343	502	316	1.500E-20	99
A0A2Z5WA18	Q326J4	26.500	343	502	316	1.500E-20	99
A0A2Z5WA18	Q7UDT8	26.500	343	502	316	1.500E-20	99
A0A2Z5WA18	B1XBF4	26.500	343	502	316	1.500E-20	99
A0A2Z5WA18	P62623	26.500	343	502	316	1.500E-20	99
A0A2Z5WA18	C4ZPV5	26.500	343	502	316	1.500E-20	99
A0A2Z5WA18	A3M9H2	26.300	344	502	316	1.500E-20	99
A0A2Z5WA18	A7ZHB8	26.500	343	502	316	1.500E-20	99
A0A2Z5WA18	P62624	26.500	343	502	316	1.500E-20	99
A0A2Z5WA18	Q3Z5Y1	26.500	343	502	316	1.500E-20	99
A0A2Z5WA18	B1JKZ5	27.100	343	502	317	1.500E-20	99
A0A2Z5WA18	Q66ES1	27.100	343	502	317	1.500E-20	99
A0A2Z5WA18	Q1C0J0	27.100	343	502	317	1.500E-20	99
A0A2Z5WA18	P58680	27.100	343	502	317	1.500E-20	99
A0A2Z5WA18	A9R005	27.100	343	502	317	1.500E-20	99
A0A2Z5WA18	B2K3M9	27.100	343	502	317	1.500E-20	99
A0A2Z5WA18	B5YEC2	25.000	340	502	283	1.993E-20	99
A0A2Z5WA18	A4XQV8	27.000	344	502	314	1.993E-20	99
A0A2Z5WA18	A7MIM0	26.100	356	502	316	1.993E-20	99
A0A2Z5WA18	O67625	24.700	346	502	289	3.518E-20	98
A0A2Z5WA18	Q65RQ4	25.600	343	502	314	3.518E-20	98
A0A2Z5WA18	Q30S81	24.500	346	502	275	4.673E-20	98
A0A2Z5WA18	A0RQC4	24.600	343	502	279	4.673E-20	98
A0A2Z5WA18	Q73NQ6	26.800	340	502	289	4.673E-20	98
A0A2Z5WA18	P58675	26.900	344	502	282	6.207E-20	97
A0A2Z5WA18	B9KIX9	23.600	373	502	342	8.245E-20	97
A0A2Z5WA18	Q6AA89	28.600	343	502	323	1.095E-19	96
A0A2Z5WA18	Q8NRM2	27.700	354	502	325	1.095E-19	96
A0A2Z5WA18	A4QCY9	27.700	354	502	325	1.095E-19	96
A0A2Z5WA18	Q5PAE7	23.600	373	502	342	1.095E-19	96
A0A2Z5WA18	B8E2T7	25.000	343	502	283	1.454E-19	96
A0A2Z5WA18	B4UEK4	26.900	340	502	278	1.931E-19	96
A0A2Z5WA18	Q62HM8	28.100	344	502	326	1.931E-19	96
A0A2Z5WA18	Q63WH0	28.100	344	502	326	1.931E-19	96
A0A2Z5WA18	B2S9W9	26.500	350	502	346	4.519E-19	94
A0A2Z5WA18	Q8YFR1	26.500	350	502	346	4.519E-19	94
A0A2Z5WA18	Q57EP6	26.500	350	502	346	4.519E-19	94
A0A2Z5WA18	C0R4T5	24.500	369	502	309	5.999E-19	94
A0A2Z5WA18	Q6D0C6	25.600	344	502	316	5.999E-19	94
A0A2Z5WA18	Q73FQ1	24.500	344	502	309	7.963E-19	94
A0A2Z5WA18	A6WWG6	26.400	350	502	350	7.963E-19	94
A0A2Z5WA18	Q5HUR4	25.400	344	502	277	1.057E-18	93
A0A2Z5WA18	A8FLU3	25.400	344	502	277	1.057E-18	93
A0A2Z5WA18	P0C632	25.400	344	502	277	1.057E-18	93
A0A2Z5WA18	A1VZM8	25.400	344	502	277	1.057E-18	93
A0A2Z5WA18	Q316F5	26.300	341	502	281	1.057E-18	93
A0A2Z5WA18	Q3Z6U4	25.800	342	502	284	1.057E-18	93
A0A2Z5WA18	Q493S1	28.200	344	502	311	1.057E-18	93
A0A2Z5WA18	Q92RG2	25.900	374	502	350	1.057E-18	93
A0A2Z5WA18	B3CM01	25.800	343	502	308	1.403E-18	93
A0A2Z5WA18	A7H3F3	24.700	344	502	277	1.861E-18	93
A0A2Z5WA18	Q7N8W9	26.000	344	502	317	1.861E-18	93
A0A2Z5WA18	Q8G257	26.000	345	502	346	1.861E-18	93
A0A2Z5WA18	Q5GTN6	25.000	343	502	309	3.277E-18	92
A0A2Z5WA18	B9JAQ2	26.800	351	502	335	4.348E-18	91
A0A2Z5WA18	Q0BYQ0	26.500	345	502	315	5.769E-18	91
A0A2Z5WA18	B1YL84	25.500	342	502	315	5.769E-18	91
A0A2Z5WA18	A1URX2	26.900	348	502	349	5.769E-18	91
A0A2Z5WA18	Q1LSS7	26.700	343	502	313	1.015E-17	90
A0A2Z5WA18	Q83MR9	28.000	345	502	322	1.015E-17	90
A0A2Z5WA18	Q83NB2	27.700	345	502	313	1.346E-17	90
A0A2Z5WA18	Q985W3	25.000	370	502	336	1.346E-17	90
A0A2Z5WA18	Q6G0C9	25.300	348	502	340	1.346E-17	90
A0A2Z5WA18	Q5L5D3	25.000	353	502	309	1.786E-17	89
A0A2Z5WA18	B3PSB9	27.200	350	502	333	1.786E-17	89
A0A2Z5WA18	A7HCQ8	26.000	342	502	283	2.368E-17	89
A0A2Z5WA18	Q822D9	25.700	342	502	309	4.165E-17	88
A0A2Z5WA18	C5B7M7	26.300	358	502	317	4.165E-17	88
A0A2Z5WA18	B5ZSV9	26.900	350	502	333	4.165E-17	88
A0A2Z5WA18	Q9RSG0	28.400	342	502	335	4.165E-17	88
A0A2Z5WA18	B7JBD6	25.700	344	502	316	5.522E-17	88
A0A2Z5WA18	A6TRF9	26.000	342	502	280	7.321E-17	87
A0A2Z5WA18	C4L3Z5	26.200	344	502	317	7.321E-17	87
A0A2Z5WA18	Q6MC97	25.200	348	502	313	1.287E-16	87
A0A2Z5WA18	Q8D2R2	25.400	343	502	315	1.287E-16	87
A0A2Z5WA18	A1B842	25.800	341	502	316	1.287E-16	87
A0A2Z5WA18	Q11KC7	24.800	373	502	334	1.287E-16	87
A0A2Z5WA18	B8J3G9	24.700	340	502	286	2.997E-16	85
A0A2Z5WA18	B4RPZ2	24.400	342	502	322	2.997E-16	85
A0A2Z5WA18	Q5FAF2	24.400	342	502	322	2.997E-16	85
A0A2Z5WA18	C4XUD2	24.800	341	502	286	3.972E-16	85
A0A2Z5WA18	A1KS64	24.700	342	502	322	9.243E-16	84
A0A2Z5WA18	P65191	24.700	342	502	322	9.243E-16	84
A0A2Z5WA18	P65192	24.700	342	502	322	9.243E-16	84
A0A2Z5WA18	A1VHK1	26.100	335	502	290	1.225E-15	83
A0A2Z5WA18	Q255J4	24.700	353	502	309	1.623E-15	83
A0A2Z5WA18	B2VH04	25.600	344	502	317	2.150E-15	83
A0A2Z5WA18	Q72G08	25.500	335	502	290	2.848E-15	82
A0A2Z5WA18	A9M1J9	24.700	342	502	322	8.769E-15	81
A0A2Z5WA18	A5IME1	24.200	343	502	275	4.729E-14	78
A0A2Z5WA18	Q9X1F7	24.200	343	502	275	6.262E-14	78
A0A2Z5WA18	A9BGS3	24.300	351	502	284	6.262E-14	78
A0A2Z5WA18	B1LBI2	24.800	343	502	275	8.290E-14	78
A0A2Z5WA18	B9K8E2	22.000	355	502	279	1.453E-13	77
A0A2Z5WA18	B9E6U8	26.400	337	502	322	1.453E-13	77
A0A2Z5WA18	B8DMK7	24.500	348	502	281	1.923E-13	76
A0A2Z5WA18	O83558	23.200	341	502	376	5.904E-13	75
A0A2Z5WA18	Q71ZL9	25.900	337	502	331	1.204E-10	67
A0A2Z5WA18	P58676	26.600	337	502	331	1.204E-10	67
A0A2Z5WA18	C1KV98	25.900	337	502	331	1.204E-10	67
A0A2Z5WA18	Q11YY5	23.500	310	502	293	2.106E-10	66
A0A2Z5WA18	B3EM42	22.200	340	502	325	1.201E-06	54
A0A2Z5WA18	Q3AT23	21.300	343	502	328	1.201E-06	54
A0A2Z5WA18	B3EFF5	21.400	343	502	324	1.114E-05	51
A0A2Z5WA18	A1BDJ5	25.900	127	502	328	4.148E-04	46
A0A3G9HRC2	P00389	26.700	616	1103	679	3.648E-45	183
A0A3G9HRC2	P37039	27.100	616	1103	678	6.356E-45	182
A0A3G9HRC2	Q9SUM3	28.800	559	1103	711	1.928E-44	180
A0A3G9HRC2	Q0J705	27.300	561	1103	719	1.928E-44	180
A0A3G9HRC2	P16435	26.500	615	1103	677	3.359E-44	179
A0A3G9HRC2	Q653S9	27.500	615	1103	714	3.359E-44	179
A0A3G9HRC2	C5YJG8	28.000	561	1103	706	5.850E-44	179
A0A3G9HRC2	P37040	26.800	599	1103	678	1.631E-42	174
A0A3G9HRC2	Q3SYT8	26.500	616	1103	678	6.520E-42	172
A0A3G9HRC2	P00388	26.800	599	1103	678	8.602E-42	171
A0A3G9HRC2	Q7X7K8	27.900	563	1103	695	1.976E-41	170
A0A3G9HRC2	A0A7T9QPQ1	26.400	651	1103	706	4.608E-38	159
A0A3G9HRC2	Q05001	26.000	615	1103	714	7.335E-37	155
A0A3G9HRC2	P37116	26.400	561	1103	690	9.673E-37	155
A0A3G9HRC2	Q9SB48	25.400	560	1103	692	1.682E-36	154
A0A3G9HRC2	P19618	24.200	618	1103	601	1.166E-35	151
A0A3G9HRC2	Q0CMM0	23.800	659	1103	695	1.538E-35	151
A0A3G9HRC2	Q4WM67	25.100	627	1103	695	8.085E-35	149
A0A3G9HRC2	Q07994	25.100	614	1103	671	4.248E-34	146
A0A3G9HRC2	Q5BFT5	25.100	627	1103	695	5.601E-34	146
A0A3G9HRC2	P50126	23.500	639	1103	680	9.737E-34	145
A0A3G9HRC2	Q27597	24.800	614	1103	679	1.693E-33	144
A0A3G9HRC2	A2QS05	24.300	627	1103	695	2.942E-33	143
A0A3G9HRC2	Q00141	24.300	626	1103	694	3.879E-33	143
A0A3G9HRC2	P24463	27.800	390	1103	503	1.069E-31	138
A0A3G9HRC2	Q29496	26.500	441	1103	503	1.285E-30	135
A0A3G9HRC2	Q9HDG2	23.500	660	1103	736	1.285E-30	135
A0A3G9HRC2	O18993	27.300	454	1103	503	3.881E-30	133
A0A3G9HRC2	C9K1X7	27.000	440	1103	459	5.116E-30	133
A0A3G9HRC2	P37201	23.200	637	1103	680	5.116E-30	133
A0A3G9HRC2	P08684	26.800	454	1103	503	1.172E-29	132
A0A3G9HRC2	P51538	26.800	464	1103	503	1.544E-29	131
A0A3G9HRC2	P33268	27.600	454	1103	503	6.145E-29	129
A0A3G9HRC2	Q6LM58	24.700	597	1103	605	4.246E-28	126
A0A3G9HRC2	Q64464	25.800	464	1103	503	5.597E-28	126
A0A3G9HRC2	Q6TBX7	25.400	447	1103	539	7.377E-28	126
A0A3G9HRC2	P11707	25.800	455	1103	501	9.722E-28	125
A0A3G9HRC2	P16603	24.300	649	1103	691	9.722E-28	125
A0A3G9HRC2	Q9UBK8	28.700	401	1103	698	9.722E-28	125
A0A3G9HRC2	Q86W10	27.700	373	1103	505	1.689E-27	124
A0A3G9HRC2	Q64481	27.300	379	1103	504	5.096E-27	123
A0A3G9HRC2	P05183	26.500	456	1103	504	5.096E-27	123
A0A3G9HRC2	A0A3Q9R4N5	24.000	408	1103	496	6.716E-27	123
A0A3G9HRC2	P24462	27.100	452	1103	503	8.851E-27	122
A0A3G9HRC2	Q9JMA7	24.700	454	1103	504	1.166E-26	122
A0A3G9HRC2	Q8C1A3	24.400	690	1103	696	1.537E-26	121
A0A3G9HRC2	Q498R1	27.100	394	1103	700	1.537E-26	121
A0A3G9HRC2	Q4JIJ2	27.600	401	1103	695	2.026E-26	121
A0A3G9HRC2	H1A981	25.800	414	1103	524	2.670E-26	121
A0A3G9HRC2	O35084	25.700	426	1103	507	4.637E-26	120
A0A3G9HRC2	Q82IY3	26.400	428	1103	449	6.112E-26	119
A0A3G9HRC2	Q5E841	25.400	597	1103	604	6.112E-26	119
A0A3G9HRC2	O70537	24.600	453	1103	501	1.061E-25	119
A0A3G9HRC2	O35132	25.600	427	1103	501	1.061E-25	119
A0A3G9HRC2	Q42798	26.400	438	1103	509	1.843E-25	118
A0A3G9HRC2	O32214	24.700	595	1103	605	1.843E-25	118
A0A3G9HRC2	P20815	25.800	453	1103	502	2.429E-25	117
A0A3G9HRC2	Q65T53	24.600	605	1103	597	2.429E-25	117
A0A3G9HRC2	Q87L90	24.900	630	1103	623	5.560E-25	116
A0A3G9HRC2	P13527	26.200	375	1103	509	1.272E-24	115
A0A3G9HRC2	Q6ZWL3	24.800	464	1103	525	1.272E-24	115
A0A3G9HRC2	Q95036	27.000	361	1103	476	1.677E-24	115
A0A3G9HRC2	Q27902	26.500	361	1103	500	1.677E-24	115
A0A3G9HRC2	P79102	26.900	374	1103	507	1.677E-24	115
A0A3G9HRC2	P04800	27.300	386	1103	504	2.209E-24	114
A0A3G9HRC2	Q64581	25.800	375	1103	497	2.912E-24	114
A0A3G9HRC2	Q9KUX4	24.900	597	1103	614	2.912E-24	114
A0A3G9HRC2	Q6WNQ9	24.400	460	1103	501	3.837E-24	113
A0A3G9HRC2	P08516	28.400	357	1103	509	3.837E-24	113
A0A3G9HRC2	Q9DBW0	37.700	194	1103	525	3.837E-24	113
A0A3G9HRC2	U5NDT8	25.800	360	1103	527	3.837E-24	113
A0A3G9HRC2	A5F3I4	24.900	597	1103	614	3.837E-24	113
A0A3G9HRC2	Q9HB55	26.000	455	1103	503	5.056E-24	113
A0A3G9HRC2	Q1LTP1	23.800	584	1103	595	5.056E-24	113
A0A3G9HRC2	O61387	24.100	396	1103	504	6.662E-24	113
A0A3G9HRC2	O88833	27.000	366	1103	509	6.662E-24	113
A0A3G9HRC2	A0A0C5QRZ2	25.100	425	1103	492	1.157E-23	112
A0A3G9HRC2	Q64417	26.800	343	1103	503	1.157E-23	112
A0A3G9HRC2	Q05047	26.000	360	1103	524	2.009E-23	111
A0A3G9HRC2	O09158	25.400	394	1103	503	2.647E-23	111
A0A3G9HRC2	Q6D1A1	24.400	597	1103	609	2.647E-23	111
A0A3G9HRC2	Q9PVE8	23.400	452	1103	496	3.488E-23	110
A0A3G9HRC2	Q98T91	24.000	430	1103	502	3.488E-23	110
A0A3G9HRC2	Q6NT55	23.500	391	1103	531	3.488E-23	110
A0A3G9HRC2	Q8AXY5	23.400	452	1103	496	4.596E-23	110
A0A3G9HRC2	A6TD49	23.500	597	1103	599	4.596E-23	110
A0A3G9HRC2	Q8K9D3	24.200	549	1103	602	6.056E-23	109
A0A3G9HRC2	U5NE19	25.700	375	1103	521	1.052E-22	109
A0A3G9HRC2	A0A0C5Q4Y6	24.200	425	1103	493	1.386E-22	108
A0A3G9HRC2	P98187	22.900	434	1103	520	1.386E-22	108
A0A3G9HRC2	A2RRT9	25.600	432	1103	525	1.386E-22	108
A0A3G9HRC2	Q64409	31.500	245	1103	503	1.826E-22	108
A0A3G9HRC2	P20816	26.500	357	1103	504	1.826E-22	108
A0A3G9HRC2	P20817	26.500	357	1103	507	1.826E-22	108
A0A3G9HRC2	Q64406	25.700	377	1103	503	3.170E-22	107
A0A3G9HRC2	P14581	26.300	399	1103	511	3.170E-22	107
A0A3G9HRC2	Q0HYB4	23.300	595	1103	604	3.170E-22	107
A0A3G9HRC2	Q8SPK0	26.800	361	1103	504	4.177E-22	107
A0A3G9HRC2	Q8SPK1	26.600	361	1103	504	4.177E-22	107
A0A3G9HRC2	P0DO14	24.300	423	1103	501	7.251E-22	106
A0A3G9HRC2	Q2NVN4	24.100	597	1103	603	7.251E-22	106
A0A3G9HRC2	Q95031	23.000	396	1103	504	9.555E-22	106
A0A3G9HRC2	A0KTH4	22.500	595	1103	604	1.259E-21	105
A0A3G9HRC2	A0A0Y0GRS3	23.000	425	1103	494	1.659E-21	105
A0A3G9HRC2	P51870	24.400	370	1103	526	1.659E-21	105
A0A3G9HRC2	Q64148	25.400	357	1103	503	2.186E-21	104
A0A3G9HRC2	O73853	25.600	431	1103	514	2.186E-21	104
A0A3G9HRC2	P79152	34.400	203	1103	218	2.880E-21	104
A0A3G9HRC2	Q964T1	24.800	388	1103	501	2.880E-21	104
A0A3G9HRC2	P51869	25.000	391	1103	522	2.880E-21	104
A0A3G9HRC2	P70085	26.100	468	1103	517	3.794E-21	104
A0A3G9HRC2	P57503	23.900	603	1103	601	3.794E-21	104
A0A3G9HRC2	A0A1Z3GBS4	23.300	424	1103	492	6.587E-21	103
A0A3G9HRC2	Q8VWZ7	25.500	424	1103	493	6.587E-21	103
A0A3G9HRC2	Q33DX9	23.500	410	1103	506	6.587E-21	103
A0A3G9HRC2	Q7MHA5	24.700	597	1103	616	6.587E-21	103
A0A3G9HRC2	Q27664	23.700	363	1103	504	8.679E-21	102
A0A3G9HRC2	P12394	25.300	403	1103	508	8.679E-21	102
A0A3G9HRC2	P29981	24.200	463	1103	511	8.679E-21	102
A0A3G9HRC2	Q02928	24.700	357	1103	519	8.679E-21	102
A0A3G9HRC2	Q9EP75	24.400	391	1103	524	8.679E-21	102
A0A3G9HRC2	A4WDW1	23.600	597	1103	601	8.679E-21	102
A0A3G9HRC2	Q64410	24.700	440	1103	508	1.507E-20	102
A0A3G9HRC2	Q9HBI6	24.000	391	1103	524	1.507E-20	102
A0A3G9HRC2	A1AEV0	23.800	597	1103	599	1.507E-20	102
A0A3G9HRC2	Q0TEA2	23.800	597	1103	599	1.507E-20	102
A0A3G9HRC2	Q1R7T4	23.800	597	1103	599	1.507E-20	102
A0A3G9HRC2	Q91WL5	26.700	357	1103	508	1.985E-20	101
A0A3G9HRC2	W8JIS5	23.100	468	1103	515	1.985E-20	101
A0A3G9HRC2	A2A974	26.000	357	1103	508	2.615E-20	101
A0A3G9HRC2	Q8HYN1	27.200	408	1103	508	2.615E-20	101
A0A3G9HRC2	Q9HCS2	23.700	391	1103	524	2.615E-20	101
A0A3G9HRC2	A7ZQK7	24.000	597	1103	599	2.615E-20	101
A0A3G9HRC2	B1IU77	24.000	597	1103	599	2.615E-20	101
A0A3G9HRC2	Q7N8L6	23.100	597	1103	600	2.615E-20	101
A0A3G9HRC2	Q9GJX5	26.000	359	1103	504	3.446E-20	100
A0A3G9HRC2	P05093	26.900	408	1103	508	3.446E-20	100
A0A3G9HRC2	Q0T1I8	24.000	597	1103	599	3.446E-20	100
A0A3G9HRC2	Q83QD9	24.000	597	1103	599	3.446E-20	100
A0A3G9HRC2	Q8FEI7	24.000	597	1103	599	3.446E-20	100
A0A3G9HRC2	S4UX02	24.300	425	1103	495	4.540E-20	100
A0A3G9HRC2	A8A3P5	24.000	597	1103	599	4.540E-20	100
A0A3G9HRC2	Q31XM4	24.000	597	1103	599	4.540E-20	100
A0A3G9HRC2	W0FKI0	24.100	422	1103	503	5.982E-20	100
A0A3G9HRC2	Q8X7U1	23.800	597	1103	599	5.982E-20	100
A0A3G9HRC2	A7MJ63	23.600	597	1103	600	5.982E-20	100
A0A3G9HRC2	P10611	24.800	357	1103	510	7.881E-20	99
A0A3G9HRC2	P33274	23.600	391	1103	524	7.881E-20	99
A0A3G9HRC2	Q32CG3	24.000	597	1103	599	7.881E-20	99
A0A3G9HRC2	P14580	24.800	357	1103	510	1.038E-19	99
A0A3G9HRC2	A9N2E6	24.000	595	1103	599	1.038E-19	99
A0A3G9HRC2	Q8Z458	24.200	620	1103	599	1.038E-19	99
A0A3G9HRC2	A0A1D6GQ67	35.500	179	1103	506	1.368E-19	98
A0A3G9HRC2	Q6YV88	34.200	177	1103	518	1.368E-19	98
A0A3G9HRC2	Q5TCH4	24.700	357	1103	519	1.368E-19	98
A0A3G9HRC2	P38039	23.900	595	1103	599	1.802E-19	98
A0A3G9HRC2	Q7VQH2	23.700	595	1103	610	1.802E-19	98
A0A3G9HRC2	O23051	23.300	409	1103	490	2.375E-19	98
A0A3G9HRC2	B4FVP3	36.100	179	1103	505	2.375E-19	98
A0A3G9HRC2	B8QHP3	25.400	371	1103	519	2.375E-19	98
A0A3G9HRC2	P78329	23.000	387	1103	520	4.122E-19	97
A0A3G9HRC2	Q08477	22.800	391	1103	520	4.122E-19	97
A0A3G9HRC2	Q9LSF8	24.800	405	1103	515	5.431E-19	96
A0A3G9HRC2	Q5PEH7	23.700	595	1103	599	5.431E-19	96
A0A3G9HRC2	A8ANX1	23.400	628	1103	601	5.431E-19	96
A0A3G9HRC2	Q8ZBN6	22.800	600	1103	606	5.431E-19	96
A0A3G9HRC2	Q1C3Z0	22.800	600	1103	606	5.431E-19	96
A0A3G9HRC2	Q9JUD8	23.600	600	1103	604	7.155E-19	96
A0A3G9HRC2	A4TPY5	23.400	600	1103	612	9.426E-19	96
A0A3G9HRC2	Q1CLS8	23.400	600	1103	612	9.426E-19	96
A0A3G9HRC2	Q66ED4	22.900	600	1103	618	9.426E-19	96
A0A3G9HRC2	A0A1D8QMG4	24.100	427	1103	504	1.242E-18	95
A0A3G9HRC2	P51871	23.100	391	1103	537	1.242E-18	95
A0A3G9HRC2	A7FLZ0	23.400	600	1103	612	1.242E-18	95
A0A3G9HRC2	P24464	25.500	357	1103	508	1.636E-18	95
A0A3G9HRC2	Q5NRM1	23.800	600	1103	606	1.636E-18	95
A0A3G9HRC2	C0SJS3	24.500	421	1103	478	2.155E-18	94
A0A3G9HRC2	G4XV71	24.500	472	1103	523	2.840E-18	94
A0A3G9HRC2	Q04552	22.700	354	1103	498	3.741E-18	94
A0A3G9HRC2	P24456	23.900	425	1103	504	3.741E-18	94
A0A3G9HRC2	Q96581	23.800	413	1103	516	3.741E-18	94
A0A3G9HRC2	A1JJS2	22.100	597	1103	601	3.741E-18	94
A0A3G9HRC2	A1KU06	23.100	600	1103	604	3.741E-18	94
A0A3G9HRC2	C0SJS4	23.000	419	1103	476	6.493E-18	93
A0A3G9HRC2	D1MI46	24.500	424	1103	495	6.493E-18	93
A0A3G9HRC2	P0DO87	24.200	422	1103	508	6.493E-18	93
A0A3G9HRC2	Q8HYN0	26.700	408	1103	508	6.493E-18	93
A0A3G9HRC2	Q91Z85	35.100	178	1103	509	6.493E-18	93
A0A3G9HRC2	O57525	22.600	463	1103	519	6.493E-18	93
A0A3G9HRC2	B8QHP5	26.500	407	1103	523	6.493E-18	93
A0A3G9HRC2	O80823	25.500	496	1103	537	6.493E-18	93
A0A3G9HRC2	O64899	22.900	443	1103	487	8.554E-18	93
A0A3G9HRC2	Q9AXH9	31.100	192	1103	499	8.554E-18	93
A0A3G9HRC2	P70687	28.400	271	1103	511	8.554E-18	93
A0A3G9HRC2	P30437	24.100	466	1103	514	8.554E-18	93
A0A3G9HRC2	P48421	23.500	430	1103	502	1.127E-17	92
A0A3G9HRC2	Q2XVA1	26.100	408	1103	508	1.127E-17	92
A0A3G9HRC2	Q8HYM9	26.100	408	1103	508	1.127E-17	92
A0A3G9HRC2	O65782	22.800	443	1103	499	1.485E-17	92
A0A3G9HRC2	P15128	25.200	354	1103	506	1.485E-17	92
A0A3G9HRC2	A9LZ73	23.500	600	1103	604	1.485E-17	92
A0A3G9HRC2	C0SJS2	22.700	415	1103	473	1.956E-17	91
A0A3G9HRC2	O64900	22.900	443	1103	488	1.956E-17	91
A0A3G9HRC2	O49342	23.400	421	1103	497	1.956E-17	91
A0A3G9HRC2	D5JBW8	35.600	186	1103	488	3.395E-17	91
A0A3G9HRC2	A0A0S1TPC7	23.100	426	1103	500	3.395E-17	91
A0A3G9HRC2	P15129	26.000	370	1103	511	3.395E-17	91
A0A3G9HRC2	Q9JS45	22.600	600	1103	604	3.395E-17	91
A0A3G9HRC2	A0A125QZE2	22.300	427	1103	503	4.472E-17	90
A0A3G9HRC2	Q9GLD2	26.400	408	1103	508	4.472E-17	90
A0A3G9HRC2	E3W9C4	32.500	169	1103	513	4.472E-17	90
A0A3G9HRC2	P20853	28.200	259	1103	494	5.891E-17	90
A0A3G9HRC2	A0A9E8M4C5	24.700	424	1103	504	7.761E-17	89
A0A3G9HRC2	A0A1D8QMD1	23.000	426	1103	500	1.022E-16	89
A0A3G9HRC2	Q1PS23	33.800	192	1103	495	1.347E-16	89
A0A3G9HRC2	A0A9E9NIU8	24.500	424	1103	504	1.347E-16	89
A0A3G9HRC2	Q07973	23.900	423	1103	514	1.347E-16	89
A0A3G9HRC2	Q9SXS3	24.100	437	1103	523	1.347E-16	89
A0A3G9HRC2	D5J9U8	35.100	186	1103	488	1.774E-16	88
A0A3G9HRC2	D5JBW9	34.000	186	1103	488	3.079E-16	87
A0A3G9HRC2	Q95328	24.000	443	1103	508	3.079E-16	87
A0A3G9HRC2	A0A0N7F297	24.200	451	1103	519	3.079E-16	87
A0A3G9HRC2	D5JBX0	34.800	176	1103	488	5.344E-16	87
A0A3G9HRC2	Q947B7	22.500	399	1103	493	5.344E-16	87
A0A3G9HRC2	Q00707	32.100	229	1103	496	5.344E-16	87
A0A3G9HRC2	Q5VRM7	31.100	203	1103	506	5.344E-16	87
A0A3G9HRC2	A0A1D8QMD2	23.700	429	1103	507	5.344E-16	87
A0A3G9HRC2	Q64462	24.800	370	1103	511	5.344E-16	87
A0A3G9HRC2	A8WGA0	24.700	405	1103	540	5.344E-16	87
A0A3G9HRC2	A0A3Q7HBJ5	28.600	221	1103	476	7.039E-16	86
A0A3G9HRC2	P12939	23.900	425	1103	504	9.273E-16	86
A0A3G9HRC2	U5HKE8	29.100	229	1103	512	9.273E-16	86
A0A3G9HRC2	Q09128	22.800	451	1103	514	9.273E-16	86
A0A3G9HRC2	Q17574	21.900	627	1103	682	9.273E-16	86
A0A3G9HRC2	P17549	24.200	229	1103	517	1.222E-15	85
A0A3G9HRC2	Q2KIG5	22.300	450	1103	533	1.222E-15	85
A0A3G9HRC2	P24557	23.900	450	1103	533	1.222E-15	85
A0A3G9HRC2	P98183	30.000	214	1103	506	1.609E-15	85
A0A3G9HRC2	A2QTW5	24.200	229	1103	517	1.609E-15	85
A0A3G9HRC2	A8CDR5	20.700	416	1103	486	2.120E-15	85
A0A3G9HRC2	X2JI34	34.000	186	1103	488	2.120E-15	85
A0A3G9HRC2	P13584	24.800	360	1103	511	2.120E-15	85
A0A3G9HRC2	Q64441	31.000	191	1103	514	2.120E-15	85
A0A3G9HRC2	Q4G0S4	31.700	190	1103	542	2.793E-15	84
A0A3G9HRC2	P08682	22.200	421	1103	493	3.679E-15	84
A0A3G9HRC2	M2YJD1	31.900	235	1103	525	3.679E-15	84
A0A3G9HRC2	Q6R7M4	30.000	247	1103	493	4.846E-15	83
A0A3G9HRC2	I1HL09	22.200	410	1103	510	4.846E-15	83
A0A3G9HRC2	Q92111	29.000	228	1103	524	4.846E-15	83
A0A3G9HRC2	A0A218NGS0	23.400	442	1103	480	6.383E-15	83
A0A3G9HRC2	B3RFJ6	25.000	397	1103	553	6.383E-15	83
A0A3G9HRC2	Q9UW95	31.700	226	1103	500	8.409E-15	83
A0A3G9HRC2	O18963	24.100	421	1103	495	1.459E-14	82
A0A3G9HRC2	Q0JF01	31.600	215	1103	502	1.459E-14	82
A0A3G9HRC2	O42145	30.200	233	1103	509	1.459E-14	82
A0A3G9HRC2	Q9SWR5	22.600	436	1103	521	1.922E-14	81
A0A3G9HRC2	Q6QNI4	28.500	219	1103	494	3.335E-14	81
A0A3G9HRC2	Q9CAD6	24.800	414	1103	523	3.335E-14	81
A0A3G9HRC2	O23066	24.500	418	1103	553	7.623E-14	79
A0A3G9HRC2	P19100	27.500	235	1103	509	1.004E-13	79
A0A3G9HRC2	P11711	21.500	440	1103	492	1.323E-13	79
A0A3G9HRC2	P47195	28.000	199	1103	487	1.742E-13	78
A0A3G9HRC2	Q29497	27.500	226	1103	509	1.742E-13	78
A0A3G9HRC2	Q92100	30.000	230	1103	521	1.742E-13	78
A0A3G9HRC2	Q9YH64	30.000	230	1103	521	1.742E-13	78
A0A3G9HRC2	Q92039	27.800	230	1103	521	1.742E-13	78
A0A3G9HRC2	Q9SP06	22.000	416	1103	481	2.295E-13	78
A0A3G9HRC2	Q9N0U7	21.600	464	1103	509	3.023E-13	78
A0A3G9HRC2	O42430	29.500	230	1103	521	3.023E-13	78
A0A3G9HRC2	A0A1D6F9Y9	23.000	420	1103	554	3.023E-13	78
A0A3G9HRC2	Q16696	28.100	223	1103	494	3.982E-13	77
A0A3G9HRC2	P05185	27.500	226	1103	509	5.245E-13	77
A0A3G9HRC2	P52674	22.400	576	1103	522	5.245E-13	77
A0A3G9HRC2	P79383	23.900	421	1103	495	6.909E-13	76
A0A3G9HRC2	Q9GMC7	26.800	226	1103	509	1.579E-12	75
A0A3G9HRC2	O42457	26.300	254	1103	521	1.579E-12	75
A0A3G9HRC2	O48958	29.700	213	1103	531	2.739E-12	74
A0A3G9HRC2	Q29488	25.200	424	1103	497	1.430E-11	72
A0A3G9HRC2	P79760	26.000	226	1103	530	1.430E-11	72
A0A3G9HRC2	Q5CCK3	28.300	211	1103	506	1.884E-11	72
A0A3G9HRC2	I1H7R8	28.200	195	1103	507	4.305E-11	70
A0A3G9HRC2	A0A140IL91	22.900	406	1103	513	1.707E-10	68
A0A3G9HRC2	O18992	24.700	424	1103	497	2.248E-10	68
A0A3G9HRC2	A0A2H5AIZ9	22.600	406	1103	513	2.248E-10	68
A0A3G9HRC2	L7T720	20.000	412	1103	489	2.961E-10	68
A0A3G9HRC2	A0A2H5AJ00	22.600	406	1103	513	2.961E-10	68
A0A3G9HRC2	Q93ZB2	22.400	444	1103	509	3.900E-10	67
A0A3G9HRC2	B1NF20	20.500	415	1103	494	5.136E-10	67
A0A3G9HRC2	Q92088	25.600	191	1103	499	6.765E-10	66
A0A3G9HRC2	M2XHZ0	28.800	185	1103	520	6.765E-10	66
A0A3G9HRC2	O87605	26.000	263	1103	416	8.910E-10	66
A0A3G9HRC2	A0A140IL92	26.200	216	1103	513	8.910E-10	66
A0A3G9HRC2	A0A140IL90	26.200	216	1103	513	8.910E-10	66
A0A3G9HRC2	Q9FMA5	27.400	208	1103	465	2.681E-09	64
A0A3G9HRC2	Q01361	29.300	171	1103	500	3.197E-08	61
A0A3G9HRC2	Q9NV66	30.100	157	1103	732	2.197E-07	58
A0A3G9HRC2	Q5REF9	30.100	157	1103	732	2.894E-07	58
A0A3G9HRC2	A0A087X1C5	23.400	442	1103	515	8.705E-07	56
A0A3G9HRC2	P07771	30.800	117	1103	348	1.628E-04	49
A0A2U1KZS6	Q05001	72.900	714	709	714	0.000E+00	1079
A0A2U1KZS6	Q9SUM3	71.200	708	709	711	0.000E+00	1034
A0A2U1KZS6	A0A7T9QPQ1	68.100	705	709	706	4.652E-320	986
A0A2U1KZS6	Q653S9	67.800	705	709	714	4.201E-319	983
A0A2U1KZS6	C5YJG8	70.100	671	709	706	2.770E-318	981
A0A2U1KZS6	Q7X7K8	74.400	619	709	695	1.344E-314	970
A0A2U1KZS6	Q0J705	69.600	671	709	719	2.520E-314	970
A0A2U1KZS6	P37116	67.000	665	709	690	7.471E-294	910
A0A2U1KZS6	Q9SB48	65.100	667	709	692	6.098E-289	896
A0A2U1KZS6	Q27597	41.900	606	709	679	3.909E-135	449
A0A2U1KZS6	P37040	39.200	661	709	678	6.377E-134	446
A0A2U1KZS6	Q3SYT8	38.500	661	709	678	3.007E-133	444
A0A2U1KZS6	P00389	39.500	608	709	679	7.625E-133	443
A0A2U1KZS6	Q07994	41.000	606	709	671	1.933E-132	441
A0A2U1KZS6	P00388	39.000	661	709	678	1.933E-132	441
A0A2U1KZS6	P37039	39.600	608	709	678	2.310E-131	438
A0A2U1KZS6	P16435	38.900	608	709	677	5.854E-131	437
A0A2U1KZS6	P19618	36.500	608	709	601	7.537E-117	396
A0A2U1KZS6	A2QS05	36.500	638	709	695	1.532E-106	365
A0A2U1KZS6	Q00141	36.500	637	709	694	2.083E-106	365
A0A2U1KZS6	Q5BFT5	36.000	638	709	695	2.440E-105	362
A0A2U1KZS6	Q4WM67	35.400	638	709	695	1.804E-103	356
A0A2U1KZS6	Q0CMM0	35.200	638	709	695	4.535E-103	355
A0A2U1KZS6	Q9HDG2	34.400	675	709	736	1.705E-91	321
A0A2U1KZS6	P37201	33.700	623	709	680	4.144E-89	314
A0A2U1KZS6	P50126	32.700	623	709	680	1.403E-88	312
A0A2U1KZS6	P16603	31.100	638	709	691	3.076E-77	278
A0A2U1KZS6	Q9KUX4	32.500	607	709	614	4.666E-76	274
A0A2U1KZS6	Q4JIJ2	30.900	694	709	695	4.666E-76	274
A0A2U1KZS6	A5F3I4	32.500	607	709	614	8.536E-76	274
A0A2U1KZS6	Q9UBK8	29.500	696	709	698	6.485E-73	265
A0A2U1KZS6	Q0HYB4	33.000	606	709	604	1.184E-72	264
A0A2U1KZS6	Q498R1	29.100	698	709	700	2.921E-72	263
A0A2U1KZS6	O32214	31.700	608	709	605	1.314E-71	261
A0A2U1KZS6	Q8C1A3	30.500	694	709	696	2.398E-71	260
A0A2U1KZS6	A0KTH4	32.300	606	709	604	5.907E-71	259
A0A2U1KZS6	Q7MHA5	30.500	607	709	616	1.190E-69	255
A0A2U1KZS6	Q7N8L6	31.300	606	709	600	2.926E-69	254
A0A2U1KZS6	Q87L90	30.200	607	709	623	9.709E-69	252
A0A2U1KZS6	Q2NVN4	31.200	606	709	603	4.343E-68	250
A0A2U1KZS6	Q5E841	30.900	607	709	604	2.618E-67	248
A0A2U1KZS6	A1JJS2	29.600	606	709	601	3.532E-67	248
A0A2U1KZS6	Q5NRM1	30.500	606	709	606	7.022E-66	244
A0A2U1KZS6	Q6LM58	30.800	607	709	605	1.276E-65	243
A0A2U1KZS6	A6TD49	30.800	606	709	599	3.126E-65	242
A0A2U1KZS6	A7MJ63	30.000	606	709	600	7.652E-65	241
A0A2U1KZS6	Q6D1A1	29.500	606	709	609	1.031E-64	240
A0A2U1KZS6	Q66ED4	29.600	606	709	618	1.390E-64	240
A0A2U1KZS6	Q8ZBN6	29.700	606	709	606	1.873E-64	239
A0A2U1KZS6	Q1C3Z0	29.700	606	709	606	1.873E-64	239
A0A2U1KZS6	A4TPY5	29.800	606	709	612	3.400E-64	239
A0A2U1KZS6	Q1CLS8	29.800	606	709	612	3.400E-64	239
A0A2U1KZS6	A7FLZ0	29.800	606	709	612	4.580E-64	238
A0A2U1KZS6	Q8FEI7	30.600	606	709	599	1.120E-63	237
A0A2U1KZS6	Q8X7U1	30.600	606	709	599	1.508E-63	237
A0A2U1KZS6	A7ZQK7	30.600	606	709	599	1.508E-63	237
A0A2U1KZS6	A8A3P5	30.200	606	709	599	1.508E-63	237
A0A2U1KZS6	B1IU77	30.600	606	709	599	1.508E-63	237
A0A2U1KZS6	Q0T1I8	30.600	606	709	599	2.032E-63	236
A0A2U1KZS6	Q83QD9	30.600	606	709	599	2.032E-63	236
A0A2U1KZS6	Q32CG3	30.400	606	709	599	2.032E-63	236
A0A2U1KZS6	A1AEV0	29.900	606	709	599	2.737E-63	236
A0A2U1KZS6	Q0TEA2	29.900	606	709	599	2.737E-63	236
A0A2U1KZS6	Q1R7T4	29.900	606	709	599	2.737E-63	236
A0A2U1KZS6	A8ANX1	30.400	606	709	601	2.737E-63	236
A0A2U1KZS6	Q31XM4	30.600	606	709	599	3.686E-63	235
A0A2U1KZS6	Q1LTP1	28.600	606	709	595	6.685E-63	235
A0A2U1KZS6	Q65T53	30.800	612	709	597	2.197E-62	233
A0A2U1KZS6	P38039	29.800	607	709	599	5.362E-62	232
A0A2U1KZS6	A4WDW1	29.800	606	709	601	7.218E-62	231
A0A2U1KZS6	A9N2E6	29.400	606	709	599	3.188E-61	229
A0A2U1KZS6	Q8Z458	29.800	611	709	599	4.290E-61	229
A0A2U1KZS6	Q7VQH2	29.800	619	709	610	1.406E-60	228
A0A2U1KZS6	Q5PEH7	29.100	606	709	599	8.329E-60	225
A0A2U1KZS6	Q8K9D3	28.800	612	709	602	1.506E-59	224
A0A2U1KZS6	Q9JUD8	31.200	606	709	604	9.475E-58	219
A0A2U1KZS6	P57503	26.700	606	709	601	4.147E-57	217
A0A2U1KZS6	A9LZ73	31.200	606	709	604	4.147E-57	217
A0A2U1KZS6	A1KU06	30.800	606	709	604	4.388E-56	214
A0A2U1KZS6	O19114	31.600	502	709	496	5.892E-56	213
A0A2U1KZS6	Q9JS45	30.500	606	709	604	5.892E-56	213
A0A2U1KZS6	Q17574	27.400	676	709	682	3.478E-45	180
A0A2U1KZS6	Q09878	29.800	350	709	1006	3.094E-36	151
A0A2U1KZS6	P52674	25.600	591	709	522	8.103E-32	137
A0A2U1KZS6	Q9NV66	41.200	169	709	732	1.957E-19	97
A0A2U1KZS6	Q5REF9	41.800	169	709	732	2.584E-19	96
A0A2U1KZS6	Q8BJM7	36.400	200	709	721	3.153E-18	93
A0A2U1KZS6	Q08C92	33.900	219	709	730	7.257E-18	92
A0A2U1KZS6	Q92091	27.000	265	709	470	1.540E-16	87
A0A2U1KZS6	Q2KHP8	35.400	169	709	735	2.683E-16	87
A0A2U1KZS6	P10933	31.500	201	709	360	5.682E-15	82
A0A2U1KZS6	P41346	32.000	201	709	363	9.896E-15	81
A0A2U1KZS6	Q9S9P8	31.100	220	709	382	1.723E-14	81
A0A2U1KZS6	P41343	31.500	201	709	365	3.001E-14	80
A0A2U1KZS6	Q9FKW6	29.900	223	709	360	5.227E-14	79
A0A2U1KZS6	O04397	32.200	179	709	375	5.227E-14	79
A0A2U1KZS6	O23877	29.800	220	709	378	6.897E-14	79
A0A2U1KZS6	P53991	31.700	204	709	354	1.585E-13	78
A0A2U1KZS6	Q6ZFJ3	30.000	223	709	366	2.759E-13	77
A0A2U1KZS6	Q44549	28.700	222	709	440	2.759E-13	77
A0A2U1KZS6	A2WZT1	30.000	223	709	366	3.640E-13	76
A0A2U1KZS6	Q8W493	30.600	201	709	369	3.640E-13	76
A0A2U1KZS6	P00455	31.100	201	709	369	4.803E-13	76
A0A2U1KZS6	Q41014	30.800	220	709	377	4.803E-13	76
A0A2U1KZS6	P58558	28.700	222	709	440	4.803E-13	76
A0A2U1KZS6	A2Y8E0	30.600	201	709	362	8.362E-13	75
A0A2U1KZS6	Q00598	28.800	170	709	363	8.362E-13	75
A0A2U1KZS6	P21890	28.300	222	709	440	1.103E-12	75
A0A2U1KZS6	P41344	30.600	201	709	362	1.456E-12	74
A0A2U1KZS6	Q9M0V6	29.500	220	709	378	1.921E-12	74
A0A2U1KZS6	Q93RE3	28.500	203	709	386	1.921E-12	74
A0A2U1KZS6	P41345	31.000	179	709	378	4.411E-12	73
A0A2U1KZS6	P31973	29.200	203	709	402	7.677E-12	72
A0A2U1KZS6	P00454	27.500	218	709	294	6.456E-10	66
A0A2U1KZS6	Q92037	30.200	109	709	164	7.875E-06	52
A0A2U1KZS6	Q9I9M2	25.100	154	709	212	2.867E-04	47
P0DQQ0	P86804	80.100	120	121	121	3.961E-66	220
P0DQQ0	P86803	79.300	120	121	121	1.755E-64	215
P0DQQ0	P0C8M1	76.000	120	121	121	1.833E-61	207
P0DQQ0	P86974	74.300	116	121	122	4.511E-57	194
P0DQQ0	P20474	69.400	117	121	138	5.906E-53	182
P0DQQ0	O42187	65.500	115	121	138	9.692E-48	167
P0DQQ0	Q71QE8	62.900	115	121	138	2.285E-46	163
P0DQQ0	P59071	59.800	121	121	121	8.088E-46	162
P0DQQ0	P04417	64.300	114	121	122	8.088E-46	162
P0DQQ0	A8CG84	59.800	121	121	137	1.109E-45	161
P0DQQ0	P86368	59.000	121	121	121	3.927E-45	160
P0DQQ0	Q805A2	62.900	115	121	138	5.387E-45	159
P0DQQ0	Q6EER3	62.000	115	121	138	7.389E-45	159
P0DQQ0	Q9I968	58.600	120	121	138	1.014E-44	158
P0DQQ0	A8E2V9	61.100	120	121	136	1.907E-44	158
P0DQQ0	Q02517	61.700	114	121	138	2.616E-44	157
P0DQQ0	Q1ZY03	62.200	121	121	138	3.588E-44	157
P0DQQ0	P84674	58.100	121	121	121	4.922E-44	156
P0DQQ0	P0DJN7	60.300	115	121	138	1.270E-43	155
P0DQQ0	Q91506	56.000	122	121	122	1.742E-43	155
P0DQQ0	F8QN51	55.700	121	121	137	2.390E-43	154
P0DQQ0	O42189	60.800	124	121	124	3.278E-43	154
P0DQQ0	P14424	60.500	118	121	138	3.278E-43	154
P0DQQ0	Q90Y77	60.800	114	121	138	3.278E-43	154
P0DQQ0	Q6EER5	60.300	115	121	122	4.496E-43	154
P0DQQ0	P59171	57.900	118	121	138	4.496E-43	154
P0DQQ0	Q6EER6	61.200	115	121	122	6.167E-43	153
P0DQQ0	P06859	57.300	121	121	138	6.167E-43	153
P0DQQ0	C0HJC1	57.700	122	121	122	8.460E-43	153
P0DQQ0	Q8JIG0	60.800	114	121	138	8.460E-43	153
P0DQQ0	Q6H3C5	58.600	120	121	122	1.160E-42	153
P0DQQ0	P84651	57.300	121	121	122	1.592E-42	152
P0DQQ0	Q2PG81	58.100	121	121	137	1.592E-42	152
P0DQQ0	Q2PG83	55.700	121	121	138	1.592E-42	152
P0DQQ0	O42190	64.800	110	121	124	2.183E-42	152
P0DQQ0	F8QN54	59.600	118	121	138	2.183E-42	152
P0DQQ0	P11407	58.800	118	121	138	2.995E-42	151
P0DQQ0	P00626	59.600	118	121	138	2.995E-42	151
P0DQQ0	Q8JIY9	57.500	119	121	138	4.108E-42	151
P0DQQ0	C0HKC3	55.600	123	121	139	4.108E-42	151
P0DQQ0	C0HKC4	55.600	123	121	123	5.635E-42	151
P0DQQ0	Q90W39	59.400	115	121	138	7.729E-42	150
P0DQQ0	A8CG90	54.000	121	121	137	1.995E-41	149
P0DQQ0	G3DT18	52.000	122	121	138	1.995E-41	149
P0DQQ0	Q6EER4	58.600	115	121	138	1.995E-41	149
P0DQQ0	Q7LZQ4	56.800	124	121	124	3.753E-41	148
P0DQQ0	Q2YHJ2	59.400	115	121	138	3.753E-41	148
P0DQQ0	A8CG78	54.600	118	121	138	5.148E-41	148
P0DQQ0	A8CG87	54.600	118	121	138	5.148E-41	148
P0DQQ0	Q2YHJ7	59.400	115	121	138	7.061E-41	147
P0DQQ0	P81458	58.300	107	121	121	9.686E-41	147
P0DQQ0	A8E2V8	59.800	106	121	139	9.686E-41	147
P0DQQ0	Q2YHJ5	53.600	122	121	122	1.329E-40	147
P0DQQ0	C7G1G6	57.300	120	121	138	1.329E-40	147
P0DQQ0	P0DJJ8	57.300	120	121	138	1.822E-40	146
P0DQQ0	Q7SID6	61.900	104	121	123	2.500E-40	146
P0DQQ0	P86389	54.400	124	121	124	2.500E-40	146
P0DQQ0	F8QN53	54.000	121	121	137	2.500E-40	146
P0DQQ0	P14418	56.000	124	121	124	3.429E-40	145
P0DQQ0	P34180	53.200	121	121	137	4.703E-40	145
P0DQQ0	Q910A0	55.000	117	121	138	4.703E-40	145
P0DQQ0	Q6H3C8	54.900	121	121	138	4.703E-40	145
P0DQQ0	Q92147	54.000	121	121	138	8.849E-40	144
P0DQQ0	Q8QG87	52.000	122	121	138	8.849E-40	144
P0DQQ0	Q6H3C9	55.200	122	121	138	8.849E-40	144
P0DQQ0	P24293	51.600	121	121	121	1.214E-39	144
P0DQQ0	P20249	52.800	122	121	122	1.214E-39	144
P0DQQ0	C3W4R6	55.100	115	121	138	1.214E-39	144
P0DQQ0	Q9YGJ7	56.700	110	121	137	2.284E-39	143
P0DQQ0	A0A411EZW9	53.200	121	121	138	2.284E-39	143
P0DQQ0	F8QN52	54.600	118	121	138	3.133E-39	143
P0DQQ0	C9DPL5	52.000	122	121	122	4.297E-39	142
P0DQQ0	Q6H3C6	54.400	122	121	122	4.297E-39	142
P0DQQ0	P06860	56.500	114	121	122	5.894E-39	142
P0DQQ0	Q910A1	55.100	115	121	138	5.894E-39	142
P0DQQ0	P81480	52.000	122	121	122	1.109E-38	141
P0DQQ0	Q800C4	52.800	122	121	138	1.521E-38	141
P0DQQ0	B6CQR5	54.300	115	121	138	1.521E-38	141
P0DQQ0	P20476	52.400	121	121	138	1.521E-38	141
P0DQQ0	Q6H3D0	52.400	121	121	138	1.521E-38	141
P0DQQ0	Q8AXY1	52.800	122	121	138	2.087E-38	140
P0DQQ0	P14421	57.700	108	121	122	3.926E-38	139
P0DQQ0	Q800C3	50.400	122	121	138	3.926E-38	139
P0DQQ0	P21789	55.500	107	121	120	5.385E-38	139
P0DQQ0	P00624	51.200	122	121	138	5.385E-38	139
P0DQQ0	P59265	55.600	114	121	122	7.387E-38	139
P0DQQ0	P0CAR9	50.000	118	121	137	7.387E-38	139
P0DQQ0	P86907	53.200	121	121	122	1.013E-37	138
P0DQQ0	P00623	51.200	122	121	138	1.013E-37	138
P0DQQ0	P0DJP4	56.400	107	121	122	1.390E-37	138
P0DQQ0	Q2HZ28	51.200	122	121	138	1.390E-37	138
P0DQQ0	D6MKR0	51.200	122	121	138	1.390E-37	138
P0DQQ0	P0CAS6	58.700	108	121	122	1.906E-37	138
P0DQQ0	P0CAS5	54.700	116	121	122	1.906E-37	138
P0DQQ0	C0HJL8	54.700	116	121	122	1.906E-37	138
P0DQQ0	Q9PWR6	56.300	109	121	138	1.906E-37	138
P0DQQ0	Q98996	56.300	109	121	138	1.906E-37	138
P0DQQ0	Q7T3T5	52.100	118	121	130	2.615E-37	137
P0DQQ0	Q90ZZ9	53.700	107	121	138	2.615E-37	137
P0DQQ0	Q6EER2	55.500	116	121	138	2.615E-37	137
P0DQQ0	Q800C1	49.500	122	121	138	3.587E-37	137
P0DQQ0	Q7ZTA6	51.700	115	121	138	4.920E-37	136
P0DQQ0	Q7ZTA7	49.500	122	121	138	4.920E-37	136
P0DQQ0	P24294	50.000	121	121	121	9.257E-37	136
P0DQQ0	Q7T3S7	52.200	110	121	136	9.257E-37	136
P0DQQ0	P86806	59.600	108	121	122	3.277E-36	134
P0DQQ0	Q9I8F8	49.500	122	121	122	4.495E-36	134
P0DQQ0	P59172	48.200	115	121	139	6.166E-36	133
P0DQQ0	P59170	48.200	115	121	139	6.166E-36	133
P0DQQ0	Q2YHJ6	58.400	100	121	138	8.458E-36	133
P0DQQ0	P24027	56.800	108	121	138	1.160E-35	132
P0DQQ0	Q6H3C7	54.700	116	121	139	1.160E-35	132
P0DQQ0	Q9PVF2	54.700	116	121	139	1.160E-35	132
P0DQQ0	P0CAS7	56.400	107	121	121	2.183E-35	132
P0DQQ0	P0DJN6	54.300	115	121	138	2.183E-35	132
P0DQQ0	P31854	53.700	107	121	138	2.183E-35	132
P0DQQ0	Q9PVF1	50.800	123	121	126	2.994E-35	131
P0DQQ0	P0DKR3	51.800	107	121	122	4.107E-35	131
P0DQQ0	P86805	57.700	108	121	122	4.107E-35	131
P0DQQ0	A8CG86	52.700	107	121	138	4.107E-35	131
P0DQQ0	P31100	51.800	107	121	138	4.107E-35	131
P0DQQ0	Q9PVE9	50.800	123	121	139	4.107E-35	131
P0DQQ0	P86456	51.200	114	121	121	5.633E-35	130
P0DQQ0	P81478	54.600	107	121	122	7.727E-35	130
P0DQQ0	Q9PVF0	50.000	123	121	126	7.727E-35	130
P0DQQ0	C0HM14	56.400	107	121	122	1.454E-34	129
P0DQQ0	P86169	56.400	107	121	122	1.454E-34	129
P0DQQ0	A0A193CHJ5	56.400	107	121	138	1.454E-34	129
P0DQQ0	Q7T2R1	51.800	107	121	138	1.454E-34	129
P0DQQ0	P62022	56.400	107	121	138	1.454E-34	129
P0DQQ0	P62023	56.400	107	121	138	1.454E-34	129
P0DQQ0	P82896	53.700	107	121	122	1.994E-34	129
P0DQQ0	P0CG56	55.500	107	121	122	3.752E-34	128
P0DQQ0	P0CAS4	55.700	103	121	122	1.328E-33	126
P0DQQ0	P0CAS2	54.500	109	121	122	1.822E-33	126
P0DQQ0	P0CAS3	52.200	110	121	122	1.213E-32	124
P0DQQ0	P0DUN3	53.000	99	121	107	3.131E-32	123
P0DQQ0	C0HM79	54.900	100	121	95	4.295E-32	122
P0DQQ0	P00621	48.700	120	121	119	5.892E-32	122
P0DQQ0	P14420	51.800	107	121	122	5.892E-32	122
P0DQQ0	Q8JFG0	51.800	107	121	138	5.892E-32	122
P0DQQ0	Q10755	51.800	107	121	122	1.520E-31	121
P0DQQ0	Q1RP78	50.900	107	121	138	1.520E-31	121
P0DQQ0	Q1RP79	50.900	107	121	138	1.520E-31	121
P0DQQ0	P0DUN4	51.000	99	121	92	3.924E-31	119
P0DQQ0	P00622	50.900	105	121	121	7.382E-31	119
P0DQQ0	Q02471	51.800	107	121	138	7.382E-31	119
P0DQQ0	A8CG89	49.500	108	121	138	2.613E-30	117
P0DQQ0	P00620	48.300	120	121	118	3.584E-30	117
P0DQQ0	P0DKR5	50.000	107	121	122	3.584E-30	117
P0DQQ0	A8CG82	48.600	108	121	138	4.916E-30	116
P0DQQ0	P31482	47.100	120	121	146	2.387E-29	114
P0DQQ0	P47711	46.600	117	121	145	8.448E-29	113
P0DQQ0	P14423	48.300	123	121	146	1.159E-28	112
P0DQQ0	P48076	43.300	127	121	150	1.589E-28	112
P0DQQ0	Q56JZ2	48.600	112	121	144	2.990E-28	111
P0DQQ0	D0UGJ0	44.400	116	121	139	2.730E-27	108
P0DQQ0	P0DM51	83.600	49	121	50	7.045E-27	107
P0DQQ0	Q9WVF6	43.500	117	121	144	7.045E-27	107
P0DQQ0	Q9NZK7	47.400	116	121	142	9.663E-27	107
P0DQQ0	Q9QUL3	47.400	116	121	142	2.493E-26	106
P0DQQ0	P0CAS0	42.500	118	121	136	3.419E-26	105
P0DQQ0	P0C942	47.200	107	121	122	6.433E-26	104
P0DQQ0	P0C943	46.200	107	121	122	1.660E-25	103
P0DQQ0	P39877	46.400	110	121	138	4.282E-25	102
P0DQQ0	B3A0N3	83.600	49	121	50	2.078E-24	100
P0DQQ0	Q9UNK4	41.800	117	121	145	1.896E-23	97
P0DQQ0	P51433	42.700	116	121	137	2.601E-23	97
P0DQQ0	D2X8K2	40.900	118	121	119	6.709E-23	96
P0DQQ0	Q9QXX3	40.900	106	121	151	7.655E-21	90
P0DQQ0	Q9QZT3	40.900	106	121	151	1.050E-20	89
P0DQQ0	Q7M334	42.300	115	121	144	2.707E-20	88
P0DQQ0	P43434	40.900	121	121	146	1.312E-19	86
P0DQQ0	O15496	38.800	101	121	165	1.800E-19	86
P0DQQ0	B3EWP6	61.600	59	121	60	4.640E-19	85
P0DQQ0	P0DJ62	60.600	60	121	60	6.362E-19	84
P0DQQ0	Q9BZM2	38.600	116	121	168	4.227E-18	82
P0DQQ0	Q9Z0Y2	41.500	115	121	146	5.796E-18	81
P0DQQ0	Q9DF33	41.300	102	121	146	5.796E-18	81
P0DQQ0	P0C932	65.300	49	121	50	7.946E-18	81
P0DQQ0	Q9PU97	47.500	80	121	137	7.946E-18	81
P0DQQ0	P00599	36.600	107	121	118	1.089E-17	81
P0DQQ0	Q6SLM2	40.200	92	121	137	1.089E-17	81
P0DQQ0	P04055	40.600	115	121	146	1.089E-17	81
P0DQQ0	P00593	41.500	115	121	145	1.494E-17	80
P0DQQ0	P14419	43.100	108	121	123	2.048E-17	80
P0DQQ0	C1IC46	41.400	94	121	137	2.048E-17	80
P0DQQ0	Q90251	47.500	80	121	137	2.048E-17	80
P0DQQ0	C0HK05	67.300	46	121	47	2.808E-17	79
P0DQQ0	P82893	54.400	68	121	70	2.808E-17	79
P0DQQ0	C1IC45	41.400	94	121	137	3.849E-17	79
P0DQQ0	P0DMH0	64.000	50	121	51	5.277E-17	79
P0DQQ0	P08873	40.000	107	121	145	5.277E-17	79
P0DQQ0	Q9DF52	39.100	92	121	145	5.277E-17	79
P0DQQ0	Q45Z28	42.000	106	121	151	5.277E-17	79
P0DQQ0	P20254	40.300	106	121	118	7.235E-17	78
P0DQQ0	P20251	40.100	105	121	118	9.918E-17	78
P0DQQ0	Q6SLM1	40.200	92	121	137	9.918E-17	78
P0DQQ0	P04054	40.500	113	121	148	1.360E-16	78
P0DQQ0	Q45Z29	42.000	106	121	151	1.360E-16	78
P0DQQ0	Q45Z30	42.000	106	121	151	1.360E-16	78
P0DQQ0	Q8AY48	48.800	83	121	137	1.864E-16	77
P0DQQ0	P04416	39.800	115	121	124	2.555E-16	77
P0DQQ0	P00606	40.000	99	121	145	2.555E-16	77
P0DQQ0	P00618	50.600	80	121	145	2.555E-16	77
P0DQQ0	Q45Z26	42.000	106	121	151	2.555E-16	77
P0DQQ0	P20250	39.200	105	121	117	3.503E-16	76
P0DQQ0	P20255	39.600	115	121	118	3.503E-16	76
P0DQQ0	Q9PTA1	49.300	80	121	145	3.503E-16	76
P0DQQ0	P00617	49.300	80	121	147	3.503E-16	76
P0DQQ0	Q45Z25	41.100	106	121	151	3.503E-16	76
P0DQQ0	P04056	39.600	115	121	118	4.802E-16	76
P0DQQ0	P00600	36.300	108	121	119	4.802E-16	76
P0DQQ0	Q9PSN5	41.100	106	121	125	4.802E-16	76
P0DQQ0	P60044	38.700	98	121	126	4.802E-16	76
P0DQQ0	Q6YIJ3	43.300	83	121	137	4.802E-16	76
P0DQQ0	Q9PTA6	47.500	80	121	138	4.802E-16	76
P0DQQ0	Q8QFW4	45.700	83	121	147	4.802E-16	76
P0DQQ0	Q9PTA7	46.200	80	121	133	6.583E-16	76
P0DQQ0	P81237	40.900	106	121	118	9.024E-16	75
P0DQQ0	P60045	37.000	100	121	126	9.024E-16	75
P0DQQ0	Q6YNQ0	43.300	83	121	137	9.024E-16	75
P0DQQ0	P00592	38.900	115	121	146	9.024E-16	75
P0DQQ0	P00619	43.300	83	121	147	9.024E-16	75
P0DQQ0	Q4VRI5	46.800	91	121	154	9.024E-16	75
P0DQQ0	Q3C2C1	36.500	126	121	158	9.024E-16	75
P0DQQ0	P25498	34.400	118	121	119	1.237E-15	75
P0DQQ0	P15445	38.000	100	121	119	1.237E-15	75
P0DQQ0	Q9PTA5	49.300	80	121	137	1.237E-15	75
P0DQQ0	Q91133	35.200	118	121	146	1.237E-15	75
P0DQQ0	Q75S51	44.500	83	121	147	1.237E-15	75
P0DQQ0	P20256	38.700	115	121	118	1.696E-15	74
P0DQQ0	P0C551	40.700	107	121	142	1.696E-15	74
P0DQQ0	P0DM50	72.500	40	121	40	2.324E-15	74
P0DQQ0	P0CV89	43.300	90	121	61	2.324E-15	74
P0DQQ0	P20253	43.600	85	121	118	2.324E-15	74
P0DQQ0	Q9PUH5	37.800	110	121	145	2.324E-15	74
P0DQQ0	P81236	41.800	106	121	119	3.186E-15	74
P0DQQ0	Q6SLM0	39.100	92	121	137	4.367E-15	73
P0DQQ0	P00597	35.200	118	121	146	4.367E-15	73
P0DQQ0	P00598	35.200	118	121	146	4.367E-15	73
P0DQQ0	A4FS04	38.000	100	121	119	5.986E-15	73
P0DQQ0	Q6T179	36.000	100	121	126	5.986E-15	73
P0DQQ0	P08872	38.100	110	121	144	5.986E-15	73
P0DQQ0	Q8JFG2	38.700	116	121	152	5.986E-15	73
P0DQQ0	C0HKB8	40.200	92	121	117	1.124E-14	72
P0DQQ0	P81166	36.200	100	121	118	1.124E-14	72
P0DQQ0	P81167	36.200	100	121	118	1.124E-14	72
P0DQQ0	P00609	40.800	86	121	119	1.124E-14	72
P0DQQ0	P20252	40.000	99	121	118	1.541E-14	72
P0DQQ0	P14615	39.100	92	121	120	1.541E-14	72
P0DQQ0	Q9I900	38.000	100	121	146	1.541E-14	72
P0DQQ0	P00601	36.000	100	121	119	2.112E-14	71
P0DQQ0	Q9PUH7	37.700	113	121	144	2.112E-14	71
P0DQQ0	Q92084	36.000	100	121	146	2.112E-14	71
P0DQQ0	Q8QFW3	44.700	84	121	147	2.112E-14	71
P0DQQ0	Q8UUH9	37.800	110	121	155	2.112E-14	71
P0DQQ0	Q3C2C2	35.000	136	121	159	2.112E-14	71
P0DQQ0	Q92085	35.000	100	121	146	2.895E-14	71
P0DQQ0	P00595	35.000	100	121	119	3.968E-14	70
P0DQQ0	P60043	37.700	98	121	126	7.452E-14	70
P0DQQ0	F5CPF1	38.000	112	121	142	1.021E-13	69
P0DQQ0	Q92086	36.000	100	121	146	1.021E-13	69
P0DQQ0	Q9PUH9	37.700	101	121	147	1.021E-13	69
P0DQQ0	P0DM52	78.700	33	121	35	1.400E-13	69
P0DQQ0	Q7T1R0	40.900	82	121	146	1.400E-13	69
P0DQQ0	Q9PUI0	36.700	101	121	147	1.918E-13	68
P0DQQ0	P20258	38.000	99	121	117	2.628E-13	68
P0DQQ0	Q8UUH8	37.700	98	121	145	2.628E-13	68
P0DQQ0	Q8UUI0	37.700	98	121	155	2.628E-13	68
P0DQQ0	P0DMK1	83.800	31	121	32	3.602E-13	68
P0DQQ0	Q8UUI4	37.800	104	121	145	3.602E-13	68
P0DQQ0	P19000	37.800	104	121	145	3.602E-13	68
P0DQQ0	Q9PUI1	36.100	114	121	145	3.602E-13	68
P0DQQ0	P59359	36.100	114	121	145	3.602E-13	68
P0DQQ0	P00604	38.000	99	121	118	4.935E-13	67
P0DQQ0	P00605	38.000	99	121	118	4.935E-13	67
P0DQQ0	Q8UUI3	37.800	104	121	145	4.935E-13	67
P0DQQ0	P23026	40.700	93	121	145	4.935E-13	67
P0DQQ0	P00613	38.100	95	121	118	6.763E-13	67
P0DQQ0	Q9PUH8	38.600	101	121	147	9.267E-13	66
P0DQQ0	P20259	40.600	85	121	117	1.270E-12	66
P0DQQ0	P00612	37.100	95	121	118	1.740E-12	66
P0DQQ0	P00608	41.400	86	121	119	1.740E-12	66
P0DQQ0	P00603	34.400	117	121	118	6.130E-12	64
P0DQQ0	P10116	33.600	118	121	118	6.130E-12	64
P0DQQ0	Q9I842	38.100	95	121	145	6.130E-12	64
P0DQQ0	Q7T1R1	42.300	82	121	146	6.130E-12	64
P0DQQ0	Q45Z42	34.100	119	121	146	6.130E-12	64
P0DQQ0	P00602	37.000	99	121	118	8.398E-12	64
P0DQQ0	Q9I837	37.100	95	121	145	8.398E-12	64
P0DQQ0	Q9PRG0	35.600	108	121	145	5.548E-11	61
P0DQQ0	Q9I846	39.300	87	121	145	7.599E-11	61
P0DQQ0	Q9PSF9	64.100	39	121	39	9.399E-10	58
P0DQQ0	P59068	45.000	51	121	57	2.172E-08	54
P0DQQ0	Q8AY47	51.000	49	121	139	2.972E-08	53
P0DQQ0	P0DM49	65.600	32	121	35	5.565E-08	53
P0DQQ0	P84736	46.900	49	121	50	7.614E-08	52
P0DQQ0	P59070	45.800	48	121	48	1.425E-07	51
P0DQQ0	P0CAS9	56.200	32	121	34	1.745E-06	48
P0DPT9	C1JAR9	61.900	147	147	147	2.412E-61	208
P0DPT9	D6MKR0	45.200	114	147	138	1.555E-23	99
P0DPT9	Q800C3	41.800	116	147	138	2.130E-23	98
P0DPT9	Q9YGJ7	43.800	114	147	137	2.917E-23	98
P0DPT9	P00623	44.300	114	147	138	5.474E-23	97
P0DPT9	P00594	44.700	95	147	132	7.497E-23	97
P0DPT9	P81236	46.000	89	147	119	1.027E-22	96
P0DPT9	P21789	44.300	114	147	120	1.407E-22	96
P0DPT9	Q910A0	48.400	95	147	138	3.614E-22	95
P0DPT9	P24293	48.400	95	147	121	4.950E-22	94
P0DPT9	F8QN53	48.400	95	147	137	6.779E-22	94
P0DPT9	Q800C1	41.000	116	147	138	6.779E-22	94
P0DPT9	A8CG90	40.700	135	147	137	9.284E-22	94
P0DPT9	P00624	42.600	114	147	138	9.284E-22	94
P0DPT9	P31482	39.000	105	147	146	9.284E-22	94
P0DPT9	Q7ZTA6	42.600	114	147	138	1.271E-21	93
P0DPT9	Q7M334	40.000	99	147	144	1.271E-21	93
P0DPT9	P81237	47.100	89	147	118	1.741E-21	93
P0DPT9	Q7T3T5	45.100	110	147	130	1.741E-21	93
P0DPT9	P34180	46.700	109	147	137	1.741E-21	93
P0DPT9	Q02471	46.300	95	147	138	1.741E-21	93
P0DPT9	Q7ZTA7	42.600	114	147	138	1.741E-21	93
P0DPT9	P00592	37.900	122	147	146	1.741E-21	93
P0DPT9	Q7T3S7	39.000	133	147	136	2.385E-21	93
P0DPT9	Q90ZZ9	36.800	133	147	138	2.385E-21	93
P0DPT9	Q9Z0Y2	41.500	100	147	146	2.385E-21	93
P0DPT9	P04416	40.000	99	147	124	3.266E-21	92
P0DPT9	Q800C4	42.600	114	147	138	3.266E-21	92
P0DPT9	P20250	43.000	97	147	117	4.472E-21	92
P0DPT9	P20251	43.000	97	147	118	4.472E-21	92
P0DPT9	F8QN51	47.300	95	147	137	4.472E-21	92
P0DPT9	P14420	46.300	95	147	122	6.124E-21	91
P0DPT9	Q8JFG0	46.300	95	147	138	6.124E-21	91
P0DPT9	C3W4R6	47.800	92	147	138	8.386E-21	91
P0DPT9	Q1RP79	46.300	95	147	138	8.386E-21	91
P0DPT9	P43434	39.800	123	147	146	8.386E-21	91
P0DPT9	Q1RP78	46.300	95	147	138	1.148E-20	91
P0DPT9	Q6H3C9	43.200	110	147	138	1.148E-20	91
P0DPT9	P47711	39.300	116	147	145	1.148E-20	91
P0DPT9	P04055	42.800	97	147	146	1.148E-20	91
P0DPT9	Q10755	46.300	95	147	122	1.573E-20	90
P0DPT9	Q6H3C6	43.200	110	147	122	2.153E-20	90
P0DPT9	Q910A1	46.700	92	147	138	2.948E-20	89
P0DPT9	Q7T2R1	39.100	111	147	138	2.948E-20	89
P0DPT9	Q45Z42	45.200	103	147	146	2.948E-20	89
P0DPT9	Q3C2C1	43.300	106	147	158	2.948E-20	89
P0DPT9	P20252	41.900	103	147	118	4.037E-20	89
P0DPT9	P00612	38.200	112	147	118	5.528E-20	89
P0DPT9	A0A411EZW9	40.300	113	147	138	5.528E-20	89
P0DPT9	A8CG86	41.500	101	147	138	5.528E-20	89
P0DPT9	F8QN52	46.700	92	147	138	5.528E-20	89
P0DPT9	P39877	38.600	101	147	138	5.528E-20	89
P0DPT9	P00613	37.900	113	147	118	7.569E-20	88
P0DPT9	F8QN54	42.600	114	147	138	7.569E-20	88
P0DPT9	P0DKR5	45.200	95	147	122	1.036E-19	88
P0DPT9	Q7LZQ4	41.900	111	147	124	1.036E-19	88
P0DPT9	B6CQR5	46.700	92	147	138	1.036E-19	88
P0DPT9	P31854	37.500	133	147	138	1.036E-19	88
P0DPT9	P00593	38.000	99	147	145	1.036E-19	88
P0DPT9	Q9I900	41.900	101	147	146	1.036E-19	88
P0DPT9	Q75S48	41.500	100	147	152	1.036E-19	88
P0DPT9	P00600	42.200	105	147	119	1.419E-19	87
P0DPT9	Q7SID6	41.200	113	147	123	1.419E-19	87
P0DPT9	Q9PWR6	47.800	92	147	138	1.419E-19	87
P0DPT9	Q98996	47.800	92	147	138	1.419E-19	87
P0DPT9	P04054	40.900	88	147	148	1.419E-19	87
P0DPT9	P20258	44.900	89	147	117	1.942E-19	87
P0DPT9	P20256	44.900	89	147	118	1.942E-19	87
P0DPT9	P14419	38.000	99	147	123	1.942E-19	87
P0DPT9	Q9PTA5	38.000	110	147	137	1.942E-19	87
P0DPT9	P59171	38.800	133	147	138	1.942E-19	87
P0DPT9	A8CG78	46.700	92	147	138	1.942E-19	87
P0DPT9	A8CG82	42.400	110	147	138	1.942E-19	87
P0DPT9	A8CG87	46.700	92	147	138	1.942E-19	87
P0DPT9	Q9PUH1	36.000	131	147	146	1.942E-19	87
P0DPT9	P06596	37.600	100	147	146	1.942E-19	87
P0DPT9	P0DKR3	42.500	101	147	122	2.659E-19	87
P0DPT9	Q9PVF1	42.900	113	147	126	2.659E-19	87
P0DPT9	G3DT18	43.100	95	147	138	2.659E-19	87
P0DPT9	A8CG89	43.700	96	147	138	2.659E-19	87
P0DPT9	Q9PUG9	37.500	116	147	144	2.659E-19	87
P0DPT9	P20254	41.900	103	147	118	3.641E-19	86
P0DPT9	P24294	46.700	92	147	121	3.641E-19	86
P0DPT9	P14418	41.900	111	147	124	3.641E-19	86
P0DPT9	P51433	37.600	101	147	137	3.641E-19	86
P0DPT9	P14424	42.600	114	147	138	3.641E-19	86
P0DPT9	P31100	42.500	101	147	138	3.641E-19	86
P0DPT9	Q9PVE9	44.100	110	147	139	3.641E-19	86
P0DPT9	P04056	44.900	89	147	118	4.984E-19	86
P0DPT9	P00601	42.200	105	147	119	4.984E-19	86
P0DPT9	P59071	41.700	114	147	121	4.984E-19	86
P0DPT9	A8CG84	41.700	114	147	137	4.984E-19	86
P0DPT9	P11407	42.600	114	147	138	4.984E-19	86
P0DPT9	P00626	42.600	114	147	138	4.984E-19	86
P0DPT9	Q9PUH5	40.500	103	147	145	4.984E-19	86
P0DPT9	Q92086	40.900	101	147	146	4.984E-19	86
P0DPT9	Q9PVF0	42.100	113	147	126	6.824E-19	85
P0DPT9	P59170	35.300	133	147	139	6.824E-19	85
P0DPT9	F5CPF0	36.900	116	147	140	6.824E-19	85
P0DPT9	P08872	40.500	98	147	144	6.824E-19	85
P0DPT9	P20255	44.900	89	147	118	9.341E-19	85
P0DPT9	P00610	38.400	101	147	119	9.341E-19	85
P0DPT9	Q9PTA6	38.000	110	147	138	9.341E-19	85
P0DPT9	P59172	41.000	95	147	139	9.341E-19	85
P0DPT9	Q7T1R1	38.200	94	147	146	9.341E-19	85
P0DPT9	Q45Z28	33.300	132	147	151	9.341E-19	85
P0DPT9	P60045	40.900	101	147	126	1.279E-18	85
P0DPT9	A8E2V8	41.900	111	147	139	1.279E-18	85
P0DPT9	Q9PUH6	36.000	130	147	145	1.279E-18	85
P0DPT9	Q9I843	40.900	116	147	145	1.279E-18	85
P0DPT9	Q9I845	40.900	116	147	145	1.279E-18	85
P0DPT9	Q9I846	40.900	116	147	145	1.279E-18	85
P0DPT9	Q6SLM1	39.200	106	147	137	1.750E-18	84
P0DPT9	Q9I844	40.100	116	147	145	1.750E-18	84
P0DPT9	Q9PUH8	40.600	90	147	147	1.750E-18	84
P0DPT9	P00614	43.300	103	147	119	2.396E-18	84
P0DPT9	P20249	43.400	114	147	122	2.396E-18	84
P0DPT9	Q6YNQ0	41.100	89	147	137	2.396E-18	84
P0DPT9	P20474	40.000	114	147	138	2.396E-18	84
P0DPT9	Q9I842	40.900	116	147	145	2.396E-18	84
P0DPT9	Q9I847	40.100	116	147	145	2.396E-18	84
P0DPT9	Q75S51	41.100	89	147	147	2.396E-18	84
P0DPT9	Q8QFW3	42.600	88	147	147	2.396E-18	84
P0DPT9	P00619	41.100	89	147	147	2.396E-18	84
P0DPT9	Q45Z29	33.300	132	147	151	2.396E-18	84
P0DPT9	Q45Z30	33.300	132	147	151	2.396E-18	84
P0DPT9	P81478	45.200	95	147	122	3.280E-18	83
P0DPT9	P60044	37.900	104	147	126	3.280E-18	83
P0DPT9	Q7T1R0	38.200	94	147	146	3.280E-18	83
P0DPT9	Q7T2Q4	36.600	126	147	147	3.280E-18	83
P0DPT9	Q45Z25	33.300	132	147	151	3.280E-18	83
P0DPT9	P81480	41.700	114	147	122	4.489E-18	83
P0DPT9	Q91506	42.900	106	147	122	4.489E-18	83
P0DPT9	Q6YIJ3	41.100	89	147	137	4.489E-18	83
P0DPT9	Q9I968	45.100	93	147	138	4.489E-18	83
P0DPT9	Q9PUH7	39.600	98	147	144	4.489E-18	83
P0DPT9	Q9I837	40.100	116	147	145	4.489E-18	83
P0DPT9	Q9PTA1	41.100	89	147	145	4.489E-18	83
P0DPT9	Q8UW30	38.400	101	147	146	4.489E-18	83
P0DPT9	Q9PUH2	35.200	131	147	146	4.489E-18	83
P0DPT9	P00617	41.100	89	147	147	4.489E-18	83
P0DPT9	Q9PSN5	37.200	102	147	125	6.145E-18	83
P0DPT9	P60043	39.000	101	147	126	6.145E-18	83
P0DPT9	P20476	42.100	113	147	138	6.145E-18	83
P0DPT9	Q6H3D0	42.100	113	147	138	6.145E-18	83
P0DPT9	P00606	40.100	106	147	145	6.145E-18	83
P0DPT9	Q9PUH0	37.500	116	147	146	6.145E-18	83
P0DPT9	Q9DF33	47.600	85	147	146	6.145E-18	83
P0DPT9	Q8QFW4	40.000	89	147	147	6.145E-18	83
P0DPT9	Q45Z26	33.300	132	147	151	6.145E-18	83
P0DPT9	P20253	43.500	85	147	118	8.411E-18	82
P0DPT9	P14615	38.400	103	147	120	8.411E-18	82
P0DPT9	P00622	38.700	111	147	121	8.411E-18	82
P0DPT9	P86456	39.400	114	147	121	8.411E-18	82
P0DPT9	P86389	39.500	96	147	124	8.411E-18	82
P0DPT9	P0CAR9	43.100	91	147	137	8.411E-18	82
P0DPT9	C0HKC3	43.900	91	147	139	8.411E-18	82
P0DPT9	P08873	35.200	130	147	145	8.411E-18	82
P0DPT9	Q92084	39.000	101	147	146	8.411E-18	82
P0DPT9	Q92085	39.000	101	147	146	8.411E-18	82
P0DPT9	P00609	36.100	103	147	119	1.151E-17	82
P0DPT9	P15445	39.000	101	147	119	1.151E-17	82
P0DPT9	P81458	38.200	114	147	121	1.151E-17	82
P0DPT9	Q2YHJ5	40.800	114	147	122	1.151E-17	82
P0DPT9	Q9PTA7	41.100	89	147	133	1.151E-17	82
P0DPT9	Q2PG83	43.300	105	147	138	1.151E-17	82
P0DPT9	Q9PUH9	40.600	90	147	147	1.151E-17	82
P0DPT9	P00605	38.500	106	147	118	1.575E-17	81
P0DPT9	Q8AY48	40.000	89	147	137	1.575E-17	81
P0DPT9	Q8QG87	41.600	96	147	138	1.575E-17	81
P0DPT9	Q6H3C7	44.500	92	147	139	1.575E-17	81
P0DPT9	Q9PVF2	44.500	92	147	139	1.575E-17	81
P0DPT9	P0C551	38.600	88	147	142	1.575E-17	81
P0DPT9	Q8UUI4	39.600	111	147	145	1.575E-17	81
P0DPT9	P19000	39.600	111	147	145	1.575E-17	81
P0DPT9	Q9PUI0	39.500	90	147	147	1.575E-17	81
P0DPT9	Q9QZT3	39.000	100	147	151	1.575E-17	81
P0DPT9	P0DY42	34.000	141	147	162	1.575E-17	81
P0DPT9	P00620	41.600	96	147	118	2.156E-17	81
P0DPT9	C9DPL5	40.600	96	147	122	2.156E-17	81
P0DPT9	C0HKC4	42.800	91	147	123	2.156E-17	81
P0DPT9	Q6T179	40.000	101	147	126	2.156E-17	81
P0DPT9	Q8UUI3	38.700	111	147	145	2.156E-17	81
P0DPT9	Q8AXW7	33.000	130	147	146	2.156E-17	81
P0DPT9	Q8JFG2	40.600	86	147	152	2.156E-17	81
P0DPT9	A4FS04	40.400	93	147	119	2.951E-17	81
P0DPT9	Q2HZ28	40.000	114	147	138	2.951E-17	81
P0DPT9	P00618	40.000	89	147	145	2.951E-17	81
P0DPT9	P00597	40.400	93	147	146	2.951E-17	81
P0DPT9	P00598	40.400	93	147	146	2.951E-17	81
P0DPT9	Q4VRI5	36.700	106	147	154	2.951E-17	81
P0DPT9	Q9PU97	41.100	89	147	137	4.038E-17	80
P0DPT9	C1IC46	39.500	85	147	137	4.038E-17	80
P0DPT9	Q9PUH3	34.500	131	147	146	4.038E-17	80
P0DPT9	Q9PUH4	33.800	131	147	146	4.038E-17	80
P0DPT9	F8J2D2	36.100	106	147	146	4.038E-17	80
P0DPT9	Q8UW31	35.800	106	147	152	4.038E-17	80
P0DPT9	P00604	37.600	106	147	118	5.526E-17	80
P0DPT9	D2X8K2	34.500	110	147	119	5.526E-17	80
P0DPT9	P86368	40.000	114	147	121	5.526E-17	80
P0DPT9	P84674	40.000	114	147	121	5.526E-17	80
P0DPT9	P0DJP4	40.000	114	147	122	5.526E-17	80
P0DPT9	Q8AXY1	39.500	96	147	138	5.526E-17	80
P0DPT9	Q6EER3	38.600	101	147	138	5.526E-17	80
P0DPT9	Q9PUI1	36.600	115	147	145	5.526E-17	80
P0DPT9	Q9QXX3	40.400	89	147	151	5.526E-17	80
P0DPT9	P00599	40.900	105	147	118	7.563E-17	79
P0DPT9	P00621	40.600	96	147	119	7.563E-17	79
P0DPT9	Q9I8F8	39.100	114	147	122	7.563E-17	79
P0DPT9	Q90251	36.200	110	147	137	7.563E-17	79
P0DPT9	Q8JIY9	43.000	93	147	138	7.563E-17	79
P0DPT9	P00629	39.600	106	147	145	7.563E-17	79
P0DPT9	P59359	38.200	98	147	145	7.563E-17	79
P0DPT9	Q9DF52	37.500	122	147	145	7.563E-17	79
P0DPT9	P00603	39.700	93	147	118	1.035E-16	79
P0DPT9	P25498	37.200	93	147	119	1.416E-16	79
P0DPT9	P86974	41.000	95	147	122	1.416E-16	79
P0DPT9	Q2YHJ2	38.200	114	147	138	1.416E-16	79
P0DPT9	Q2YHJ7	38.200	114	147	138	1.416E-16	79
P0DPT9	P80966	38.100	97	147	151	1.416E-16	79
P0DPT9	P20257	41.500	89	147	118	1.938E-16	78
P0DPT9	P00602	39.700	93	147	118	1.938E-16	78
P0DPT9	Q6H3C8	43.100	95	147	138	1.938E-16	78
P0DPT9	P06859	41.500	105	147	138	1.938E-16	78
P0DPT9	Q8UUI1	37.900	111	147	145	1.938E-16	78
P0DPT9	Q90WA8	38.100	116	147	145	1.938E-16	78
P0DPT9	C1IC45	39.500	85	147	137	2.651E-16	78
P0DPT9	Q91133	39.300	93	147	146	2.651E-16	78
P0DPT9	C0HKB8	36.500	103	147	117	3.628E-16	78
P0DPT9	P82896	37.300	114	147	122	3.628E-16	78
P0DPT9	Q6SLM0	38.300	106	147	137	3.628E-16	78
P0DPT9	Q7T2Q5	43.300	89	147	147	3.628E-16	78
P0DPT9	P00595	38.200	93	147	119	4.963E-16	77
P0DPT9	Q6H3C5	38.200	114	147	122	4.963E-16	77
P0DPT9	P14411	40.000	84	147	135	4.963E-16	77
P0DPT9	O42190	43.400	92	147	124	6.790E-16	77
P0DPT9	Q92147	44.200	95	147	138	6.790E-16	77
P0DPT9	Q8JIG0	43.100	95	147	138	6.790E-16	77
P0DPT9	Q8UUH8	32.800	135	147	145	6.790E-16	77
P0DPT9	P20259	41.100	85	147	117	9.290E-16	76
P0DPT9	P00611	40.000	102	147	145	9.290E-16	76
P0DPT9	Q9W7J3	37.700	90	147	154	9.290E-16	76
P0DPT9	Q6SLM2	37.300	106	147	137	1.271E-15	76
P0DPT9	P20146	39.300	89	147	145	1.739E-15	76
P0DPT9	Q90WA7	37.700	106	147	145	1.739E-15	76
P0DPT9	P84651	42.100	95	147	122	2.378E-15	75
P0DPT9	P00628	37.700	106	147	135	2.378E-15	75
P0DPT9	Q802I1	38.500	83	147	142	2.378E-15	75
P0DPT9	P10116	37.700	103	147	118	3.253E-15	75
P0DPT9	A6MEY4	35.500	116	147	145	3.253E-15	75
P0DPT9	P00608	36.100	103	147	119	4.450E-15	74
P0DPT9	P24027	32.800	131	147	138	4.450E-15	74
P0DPT9	Q2YHJ6	38.900	95	147	138	4.450E-15	74
P0DPT9	Q9PUG7	36.800	95	147	152	4.450E-15	74
P0DPT9	Q8WS88	32.700	110	147	156	4.450E-15	74
P0DPT9	Q90W39	36.800	95	147	138	6.086E-15	74
P0DPT9	Q8UUH9	34.500	130	147	155	6.086E-15	74
P0DPT9	Q71QE8	40.000	95	147	138	8.325E-15	74
P0DPT9	P48076	36.200	99	147	150	8.325E-15	74
P0DPT9	P86907	41.000	95	147	122	1.139E-14	73
P0DPT9	Q8UUI0	32.300	130	147	155	1.139E-14	73
P0DPT9	Q6EER6	36.600	101	147	122	1.557E-14	73
P0DPT9	P0CAS0	36.100	125	147	136	1.557E-14	73
P0DPT9	Q805A2	35.700	95	147	138	1.557E-14	73
P0DPT9	Q9PRG0	36.500	100	147	145	1.557E-14	73
P0DPT9	P81167	36.500	103	147	118	2.130E-14	72
P0DPT9	Q6EER4	36.800	95	147	138	2.130E-14	72
P0DPT9	P0DUN3	42.500	87	147	107	2.912E-14	72
P0DPT9	P81166	40.000	84	147	118	2.912E-14	72
P0DPT9	P0DJN7	36.800	95	147	138	2.912E-14	72
P0DPT9	P23026	40.000	90	147	145	3.982E-14	72
P0DPT9	P0DUN4	36.400	106	147	92	5.445E-14	71
P0DPT9	C0HJC1	41.000	95	147	122	5.445E-14	71
P0DPT9	Q8UUH7	33.300	128	147	154	5.445E-14	71
P0DPT9	C0HM79	38.700	91	147	95	1.018E-13	70
P0DPT9	P0CAS5	37.800	95	147	122	1.018E-13	70
P0DPT9	P0CG56	37.800	95	147	122	1.392E-13	70
P0DPT9	P0DJN6	32.000	131	147	138	1.392E-13	70
P0DPT9	A0A193CHJ5	32.000	131	147	138	1.392E-13	70
P0DPT9	P62022	32.000	131	147	138	1.392E-13	70
P0DPT9	P62023	32.000	131	147	138	1.392E-13	70
P0DPT9	P86169	37.800	95	147	122	2.601E-13	69
P0DPT9	Q6EER5	35.700	95	147	122	2.601E-13	69
P0DPT9	F5CPF1	36.000	93	147	142	2.601E-13	69
P0DPT9	C0HM14	37.800	95	147	122	3.556E-13	69
P0DPT9	P0CAS2	37.800	95	147	122	3.556E-13	69
P0DPT9	P0CAS3	36.800	95	147	122	1.241E-12	67
P0DPT9	Q6EER2	31.300	131	147	138	1.241E-12	67
P0DPT9	Q1ZY03	34.700	95	147	138	2.318E-12	66
P0DPT9	Q3C2C2	34.200	104	147	159	2.318E-12	66
P0DPT9	C0HJL8	34.200	105	147	122	4.329E-12	66
P0DPT9	P0CAS4	36.300	99	147	122	8.082E-12	65
P0DPT9	D0UGJ0	40.000	94	147	139	2.061E-11	64
P0DPT9	Q8AY47	47.300	56	147	139	5.251E-11	63
P0DPT9	P59068	70.900	31	147	57	7.171E-11	62
P0DPT9	P59067	51.100	45	147	62	3.001E-09	57
P0DPT9	P59070	65.600	32	147	48	1.039E-08	56
P0DPT9	P0DJ62	62.800	35	147	60	1.417E-08	55
P0DPT9	B3EWP6	64.700	34	147	60	6.676E-08	53
P0DPT9	P84736	66.600	30	147	50	9.099E-08	53
A0A4D6Q9B0	Q06942	81.600	359	372	364	3.939E-198	615
A0A4D6Q9B0	Q07353	81.200	362	372	369	1.941E-194	604
A0A4D6Q9B0	Q9S818	81.300	348	372	358	6.200E-193	600
A0A4D6Q9B0	Q7XM21	75.400	377	372	377	3.369E-190	592
A0A4D6Q9B0	Q05965	79.300	348	372	357	5.731E-189	589
A0A4D6Q9B0	Q7XZQ7	77.000	363	372	368	1.830E-187	584
A0A4D6Q9B0	P41090	77.900	362	372	364	2.058E-185	578
A0A4D6Q9B0	P28038	73.900	377	372	377	3.567E-181	566
A0A4D6Q9B0	Q05964	75.900	362	372	365	4.886E-181	566
A0A4D6Q9B0	Q05963	79.500	336	372	356	6.694E-181	565
A0A4D6Q9B0	Q7XZQ8	73.000	334	372	365	1.104E-166	524
A0A4D6Q9B0	P51091	32.400	332	372	357	1.904E-49	184
A0A4D6Q9B0	Q9C899	34.700	275	372	361	1.651E-48	181
A0A4D6Q9B0	D4N500	35.400	270	372	364	2.248E-48	181
A0A4D6Q9B0	O04274	32.400	329	372	362	3.060E-48	181
A0A4D6Q9B0	Q9ZWQ9	31.300	326	372	335	7.716E-48	179
A0A4D6Q9B0	A0A2R6PI27	32.900	325	372	355	7.716E-48	179
A0A4D6Q9B0	A0A4D6Q440	32.600	326	372	331	4.903E-47	177
A0A4D6Q9B0	Q96330	32.300	324	372	336	1.681E-46	175
A0A4D6Q9B0	Q7XZQ6	32.400	291	372	337	1.681E-46	175
A0A4D6Q9B0	Q96323	32.700	297	372	356	1.681E-46	175
A0A4D6Q9B0	D4N501	34.000	270	372	364	3.112E-46	175
A0A4D6Q9B0	G9M9M1	33.300	298	372	358	4.234E-46	174
A0A4D6Q9B0	Q9LHN8	33.200	298	372	361	4.234E-46	174
A0A4D6Q9B0	P51092	31.300	367	372	430	7.837E-46	173
A0A4D6Q9B0	A0A023GS28	32.400	299	372	369	1.066E-45	173
A0A4D6Q9B0	G9M9M2	32.600	298	372	358	4.965E-45	171
A0A4D6Q9B0	D4N502	32.100	297	372	360	1.699E-44	169
A0A4D6Q9B0	Q9XHG2	31.300	295	372	337	2.310E-44	169
A0A4D6Q9B0	G9M9M0	32.300	298	372	358	3.142E-44	169
A0A4D6Q9B0	Q9FR99	35.000	284	372	306	7.898E-44	168
A0A4D6Q9B0	Q07512	31.000	290	372	348	1.985E-43	166
A0A4D6Q9B0	Q41452	32.000	298	372	349	1.985E-43	166
A0A4D6Q9B0	Q9MB94	34.700	272	372	319	4.987E-43	165
A0A4D6Q9B0	Q67VR7	27.900	343	372	373	9.215E-43	164
A0A4D6Q9B0	Q93VC3	27.600	341	372	375	1.252E-42	164
A0A4D6Q9B0	G9M9M4	31.600	308	372	358	2.314E-42	163
A0A4D6Q9B0	A0A023GS29	33.100	286	372	369	3.144E-42	163
A0A4D6Q9B0	G9M9M5	31.300	308	372	359	4.273E-42	162
A0A4D6Q9B0	P31237	35.800	264	372	319	5.807E-42	162
A0A4D6Q9B0	A2WQ39	27.600	345	372	375	5.807E-42	162
A0A4D6Q9B0	Q04644	35.600	264	372	318	1.980E-41	160
A0A4D6Q9B0	Q9XJ43	30.000	316	372	343	1.980E-41	160
A0A4D6Q9B0	O48882	35.100	272	372	330	3.654E-41	160
A0A4D6Q9B0	Q9M547	31.400	290	372	334	3.654E-41	160
A0A4D6Q9B0	A2A1A0	34.500	289	372	352	3.654E-41	160
A0A4D6Q9B0	P07920	35.300	272	372	316	4.964E-41	159
A0A4D6Q9B0	Q08506	33.200	272	372	319	4.964E-41	159
A0A4D6Q9B0	O04395	32.000	292	372	291	6.744E-41	159
A0A4D6Q9B0	Q9FU53	35.200	264	372	373	1.244E-40	158
A0A4D6Q9B0	P19464	32.600	272	372	320	1.690E-40	158
A0A4D6Q9B0	Q39103	33.400	292	372	358	1.690E-40	158
A0A4D6Q9B0	A2Z1W9	33.700	289	372	322	2.296E-40	157
A0A4D6Q9B0	P24157	34.700	264	372	316	7.810E-40	156
A0A4D6Q9B0	Q08507	35.000	264	372	320	7.810E-40	156
A0A4D6Q9B0	P31528	33.500	272	372	321	1.060E-39	155
A0A4D6Q9B0	Q6AT12	32.100	308	372	384	1.060E-39	155
A0A4D6Q9B0	Q9LE86	33.900	263	372	357	1.440E-39	155
A0A4D6Q9B0	P05116	34.000	272	372	315	1.955E-39	154
A0A4D6Q9B0	Q08508	34.000	272	372	319	2.655E-39	154
A0A4D6Q9B0	P54847	32.200	274	372	320	2.655E-39	154
A0A4D6Q9B0	Q9FFQ4	33.500	274	372	325	3.604E-39	154
A0A4D6Q9B0	Q06588	33.200	272	372	323	6.642E-39	153
A0A4D6Q9B0	Q9SVS8	31.500	303	372	349	6.642E-39	153
A0A4D6Q9B0	Q00985	33.600	278	372	314	1.224E-38	152
A0A4D6Q9B0	P31239	35.100	247	372	317	4.153E-38	151
A0A4D6Q9B0	Q8S932	34.100	264	372	318	5.636E-38	150
A0A4D6Q9B0	Q43792	33.400	272	372	319	5.636E-38	150
A0A4D6Q9B0	Q0WPW4	33.500	272	372	307	1.038E-37	149
A0A4D6Q9B0	Q3I409	33.700	268	372	369	3.516E-37	148
A0A4D6Q9B0	Q3I410	33.300	271	372	370	3.516E-37	148
A0A4D6Q9B0	O24648	32.600	268	372	374	4.770E-37	147
A0A4D6Q9B0	Q9ZT84	33.500	253	372	347	8.777E-37	147
A0A4D6Q9B0	Q9FFQ5	29.400	308	372	308	1.191E-36	146
A0A4D6Q9B0	Q3I411	32.900	271	372	370	1.615E-36	146
A0A4D6Q9B0	P31238	32.900	276	372	327	4.027E-36	145
A0A4D6Q9B0	Q09052	33.800	273	372	320	1.361E-35	143
A0A4D6Q9B0	F4KAS1	30.000	266	372	279	2.501E-35	142
A0A4D6Q9B0	Q9C971	30.500	315	372	355	6.228E-35	141
A0A4D6Q9B0	Q39705	32.200	276	372	325	8.440E-35	141
A0A4D6Q9B0	Q9ZQZ1	34.300	256	372	318	1.144E-34	140
A0A4D6Q9B0	O04847	31.900	280	372	401	7.076E-34	138
A0A4D6Q9B0	Q41931	30.900	273	372	320	8.006E-33	135
A0A4D6Q9B0	O65378	30.200	264	372	320	1.987E-32	134
A0A4D6Q9B0	Q84TC2	32.600	256	372	374	1.987E-32	134
A0A4D6Q9B0	O49561	32.900	264	372	338	1.652E-31	131
A0A4D6Q9B0	Q7XR84	31.200	254	372	326	4.089E-31	130
A0A4D6Q9B0	Q9ZUN4	33.600	266	372	310	7.482E-31	129
A0A4D6Q9B0	F4K7D5	27.200	295	372	293	1.694E-28	122
A0A4D6Q9B0	Q9SQ80	27.700	282	372	327	3.090E-28	121
A0A4D6Q9B0	Q7XP65	30.500	299	372	358	7.607E-28	120
A0A4D6Q9B0	Q9XG83	27.400	273	372	332	1.234E-25	113
A0A4D6Q9B0	Q9C7Z1	28.700	296	372	321	2.241E-25	112
A0A4D6Q9B0	Q9XFR9	28.400	270	372	341	5.483E-25	111
A0A4D6Q9B0	Q8LGZ9	27.800	302	372	341	1.075E-23	107
A0A4D6Q9B0	Q9C6I4	28.200	257	372	336	1.446E-23	107
A0A4D6Q9B0	Q9XHM5	27.400	285	372	345	1.550E-22	104
A0A4D6Q9B0	A6BM06	25.400	305	372	368	2.802E-22	103
A0A4D6Q9B0	Q76NT9	25.400	305	372	368	2.802E-22	103
A0A4D6Q9B0	Q9FZ21	28.600	270	372	329	1.228E-21	101
A0A4D6Q9B0	Q8S0S6	29.400	262	372	327	2.216E-21	100
A0A4D6Q9B0	O64692	27.200	267	372	335	2.977E-21	100
A0A4D6Q9B0	A0A166YZY4	27.500	283	372	353	1.363E-19	94
A0A4D6Q9B0	A0A455ZMR3	26.200	293	372	349	4.402E-19	93
A0A4D6Q9B0	Q15JG7	27.100	294	372	365	4.694E-17	87
A0A4D6Q9B0	A0AA38GMP9	24.000	259	372	318	1.536E-14	79
A0A4D6Q9B0	A0A0C2SRU5	36.800	102	372	206	1.256E-06	53
P9WF02	Q55FN7	58.800	316	469	370	5.635E-119	391
P9WF02	P35738	57.300	328	469	390	5.035E-118	389
P9WF02	Q6P3A8	57.300	328	469	390	5.035E-118	389
P9WF02	P21839	57.300	328	469	392	1.287E-117	387
P9WF02	P21953	56.500	322	469	392	4.902E-115	380
P9WF02	Q9LDY2	60.500	312	469	358	1.216E-111	370
P9WF02	Q9SAV3	57.500	327	469	352	1.084E-110	367
P9WF02	Q5SLR3	51.400	313	469	324	1.984E-84	291
P9WF02	Q72GU2	51.100	313	469	324	2.381E-83	287
P9WF02	P09061	44.800	322	469	339	2.093E-82	285
P9WF02	P0A0A3	46.900	321	469	325	1.693E-78	273
P9WF02	Q6GHZ1	46.900	321	469	325	1.693E-78	273
P9WF02	P0A0A1	46.900	321	469	325	1.693E-78	273
P9WF02	P0A0A2	46.900	321	469	325	1.693E-78	273
P9WF02	Q6GAC0	46.900	321	469	325	1.693E-78	273
P9WF02	Q8CPN2	48.900	295	469	325	3.148E-78	273
P9WF02	Q5HQ75	48.900	295	469	325	3.148E-78	273
P9WF02	P35488	45.500	310	469	327	9.521E-77	268
P9WF02	P21874	48.300	295	469	325	8.326E-76	265
P9WF02	P21882	46.200	295	469	325	1.607E-73	259
P9WF02	P37941	45.300	299	469	327	4.066E-73	258
P9WF02	P47515	42.200	303	469	326	1.713E-69	247
P9WF02	P9WIS0	46.700	304	469	348	4.327E-69	246
P9WF02	P9WIS1	46.700	304	469	348	4.327E-69	246
P9WF02	P75391	42.200	312	469	327	8.023E-69	245
P9WF02	Q9R9N4	38.400	342	469	460	8.466E-63	227
P9WF02	Q4UKQ7	36.500	325	469	326	1.837E-59	217
P9WF02	Q92IS2	37.700	325	469	326	2.497E-59	217
P9WF02	Q9ZDR3	36.500	325	469	326	1.573E-58	214
P9WF02	Q68XA8	36.500	325	469	326	3.948E-58	213
P9WF02	Q6Z1G7	36.800	341	469	374	3.948E-58	213
P9WF02	Q38799	39.300	315	469	363	1.346E-57	212
P9WF02	Q6ABX8	41.400	309	469	337	1.828E-57	211
P9WF02	Q1RJX3	36.100	323	469	325	4.584E-57	210
P9WF02	Q7K5K3	39.300	324	469	365	4.584E-57	210
P9WF02	O66113	36.400	334	469	462	1.561E-56	209
P9WF02	P32473	36.800	323	469	366	5.311E-56	207
P9WF02	Q85FX1	38.100	302	469	326	1.806E-55	205
P9WF02	P11966	37.100	315	469	359	2.453E-55	205
P9WF02	P11177	37.300	315	469	359	3.330E-55	205
P9WF02	Q1XDM1	40.700	299	469	331	1.132E-54	203
P9WF02	P51266	40.300	299	469	331	3.843E-54	201
P9WF02	P86222	36.500	315	469	360	3.843E-54	201
P9WF02	Q9D051	36.300	315	469	359	9.611E-54	200
P9WF02	P49432	36.500	315	469	359	9.611E-54	200
P9WF02	Q6B8T1	39.400	299	469	323	1.770E-53	199
P9WF02	P52904	38.500	315	469	359	3.261E-53	199
P9WF02	G0RYE0	37.400	314	469	382	3.261E-53	199
P9WF02	O44451	37.500	310	469	352	4.425E-53	198
P9WF02	Q09171	36.800	311	469	366	3.165E-51	193
P9WF02	Q2QM55	37.000	299	469	391	6.650E-50	189
P9WF02	Q9C6Z3	36.000	319	469	406	2.245E-49	187
P9WF02	O64688	37.000	299	469	406	1.027E-48	185
P9WF02	Q8MA03	37.400	299	469	326	2.554E-48	184
P9WF02	Q32RS0	36.100	301	469	328	2.554E-48	184
P9WF02	P26269	34.800	315	469	361	5.313E-47	180
P9WF02	Q32RM2	36.000	299	469	325	2.419E-46	178
P9WF02	A2CI50	34.700	299	469	335	1.026E-43	170
P9WF02	Q9TLS3	34.600	301	469	327	1.876E-43	169
P9WF02	Q9MUR4	35.400	299	469	327	2.537E-43	169
P9WF02	B8FQ45	28.300	241	469	631	2.045E-19	95
P9WF02	Q24V05	28.300	241	469	631	2.045E-19	95
P9WF02	Q74FC3	25.300	241	469	637	8.291E-18	90
P9WF02	Q6AJQ1	28.200	235	469	645	1.102E-17	90
P9WF02	B8D2I3	24.500	233	469	636	8.032E-17	87
P9WF02	Q7NP63	29.100	232	469	638	1.066E-16	87
P9WF02	Q67NB6	27.500	226	469	648	1.880E-16	86
P9WF02	Q2RIB9	29.600	225	469	640	2.495E-16	85
P9WF02	Q3AAN0	28.600	226	469	622	3.312E-16	85
P9WF02	B8HWL8	29.400	279	469	632	4.395E-16	85
P9WF02	O67036	25.000	298	469	628	1.363E-15	83
P9WF02	B1I3J6	25.700	240	469	634	1.808E-15	83
P9WF02	B0TEJ5	24.100	283	469	647	1.808E-15	83
P9WF02	Q8YZ80	26.500	351	469	635	7.424E-15	81
P9WF02	Q3M4F6	26.500	351	469	635	9.845E-15	80
P9WF02	C0ZC10	26.200	226	469	628	2.295E-14	79
P9WF02	Q8GAA0	27.500	224	469	636	3.043E-14	79
P9WF02	Q9R6S7	27.500	224	469	636	3.043E-14	79
P9WF02	Q3AJP8	25.900	226	469	643	3.043E-14	79
P9WF02	Q3AXZ4	26.400	250	469	643	4.034E-14	78
P9WF02	B9L1L6	26.600	226	469	629	5.347E-14	78
P9WF02	B2J5P1	26.300	272	469	635	5.347E-14	78
P9WF02	B7JVJ6	24.700	294	469	636	5.347E-14	78
P9WF02	Q47BJ0	25.200	247	469	618	7.088E-14	78
P9WF02	Q10ZY2	26.000	250	469	635	9.394E-14	77
P9WF02	B1WWM7	23.500	341	469	636	9.394E-14	77
P9WF02	Q2IPZ2	27.500	223	469	636	1.245E-13	77
P9WF02	B1XKC5	24.500	269	469	638	1.245E-13	77
P9WF02	Q8DL74	27.400	225	469	638	1.245E-13	77
P9WF02	Q82VD3	25.500	226	469	614	1.650E-13	76
P9WF02	A4IQR7	24.800	226	469	630	1.650E-13	76
P9WF02	Q2YCH7	26.400	226	469	614	2.187E-13	76
P9WF02	C5D467	23.700	226	469	630	2.187E-13	76
P9WF02	A5D2Z6	25.100	235	469	637	2.898E-13	76
P9WF02	B7KAF7	25.500	264	469	635	3.839E-13	75
P9WF02	B4UHF5	27.500	223	469	636	3.839E-13	75
P9WF02	B8JFY1	27.500	223	469	636	6.739E-13	74
P9WF02	Q1GQK9	26.600	296	469	642	6.739E-13	74
P9WF02	Q2LUA7	23.400	233	469	650	6.739E-13	74
P9WF02	Q75TB7	26.300	226	469	628	8.928E-13	74
P9WF02	B0C8J3	24.400	356	469	635	8.928E-13	74
P9WF02	Q0AFY6	25.500	226	469	614	1.183E-12	74
P9WF02	Q2JK64	25.600	305	469	648	1.567E-12	73
P9WF02	Q8A0C2	25.100	225	469	647	3.640E-12	72
P9WF02	Q64Y02	25.300	226	469	648	3.640E-12	72
P9WF02	Q5LH44	25.300	226	469	648	3.640E-12	72
P9WF02	Q2JTX2	26.500	230	469	649	3.640E-12	72
P9WF02	B6YRV5	26.900	225	469	632	6.385E-12	71
P9WF02	Q99MX0	24.400	285	469	595	1.482E-11	70
P9WF02	A2BWN6	22.500	312	469	631	6.029E-11	68
P9WF02	Q13RX1	28.300	223	469	635	6.029E-11	68
P9WF02	Q7V1G6	23.100	312	469	637	6.029E-11	68
P9WF02	Q97HD5	24.700	222	469	619	7.980E-11	68
P9WF02	A6LFB9	23.600	253	469	632	7.980E-11	68
P9WF02	C1DAW8	24.200	287	469	622	1.056E-10	67
P9WF02	Q2GC13	26.400	294	469	640	1.398E-10	67
P9WF02	A6VKQ3	24.500	232	469	311	1.850E-10	66
P9WF02	Q0C154	27.400	215	469	640	1.850E-10	66
P9WF02	Q2N6U5	26.100	296	469	640	1.850E-10	66
P9WF02	A6L175	24.600	226	469	632	3.241E-10	66
P9WF02	Q2IRL7	22.600	250	469	638	5.675E-10	65
P9WF02	B1Y2X5	25.600	231	469	639	5.675E-10	65
P9WF02	B8E247	20.900	227	469	618	7.510E-10	64
P9WF02	A9M1G3	27.400	226	469	635	7.510E-10	64
P9WF02	Q5FAI2	26.800	226	469	637	9.937E-10	64
P9WF02	Q9JXV7	26.800	226	469	637	1.315E-09	64
P9WF02	A8G4R9	23.500	257	469	629	1.740E-09	63
P9WF02	Q7VNP7	24.100	229	469	617	2.301E-09	63
P9WF02	Q0ARE5	25.500	226	469	643	2.301E-09	63
P9WF02	Q31AZ2	23.800	250	469	629	3.045E-09	63
P9WF02	Q9JW13	26.100	226	469	637	3.045E-09	63
P9WF02	Q1GZD7	24.500	231	469	614	9.324E-09	61
P9WF02	Q8RAC5	22.800	226	469	622	9.324E-09	61
P9WF02	A1KS32	25.900	226	469	637	1.233E-08	61
P9WF02	Q7VIJ7	27.200	215	469	629	1.631E-08	60
P9WF02	Q5YTA2	26.000	231	469	631	1.526E-07	57
P9WF02	Q11NY7	22.700	226	469	636	1.526E-07	57
P9WF02	C4K6M7	22.200	285	469	622	2.018E-07	57
P9WF02	C1F3C4	23.200	249	469	627	2.018E-07	57
P9WF02	A0A803PDZ0	23.600	223	469	713	2.489E-06	53
P9WF02	A4TCS5	24.300	231	469	637	3.290E-06	53
P9WF02	Q73W57	25.100	231	469	641	3.290E-06	53
P9WF02	A0QIL6	25.100	231	469	641	3.290E-06	53
P9WF02	A1T7Z0	24.500	231	469	637	7.598E-06	51
P9WF02	A0PT40	24.600	231	469	637	1.754E-05	50
P9WF02	Q5FUB1	24.500	218	469	660	7.070E-05	48
P9WF02	Q6MDK6	22.300	253	469	635	9.342E-05	48
P9WF02	Q9Z6J9	23.000	151	469	644	4.971E-04	46
A0A348B790	W4JX79	52.500	336	348	345	9.887E-114	370
A0A348B790	P0DL13	51.600	325	348	345	9.936E-108	353
A0A348B790	A0A0D2L718	44.000	319	348	327	3.762E-90	302
A0A348B790	A0A8H7XQ49	42.000	331	348	364	1.952E-84	285
A0A348B790	A0A8H8CFI5	42.100	335	348	364	6.833E-84	284
A0A348B790	A0A8H7XP09	41.500	332	348	361	2.619E-81	276
A0A348B790	A0A8H7XMX0	36.000	322	348	344	1.981E-65	230
A0A348B790	A0A348B779	35.500	330	348	338	6.556E-57	205
A0A348B790	A8NE23	33.800	328	348	425	4.693E-52	191
A0A348B790	B8PD44	33.200	331	348	336	4.905E-50	185
A0A348B790	A8NU13	30.200	321	348	345	1.396E-39	154
A0A348B790	A0A0C3FBR2	30.100	334	348	345	2.982E-36	144
A0A348B790	A0A0C9VD04	28.700	333	348	347	4.678E-35	141
A0A348B790	S0DX56	29.300	320	348	357	5.385E-34	138
A0A348B790	A0A1B4XBG5	28.300	332	348	367	2.849E-27	117
A0A348B790	B2J4A4	26.500	300	348	323	7.055E-24	107
A0A348B790	A7NH01	26.200	300	348	326	5.721E-23	104
A0A348B790	C7PLV2	24.000	310	348	321	1.039E-22	104
A0A348B790	A0A1L7VZE7	26.000	345	348	401	2.044E-21	100
A0A348B790	Q82IY4	26.300	303	348	336	7.188E-20	95
A0A348B790	B5H7H3	24.500	309	348	372	4.475E-18	89
A0A348B790	E3VWJ0	25.600	300	348	337	4.690E-17	86
A0A348B790	Q55012	24.800	300	348	337	1.566E-15	81
A0A348B790	D2B747	23.500	297	348	330	1.223E-13	76
A0A348B790	D9XD61	22.000	313	348	343	6.944E-12	70
A0A348B790	E8W6C7	23.100	308	348	356	1.645E-11	69
A0A348B790	F0ZLU4	26.100	262	348	377	9.055E-10	63
A0A348B790	A0A1G9UQQ0	22.300	351	348	363	1.602E-09	63
A0A348B790	A0A151ZEA6	22.500	278	348	353	1.142E-07	57
A0A348B790	A0A385AJM2	22.400	263	348	332	4.527E-06	51
A0A348B790	Q7KWU0	22.300	268	348	349	6.004E-06	51
A0A348B790	F4Q7D4	23.300	197	348	338	1.401E-05	50
A0A348B790	D5SK09	23.900	227	348	321	1.857E-05	49
A0A348B790	A0A385AJM4	23.000	193	348	324	3.265E-05	49
A0A5P8DI07	A0A1W6QDI7	98.300	591	597	626	0.000E+00	1178
A0A5P8DI07	C8XPS0	77.800	595	597	595	3.191E-303	931
A0A5P8DI07	A0A2K9RFZ2	70.600	586	597	589	2.950E-271	839
A0A5P8DI07	A0A075FBG7	67.200	587	597	580	4.680E-257	798
A0A5P8DI07	G8GJ94	59.900	575	597	575	1.138E-216	681
A0A5P8DI07	G3CCC1	38.100	508	597	792	4.485E-110	371
A0A5P8DI07	B8XA41	38.400	499	597	777	4.928E-106	359
A0A5P8DI07	C1K5M3	38.800	499	597	778	8.018E-105	356
A0A5P8DI07	B9SIL7	36.700	551	597	778	1.490E-104	355
A0A5P8DI07	B9SIM3	36.700	510	597	774	2.994E-100	342
A0A5P8DI07	B9SIM2	35.900	531	597	778	7.576E-100	341
A0A5P8DI07	Q0JA81	36.100	524	597	819	4.223E-98	336
A0A5P8DI07	Q0JA82	35.800	544	597	756	5.407E-91	315
A0A5P8DI07	B9T625	36.900	518	597	738	5.505E-89	309
A0A5P8DI07	Q0JEZ8	34.000	524	597	842	1.197E-87	305
A0A5P8DI07	Q66QH3	34.000	524	597	840	2.216E-87	304
A0A5P8DI07	A0A5P8DI06	32.100	551	597	797	1.911E-86	302
A0A5P8DI07	Q2QQJ5	34.600	532	597	815	3.045E-85	298
A0A5P8DI07	H6VLG5	31.800	563	597	811	5.633E-85	297
A0A5P8DI07	Q9SAK2	34.900	522	597	785	7.661E-85	297
A0A5P8DI07	A0A1Z3GC64	31.900	551	597	794	7.661E-85	297
A0A5P8DI07	A0A1Z3GBK8	31.600	552	597	806	1.417E-84	296
A0A5P8DI07	Q39548	34.700	531	597	789	3.563E-84	295
A0A5P8DI07	Q0E088	34.200	524	597	829	1.933E-82	290
A0A5P8DI07	Q84ZW8	33.800	503	597	590	2.628E-82	289
A0A5P8DI07	A0A075FBT3	32.400	552	597	756	2.628E-82	289
A0A5P8DI07	Q9XEI0	33.000	529	597	784	4.162E-81	286
A0A5P8DI07	Q9XEH9	33.300	529	597	784	4.843E-80	283
A0A5P8DI07	A0A1D6KUI6	33.200	513	597	848	6.525E-78	276
A0A5P8DI07	A4KAG7	31.300	536	597	821	1.161E-73	264
A0A5P8DI07	A4KAG8	31.200	539	597	821	3.938E-73	262
A0A5P8DI07	Q1AHB2	33.300	537	597	816	2.819E-71	257
A0A5P8DI07	Q6Z5J6	30.900	536	597	821	3.824E-71	256
A0A5P8DI07	Q6BDZ9	31.400	543	597	822	1.127E-64	237
A0A5P8DI07	H8ZM73	29.000	563	597	867	5.855E-51	196
A0A5P8DI07	G1DGI7	27.300	528	597	750	1.431E-50	194
A0A5P8DI07	A5A8G0	29.000	508	597	881	1.548E-49	191
A0A5P8DI07	Q9M7D1	29.800	525	597	630	2.245E-48	188
A0A5P8DI07	H8ZM71	28.000	565	597	852	5.467E-48	186
A0A5P8DI07	M4HXW5	30.400	512	597	876	9.893E-48	186
A0A5P8DI07	J9R388	29.900	473	597	740	1.790E-47	185
A0A5P8DI07	M4HYP3	30.400	512	597	876	3.237E-47	184
A0A5P8DI07	J9QS23	30.000	472	597	739	1.058E-46	183
A0A5P8DI07	F2XFA6	28.200	533	597	627	8.386E-46	180
A0A5P8DI07	Q947C4	26.800	514	597	873	2.733E-45	178
A0A5P8DI07	F2XFB2	27.700	565	597	859	4.931E-45	177
A0A5P8DI07	Q4QSN4	26.700	520	597	815	8.895E-45	177
A0A5P8DI07	A0A1L6Z3A5	26.800	566	597	814	1.195E-44	176
A0A5P8DI07	Q675L4	27.500	565	597	859	2.154E-44	175
A0A5P8DI07	Q675L5	28.100	565	597	867	5.213E-44	174
A0A5P8DI07	H8ZM70	27.600	564	597	844	9.393E-44	173
A0A5P8DI07	R9QMY8	27.900	530	597	619	1.261E-43	173
A0A5P8DI07	Q38710	27.300	564	597	868	3.047E-43	172
A0A5P8DI07	Q50EK2	26.700	565	597	850	5.485E-43	171
A0A5P8DI07	M4HXU6	26.700	565	597	857	1.324E-42	170
A0A5P8DI07	M4HY05	26.700	565	597	857	1.324E-42	170
A0A5P8DI07	M4HYC6	27.200	512	597	850	2.382E-42	169
A0A5P8DI07	R9QMR5	25.800	530	597	626	1.384E-41	167
A0A5P8DI07	Q84KL3	27.300	511	597	628	1.384E-41	167
A0A5P8DI07	R9QMW7	27.200	530	597	621	1.855E-41	166
A0A5P8DI07	R9QMR4	27.000	530	597	621	2.487E-41	166
A0A5P8DI07	R9QMY9	26.400	530	597	629	5.985E-41	165
A0A5P8DI07	R9QMR1	27.200	524	597	628	1.074E-40	164
A0A5P8DI07	R9QMW2	27.000	524	597	628	1.074E-40	164
A0A5P8DI07	R9QMR3	26.500	530	597	629	3.460E-40	162
A0A5P8DI07	A0AA38CJ97	25.800	515	597	817	1.113E-39	161
A0A5P8DI07	R9QMZ0	24.900	530	597	616	1.490E-39	160
A0A5P8DI07	R9QMW3	26.900	530	597	624	1.490E-39	160
A0A5P8DI07	C0PPR1	27.200	531	597	626	1.994E-39	160
A0A5P8DI07	O22340	26.200	531	597	637	2.670E-39	160
A0A5P8DI07	F2XF98	28.000	460	597	612	1.534E-38	157
A0A5P8DI07	Q84SM8	26.000	524	597	627	1.534E-38	157
A0A5P8DI07	M4HY08	26.900	565	597	868	1.534E-38	157
A0A5P8DI07	F2XFA2	28.000	460	597	612	2.052E-38	157
A0A5P8DI07	C7ASI9	26.900	511	597	627	2.052E-38	157
A0A5P8DI07	Q20HU7	26.300	535	597	634	2.052E-38	157
A0A5P8DI07	C0PT35	26.000	530	597	612	2.745E-38	156
A0A5P8DI07	O24474	27.700	498	597	627	2.745E-38	156
A0A5P8DI07	F1CKI6	26.900	511	597	627	3.672E-38	156
A0A5P8DI07	Q9M7D0	29.700	441	597	630	3.672E-38	156
A0A5P8DI07	A0A1L6Z3A0	25.700	544	597	846	4.911E-38	156
A0A5P8DI07	Q93YA3	24.800	531	597	862	4.911E-38	156
A0A5P8DI07	F1CKI9	25.500	524	597	627	8.784E-38	155
A0A5P8DI07	Q41594	24.600	530	597	862	8.784E-38	155
A0A5P8DI07	Q9M7C9	26.600	531	597	637	1.571E-37	154
A0A5P8DI07	M4HYC8	26.300	565	597	868	1.571E-37	154
A0A5P8DI07	Q9FT37	25.000	530	597	862	2.100E-37	154
A0A5P8DI07	F2XF95	25.200	530	597	627	2.807E-37	153
A0A5P8DI07	F2XF99	27.900	528	597	580	3.753E-37	153
A0A5P8DI07	F2XF96	25.200	530	597	627	3.753E-37	153
A0A5P8DI07	R9QMR0	27.300	498	597	628	6.705E-37	152
A0A5P8DI07	Q20HU6	28.200	510	597	575	1.600E-36	151
A0A5P8DI07	Q948Z0	26.000	530	597	618	1.600E-36	151
A0A5P8DI07	Q94G53	25.900	520	597	582	2.138E-36	151
A0A5P8DI07	F1CKI8	25.300	528	597	627	2.138E-36	151
A0A5P8DI07	F1CKJ1	26.100	528	597	627	2.138E-36	151
A0A5P8DI07	R9QMQ9	28.100	430	597	627	6.807E-36	149
A0A5P8DI07	F2XFA8	24.800	530	597	627	6.807E-36	149
A0A5P8DI07	Q6XDB5	26.500	460	597	627	1.214E-35	148
A0A5P8DI07	Q672F7	29.100	512	597	595	2.165E-35	147
A0A5P8DI07	R9QMW1	25.600	511	597	623	2.890E-35	147
A0A5P8DI07	R4YXW8	25.700	529	597	572	5.150E-35	146
A0A5P8DI07	R9QMW4	29.000	389	597	626	6.874E-35	146
A0A5P8DI07	F2XFA1	26.000	461	597	624	1.224E-34	145
A0A5P8DI07	F2XFA4	26.000	461	597	624	1.224E-34	145
A0A5P8DI07	C0PTH8	26.000	461	597	624	1.634E-34	145
A0A5P8DI07	Q50L36	26.200	509	597	595	2.908E-34	144
A0A5P8DI07	Q7XAS7	26.200	509	597	595	3.880E-34	143
A0A5P8DI07	Q8GUE4	27.700	498	597	603	3.880E-34	143
A0A5P8DI07	J7LQ09	27.100	500	597	542	5.176E-34	143
A0A5P8DI07	Q84KL4	25.800	528	597	627	6.903E-34	143
A0A5P8DI07	Q6PWU2	28.400	496	597	590	9.207E-34	142
A0A5P8DI07	Q5SBP3	29.100	419	597	574	1.637E-33	141
A0A5P8DI07	Q9AR86	26.000	509	597	595	1.637E-33	141
A0A5P8DI07	R4YZC3	27.000	503	597	596	1.637E-33	141
A0A5P8DI07	Q93X23	27.300	499	597	597	1.637E-33	141
A0A5P8DI07	R9QMW8	25.400	528	597	626	1.637E-33	141
A0A5P8DI07	G0Y7D3	29.400	400	597	580	2.911E-33	141
A0A5P8DI07	R9QMR6	25.200	528	597	626	2.911E-33	141
A0A5P8DI07	O64404	27.700	507	597	581	5.173E-33	140
A0A5P8DI07	Q84KL5	26.900	465	597	574	6.896E-33	139
A0A5P8DI07	Q8L5K4	25.300	496	597	600	2.175E-32	138
A0A5P8DI07	G1JUH1	25.400	501	597	607	2.175E-32	138
A0A5P8DI07	A0A1V0QSH1	25.700	540	597	594	3.861E-32	137
A0A5P8DI07	I7GPX8	28.100	453	597	595	3.861E-32	137
A0A5P8DI07	G0Y7D1	25.900	496	597	582	1.215E-31	136
A0A5P8DI07	Q9SPN0	26.300	522	597	567	2.155E-31	135
A0A5P8DI07	Q9SPN1	27.200	496	597	583	9.012E-31	133
A0A5P8DI07	P0CV96	27.500	500	597	580	1.596E-30	132
A0A5P8DI07	Q5UB07	26.500	496	597	580	2.124E-30	132
A0A5P8DI07	A0A4Y5QWK5	25.700	507	597	633	2.124E-30	132
A0A5P8DI07	A0A1V0E492	26.300	498	597	559	3.761E-30	131
A0A5P8DI07	A0A1V0QSF8	25.700	506	597	632	3.761E-30	131
A0A5P8DI07	F2XFA0	28.300	410	597	578	5.003E-30	130
A0A5P8DI07	C0PPM5	28.200	409	597	579	8.854E-30	130
A0A5P8DI07	A0A1V0QSG1	27.600	429	597	640	8.854E-30	130
A0A5P8DI07	Q93YV0	21.700	501	597	877	2.083E-29	128
A0A5P8DI07	Q9LRZ6	24.300	498	597	598	2.770E-29	128
A0A5P8DI07	P59287	24.000	519	597	601	2.770E-29	128
A0A5P8DI07	Q675L0	28.400	410	597	578	3.683E-29	128
A0A5P8DI07	A7IZZ2	25.700	511	597	615	3.683E-29	128
A0A5P8DI07	A0A1V0QSH2	25.700	511	597	561	4.896E-29	127
A0A5P8DI07	P0CV95	26.200	500	597	578	4.896E-29	127
A0A5P8DI07	Q2XSC4	26.600	531	597	538	6.510E-29	127
A0A5P8DI07	J7LH11	25.600	498	597	546	6.510E-29	127
A0A5P8DI07	B3TPQ7	27.100	498	597	592	6.510E-29	127
A0A5P8DI07	P0DI76	27.200	400	597	600	8.654E-29	126
A0A5P8DI07	P0DI77	27.200	400	597	600	8.654E-29	126
A0A5P8DI07	B6SCF4	24.500	545	597	613	8.654E-29	126
A0A5P8DI07	O23945	26.400	499	597	556	1.529E-28	126
A0A5P8DI07	A0A7G5KLV3	26.400	413	597	586	1.529E-28	126
A0A5P8DI07	U5PZT6	26.600	498	597	591	2.032E-28	125
A0A5P8DI07	A0A1C9J6A7	24.200	524	597	607	2.700E-28	125
A0A5P8DI07	Q94JS8	26.900	511	597	560	3.588E-28	124
A0A5P8DI07	P0CV94	26.600	500	597	519	4.768E-28	124
A0A5P8DI07	A5Y5L5	25.900	476	597	610	8.416E-28	123
A0A5P8DI07	Q4JHG3	26.200	495	597	603	1.118E-27	123
A0A5P8DI07	Q2NM15	24.500	500	597	533	1.973E-27	122
A0A5P8DI07	G5CV52	24.600	496	597	554	1.973E-27	122
A0A5P8DI07	Q308N0	26.000	495	597	603	1.973E-27	122
A0A5P8DI07	C7E5V7	24.700	500	597	534	2.620E-27	122
A0A5P8DI07	Q9ZUH4	25.100	497	597	591	2.620E-27	122
A0A5P8DI07	Q0VHD6	24.100	492	597	550	4.620E-27	121
A0A5P8DI07	E2E2N5	26.000	503	597	554	6.135E-27	121
A0A5P8DI07	Q8L5K3	24.500	498	597	606	6.135E-27	121
A0A5P8DI07	C7E5V9	24.300	500	597	533	1.906E-26	119
A0A5P8DI07	Q8H2B4	25.400	425	597	606	1.906E-26	119
A0A5P8DI07	Q39761	25.800	511	597	554	2.530E-26	119
A0A5P8DI07	Q9XJ32	24.700	438	597	556	2.530E-26	119
A0A5P8DI07	Q6Q3H3	28.500	453	597	557	2.530E-26	119
A0A5P8DI07	B9S9Z3	25.300	577	597	558	3.358E-26	118
A0A5P8DI07	C7E5V8	24.300	500	597	533	4.457E-26	118
A0A5P8DI07	J9RLZ7	25.300	496	597	563	4.457E-26	118
A0A5P8DI07	L0HB77	26.800	351	597	597	4.457E-26	118
A0A5P8DI07	Q39978	25.900	403	597	555	5.915E-26	117
A0A5P8DI07	E2E2N3	25.600	425	597	595	5.915E-26	117
A0A5P8DI07	E2E2N4	25.700	503	597	554	7.849E-26	117
A0A5P8DI07	O49853	24.500	511	597	554	7.849E-26	117
A0A5P8DI07	A4FVP2	26.100	400	597	565	7.849E-26	117
A0A5P8DI07	A0A7G5KLV0	26.600	480	597	590	1.041E-25	117
A0A5P8DI07	C0KWV4	25.600	495	597	603	1.041E-25	117
A0A5P8DI07	G9MAN7	24.900	514	597	867	1.041E-25	117
A0A5P8DI07	Q49SP4	25.300	502	597	545	1.382E-25	116
A0A5P8DI07	Q40577	27.000	444	597	548	1.833E-25	116
A0A5P8DI07	Q49SP6	25.100	509	597	554	1.833E-25	116
A0A5P8DI07	A0A7J6HK32	25.200	481	597	556	1.833E-25	116
A0A5P8DI07	Q5SBP4	24.300	519	597	541	2.432E-25	115
A0A5P8DI07	P93665	24.700	511	597	554	2.432E-25	115
A0A5P8DI07	O65323	24.600	488	597	559	2.432E-25	115
A0A5P8DI07	B2KSJ6	23.300	510	597	560	2.432E-25	115
A0A5P8DI07	A6XH05	26.200	501	597	591	4.280E-25	115
A0A5P8DI07	Q84LF0	26.600	409	597	548	5.677E-25	114
A0A5P8DI07	B3TPQ6	26.100	498	597	550	5.677E-25	114
A0A5P8DI07	G5CV46	25.100	403	597	555	5.677E-25	114
A0A5P8DI07	D0VMR6	23.400	500	597	547	7.530E-25	114
A0A5P8DI07	Q39760	24.000	511	597	554	7.530E-25	114
A0A5P8DI07	C7E5W0	23.700	500	597	533	9.986E-25	113
A0A5P8DI07	Q49SP5	26.500	443	597	554	9.986E-25	113
A0A5P8DI07	Q43714	24.300	505	597	555	9.986E-25	113
A0A5P8DI07	D0VMR8	23.100	500	597	547	1.324E-24	113
A0A5P8DI07	A7IZZ1	27.300	402	597	623	1.324E-24	113
A0A5P8DI07	L0HAM7	25.700	351	597	603	1.756E-24	113
A0A5P8DI07	Q84LG0	26.800	403	597	548	2.329E-24	112
A0A5P8DI07	Q84LF1	26.400	409	597	548	3.088E-24	112
A0A5P8DI07	O81191	28.000	434	597	591	4.094E-24	111
A0A5P8DI07	G3E4M4	28.800	361	597	794	5.427E-24	111
A0A5P8DI07	A0A1W6QDJ1	26.800	405	597	796	5.427E-24	111
A0A5P8DI07	H2ELN1	25.600	476	597	522	7.194E-24	111
A0A5P8DI07	Q5SBP6	26.600	394	597	546	7.194E-24	111
A0A5P8DI07	Q49SP3	24.100	502	597	552	7.194E-24	111
A0A5P8DI07	A0A6P6W6H5	24.800	427	597	606	9.537E-24	110
A0A5P8DI07	D0VMR7	22.800	500	597	547	2.221E-23	109
A0A5P8DI07	A0A7G5KLV1	28.100	403	597	561	2.221E-23	109
A0A5P8DI07	A0A1X9IRQ7	30.600	300	597	798	2.221E-23	109
A0A5P8DI07	Q38802	27.500	407	597	802	2.221E-23	109
A0A5P8DI07	I1M2G5	25.400	421	597	534	2.943E-23	109
A0A5P8DI07	J9R5V4	27.400	370	597	562	2.943E-23	109
A0A5P8DI07	E3W204	23.600	527	597	569	2.943E-23	109
A0A5P8DI07	W6HUT3	28.000	372	597	593	2.943E-23	109
A0A5P8DI07	E2E2N8	25.100	401	597	563	3.900E-23	108
A0A5P8DI07	E3W202	24.100	527	597	569	3.900E-23	108
A0A5P8DI07	P0CJ43	24.800	400	597	589	3.900E-23	108
A0A5P8DI07	Q2XSC6	24.300	495	597	602	6.848E-23	108
A0A5P8DI07	B6SCF5	24.600	503	597	563	9.073E-23	107
A0A5P8DI07	A0A4Y5QZ62	26.000	389	597	554	2.110E-22	106
A0A5P8DI07	B8PQ84	30.300	300	597	793	2.110E-22	106
A0A5P8DI07	I6RAQ6	24.700	500	597	547	2.795E-22	106
A0A5P8DI07	Q9FQ27	24.500	500	597	544	3.702E-22	105
A0A5P8DI07	E3W203	23.600	527	597	569	3.702E-22	105
A0A5P8DI07	A0A0U3LQ20	28.200	344	597	793	3.702E-22	105
A0A5P8DI07	Q41771	31.600	363	597	824	3.702E-22	105
A0A5P8DI07	G8H5M8	23.300	490	597	545	6.495E-22	104
A0A5P8DI07	B6SCF6	25.700	434	597	563	6.495E-22	104
A0A5P8DI07	A0A0U2D9C5	27.700	359	597	776	6.495E-22	104
A0A5P8DI07	A0A4Y5QVX6	24.800	479	597	551	8.602E-22	104
A0A5P8DI07	G8H5M7	24.300	500	597	544	1.139E-21	104
A0A5P8DI07	A0A1W6GW32	24.800	486	597	546	1.139E-21	104
A0A5P8DI07	A0A1V0QSF3	26.300	430	597	551	1.139E-21	104
A0A5P8DI07	A0A075FA51	30.200	293	597	785	1.139E-21	104
A0A5P8DI07	O64961	24.300	500	597	548	1.509E-21	103
A0A5P8DI07	F8UL81	24.500	500	597	548	1.509E-21	103
A0A5P8DI07	W0FFD7	23.600	500	597	559	1.509E-21	103
A0A5P8DI07	C5YHI2	23.900	500	597	545	1.998E-21	103
A0A5P8DI07	A0A1W6GW18	25.200	486	597	546	1.998E-21	103
A0A5P8DI07	E2E2N7	23.500	496	597	555	1.998E-21	103
A0A5P8DI07	Q9FXY7	24.900	498	597	577	1.998E-21	103
A0A5P8DI07	D5KXD2	22.700	500	597	548	2.645E-21	102
A0A5P8DI07	E2IHE0	27.400	397	597	808	2.645E-21	102
A0A5P8DI07	A0A4Y5QWA6	25.500	389	597	554	3.502E-21	102
A0A5P8DI07	E2E2P1	24.600	351	597	601	3.502E-21	102
A0A5P8DI07	G8GJ96	29.500	283	597	784	3.502E-21	102
A0A5P8DI07	A0A1V0QSF6	24.400	500	597	551	4.637E-21	102
A0A5P8DI07	K4L9M2	24.600	540	597	561	6.140E-21	101
A0A5P8DI07	Q5SBP7	26.700	351	597	550	8.128E-21	101
A0A5P8DI07	B5A434	24.700	439	597	576	8.128E-21	101
A0A5P8DI07	Q29VN2	24.800	494	597	581	1.076E-20	100
A0A5P8DI07	A0A1S5RW73	28.700	362	597	787	1.076E-20	100
A0A5P8DI07	O04408	27.000	395	597	801	1.076E-20	100
A0A5P8DI07	U3LVZ7	25.000	505	597	548	1.424E-20	100
A0A5P8DI07	Q6JD70	24.100	517	597	554	1.424E-20	100
A0A5P8DI07	H9L9E5	24.500	500	597	556	1.424E-20	100
A0A5P8DI07	G8GJ95	29.200	283	597	785	1.424E-20	100
A0A5P8DI07	A0A2K9RG07	26.700	363	597	800	1.424E-20	100
A0A5P8DI07	G3CCC0	26.900	361	597	802	1.424E-20	100
A0A5P8DI07	A0A0M5L832	27.100	354	597	815	1.424E-20	100
A0A5P8DI07	K4LMW2	28.900	272	597	561	1.886E-20	100
A0A5P8DI07	G3E4M6	31.400	287	597	710	1.886E-20	100
A0A5P8DI07	B2KSJ5	25.800	403	597	571	2.496E-20	99
A0A5P8DI07	F6M8I0	25.300	439	597	576	2.496E-20	99
A0A5P8DI07	A0A0M4M0T9	26.800	354	597	815	3.304E-20	99
A0A5P8DI07	Q9LLR9	23.200	410	597	547	1.013E-19	97
A0A5P8DI07	A0A1X9ISN9	31.100	287	597	664	1.341E-19	97
A0A5P8DI07	Q6JD73	24.400	517	597	554	1.775E-19	96
A0A5P8DI07	G8H5N1	24.400	500	597	554	2.348E-19	96
A0A5P8DI07	A0A1D6K6U5	29.700	358	597	825	2.348E-19	96
A0A5P8DI07	G8H5M9	24.600	500	597	554	3.107E-19	96
A0A5P8DI07	Q84ND0	23.700	435	597	581	4.111E-19	95
A0A5P8DI07	Q84NC9	23.700	435	597	584	4.111E-19	95
A0A5P8DI07	A0A4Y5L9K3	22.700	500	597	571	5.439E-19	95
A0A5P8DI07	A0A2K9RFZ7	26.000	358	597	798	5.439E-19	95
A0A5P8DI07	R4JQT5	25.800	350	597	597	9.520E-19	94
A0A5P8DI07	A0A1V0QSG6	23.700	498	597	567	1.259E-18	94
A0A5P8DI07	Q0JF02	29.400	334	597	767	1.259E-18	94
A0A5P8DI07	E2E2P0	25.000	350	597	594	1.666E-18	93
A0A5P8DI07	O81193	23.100	495	597	590	2.204E-18	93
A0A5P8DI07	R4JND9	25.200	350	597	597	2.204E-18	93
A0A5P8DI07	G5CV54	23.100	495	597	568	3.856E-18	92
A0A5P8DI07	Q6ET36	30.100	289	597	867	6.745E-18	91
A0A5P8DI07	Q6ZH94	25.900	366	597	595	1.560E-17	90
A0A5P8DI07	A0A0M3Q1Q3	25.200	350	597	542	2.728E-17	89
A0A5P8DI07	A0A1L2D3T3	21.000	502	597	563	2.728E-17	89
A0A5P8DI07	A0A075FAK4	26.100	325	597	776	2.728E-17	89
A0A5P8DI07	O81192	25.000	495	597	598	4.770E-17	89
A0A5P8DI07	A0A2R4QKX7	24.900	367	597	561	3.368E-16	86
A0A5P8DI07	Q84UV0	23.800	501	597	569	5.886E-16	85
A0A5P8DI07	Q6Z5I0	29.500	274	597	800	9.575E-15	81
A0A5P8DI07	Q5MQ85	29.500	274	597	800	9.575E-15	81
A0A5P8DI07	Q9T0K1	21.700	496	597	554	5.793E-12	72
A0A5P8DI07	Q39980	22.700	319	597	350	1.335E-11	71
A0A5P8DI07	A0A1X9IRP7	24.000	280	597	419	1.390E-08	61
P0DPS4	P31854	79.500	122	120	138	1.022E-69	230
P0DPS4	P21789	77.900	118	120	120	8.121E-64	213
P0DPS4	P24293	75.400	121	120	121	8.121E-64	213
P0DPS4	F8QN53	72.100	121	120	137	2.396E-61	206
P0DPS4	P14420	72.100	122	120	122	3.002E-60	203
P0DPS4	P34180	72.900	121	120	137	3.002E-60	203
P0DPS4	Q10755	71.300	122	120	122	5.647E-60	202
P0DPS4	Q8JFG0	71.300	122	120	138	7.745E-60	202
P0DPS4	Q1RP79	71.300	122	120	138	7.745E-60	202
P0DPS4	Q9YGJ7	72.900	121	120	137	1.999E-59	201
P0DPS4	Q1RP78	70.400	122	120	138	1.999E-59	201
P0DPS4	F8QN51	71.300	121	120	137	2.741E-59	200
P0DPS4	P0DKR5	70.400	122	120	122	2.504E-58	198
P0DPS4	Q910A1	70.400	122	120	138	3.434E-58	197
P0DPS4	C3W4R6	70.400	122	120	138	3.434E-58	197
P0DPS4	Q02471	69.600	122	120	138	4.710E-58	197
P0DPS4	F8QN52	70.400	122	120	138	4.710E-58	197
P0DPS4	A8CG78	68.000	122	120	138	2.287E-57	195
P0DPS4	A8CG87	68.000	122	120	138	2.287E-57	195
P0DPS4	B6CQR5	69.600	122	120	138	4.302E-57	194
P0DPS4	P24294	68.800	121	120	121	1.110E-56	193
P0DPS4	Q910A0	66.300	122	120	138	1.907E-55	189
P0DPS4	Q98996	68.800	122	120	138	2.616E-55	189
P0DPS4	P0DKR3	64.700	122	120	122	1.270E-54	187
P0DPS4	Q7T3S7	64.100	120	120	136	1.270E-54	187
P0DPS4	Q9PWR6	68.000	122	120	138	1.270E-54	187
P0DPS4	Q90ZZ9	63.900	122	120	138	1.270E-54	187
P0DPS4	P81458	65.500	121	120	121	2.390E-54	186
P0DPS4	A8CG86	63.100	122	120	138	3.278E-54	186
P0DPS4	Q7T2R1	62.200	122	120	138	1.160E-53	184
P0DPS4	P0CAR9	65.500	121	120	137	1.591E-53	184
P0DPS4	P31100	63.900	122	120	138	1.591E-53	184
P0DPS4	A8CG90	63.900	121	120	137	5.633E-53	182
P0DPS4	P59172	62.600	123	120	139	1.060E-52	181
P0DPS4	P59170	62.600	123	120	139	1.060E-52	181
P0DPS4	A8CG82	63.100	122	120	138	1.213E-50	175
P0DPS4	Q7T3T5	60.600	122	120	130	2.282E-50	175
P0DPS4	Q8QG87	57.300	122	120	138	5.890E-50	173
P0DPS4	A8CG89	62.200	122	120	138	8.079E-50	173
P0DPS4	P00622	60.600	121	120	121	1.520E-49	172
P0DPS4	C0HKC3	57.700	123	120	139	3.923E-49	171
P0DPS4	C0HKC4	57.700	123	120	123	7.381E-49	170
P0DPS4	C9DPL5	57.300	122	120	122	1.012E-48	170
P0DPS4	P86389	57.200	124	120	124	1.012E-48	170
P0DPS4	Q8AXY1	56.500	122	120	138	1.389E-48	169
P0DPS4	O42190	59.600	124	120	124	6.743E-48	168
P0DPS4	Q91506	57.700	122	120	122	9.249E-48	167
P0DPS4	Q2YHJ6	59.000	122	120	138	6.160E-47	165
P0DPS4	P81478	55.700	122	120	122	8.450E-47	164
P0DPS4	Q2PG83	57.300	121	120	138	2.181E-46	163
P0DPS4	C0HJC1	57.300	122	120	122	4.103E-46	162
P0DPS4	A0A411EZW9	54.900	122	120	138	5.628E-46	162
P0DPS4	P84651	55.700	122	120	122	7.720E-46	162
P0DPS4	O42187	54.900	122	120	138	1.059E-45	161
P0DPS4	Q6EER3	56.500	122	120	138	1.059E-45	161
P0DPS4	P04417	55.700	122	120	122	1.453E-45	161
P0DPS4	P20249	55.700	122	120	122	1.453E-45	161
P0DPS4	Q7LZQ4	56.400	124	120	124	1.453E-45	161
P0DPS4	Q8JIG0	54.900	122	120	138	2.733E-45	160
P0DPS4	Q02517	54.900	122	120	138	2.733E-45	160
P0DPS4	Q6H3C8	56.500	122	120	138	3.749E-45	160
P0DPS4	Q90Y77	54.900	122	120	138	3.749E-45	160
P0DPS4	P86456	55.700	121	120	121	5.142E-45	159
P0DPS4	P06859	57.300	121	120	138	5.142E-45	159
P0DPS4	P0DJP4	58.100	122	120	122	7.054E-45	159
P0DPS4	O42189	56.400	124	120	124	7.054E-45	159
P0DPS4	G3DT18	54.000	122	120	138	7.054E-45	159
P0DPS4	P81480	54.900	122	120	122	9.676E-45	158
P0DPS4	Q8JIY9	54.900	122	120	138	1.327E-44	158
P0DPS4	Q7SID6	53.600	123	120	123	1.821E-44	158
P0DPS4	Q2YHJ2	55.700	122	120	138	1.821E-44	158
P0DPS4	A8E2V8	52.800	123	120	139	1.821E-44	158
P0DPS4	Q6EER6	56.500	122	120	122	2.497E-44	157
P0DPS4	Q7ZTA6	52.400	122	120	138	2.497E-44	157
P0DPS4	Q6EER4	55.700	122	120	138	2.497E-44	157
P0DPS4	Q2YHJ7	55.700	122	120	138	2.497E-44	157
P0DPS4	Q92147	54.000	122	120	138	4.699E-44	156
P0DPS4	P20476	54.000	122	120	138	4.699E-44	156
P0DPS4	Q6H3D0	54.000	122	120	138	4.699E-44	156
P0DPS4	Q2YHJ5	53.200	122	120	122	6.445E-44	156
P0DPS4	P14418	54.800	124	120	124	6.445E-44	156
P0DPS4	Q7ZTA7	52.400	122	120	138	6.445E-44	156
P0DPS4	Q6H3C9	54.600	119	120	138	6.445E-44	156
P0DPS4	F8QN54	55.700	122	120	138	8.841E-44	156
P0DPS4	P00621	59.000	120	120	119	1.213E-43	155
P0DPS4	Q2HZ28	53.200	122	120	138	1.213E-43	155
P0DPS4	P0DJN7	54.900	122	120	138	1.213E-43	155
P0DPS4	P59071	61.100	108	120	121	1.663E-43	155
P0DPS4	A8CG84	61.100	108	120	137	1.663E-43	155
P0DPS4	Q9I968	53.200	122	120	138	1.663E-43	155
P0DPS4	Q90W39	54.900	122	120	138	1.663E-43	155
P0DPS4	Q6H3C7	53.600	123	120	139	2.282E-43	154
P0DPS4	Q9PVF2	53.600	123	120	139	2.282E-43	154
P0DPS4	P06860	58.700	109	120	122	3.130E-43	154
P0DPS4	Q6H3C5	54.900	122	120	122	3.130E-43	154
P0DPS4	Q6H3C6	53.700	119	120	122	3.130E-43	154
P0DPS4	P86974	52.400	122	120	122	4.293E-43	154
P0DPS4	Q6EER5	54.000	122	120	122	5.889E-43	153
P0DPS4	Q800C3	50.800	122	120	138	5.889E-43	153
P0DPS4	P86907	53.600	122	120	122	8.078E-43	153
P0DPS4	Q805A2	54.000	122	120	138	8.078E-43	153
P0DPS4	Q9I8F8	51.600	122	120	122	1.520E-42	152
P0DPS4	P14424	54.900	122	120	138	2.085E-42	152
P0DPS4	P00624	51.600	122	120	138	2.085E-42	152
P0DPS4	Q800C1	50.000	122	120	138	2.860E-42	151
P0DPS4	Q71QE8	54.000	122	120	138	2.860E-42	151
P0DPS4	P59265	57.700	109	120	122	3.923E-42	151
P0DPS4	P11407	54.900	122	120	138	3.923E-42	151
P0DPS4	P82896	53.200	122	120	122	5.381E-42	151
P0DPS4	P00626	54.900	122	120	138	5.381E-42	151
P0DPS4	Q9PVF1	52.800	123	120	126	1.012E-41	150
P0DPS4	P14421	54.900	122	120	122	1.389E-41	149
P0DPS4	Q9PVE9	52.800	123	120	139	1.389E-41	149
P0DPS4	P00623	51.600	122	120	138	1.905E-41	149
P0DPS4	Q9PVF0	52.000	123	120	126	2.613E-41	149
P0DPS4	D6MKR0	51.600	122	120	138	2.613E-41	149
P0DPS4	Q1ZY03	52.400	122	120	138	2.613E-41	149
P0DPS4	Q800C4	51.600	122	120	138	3.584E-41	148
P0DPS4	P20474	50.000	122	120	138	3.584E-41	148
P0DPS4	Q6EER2	54.900	122	120	138	6.744E-41	147
P0DPS4	P00620	58.100	120	120	118	1.269E-40	147
P0DPS4	P59171	50.800	122	120	138	1.269E-40	147
P0DPS4	P0CAS0	55.700	120	120	136	3.275E-40	145
P0DPS4	P84674	57.400	108	120	121	4.492E-40	145
P0DPS4	P86368	56.400	108	120	121	1.590E-39	143
P0DPS4	P24027	51.600	122	120	138	4.105E-39	142
P0DPS4	P0C8M1	52.400	121	120	121	5.631E-39	142
P0DPS4	P0DJN6	52.400	122	120	138	7.724E-39	141
P0DPS4	Q9QUL3	55.900	108	120	142	1.453E-38	141
P0DPS4	C0HM14	52.400	122	120	122	3.751E-38	139
P0DPS4	P86169	52.400	122	120	122	3.751E-38	139
P0DPS4	P0CAS5	50.800	122	120	122	3.751E-38	139
P0DPS4	P0CG56	51.600	122	120	122	3.751E-38	139
P0DPS4	A0A193CHJ5	52.400	122	120	138	3.751E-38	139
P0DPS4	P62022	52.400	122	120	138	3.751E-38	139
P0DPS4	P62023	52.400	122	120	138	3.751E-38	139
P0DPS4	P0CAS2	50.800	122	120	122	1.822E-37	138
P0DPS4	Q2PG81	54.200	105	120	137	1.822E-37	138
P0DPS4	P0CAS4	50.000	122	120	122	8.846E-37	136
P0DPS4	C0HJL8	49.100	122	120	122	8.846E-37	136
P0DPS4	P0CAS3	50.000	122	120	122	1.213E-36	135
P0DPS4	P0CAS6	50.000	122	120	122	1.213E-36	135
P0DPS4	P86803	48.300	121	120	121	2.283E-36	134
P0DPS4	P86805	51.600	119	120	122	2.283E-36	134
P0DPS4	P86806	52.500	115	120	122	2.283E-36	134
P0DPS4	A8E2V9	52.300	107	120	136	2.283E-36	134
P0DPS4	P0DJJ8	52.700	108	120	138	8.084E-36	133
P0DPS4	P0CAS7	48.300	121	120	121	2.862E-35	131
P0DPS4	C7G1G6	51.800	108	120	138	3.926E-35	131
P0DPS4	P48076	48.600	113	120	150	3.926E-35	131
P0DPS4	C0HM79	54.700	106	120	95	1.013E-34	130
P0DPS4	P84397	45.000	120	120	107	4.496E-33	125
P0DPS4	P31482	46.400	125	120	146	6.167E-33	124
P0DPS4	Q90251	48.700	117	120	137	1.160E-32	124
P0DPS4	D0UGJ0	43.900	123	120	139	1.160E-32	124
P0DPS4	P0DUN3	46.600	120	120	107	2.183E-32	123
P0DPS4	Q56JZ2	45.100	124	120	144	2.995E-32	123
P0DPS4	P00606	50.400	118	120	145	2.995E-32	123
P0DPS4	Q9PTA6	48.300	120	120	138	7.729E-32	121
P0DPS4	P47711	44.800	125	120	145	1.060E-31	121
P0DPS4	P14423	43.200	125	120	146	7.062E-31	119
P0DPS4	P08873	52.200	107	120	145	1.329E-30	118
P0DPS4	P20256	48.700	118	120	118	2.500E-30	117
P0DPS4	P20255	48.700	118	120	118	3.429E-30	117
P0DPS4	Q9PU97	46.600	120	120	137	4.703E-30	116
P0DPS4	P04056	48.700	118	120	118	6.452E-30	116
P0DPS4	P00613	47.400	118	120	118	8.849E-30	115
P0DPS4	Q9WVF6	41.900	124	120	144	8.849E-30	115
P0DPS4	P15445	47.000	119	120	119	1.665E-29	115
P0DPS4	Q6T179	46.200	119	120	126	1.665E-29	115
P0DPS4	P60043	47.000	119	120	126	1.665E-29	115
P0DPS4	Q9PTA5	46.100	117	120	137	1.665E-29	115
P0DPS4	Q9UNK4	42.700	124	120	145	1.665E-29	115
P0DPS4	Q9PUH5	48.300	118	120	145	2.284E-29	114
P0DPS4	P00597	47.000	119	120	146	2.284E-29	114
P0DPS4	P00598	47.000	119	120	146	2.284E-29	114
P0DPS4	P00599	45.800	118	120	118	4.297E-29	113
P0DPS4	P81237	47.500	118	120	118	4.297E-29	113
P0DPS4	P25498	45.300	119	120	119	4.297E-29	113
P0DPS4	Q91133	47.000	119	120	146	4.297E-29	113
P0DPS4	P0C942	43.400	122	120	122	5.894E-29	113
P0DPS4	P60045	47.400	118	120	126	5.894E-29	113
P0DPS4	Q9I900	47.000	119	120	146	8.084E-29	113
P0DPS4	Q92086	46.200	119	120	146	8.084E-29	113
P0DPS4	Q45Z25	47.600	124	120	151	8.084E-29	113
P0DPS4	P20251	47.400	118	120	118	1.109E-28	112
P0DPS4	Q6YIJ3	44.400	117	120	137	1.109E-28	112
P0DPS4	P08872	47.000	117	120	144	1.109E-28	112
P0DPS4	Q9DF52	46.200	118	120	145	1.109E-28	112
P0DPS4	C0HKB8	45.700	117	120	117	1.521E-28	112
P0DPS4	A4FS04	52.000	100	120	119	1.521E-28	112
P0DPS4	P60044	45.700	118	120	126	1.521E-28	112
P0DPS4	Q9PTA7	45.000	120	120	133	1.521E-28	112
P0DPS4	Q8AY48	44.400	117	120	137	1.521E-28	112
P0DPS4	P00618	45.000	120	120	145	1.521E-28	112
P0DPS4	Q45Z26	49.100	120	120	151	1.521E-28	112
P0DPS4	Q45Z28	47.600	124	120	151	1.521E-28	112
P0DPS4	P00612	46.600	118	120	118	2.086E-28	111
P0DPS4	P00609	47.100	119	120	119	2.862E-28	111
P0DPS4	P0C943	43.400	122	120	122	2.862E-28	111
P0DPS4	Q6SLM1	47.800	114	120	137	2.862E-28	111
P0DPS4	Q8QFW4	44.400	117	120	147	3.925E-28	111
P0DPS4	Q9PTA1	44.400	117	120	145	5.384E-28	110
P0DPS4	P00617	44.400	117	120	147	5.384E-28	110
P0DPS4	Q45Z30	47.600	124	120	151	5.384E-28	110
P0DPS4	P20250	47.000	117	120	117	7.385E-28	110
P0DPS4	Q92084	45.300	119	120	146	7.385E-28	110
P0DPS4	Q75S51	44.400	117	120	147	7.385E-28	110
P0DPS4	P20254	45.700	118	120	118	1.013E-27	109
P0DPS4	P00600	45.400	119	120	119	1.013E-27	109
P0DPS4	Q9PSN5	47.200	125	120	125	1.013E-27	109
P0DPS4	Q6YNQ0	43.500	117	120	137	1.013E-27	109
P0DPS4	Q8UUH8	44.900	118	120	145	1.013E-27	109
P0DPS4	Q9I842	46.600	118	120	145	1.013E-27	109
P0DPS4	Q92085	44.500	119	120	146	1.013E-27	109
P0DPS4	P00619	43.500	117	120	147	1.013E-27	109
P0DPS4	Q7T2Q4	50.000	112	120	147	1.013E-27	109
P0DPS4	Q45Z29	47.600	124	120	151	1.013E-27	109
P0DPS4	P0DUN4	49.400	99	120	92	1.389E-27	109
P0DPS4	F5CPF1	51.400	103	120	142	1.389E-27	109
P0DPS4	Q9I837	45.700	118	120	145	1.389E-27	109
P0DPS4	Q8QFW3	45.200	117	120	147	1.389E-27	109
P0DPS4	P20259	47.700	113	120	117	2.614E-27	108
P0DPS4	P00603	52.500	99	120	118	2.614E-27	108
P0DPS4	P00601	50.000	100	120	119	2.614E-27	108
P0DPS4	Q9PUH7	49.500	113	120	144	2.614E-27	108
P0DPS4	P00605	52.500	99	120	118	3.585E-27	108
P0DPS4	P00602	52.500	99	120	118	4.918E-27	108
P0DPS4	P00608	47.100	119	120	119	4.918E-27	108
P0DPS4	P81236	45.400	119	120	119	9.252E-27	107
P0DPS4	Q8UUI1	45.700	118	120	145	9.252E-27	107
P0DPS4	Q7T1R0	43.900	116	120	146	9.252E-27	107
P0DPS4	Q8UUI0	49.000	110	120	155	9.252E-27	107
P0DPS4	P0DJ62	68.300	60	120	60	1.269E-26	106
P0DPS4	P20252	50.400	101	120	118	1.269E-26	106
P0DPS4	P00604	51.500	99	120	118	1.269E-26	106
P0DPS4	P00595	45.000	119	120	119	1.269E-26	106
P0DPS4	P39877	41.600	108	120	138	1.269E-26	106
P0DPS4	Q9I843	45.700	118	120	145	1.269E-26	106
P0DPS4	Q9I845	45.700	118	120	145	1.269E-26	106
P0DPS4	Q9I846	45.700	118	120	145	1.269E-26	106
P0DPS4	C1IC45	43.300	120	120	137	1.741E-26	106
P0DPS4	P00611	44.000	118	120	145	1.741E-26	106
P0DPS4	Q9I844	44.900	118	120	145	1.741E-26	106
P0DPS4	Q9I847	44.900	118	120	145	1.741E-26	106
P0DPS4	Q9DF33	45.300	119	120	146	1.741E-26	106
P0DPS4	Q8UUH9	48.100	110	120	155	1.741E-26	106
P0DPS4	Q7T1R1	43.900	116	120	146	2.387E-26	106
P0DPS4	P20258	46.200	117	120	117	3.274E-26	105
P0DPS4	P19000	46.600	118	120	145	3.274E-26	105
P0DPS4	P20253	44.000	118	120	118	4.491E-26	105
P0DPS4	Q8UUI3	45.700	118	120	145	6.160E-26	104
P0DPS4	C1IC46	45.500	112	120	137	8.449E-26	104
P0DPS4	Q8UUI4	47.000	117	120	145	8.449E-26	104
P0DPS4	Q8JFG2	45.000	122	120	152	1.590E-25	103
P0DPS4	P00614	45.200	119	120	119	2.180E-25	103
P0DPS4	Q9PUI0	44.200	120	120	147	2.180E-25	103
P0DPS4	P00610	44.600	119	120	119	2.990E-25	102
P0DPS4	Q8UUH7	47.700	109	120	154	2.990E-25	102
P0DPS4	F5CPF0	49.000	101	120	140	4.101E-25	102
P0DPS4	P0C551	46.700	108	120	142	5.625E-25	102
P0DPS4	P10116	44.000	118	120	118	7.715E-25	101
P0DPS4	Q8UW30	43.800	119	120	146	7.715E-25	101
P0DPS4	Q9PUH0	44.600	119	120	146	7.715E-25	101
P0DPS4	Q9PUH4	45.400	119	120	146	7.715E-25	101
P0DPS4	P43434	42.200	123	120	146	7.715E-25	101
P0DPS4	Q9PUH9	44.100	120	120	147	1.058E-24	101
P0DPS4	P04416	42.100	121	120	124	1.451E-24	100
P0DPS4	Q9PUI1	44.300	118	120	145	1.451E-24	100
P0DPS4	P59359	44.300	118	120	145	1.451E-24	100
P0DPS4	P14419	42.600	122	120	123	1.991E-24	100
P0DPS4	F8J2D2	45.400	119	120	146	1.991E-24	100
P0DPS4	Q9PUH8	44.200	120	120	147	1.991E-24	100
P0DPS4	Q3C2C1	40.100	132	120	158	1.991E-24	100
P0DPS4	P00593	41.800	122	120	145	2.730E-24	100
P0DPS4	P00592	42.100	121	120	146	2.730E-24	100
P0DPS4	Q45Z42	46.500	114	120	146	2.730E-24	100
P0DPS4	P04054	42.400	125	120	148	3.745E-24	99
P0DPS4	Q4VRI5	43.200	121	120	154	5.136E-24	99
P0DPS4	P51433	38.800	108	120	137	7.044E-24	98
P0DPS4	Q9PUG9	45.400	117	120	144	7.044E-24	98
P0DPS4	P06596	41.300	121	120	146	1.325E-23	98
P0DPS4	Q8UW31	46.200	117	120	152	1.325E-23	98
P0DPS4	Q7M334	42.100	119	120	144	1.817E-23	97
P0DPS4	P04055	42.100	121	120	146	1.817E-23	97
P0DPS4	Q9PUH1	44.600	119	120	146	1.817E-23	97
P0DPS4	Q9PUH2	44.600	119	120	146	1.817E-23	97
P0DPS4	P23026	43.300	118	120	145	4.688E-23	96
P0DPS4	Q9Z0Y2	42.100	121	120	146	4.688E-23	96
P0DPS4	B3EWP6	63.300	60	120	60	6.430E-23	96
P0DPS4	P80966	42.700	124	120	151	1.659E-22	94
P0DPS4	Q9QXX3	41.500	111	120	151	5.868E-22	93
P0DPS4	P82893	53.600	69	120	70	1.104E-21	92
P0DPS4	Q9PRG0	41.800	118	120	145	1.894E-20	89
P0DPS4	P0DM51	70.000	50	120	50	3.561E-20	88
P0DPS4	Q9BZM2	33.600	125	120	168	9.184E-20	87
P0DPS4	Q8AY47	52.800	70	120	139	5.565E-18	81
P0DPS4	P0C932	64.000	50	120	50	1.046E-17	81
P0DPS4	P59068	60.000	55	120	57	4.199E-15	73
P0DPS4	C0HK05	63.800	47	120	47	2.032E-14	71
P0DQH9	G8XQX1	33.400	451	172	504	4.060E-48	171
P0DQH9	P0C2D5	33.000	451	172	505	4.060E-48	171
P0DQH9	Q6TGQ8	33.000	451	172	502	6.922E-47	168
P0DQH9	P0CC17	33.000	451	172	506	6.922E-47	168
P0DQH9	B5AR80	33.000	451	172	503	2.441E-46	166
P0DQH9	J7H670	44.300	257	172	516	2.441E-46	166
P0DQH9	Q6WP39	43.100	257	172	516	3.345E-46	166
P0DQH9	Q6STF1	43.700	256	172	504	6.281E-46	165
P0DQH9	A0A024BTN9	43.500	257	172	498	8.608E-46	164
P0DQH9	B5U6Y8	43.000	258	172	504	8.608E-46	164
P0DQH9	P0DI84	42.300	255	172	484	1.330E-43	158
P0DQH9	K9N7B7	42.200	253	172	498	7.980E-42	153
P0DQH9	P81382	41.200	257	172	516	7.980E-42	153
P0DQH9	O93364	42.200	253	172	516	3.853E-41	151
P0DQH9	F8S0Z5	42.200	253	172	516	3.853E-41	151
P0DQH9	P0DV78	56.000	144	172	116	8.133E-39	144
P0DQH9	Q4JHE3	40.000	253	172	517	5.376E-38	142
P0DQH9	Q4JHE1	39.300	257	172	517	1.893E-37	140
P0DQH9	X2JCV5	40.700	255	172	516	3.552E-37	139
P0DQH9	Q4JHE2	38.500	257	172	517	8.261E-36	136
P0DQH9	A8QL58	38.200	257	172	507	1.131E-35	135
P0DQH9	A8QL52	37.800	257	172	517	1.401E-34	132
P0DQH9	A8QL51	37.400	257	172	517	6.753E-34	130
P0DQH9	A6MFL0	35.400	257	172	517	1.276E-30	121
P0DQH9	P81375	46.500	172	172	107	1.037E-28	115
P0DQH9	P0DPS2	36.500	249	172	488	1.278E-27	112
P0DQH9	P81383	30.700	153	172	491	2.025E-10	62
P0DQH9	P0C2D7	45.400	88	172	88	5.101E-10	61
P0DQH9	P86810	31.100	106	172	527	1.726E-07	53
P0DQH9	P0DI89	91.600	24	172	30	1.074E-06	51
P0DQH9	P0DI88	91.600	24	172	37	1.074E-06	51
P0DQH9	P0DI87	91.600	24	172	49	6.644E-06	48
P0DQH9	Q6T627	43.300	60	172	60	5.518E-05	46
F6Q1T7	Q29043	83.300	360	360	365	3.911E-210	649
F6Q1T7	P19526	78.200	359	360	365	1.698E-195	607
F6Q1T7	Q9TUD4	78.300	360	360	366	1.124E-194	604
F6Q1T7	Q866E4	78.000	360	360	366	1.019E-193	602
F6Q1T7	Q9TUD6	77.700	360	360	366	1.019E-193	602
F6Q1T7	Q866E1	78.000	360	360	366	1.913E-193	601
F6Q1T7	Q866C5	78.300	360	360	366	1.735E-192	598
F6Q1T7	Q866C9	77.500	360	360	366	2.377E-192	598
F6Q1T7	Q866E8	77.700	360	360	366	3.256E-192	597
F6Q1T7	Q866C7	77.500	360	360	366	4.462E-192	597
F6Q1T7	Q866E7	77.500	360	360	366	4.045E-191	594
F6Q1T7	Q866F1	76.600	360	360	366	3.668E-190	591
F6Q1T7	Q866F0	76.600	360	360	366	5.025E-190	591
F6Q1T7	Q866D9	76.600	359	360	365	1.172E-188	587
F6Q1T7	Q866D6	75.800	359	360	365	1.320E-186	581
F6Q1T7	O09160	75.600	362	360	377	2.245E-185	578
F6Q1T7	Q10979	75.000	360	360	373	2.528E-183	572
F6Q1T7	Q10980	72.900	361	360	376	2.117E-178	557
F6Q1T7	Q28113	69.800	289	360	344	1.897E-139	445
F6Q1T7	O77485	70.800	285	360	343	4.875E-139	444
F6Q1T7	Q10982	69.500	286	360	340	9.143E-139	443
F6Q1T7	O77486	70.500	285	360	343	2.349E-138	442
F6Q1T7	Q9TTC7	70.800	285	360	343	2.349E-138	442
F6Q1T7	O77487	70.500	285	360	343	6.034E-138	441
F6Q1T7	Q10981	70.500	285	360	343	1.550E-137	439
F6Q1T7	Q10984	64.800	309	360	354	1.143E-134	431
F6Q1T7	Q10983	68.300	278	360	354	8.428E-132	423
F6Q1T7	Q8VQ46	30.100	139	360	290	3.644E-06	52
A0A5Q0QNH9	W4JX79	61.800	328	387	345	3.241E-136	437
A0A5Q0QNH9	A0A0D2L718	57.700	331	387	327	1.035E-128	415
A0A5Q0QNH9	P0DL13	57.300	326	387	345	5.531E-126	407
A0A5Q0QNH9	A0A8H7XQ49	41.400	338	387	364	1.078E-85	291
A0A5Q0QNH9	A0A8H8CFI5	41.800	338	387	364	2.014E-85	290
A0A5Q0QNH9	A0A8H7XP09	39.900	332	387	361	4.565E-76	263
A0A5Q0QNH9	A0A348B779	37.600	332	387	338	8.142E-68	239
A0A5Q0QNH9	A0A8H7XMX0	36.100	330	387	344	1.111E-67	238
A0A5Q0QNH9	A8NE23	32.600	344	387	425	6.962E-55	201
A0A5Q0QNH9	B8PD44	30.100	336	387	336	1.015E-48	183
A0A5Q0QNH9	A0A0C3FBR2	31.900	310	387	345	1.024E-44	171
A0A5Q0QNH9	A0A0C9VD04	28.200	309	387	347	1.593E-41	161
A0A5Q0QNH9	A8NU13	28.500	323	387	345	3.986E-41	160
A0A5Q0QNH9	A0A1B4XBG5	28.100	334	387	367	2.471E-27	119
A0A5Q0QNH9	B2J4A4	24.800	300	387	323	3.614E-26	115
A0A5Q0QNH9	C7PLV2	23.400	309	387	321	1.187E-20	98
A0A5Q0QNH9	A0A1L7VZE7	22.600	350	387	401	9.201E-20	95
A0A5Q0QNH9	A9GK58	22.500	299	387	315	9.486E-19	92
A0A5Q0QNH9	Q82IY4	25.600	306	387	336	2.343E-16	85
A0A5Q0QNH9	B5H7H3	21.900	309	387	372	9.898E-15	79
A0A5Q0QNH9	G2P5T1	22.400	332	387	384	9.810E-14	76
A0A5Q0QNH9	P0DPK6	25.800	176	387	359	7.096E-12	70
A0A5Q0QNH9	E3VWJ0	24.700	234	387	337	9.432E-12	70
A0A5Q0QNH9	A0A291SJC7	21.900	321	387	395	2.214E-11	69
A0A5Q0QNH9	Q55012	24.700	234	387	337	6.894E-11	67
A0A5Q0QNH9	Q7KWU0	22.100	267	387	349	1.615E-10	66
A0A5Q0QNH9	A0A385AJM2	24.700	263	387	332	6.396E-09	61
A0A5Q0QNH9	A0A151ZEA6	22.800	261	387	353	6.114E-08	58
A0A5Q0QNH9	F4Q7D4	22.700	263	387	338	1.074E-07	57
A0A5Q0QNH9	F0ZLU4	21.100	262	387	377	1.887E-07	56
A0A5Q0QNH9	A0A385AJM4	24.300	255	387	324	7.709E-07	54
A0A348B780	A0A348B779	99.400	338	338	338	2.221E-231	709
A0A348B780	A8NE23	52.300	342	338	425	3.142E-110	359
A0A348B780	B8PD44	40.400	329	338	336	8.170E-75	257
A0A348B780	W4JX79	41.100	326	338	345	8.907E-73	251
A0A348B780	P0DL13	34.700	326	338	345	2.192E-61	218
A0A348B780	A8NU13	33.900	323	338	345	1.049E-55	201
A0A348B780	A0A0D2L718	33.400	327	338	327	5.972E-54	196
A0A348B780	A0A8H7XP09	31.900	338	338	361	1.079E-48	181
A0A348B780	A0A8H8CFI5	30.600	330	338	364	5.082E-48	179
A0A348B780	A0A8H7XQ49	30.300	330	338	364	6.927E-48	178
A0A348B780	A0A8H7XMX0	30.000	326	338	344	3.259E-47	176
A0A348B780	A0A0C3FBR2	31.700	309	338	345	3.481E-43	164
A0A348B780	A0A0C9VD04	33.700	265	338	347	4.910E-39	152
A0A348B780	B2J4A4	27.200	317	338	323	5.738E-36	143
A0A348B780	C7PLV2	28.700	318	338	321	6.658E-35	140
A0A348B780	A9GK58	27.800	290	338	315	1.926E-33	136
A0A348B780	A7NH01	28.700	280	338	326	1.634E-32	133
A0A348B780	S0DX56	30.200	333	338	357	2.542E-31	129
A0A348B780	D2B747	29.400	298	338	330	1.505E-28	121
A0A348B780	A0A1B4XBG5	28.400	332	338	367	1.699E-27	118
A0A348B780	A0A1L7VZE7	25.600	344	338	401	1.166E-25	112
A0A348B780	E9E766	28.600	269	338	349	2.320E-21	99
A0A348B780	G2P5T1	25.600	297	338	384	8.837E-19	91
A0A348B780	E4N7E5	26.900	287	338	320	2.146E-18	90
A0A348B780	D8RLD3	30.000	150	338	348	1.328E-16	85
A0A348B780	A0A0B4G3Q7	28.400	273	338	342	1.781E-16	84
A0A348B780	A0A291SJC7	25.100	284	338	395	2.388E-16	84
A0A348B780	D9XD61	21.700	303	338	343	5.756E-16	83
A0A348B780	A0A0B4IF96	25.600	288	338	355	1.034E-15	82
A0A348B780	A0A0B4FWC3	25.600	288	338	332	1.856E-15	81
A0A348B780	B5HDJ6	24.700	308	338	365	2.487E-15	81
A0A348B780	Q9K499	22.200	331	338	361	3.509E-13	74
A0A348B780	D9XDR8	24.100	292	338	338	1.118E-12	72
A0A348B780	A0A1L5YKS7	24.500	199	338	431	8.448E-11	66
A0A348B780	A0A151ZEA6	23.200	287	338	353	3.501E-09	61
A0A348B780	A0A385AJM2	24.300	291	338	332	8.243E-09	60
A0A348B780	D8RNZ9	21.100	300	338	368	6.056E-08	57
A0A348B780	A0A385AJM4	29.600	155	338	324	3.332E-07	55
A0A348B780	F4Q7D4	22.500	277	338	338	3.093E-05	49
A0A348B780	F0ZLU4	23.800	175	338	377	4.102E-05	48
A0A348B780	A4FG19	23.400	181	338	354	1.269E-04	47
A0A348B780	B5GRC8	24.200	258	338	343	2.230E-04	46
A0A348B780	Q9F1Y6	18.400	173	338	440	5.194E-04	45
P9WEX9	E9F5E9	97.000	337	331	337	1.692E-212	654
P9WEX9	H1VQB1	71.100	315	331	322	4.163E-147	466
P9WEX9	I1RL14	79.100	283	331	368	3.414E-145	460
P9WEX9	Q4WBI4	62.000	311	331	357	1.803E-126	406
P9WEX9	P9WEQ2	63.700	290	331	333	1.088E-121	392
P9WEX9	Q672V6	63.800	274	331	340	9.052E-114	369
P9WEX9	A0A0E3D8M9	59.300	293	331	364	1.240E-113	369
P9WEX9	A0A8D5M3Y5	59.700	308	331	383	1.240E-113	369
P9WEX9	Q9C446	57.700	296	331	371	3.206E-110	359
P9WEX9	Q56RZ3	56.700	304	331	334	6.010E-110	358
P9WEX9	Q56RZ7	56.700	304	331	334	6.010E-110	358
P9WEX9	A0A3S5XFG0	56.600	311	331	380	1.543E-109	357
P9WEX9	P24322	55.200	295	331	433	3.573E-108	353
P9WEX9	Q9P885	57.800	273	331	303	6.043E-107	349
P9WEX9	J7FIX8	59.500	289	331	334	6.043E-107	349
P9WEX9	Q92236	53.100	298	331	418	1.915E-105	345
P9WEX9	A0A0E3D8P4	56.900	286	331	341	6.067E-104	341
P9WEX9	A0A140JWS2	56.500	288	331	356	1.137E-103	340
P9WEX9	P9WEF2	52.500	317	331	419	2.132E-103	339
P9WEX9	A0A348FUE1	53.400	292	331	963	2.634E-99	327
P9WEX9	A0A858E7G0	52.600	296	331	364	6.077E-95	315
P9WEX9	A0A858E6N7	52.300	296	331	365	1.138E-94	314
P9WEX9	A0A7D0AGU9	52.600	283	331	303	2.919E-94	313
P9WEX9	P56966	53.100	273	331	300	1.024E-93	311
P9WEX9	Q6F5E6	52.800	267	331	343	1.919E-93	310
P9WEX9	B2DBE9	49.600	306	331	424	9.168E-90	300
P9WEX9	F9WWF1	49.300	287	331	332	4.364E-86	289
P9WEX9	Q54BK1	49.800	267	331	303	6.582E-84	283
P9WEX9	A0A1U8QLG8	44.900	287	331	397	1.826E-78	267
P9WEX9	A0A1V0QSA8	43.800	309	331	339	3.416E-78	266
P9WEX9	A0A2Z6AQX7	41.500	293	331	732	3.271E-72	249
P9WEX9	K2SUY0	42.900	307	331	698	2.608E-70	243
P9WEX9	A0A0P0ZEM1	43.700	274	331	714	4.874E-70	243
P9WEX9	Q758K0	40.900	297	331	320	3.181E-69	240
P9WEX9	Q12051	46.200	277	331	335	8.124E-69	239
P9WEX9	A0A8K1AY78	44.000	279	331	764	7.243E-68	236
P9WEX9	P9WEP0	39.600	294	331	710	4.722E-67	234
P9WEX9	F9XLC1	41.800	277	331	361	1.467E-65	229
P9WEX9	A0A2Z6AQX6	41.800	273	331	778	2.005E-65	229
P9WEX9	A0A0P0ZD79	40.800	292	331	705	3.744E-65	228
P9WEX9	A0A858E4Y8	40.500	300	331	324	1.305E-64	227
P9WEX9	A1DN30	42.700	268	331	764	1.161E-63	224
P9WEX9	A0A8H4CUY8	42.600	284	331	760	2.167E-63	223
P9WEX9	B6HFX8	45.500	278	331	732	7.553E-63	222
P9WEX9	W6QAE7	44.200	282	331	742	1.032E-62	221
P9WEX9	A0A1Y1C7Q5	44.900	247	331	746	1.252E-61	218
P9WEX9	P9WER5	39.000	305	331	671	1.710E-61	218
P9WEX9	M2U578	36.800	324	331	704	1.111E-60	215
P9WEX9	A0A348DU52	42.300	295	331	770	9.857E-60	213
P9WEX9	A0A6S6QJ62	36.600	302	331	350	2.225E-58	209
P9WEX9	A0A1B4XBK0	39.600	298	331	533	2.225E-58	209
P9WEX9	A1C8C3	38.700	321	331	718	5.666E-58	207
P9WEX9	W6JPP9	40.600	287	331	339	6.847E-57	204
P9WEX9	M2V8C1	38.800	291	331	721	6.847E-57	204
P9WEX9	S0E627	35.600	299	331	393	2.103E-55	200
P9WEX9	A0A2Z6FZ31	38.000	284	331	725	2.870E-55	199
P9WEX9	A0A1V1FVQ6	38.700	296	331	728	2.870E-55	199
P9WEX9	A2PZA5	35.900	297	331	719	1.200E-53	195
P9WEX9	N4V6D4	36.400	301	331	712	2.236E-53	194
P9WEX9	B2DBE8	37.400	275	331	389	6.009E-51	187
P9WEX9	C9K2Q3	32.700	308	331	697	1.076E-45	171
P9WEX9	P95999	27.300	296	331	332	1.432E-18	91
P9WEX9	P0AD57	24.500	282	331	323	1.927E-18	90
P9WEX9	P0AD58	24.500	282	331	323	1.927E-18	90
P9WEX9	Q3IPL1	24.300	295	331	341	1.927E-18	90
P9WEX9	Q9UWR6	24.600	249	331	318	2.591E-18	90
P9WEX9	P39464	31.200	194	331	330	2.591E-18	90
P9WEX9	O06428	28.100	235	331	335	3.484E-18	89
P9WEX9	Q8PW34	27.100	268	331	324	6.297E-18	89
P9WEX9	A0A0A7GEY4	26.900	229	331	319	9.436E-16	82
P9WEX9	P44916	26.400	250	331	329	5.477E-15	79
P9WEX9	O24743	24.200	296	331	325	1.317E-14	78
P9WEX9	P55785	22.900	242	331	320	5.669E-14	76
P9WEX9	Q0INZ4	21.500	270	331	414	2.431E-13	74
P9WEX9	P22939	28.500	212	331	299	3.252E-13	74
P9WEX9	Q75HZ9	21.200	270	331	403	7.773E-13	73
P9WEX9	Q54VJ9	23.800	283	331	456	3.312E-12	71
P9WEX9	Q76FS5	22.700	234	331	417	7.889E-12	70
P9WEX9	P31114	22.900	242	331	348	1.406E-11	69
P9WEX9	O66129	24.400	253	331	325	4.459E-11	67
P9WEX9	O43091	24.000	232	331	378	4.459E-11	67
P9WEX9	Q08291	26.400	250	331	297	1.058E-10	66
P9WEX9	O22043	28.200	188	331	336	1.054E-09	63
P9WEX9	Q653T6	23.100	247	331	430	1.403E-09	63
P9WEX9	Q9LJY2	28.100	180	331	344	7.818E-09	60
P9WEX9	Q5HZ00	22.500	235	331	422	1.842E-08	59
P9WEX9	B1XJV9	24.300	188	331	302	3.260E-08	58
P9WEX9	O50410	26.800	178	331	350	1.019E-07	57
P9WEX9	Q5T2R2	23.700	224	331	415	1.801E-07	56
P9WEX9	O14230	25.100	252	331	347	2.394E-07	55
P9WEX9	O53507	24.000	297	331	352	5.618E-07	54
P9WEX9	Q9LUD9	24.300	181	331	360	5.618E-07	54
P9WEX9	Q9LUE1	24.300	181	331	360	5.618E-07	54
P9WEX9	Q9LRR0	24.300	181	331	361	5.618E-07	54
P9WEX9	Q42698	24.100	178	331	357	7.463E-07	54
P9WEX9	O04046	26.000	178	331	376	7.463E-07	54
P9WEX9	Q94ID7	26.400	178	331	370	9.914E-07	53
P9WEX9	Q9SLG2	27.200	178	331	372	9.914E-07	53
P9WEX9	P34802	25.500	184	331	371	1.749E-06	53
P9WEX9	Q8PYS1	22.500	200	331	295	4.095E-06	51
P9WEX9	Q45220	25.400	266	331	332	4.095E-06	51
P9WEX9	Q43133	25.000	181	331	366	4.095E-06	51
P9WEX9	Q97W92	25.700	160	331	281	5.437E-06	51
P9WEX9	P80042	25.800	220	331	369	5.437E-06	51
P9WEX9	Q33DR2	22.800	194	331	409	9.581E-06	50
P9WEX9	O66126	26.100	172	331	291	1.272E-05	50
P9WEX9	P0A5H9	24.000	249	331	359	1.272E-05	50
P9WEX9	P9WKH1	24.000	249	331	359	1.272E-05	50
P9WEX9	P9WKH0	24.000	249	331	359	1.272E-05	50
P9WEX9	O66952	26.700	205	331	262	1.688E-05	49
P9WEX9	P55539	24.700	266	331	332	2.972E-05	49
P9WEX9	Q9LHR4	23.200	181	331	360	2.972E-05	49
P9WEX9	Q9ZU77	25.600	179	331	347	3.943E-05	48
P9WEX9	Q8WMY2	23.900	246	331	353	6.940E-05	48
P9WEX9	P05369	27.900	194	331	353	1.221E-04	47
P9WEX9	A0A7J6HWR9	27.200	193	331	340	1.620E-04	46
P9WEX9	O59703	23.800	183	331	351	1.620E-04	46
P9WEX9	A0A0U3BRC5	25.600	178	331	364	1.620E-04	46
P9WEX9	P14324	28.400	194	331	419	1.620E-04	46
P9WEX9	A0A1V0QSH7	28.700	175	331	341	2.848E-04	46
P0DUN0	Q2HZ28	75.300	122	106	138	6.475E-62	207
P0DUN0	Q9I8F8	72.200	122	106	122	1.915E-59	200
P0DUN0	P81480	72.200	122	106	122	2.627E-59	199
P0DUN0	P20476	72.800	121	106	138	4.944E-59	199
P0DUN0	Q6H3D0	72.800	121	106	138	4.944E-59	199
P0DUN0	P20249	72.200	122	106	122	6.782E-59	198
P0DUN0	A0A411EZW9	69.800	122	106	138	3.294E-58	196
P0DUN0	G3DT18	69.000	122	106	138	7.106E-56	190
P0DUN0	P86907	68.000	121	106	122	3.452E-55	188
P0DUN0	Q2YHJ5	64.200	122	106	122	2.886E-53	182
P0DUN0	Q92147	64.000	121	106	138	1.402E-52	180
P0DUN0	P81478	61.100	122	106	122	2.639E-52	179
P0DUN0	C9DPL5	66.600	122	106	122	9.347E-52	178
P0DUN0	Q7ZTA7	63.400	122	106	138	1.282E-51	177
P0DUN0	P84651	64.800	121	106	122	1.173E-50	175
P0DUN0	A8E2V8	62.900	123	106	139	1.173E-50	175
P0DUN0	Q6H3C8	62.400	121	106	138	2.207E-50	174
P0DUN0	P00623	61.900	122	106	138	7.817E-50	172
P0DUN0	Q7LZQ4	65.300	124	106	124	2.018E-49	171
P0DUN0	P14418	64.500	124	106	124	5.212E-49	170
P0DUN0	P86456	62.400	121	106	121	7.150E-49	169
P0DUN0	P00624	60.300	122	106	138	9.809E-49	169
P0DUN0	Q8AXY1	62.600	122	106	138	1.846E-48	168
P0DUN0	Q7ZTA6	62.600	122	106	138	2.533E-48	168
P0DUN0	D6MKR0	59.500	122	106	138	3.475E-48	168
P0DUN0	Q7SID6	60.600	123	106	123	4.767E-48	167
P0DUN0	C0HKC4	61.400	123	106	123	1.689E-47	166
P0DUN0	Q9PVF0	61.400	123	106	126	1.689E-47	166
P0DUN0	C0HKC3	61.400	123	106	139	1.689E-47	166
P0DUN0	Q9PVF1	60.600	123	106	126	3.178E-47	165
P0DUN0	Q9PVE9	60.600	123	106	139	3.178E-47	165
P0DUN0	Q800C3	57.900	122	106	138	5.982E-47	164
P0DUN0	P86389	59.300	124	106	124	8.207E-47	164
P0DUN0	Q6H3C9	61.400	122	106	138	8.207E-47	164
P0DUN0	P82896	58.700	122	106	122	1.126E-46	163
P0DUN0	P0DUN3	65.800	107	106	107	3.989E-46	162
P0DUN0	Q6H3C6	60.600	122	106	122	3.989E-46	162
P0DUN0	Q8QG87	60.300	122	106	138	3.989E-46	162
P0DUN0	Q800C1	57.100	122	106	138	2.660E-45	159
P0DUN0	P0DUN4	74.400	93	106	92	3.649E-45	159
P0DUN0	Q2YHJ6	56.300	122	106	138	9.424E-45	158
P0DUN0	Q800C4	57.100	122	106	138	1.293E-44	157
P0DUN0	Q6H3C7	59.500	122	106	139	1.293E-44	157
P0DUN0	Q9PVF2	59.500	122	106	139	1.293E-44	157
P0DUN0	P0DJP4	55.500	122	106	122	4.581E-44	156
P0DUN0	O42190	60.600	124	106	124	6.284E-44	155
P0DUN0	Q91506	56.600	122	106	122	1.623E-43	154
P0DUN0	Q2PG83	57.100	121	106	138	3.055E-43	153
P0DUN0	D0UGJ0	59.500	123	106	139	4.191E-43	153
P0DUN0	O42189	59.800	124	106	124	5.750E-43	153
P0DUN0	P06859	57.100	121	106	138	1.082E-42	152
P0DUN0	C0HJC1	53.100	122	106	122	2.558E-41	148
P0DUN0	C0HM79	68.000	94	106	95	4.815E-41	147
P0DUN0	Q910A0	52.800	121	106	138	2.143E-39	142
P0DUN0	P04417	52.800	121	106	122	5.066E-38	138
P0DUN0	A8CG78	51.500	122	106	138	5.066E-38	138
P0DUN0	A8CG87	51.500	122	106	138	5.066E-38	138
P0DUN0	C3W4R6	52.300	122	106	138	6.950E-38	138
P0DUN0	F8QN52	51.500	122	106	138	1.795E-37	137
P0DUN0	Q910A1	52.000	121	106	138	4.637E-37	136
P0DUN0	P34180	50.700	121	106	137	8.730E-37	135
P0DUN0	B6CQR5	51.500	122	106	138	8.730E-37	135
P0DUN0	Q9YGJ7	51.200	121	106	137	1.198E-36	134
P0DUN0	A8CG90	52.900	115	106	137	1.198E-36	134
P0DUN0	O42187	50.000	122	106	138	1.198E-36	134
P0DUN0	F8QN53	50.700	121	106	137	4.245E-36	133
P0DUN0	Q8JIG0	48.800	121	106	138	5.825E-36	132
P0DUN0	Q02517	48.800	121	106	138	5.825E-36	132
P0DUN0	P0CAR9	48.800	121	106	137	7.992E-36	132
P0DUN0	Q98996	51.200	121	106	138	7.992E-36	132
P0DUN0	Q6EER3	48.400	122	106	138	1.505E-35	131
P0DUN0	Q9PWR6	51.200	121	106	138	2.064E-35	131
P0DUN0	Q90Y77	48.800	121	106	138	2.064E-35	131
P0DUN0	Q7T3T5	50.000	122	106	130	3.887E-35	130
P0DUN0	Q6EER4	50.000	122	106	138	1.004E-34	129
P0DUN0	P31854	49.200	122	106	138	1.004E-34	129
P0DUN0	F8QN51	49.200	121	106	137	1.378E-34	128
P0DUN0	P81458	50.400	115	106	121	4.883E-34	127
P0DUN0	P86974	48.400	122	106	122	4.883E-34	127
P0DUN0	P59171	46.000	122	106	138	4.883E-34	127
P0DUN0	Q90ZZ9	47.600	122	106	138	4.883E-34	127
P0DUN0	P59172	47.200	123	106	139	4.883E-34	127
P0DUN0	P59170	47.200	123	106	139	4.883E-34	127
P0DUN0	P24027	49.200	122	106	138	6.700E-34	126
P0DUN0	P00621	49.100	119	106	119	2.375E-33	125
P0DUN0	P06860	48.800	121	106	122	2.375E-33	125
P0DUN0	P14420	49.200	122	106	122	3.259E-33	124
P0DUN0	P0CAS5	48.800	121	106	122	3.259E-33	124
P0DUN0	Q8JFG0	49.200	122	106	138	3.259E-33	124
P0DUN0	Q1RP78	49.200	122	106	138	3.259E-33	124
P0DUN0	P0DJN7	46.800	122	106	138	4.471E-33	124
P0DUN0	Q10755	50.000	122	106	122	6.135E-33	124
P0DUN0	Q02471	48.400	122	106	138	8.418E-33	123
P0DUN0	Q1RP79	48.400	122	106	138	1.155E-32	123
P0DUN0	P24293	47.600	121	106	121	1.585E-32	123
P0DUN0	P14421	46.800	122	106	122	1.585E-32	123
P0DUN0	P20474	45.200	122	106	138	1.585E-32	123
P0DUN0	A8CG86	47.600	122	106	138	1.585E-32	123
P0DUN0	Q6EER5	46.800	122	106	122	2.175E-32	122
P0DUN0	Q6EER6	46.800	122	106	122	2.175E-32	122
P0DUN0	P31100	48.400	122	106	138	2.175E-32	122
P0DUN0	Q71QE8	46.800	122	106	138	2.175E-32	122
P0DUN0	P59265	48.000	121	106	122	2.984E-32	122
P0DUN0	P86805	49.100	119	106	122	2.984E-32	122
P0DUN0	Q9I968	47.600	122	106	138	2.984E-32	122
P0DUN0	P84397	55.000	91	106	107	4.094E-32	121
P0DUN0	Q7T2R1	46.800	122	106	138	5.618E-32	121
P0DUN0	P0CG56	48.000	121	106	122	7.709E-32	121
P0DUN0	Q90W39	45.200	122	106	138	7.709E-32	121
P0DUN0	Q805A2	46.000	122	106	138	1.058E-31	120
P0DUN0	F8QN54	46.000	122	106	138	1.451E-31	120
P0DUN0	P00622	45.200	121	106	121	1.992E-31	119
P0DUN0	P24294	45.100	120	106	121	2.733E-31	119
P0DUN0	P14424	45.200	122	106	138	2.733E-31	119
P0DUN0	P21789	45.900	120	106	120	3.750E-31	119
P0DUN0	P0CAS7	48.700	114	106	121	3.750E-31	119
P0DUN0	P86806	49.100	119	106	122	3.750E-31	119
P0DUN0	Q7T3S7	45.200	120	106	136	5.145E-31	118
P0DUN0	P0CAS6	46.800	122	106	122	7.060E-31	118
P0DUN0	P0DKR3	46.000	122	106	122	1.329E-30	117
P0DUN0	P0DJN6	46.400	121	106	138	1.329E-30	117
P0DUN0	P11407	46.000	122	106	138	1.329E-30	117
P0DUN0	C0HM14	45.600	121	106	122	4.712E-30	115
P0DUN0	P86169	45.600	121	106	122	4.712E-30	115
P0DUN0	A0A193CHJ5	45.600	121	106	138	4.712E-30	115
P0DUN0	P00626	45.200	122	106	138	4.712E-30	115
P0DUN0	P62022	45.600	121	106	138	4.712E-30	115
P0DUN0	P62023	45.600	121	106	138	4.712E-30	115
P0DUN0	C0HJL8	45.200	122	106	122	6.466E-30	115
P0DUN0	P0DKR5	46.800	122	106	122	8.873E-30	115
P0DUN0	Q2YHJ2	45.200	122	106	138	8.873E-30	115
P0DUN0	Q1ZY03	44.800	121	106	138	8.873E-30	115
P0DUN0	Q8JIY9	46.400	121	106	138	1.218E-29	114
P0DUN0	Q6H3C5	45.200	122	106	122	1.671E-29	114
P0DUN0	A8E2V9	51.800	101	106	136	2.292E-29	113
P0DUN0	Q6EER2	45.200	122	106	138	2.292E-29	113
P0DUN0	Q2YHJ7	45.200	122	106	138	2.292E-29	113
P0DUN0	P00620	51.800	105	106	118	4.316E-29	113
P0DUN0	P0CAS3	44.400	122	106	122	4.316E-29	113
P0DUN0	P59071	45.900	111	106	121	2.881E-28	110
P0DUN0	A8CG84	45.900	111	106	137	2.881E-28	110
P0DUN0	P86368	45.900	111	106	121	7.445E-28	109
P0DUN0	P0CAS2	44.000	121	106	122	7.445E-28	109
P0DUN0	A8CG82	42.800	122	106	138	2.639E-27	108
P0DUN0	P0CAS4	43.600	122	106	122	3.622E-27	107
P0DUN0	A8CG89	42.800	122	106	138	3.622E-27	107
P0DUN0	P84674	45.000	111	106	121	4.970E-27	107
P0DUN0	P0CAS0	43.200	120	106	136	3.040E-25	102
P0DUN0	P14423	38.700	125	106	146	5.724E-25	101
P0DUN0	P0C942	40.400	115	106	122	5.244E-24	98
P0DUN0	P0C943	40.400	115	106	122	5.244E-24	98
P0DUN0	C7G1G6	44.100	98	106	138	2.551E-23	96
P0DUN0	P31482	37.900	125	106	146	2.551E-23	96
P0DUN0	Q2PG81	45.300	107	106	137	4.804E-23	95
P0DUN0	P0DJJ8	44.100	98	106	138	4.804E-23	95
P0DUN0	Q9QUL3	37.000	123	106	142	9.047E-23	94
P0DUN0	Q9NZK7	37.700	123	106	142	1.241E-22	94
P0DUN0	P47711	40.100	112	106	145	2.338E-22	93
P0DUN0	Q56JZ2	38.300	112	106	144	2.939E-21	90
P0DUN0	P48076	35.300	127	106	150	7.594E-21	89
P0DUN0	Q9PUH0	40.100	110	106	146	1.430E-20	88
P0DUN0	Q9PUH1	39.300	115	106	146	9.546E-20	86
P0DUN0	Q9PUG9	41.800	108	106	144	1.310E-19	85
P0DUN0	P08872	38.500	107	106	144	3.385E-19	84
P0DUN0	P23026	37.900	114	106	145	3.385E-19	84
P0DUN0	Q9PUH2	38.400	115	106	146	6.373E-19	83
P0DUN0	B3EWP6	67.300	52	106	60	8.745E-19	83
P0DUN0	P00608	39.300	115	106	119	8.745E-19	83
P0DUN0	P00600	36.300	108	106	119	8.745E-19	83
P0DUN0	P0C932	71.400	49	106	50	1.647E-18	82
P0DUN0	P14615	41.200	114	106	120	2.259E-18	82
P0DUN0	Q3C2C1	38.500	127	106	158	2.259E-18	82
P0DUN0	Q9I900	37.300	115	106	146	3.100E-18	81
P0DUN0	Q9QZT3	36.600	103	106	151	4.254E-18	81
P0DUN0	Q9PUH6	38.700	114	106	145	5.838E-18	81
P0DUN0	Q9PUH4	36.700	115	106	146	8.010E-18	80
P0DUN0	Q7T2Q4	39.200	101	106	147	8.010E-18	80
P0DUN0	Q45Z25	34.100	121	106	151	1.099E-17	80
P0DUN0	P20257	37.000	114	106	118	1.508E-17	79
P0DUN0	Q6YIJ3	41.100	90	106	137	1.508E-17	79
P0DUN0	Q8UUH8	35.700	118	106	145	1.508E-17	79
P0DUN0	Q6YNQ0	41.100	90	106	137	2.070E-17	79
P0DUN0	Q92086	35.600	115	106	146	2.070E-17	79
P0DUN0	P00619	41.100	90	106	147	2.070E-17	79
P0DUN0	Q92084	34.700	115	106	146	2.840E-17	79
P0DUN0	Q45Z26	34.700	116	106	151	2.840E-17	79
P0DUN0	P00599	34.800	107	106	118	3.897E-17	78
P0DUN0	Q9PUH3	36.700	115	106	146	3.897E-17	78
P0DUN0	Q92085	33.900	115	106	146	3.897E-17	78
P0DUN0	Q7T2Q5	34.900	120	106	147	3.897E-17	78
P0DUN0	C0HKB8	38.800	106	106	117	5.347E-17	78
P0DUN0	Q8AY48	41.100	90	106	137	5.347E-17	78
P0DUN0	Q9PUH9	37.100	111	106	147	5.347E-17	78
P0DUN0	Q7T1R0	40.300	104	106	146	7.336E-17	78
P0DUN0	Q75S51	41.100	90	106	147	7.336E-17	78
P0DUN0	Q9PUI0	36.200	111	106	147	7.336E-17	78
P0DUN0	P00601	37.000	100	106	119	1.007E-16	77
P0DUN0	P0DJ62	64.100	53	106	60	1.381E-16	77
P0DUN0	Q9PTA7	40.000	90	106	133	1.381E-16	77
P0DUN0	Q9PU97	40.000	90	106	137	1.381E-16	77
P0DUN0	Q7T1R1	39.400	104	106	146	1.381E-16	77
P0DUN0	Q9QXX3	35.700	103	106	151	1.381E-16	77
P0DUN0	P00613	38.500	107	106	118	1.895E-16	76
P0DUN0	P00604	38.300	99	106	118	1.895E-16	76
P0DUN0	P00605	38.300	99	106	118	1.895E-16	76
P0DUN0	A4FS04	35.700	109	106	119	1.895E-16	76
P0DUN0	P19000	39.400	107	106	145	1.895E-16	76
P0DUN0	F8J2D2	37.500	110	106	146	1.895E-16	76
P0DUN0	Q8UUH7	37.200	108	106	154	1.895E-16	76
P0DUN0	P00612	38.500	107	106	118	2.601E-16	76
P0DUN0	P15445	35.600	115	106	119	2.601E-16	76
P0DUN0	P51433	34.600	104	106	137	2.601E-16	76
P0DUN0	Q8UUI4	39.400	107	106	145	2.601E-16	76
P0DUN0	P00618	40.000	90	106	145	2.601E-16	76
P0DUN0	Q9PTA1	40.000	90	106	145	2.601E-16	76
P0DUN0	Q8QFW3	41.100	85	106	147	2.601E-16	76
P0DUN0	P00617	40.000	90	106	147	2.601E-16	76
P0DUN0	Q8UUI0	37.900	106	106	155	2.601E-16	76
P0DUN0	P00610	38.800	98	106	119	3.568E-16	76
P0DUN0	Q90251	36.000	111	106	137	3.568E-16	76
P0DUN0	Q8UUI3	39.400	107	106	145	3.568E-16	76
P0DUN0	P00597	37.000	100	106	146	3.568E-16	76
P0DUN0	P00598	37.000	100	106	146	3.568E-16	76
P0DUN0	Q91133	37.000	100	106	146	3.568E-16	76
P0DUN0	Q8QFW4	40.000	90	106	147	3.568E-16	76
P0DUN0	P25498	35.700	109	106	119	4.896E-16	75
P0DUN0	P39877	33.600	104	106	138	4.896E-16	75
P0DUN0	Q9DF33	40.600	91	106	146	4.896E-16	75
P0DUN0	Q9PUH8	36.400	116	106	147	4.896E-16	75
P0DUN0	P00602	37.300	99	106	118	6.718E-16	75
P0DUN0	Q9I843	38.500	107	106	145	6.718E-16	75
P0DUN0	Q9I845	38.500	107	106	145	6.718E-16	75
P0DUN0	Q9I846	38.500	107	106	145	6.718E-16	75
P0DUN0	Q8UW30	38.800	98	106	146	6.718E-16	75
P0DUN0	Q8UUH9	37.900	114	106	155	6.718E-16	75
P0DUN0	P10116	36.600	107	106	118	9.218E-16	74
P0DUN0	P60043	36.600	112	106	126	9.218E-16	74
P0DUN0	Q9PTA6	36.000	111	106	138	9.218E-16	74
P0DUN0	Q9I842	38.500	107	106	145	9.218E-16	74
P0DUN0	Q9I844	37.600	107	106	145	9.218E-16	74
P0DUN0	Q9I847	37.600	107	106	145	9.218E-16	74
P0DUN0	Q45Z28	33.800	116	106	151	9.218E-16	74
P0DUN0	Q4VRI5	38.200	100	106	154	9.218E-16	74
P0DUN0	P00603	37.300	99	106	118	1.265E-15	74
P0DUN0	Q6SLM1	37.000	108	106	137	1.265E-15	74
P0DUN0	F5CPF1	37.100	113	106	142	1.265E-15	74
P0DUN0	Q9PUH5	37.000	114	106	145	1.265E-15	74
P0DUN0	Q9I837	37.600	107	106	145	1.265E-15	74
P0DUN0	P60045	38.000	100	106	126	1.735E-15	74
P0DUN0	P00606	37.300	99	106	145	1.735E-15	74
P0DUN0	Q8AXW7	35.600	101	106	146	1.735E-15	74
P0DUN0	Q45Z29	33.300	121	106	151	1.735E-15	74
P0DUN0	Q45Z30	33.300	121	106	151	1.735E-15	74
P0DUN0	P20251	35.300	114	106	118	2.381E-15	73
P0DUN0	P00595	33.300	111	106	119	2.381E-15	73
P0DUN0	Q9PSN5	33.300	121	106	125	2.381E-15	73
P0DUN0	Q6T179	33.900	115	106	126	2.381E-15	73
P0DUN0	Q9WVF6	31.600	111	106	144	2.381E-15	73
P0DUN0	O15496	33.000	103	106	165	2.381E-15	73
P0DUN0	P00614	34.800	110	106	119	3.267E-15	73
P0DUN0	Q6SLM0	36.100	108	106	137	3.267E-15	73
P0DUN0	P20254	35.300	114	106	118	4.483E-15	72
P0DUN0	Q9PUH7	37.100	113	106	144	4.483E-15	72
P0DUN0	P20250	34.400	114	106	117	8.439E-15	72
P0DUN0	Q9UNK4	34.300	99	106	145	8.439E-15	72
P0DUN0	Q9DF52	34.200	108	106	145	8.439E-15	72
P0DUN0	P20253	37.900	108	106	118	1.158E-14	71
P0DUN0	Q9PUI1	35.000	114	106	145	1.158E-14	71
P0DUN0	P60044	35.100	107	106	126	1.589E-14	71
P0DUN0	P08873	33.900	107	106	145	1.589E-14	71
P0DUN0	P59359	35.000	114	106	145	1.589E-14	71
P0DUN0	P0DM51	58.000	50	106	50	2.180E-14	70
P0DUN0	F5CPF0	34.600	113	106	140	2.180E-14	70
P0DUN0	P0C551	36.100	108	106	142	2.180E-14	70
P0DUN0	P20146	33.300	109	106	145	2.180E-14	70
P0DUN0	P00611	36.600	107	106	145	2.180E-14	70
P0DUN0	Q9W7J3	36.700	106	106	154	2.180E-14	70
P0DUN0	Q9PTA5	36.100	105	106	137	2.990E-14	70
P0DUN0	Q8JFG2	35.000	117	106	152	2.990E-14	70
P0DUN0	Q45Z42	38.300	110	106	146	4.103E-14	70
P0DUN0	P20259	35.300	99	106	117	5.629E-14	69
P0DUN0	Q6SLM2	42.500	80	106	137	1.060E-13	68
P0DUN0	Q8UW31	34.100	117	106	152	1.060E-13	68
P0DUN0	P20252	35.300	114	106	118	1.994E-13	68
P0DUN0	P81236	40.000	100	106	119	1.994E-13	68
P0DUN0	C1IC45	39.000	82	106	137	2.736E-13	67
P0DUN0	P04056	39.200	97	106	118	3.754E-13	67
P0DUN0	P20255	39.200	97	106	118	3.754E-13	67
P0DUN0	Q9PUG7	34.100	117	106	152	3.754E-13	67
P0DUN0	Q9BZM2	32.200	116	106	168	3.754E-13	67
P0DUN0	P81237	39.700	78	106	118	5.150E-13	66
P0DUN0	C1IC46	39.000	82	106	137	7.065E-13	66
P0DUN0	P80966	37.200	94	106	151	7.065E-13	66
P0DUN0	Q3C2C2	32.000	125	106	159	1.824E-12	65
P0DUN0	D2X8K2	38.200	92	106	119	1.216E-11	63
P0DUN0	C0HK05	54.300	46	106	47	4.304E-11	61
P0DUN0	Q9PRG0	33.000	112	106	145	5.903E-11	61
P0DUN0	Q8AY47	71.800	32	106	139	1.523E-10	59
P0DUN0	P59067	45.700	59	106	62	2.089E-10	59
P0DUN0	P82893	45.200	53	106	70	2.865E-10	59
A0A2S1WBY6	I3PLQ6	99.700	356	356	356	4.153E-232	712
A0A2S1WBY6	Q6WUC1	42.800	342	356	346	1.354E-78	269
A0A2S1WBY6	Q5C9L7	40.200	342	356	350	6.466E-78	267
A0A2S1WBY6	Q7XB10	39.700	350	356	357	1.652E-77	265
A0A2S1WBY6	Q7XB11	38.400	354	356	354	4.970E-73	252
A0A2S1WBY6	Q9LEL5	36.300	346	356	350	1.371E-70	245
A0A2S1WBY6	Q8H9A8	39.100	345	356	351	4.567E-67	235
A0A2S1WBY6	Q9T003	38.400	357	356	382	1.248E-64	228
A0A2S1WBY6	B0ZB55	37.600	347	356	352	8.089E-64	226
A0A2S1WBY6	I3PLQ7	37.500	342	356	339	9.769E-63	222
A0A2S1WBY6	B0EXJ8	37.000	344	356	355	1.334E-62	222
A0A2S1WBY6	B6VJS4	37.000	342	356	357	1.609E-61	219
A0A2S1WBY6	A0A0N9HMN6	36.000	354	356	372	1.710E-59	213
A0A2S1WBY6	Q6WUC2	35.700	354	356	355	2.807E-58	209
A0A2S1WBY6	B0ZB56	34.500	347	356	360	7.130E-58	208
A0A2S1WBY6	O22308	37.300	344	356	352	2.964E-56	203
A0A2S1WBY6	O22309	37.300	344	356	352	4.043E-56	203
A0A2S1WBY6	Q6VMW0	33.000	360	356	366	1.676E-54	198
A0A2S1WBY6	K0I977	35.100	348	356	340	2.004E-53	195
A0A2S1WBY6	Q6VMW1	36.800	341	356	344	2.004E-53	195
A0A2S1WBY6	Q8GSN1	35.100	342	356	348	2.732E-53	195
A0A2S1WBY6	Q84KK5	35.200	342	356	357	3.725E-53	194
A0A2S1WBY6	P0DH60	37.600	353	356	360	5.079E-53	194
A0A2S1WBY6	K0II72	34.600	348	356	340	9.440E-53	193
A0A2S1WBY6	F2YTN5	33.500	342	356	355	2.392E-52	192
A0A2S1WBY6	A0A3Q7GYG2	33.500	342	356	356	2.392E-52	192
A0A2S1WBY6	Q6VMW2	36.000	341	356	344	1.126E-51	190
A0A2S1WBY6	O24305	36.600	353	356	360	5.297E-51	188
A0A2S1WBY6	Q29U70	36.500	357	356	364	9.839E-51	187
A0A2S1WBY6	Q84KK4	35.500	348	356	365	9.839E-51	187
A0A2S1WBY6	C6TAY1	33.100	342	356	358	1.594E-49	184
A0A2S1WBY6	Q93WU3	33.400	356	356	356	2.172E-49	183
A0A2S1WBY6	Q6EPG8	32.500	352	356	364	4.032E-49	183
A0A2S1WBY6	Q93WU2	33.700	350	356	357	1.892E-48	181
A0A2S1WBY6	Q6VMV8	31.700	348	356	343	6.514E-48	179
A0A2S1WBY6	Q84KK6	35.100	351	356	367	6.514E-48	179
A0A2S1WBY6	P0DO86	33.700	336	356	363	8.873E-48	179
A0A2S1WBY6	Q9FK25	32.000	313	356	363	1.050E-46	175
A0A2S1WBY6	Q8VWG4	34.500	334	356	366	2.651E-46	174
A0A2S1WBY6	A0A5A4PXL6	33.100	351	356	343	4.914E-46	173
A0A2S1WBY6	Q8VWJ6	33.700	345	356	366	4.914E-46	173
A0A2S1WBY6	D3KY99	34.100	333	356	350	2.298E-45	171
A0A2S1WBY6	A0A088MF62	31.500	323	356	362	5.796E-45	170
A0A2S1WBY6	Q42653	31.600	320	356	343	7.890E-45	170
A0A2S1WBY6	M9Z1G5	31.200	323	356	361	6.822E-44	167
A0A2S1WBY6	Q43046	30.900	316	356	365	6.822E-44	167
A0A2S1WBY6	A0A3Q7HYF0	31.200	323	356	361	1.719E-43	166
A0A2S1WBY6	Q00763	30.900	316	356	365	1.719E-43	166
A0A2S1WBY6	O81646	32.600	312	356	359	8.012E-43	164
A0A2S1WBY6	A0A4P8DY91	31.500	310	356	364	8.012E-43	164
A0A2S1WBY6	Q43609	31.300	310	356	365	8.012E-43	164
A0A2S1WBY6	D3KY98	32.500	332	356	350	1.090E-42	164
A0A2S1WBY6	Q8W013	30.500	310	356	363	1.277E-41	160
A0A2S1WBY6	Q8GU25	31.200	310	356	365	1.277E-41	160
A0A2S1WBY6	Q6T1F5	30.600	310	356	365	1.277E-41	160
A0A2S1WBY6	P28002	30.800	315	356	365	1.277E-41	160
A0A2S1WBY6	Q9FQY8	31.400	311	356	359	1.736E-41	160
A0A2S1WBY6	Q9XGW0	30.700	312	356	361	3.210E-41	159
A0A2S1WBY6	F2YTN4	31.100	323	356	362	3.210E-41	159
A0A2S1WBY6	Q43047	29.900	324	356	364	4.365E-41	159
A0A2S1WBY6	Q8LL87	31.200	310	356	350	8.069E-41	158
A0A2S1WBY6	Q9XGV9	31.000	312	356	361	1.491E-40	157
A0A2S1WBY6	Q41086	29.900	324	356	364	2.028E-40	157
A0A2S1WBY6	A8J6X1	31.100	316	356	359	3.747E-40	156
A0A2S1WBY6	A0A166U5H3	30.800	316	356	359	9.408E-40	155
A0A2S1WBY6	A9X7L0	31.000	304	356	364	1.279E-39	154
A0A2S1WBY6	P46484	29.100	316	356	366	2.019E-38	151
A0A2S1WBY6	P93324	29.600	319	356	372	3.726E-38	150
A0A2S1WBY6	Q39522	30.000	316	356	381	3.726E-38	150
A0A2S1WBY6	Q9SWC2	31.500	298	356	313	9.338E-38	149
A0A2S1WBY6	Q38J50	31.000	310	356	356	9.338E-38	149
A0A2S1WBY6	A0AA51VIL7	29.900	321	356	367	1.723E-37	148
A0A2S1WBY6	O82054	35.700	261	356	362	4.314E-37	147
A0A2S1WBY6	O04385	28.500	310	356	368	3.667E-36	144
A0A2S1WBY6	Q06509	30.900	314	356	364	6.756E-36	143
A0A2S1WBY6	I3V6A7	30.900	329	356	390	6.756E-36	143
A0A2S1WBY6	P45986	29.700	315	356	365	4.219E-35	141
A0A2S1WBY6	Q0IP69	31.300	324	356	375	4.219E-35	141
A0A2S1WBY6	Q6ZD89	34.800	246	356	368	1.429E-34	139
A0A2S1WBY6	Q9SCP7	33.300	312	356	359	1.939E-34	139
A0A2S1WBY6	I1M2U5	32.500	309	356	355	2.218E-33	136
A0A2S1WBY6	Q43239	31.900	245	356	354	3.007E-33	136
A0A2S1WBY6	B8RCD3	28.300	320	356	358	2.527E-32	133
A0A2S1WBY6	A8QW52	35.800	209	356	376	3.884E-31	129
A0A2S1WBY6	Q6K9X3	33.700	289	356	365	5.259E-31	129
A0A2S1WBY6	A0AA51VIL5	28.300	316	356	353	5.936E-30	126
A0A2S1WBY6	Q9X5T6	31.000	224	356	349	6.056E-24	108
A0A2S1WBY6	Q92056	23.900	333	356	346	4.755E-19	93
A0A2S1WBY6	B4XY98	36.900	146	356	345	6.692E-18	89
A0A2S1WBY6	P16559	29.200	266	356	494	1.203E-17	88
A0A2S1WBY6	P42712	28.800	212	356	376	2.160E-17	87
A0A2S1WBY6	P10950	27.100	314	356	345	2.994E-16	84
A0A2S1WBY6	Q9UQY0	29.300	218	356	386	5.488E-15	80
A0A2S1WBY6	D3KU66	34.400	151	356	387	3.122E-14	78
A0A2S1WBY6	D3KU67	34.400	151	356	387	3.122E-14	78
A0A2S1WBY6	B9WZX2	30.000	193	356	342	7.434E-14	76
A0A2S1WBY6	P55790	28.200	141	356	418	1.768E-13	75
A0A2S1WBY6	Q12120	27.900	139	356	418	5.601E-13	74
A0A2S1WBY6	A1DA61	30.100	145	356	411	4.153E-11	68
A0A2S1WBY6	K4RFM2	31.100	146	356	347	1.734E-10	66
A0A2S1WBY6	Q0CCY5	24.500	354	356	486	3.069E-10	65
A0A2S1WBY6	P54906	33.300	159	356	379	1.697E-09	63
A0A2S1WBY6	Q4WQZ7	23.900	255	356	482	2.908E-08	59
P9WF03	T2KNB2	49.700	902	920	926	9.931E-277	872
P9WF03	T2KPL4	29.000	894	920	952	1.866E-104	366
A0A5Q0QN66	W4JX79	54.800	341	659	345	3.687E-112	380
A0A5Q0QN66	P0DL13	51.700	338	659	345	1.598E-106	363
A0A5Q0QN66	A0A0D2L718	47.800	330	659	327	1.499E-95	331
A0A5Q0QN66	A0A8H7XQ49	38.900	329	659	364	1.786E-72	262
A0A5Q0QN66	A0A8H8CFI5	39.300	330	659	364	2.417E-72	262
A0A5Q0QN66	A0A8H7XP09	36.800	328	659	361	2.892E-65	241
A0A5Q0QN66	A0A8H7XMX0	37.100	342	659	344	1.289E-61	229
A0A5Q0QN66	A0A348B779	36.100	325	659	338	9.336E-55	209
A0A5Q0QN66	A8NE23	31.600	399	659	425	6.638E-51	197
A0A5Q0QN66	B8PD44	29.300	328	659	336	1.633E-37	155
A0A5Q0QN66	A8NU13	28.700	328	659	345	2.119E-35	148
A0A5Q0QN66	A0A0C9VD04	28.700	322	659	347	1.114E-32	139
A0A5Q0QN66	A0A0C3FBR2	28.000	322	659	345	3.079E-29	128
A0A5Q0QN66	K7PL94	29.200	387	659	470	9.515E-29	127
A0A5Q0QN66	Q4P3F1	35.900	253	659	462	1.778E-24	113
A0A5Q0QN66	F9X3D9	27.600	393	659	460	1.936E-21	103
A0A5Q0QN66	A0A1B4XBG5	28.300	336	659	367	3.384E-21	102
A0A5Q0QN66	Q4WXT8	36.800	187	659	460	5.914E-21	102
A0A5Q0QN66	Q4WBQ3	29.500	337	659	467	7.818E-21	101
A0A5Q0QN66	B2J4A4	23.800	308	659	323	7.285E-20	98
A0A5Q0QN66	Q01581	26.600	380	659	520	2.066E-18	93
A0A5Q0QN66	A9GK58	25.600	287	659	315	6.294E-18	92
A0A5Q0QN66	Q5R7Z9	26.300	380	659	520	1.917E-17	90
A0A5Q0QN66	P13704	25.800	380	659	520	2.532E-17	90
A0A5Q0QN66	P23228	27.600	381	659	522	3.345E-17	89
A0A5Q0QN66	Q8JZK9	30.500	226	659	520	4.418E-17	89
A0A5Q0QN66	A0A8M1PIL7	30.900	226	659	526	5.836E-17	89
A0A5Q0QN66	A0A6S5ZZ88	27.300	380	659	456	7.709E-17	88
A0A5Q0QN66	P17425	30.000	226	659	520	1.345E-16	87
A0A5Q0QN66	I1RY35	33.600	185	659	456	2.346E-16	87
A0A5Q0QN66	P54868	33.100	178	659	508	9.425E-16	85
A0A5Q0QN66	O02734	25.400	420	659	508	1.644E-15	84
A0A5Q0QN66	B5H7H3	21.900	321	659	372	4.997E-15	82
A0A5Q0QN66	A0A1D8PTW6	26.400	331	659	451	8.713E-15	81
A0A5Q0QN66	P22791	28.000	263	659	508	1.150E-14	81
A0A5Q0QN66	P54839	28.000	226	659	491	2.006E-14	80
A0A5Q0QN66	Q82IY4	25.500	323	659	336	2.648E-14	80
A0A5Q0QN66	P54873	34.200	175	659	461	2.648E-14	80
A0A5Q0QN66	S0DX56	23.900	297	659	357	8.045E-14	78
A0A5Q0QN66	C7PLV2	21.900	300	659	321	5.621E-13	76
A0A5Q0QN66	Q86HL5	28.800	177	659	468	5.621E-13	76
A0A5Q0QN66	E3VWJ0	25.000	323	659	337	9.794E-13	75
A0A5Q0QN66	P54870	35.300	130	659	455	9.794E-13	75
A0A5Q0QN66	Q55012	24.000	323	659	337	1.707E-12	74
A0A5Q0QN66	P54874	35.000	134	659	447	1.707E-12	74
A0A5Q0QN66	P54961	36.600	129	659	453	3.924E-12	73
A0A5S9I252	A0A1L7VZE7	25.700	347	386	401	9.991E-24	108
A0A5S9I252	B2J4A4	22.800	327	386	323	7.297E-17	86
A0A5S9I252	A1C8C3	23.200	273	386	718	1.655E-11	69
A0A5S9I252	A7NH01	22.500	296	386	326	2.922E-11	68
A0A5S9I252	A9GK58	23.700	271	386	315	3.882E-11	68
A0A5S9I252	Q82IY4	21.300	318	386	336	1.605E-10	66
A0A5S9I252	G2P5T1	22.100	276	386	384	3.756E-10	65
A0A5S9I252	S0DX56	22.500	356	386	357	6.619E-10	64
A0A5S9I252	E3VWJ0	21.600	307	386	337	2.053E-09	63
A0A5S9I252	Q55012	22.000	307	386	337	1.968E-08	59
A0A5S9I252	Q9X839	20.200	356	386	726	5.491E-06	51
A0A5S9I252	Q9K499	22.100	265	386	361	1.593E-04	47
C0HLB8	Q92084	89.600	29	32	146	6.076E-16	70
C0HLB8	Q92085	89.600	29	32	146	6.076E-16	70
C0HLB8	P00600	86.200	29	32	119	2.983E-15	68
C0HLB8	P00601	86.200	29	32	119	2.983E-15	68
C0HLB8	Q9I900	86.200	29	32	146	1.066E-14	67
C0HLB8	Q92086	86.200	29	32	146	1.066E-14	67
C0HLB8	P00599	82.700	29	32	118	1.465E-14	66
C0HLB8	P00604	85.700	28	32	118	1.465E-14	66
C0HLB8	P00605	85.700	28	32	118	1.465E-14	66
C0HLB8	P00595	85.700	28	32	119	1.465E-14	66
C0HLB8	C1IC45	88.400	26	32	137	3.808E-14	65
C0HLB8	C1IC46	88.400	26	32	137	3.808E-14	65
C0HLB8	A4FS04	85.700	28	32	119	5.236E-14	65
C0HLB8	P15445	85.700	28	32	119	5.236E-14	65
C0HLB8	Q6T179	85.700	28	32	126	5.236E-14	65
C0HLB8	P60044	85.700	28	32	126	5.236E-14	65
C0HLB8	P00597	85.700	28	32	146	5.236E-14	65
C0HLB8	P00598	85.700	28	32	146	5.236E-14	65
C0HLB8	Q91133	85.700	28	32	146	5.236E-14	65
C0HLB8	P59068	78.100	32	32	57	7.199E-14	64
C0HLB8	P20253	78.100	32	32	118	7.199E-14	64
C0HLB8	P60043	82.100	28	32	126	7.199E-14	64
C0HLB8	P00603	82.100	28	32	118	1.872E-13	63
C0HLB8	P00602	82.100	28	32	118	1.872E-13	63
C0HLB8	P00614	75.000	32	32	119	1.872E-13	63
C0HLB8	Q9PUG9	75.000	32	32	144	2.574E-13	63
C0HLB8	Q9PUH6	75.000	32	32	145	2.574E-13	63
C0HLB8	Q9PUH0	75.000	32	32	146	2.574E-13	63
C0HLB8	Q9PUH1	75.000	32	32	146	2.574E-13	63
C0HLB8	Q9PUH2	75.000	32	32	146	2.574E-13	63
C0HLB8	Q9PUH3	75.000	32	32	146	2.574E-13	63
C0HLB8	Q9PUH4	75.000	32	32	146	2.574E-13	63
C0HLB8	P00608	75.000	32	32	119	3.539E-13	63
C0HLB8	Q45Z25	75.000	32	32	151	3.539E-13	63
C0HLB8	Q45Z26	75.000	32	32	151	3.539E-13	63
C0HLB8	Q7T2Q4	75.000	32	32	147	4.867E-13	62
C0HLB8	P20254	75.000	32	32	118	6.693E-13	62
C0HLB8	Q9I837	75.000	32	32	145	6.693E-13	62
C0HLB8	Q9I842	75.000	32	32	145	6.693E-13	62
C0HLB8	Q9DF33	84.600	26	32	146	6.693E-13	62
C0HLB8	P00611	75.000	32	32	145	9.205E-13	61
C0HLB8	Q9I843	75.000	32	32	145	9.205E-13	61
C0HLB8	Q9I844	75.000	32	32	145	9.205E-13	61
C0HLB8	Q9I845	75.000	32	32	145	9.205E-13	61
C0HLB8	Q9I846	75.000	32	32	145	9.205E-13	61
C0HLB8	Q9I847	75.000	32	32	145	9.205E-13	61
C0HLB8	F8J2D2	71.800	32	32	146	9.205E-13	61
C0HLB8	P20258	68.700	32	32	117	1.741E-12	61
C0HLB8	P81166	76.600	30	32	118	1.741E-12	61
C0HLB8	P81167	76.600	30	32	118	1.741E-12	61
C0HLB8	P20257	71.800	32	32	118	1.741E-12	61
C0HLB8	P08872	71.800	32	32	144	1.741E-12	61
C0HLB8	Q8UUI4	71.800	32	32	145	1.741E-12	61
C0HLB8	P19000	71.800	32	32	145	1.741E-12	61
C0HLB8	Q8UUI3	68.700	32	32	145	2.394E-12	60
C0HLB8	P20250	71.800	32	32	117	3.293E-12	60
C0HLB8	P00612	75.000	32	32	118	3.293E-12	60
C0HLB8	P00613	75.000	32	32	118	3.293E-12	60
C0HLB8	P20251	71.800	32	32	118	3.293E-12	60
C0HLB8	P60045	82.100	28	32	126	3.293E-12	60
C0HLB8	P59070	71.800	32	32	48	4.529E-12	59
C0HLB8	P59067	71.800	32	32	62	4.529E-12	59
C0HLB8	P81237	68.700	32	32	118	4.529E-12	59
C0HLB8	P81236	68.700	32	32	119	4.529E-12	59
C0HLB8	Q8QFW3	78.500	28	32	147	4.529E-12	59
C0HLB8	Q7T2Q5	71.800	32	32	147	4.529E-12	59
C0HLB8	P20255	71.800	32	32	118	6.230E-12	59
C0HLB8	Q9PUH9	75.000	32	32	147	6.230E-12	59
C0HLB8	Q9W7J3	75.000	32	32	154	6.230E-12	59
C0HLB8	P00609	71.800	32	32	119	8.569E-12	59
C0HLB8	P20252	71.800	32	32	118	1.179E-11	58
C0HLB8	P04056	71.800	32	32	118	1.179E-11	58
C0HLB8	P20256	71.800	32	32	118	1.179E-11	58
C0HLB8	P00610	75.000	32	32	119	1.179E-11	58
C0HLB8	Q6SLM1	78.500	28	32	137	1.179E-11	58
C0HLB8	Q9PTA6	75.000	28	32	138	1.179E-11	58
C0HLB8	P23026	65.600	32	32	145	1.179E-11	58
C0HLB8	Q8UW30	75.000	32	32	146	1.179E-11	58
C0HLB8	P25498	78.500	28	32	119	1.621E-11	58
C0HLB8	Q9PUH7	71.800	32	32	144	1.621E-11	58
C0HLB8	Q9PUH5	71.800	32	32	145	1.621E-11	58
C0HLB8	P59069	87.500	24	32	46	3.068E-11	57
C0HLB8	Q9PSN5	71.800	32	32	125	3.068E-11	57
C0HLB8	Q8UUH8	68.700	32	32	145	3.068E-11	57
C0HLB8	Q8UUI1	68.700	32	32	145	3.068E-11	57
C0HLB8	P20146	68.700	32	32	145	3.068E-11	57
C0HLB8	Q8AXW7	78.500	28	32	146	3.068E-11	57
C0HLB8	Q45Z42	71.800	32	32	146	3.068E-11	57
C0HLB8	Q9PUI0	71.800	32	32	147	3.068E-11	57
C0HLB8	Q45Z28	71.800	32	32	151	3.068E-11	57
C0HLB8	Q45Z29	71.800	32	32	151	3.068E-11	57
C0HLB8	Q45Z30	71.800	32	32	151	3.068E-11	57
C0HLB8	Q8UUI0	68.700	32	32	155	3.068E-11	57
C0HLB8	P10116	65.600	32	32	118	7.987E-11	56
C0HLB8	Q90251	71.400	28	32	137	7.987E-11	56
C0HLB8	P80966	80.700	26	32	151	7.987E-11	56
C0HLB8	Q8UUH9	68.700	32	32	155	7.987E-11	56
C0HLB8	C0HKB8	91.300	23	32	117	1.099E-10	55
C0HLB8	Q6SLM2	70.000	30	32	137	1.099E-10	55
C0HLB8	Q9PTA5	71.400	28	32	137	1.099E-10	55
C0HLB8	P08873	91.300	23	32	145	1.099E-10	55
C0HLB8	Q9DF52	75.000	28	32	145	1.099E-10	55
C0HLB8	P00606	75.000	28	32	145	1.512E-10	55
C0HLB8	Q7T1R0	75.000	28	32	146	1.512E-10	55
C0HLB8	P14615	71.400	28	32	120	2.080E-10	55
C0HLB8	Q7T1R1	71.400	28	32	146	2.080E-10	55
C0HLB8	Q8UUH7	65.600	32	32	154	2.080E-10	55
C0HLB8	Q9PUI1	68.700	32	32	145	2.862E-10	54
C0HLB8	Q9PRG0	68.700	32	32	145	2.862E-10	54
C0HLB8	P59359	68.700	32	32	145	2.862E-10	54
C0HLB8	P00594	70.000	30	32	132	3.938E-10	54
C0HLB8	F5CPF1	86.900	23	32	142	3.938E-10	54
C0HLB8	P20259	75.000	28	32	117	5.418E-10	53
C0HLB8	Q9PTA7	67.800	28	32	133	5.418E-10	53
C0HLB8	Q9PU97	67.800	28	32	137	5.418E-10	53
C0HLB8	Q6YIJ3	67.800	28	32	137	5.418E-10	53
C0HLB8	Q6SLM0	71.400	28	32	137	5.418E-10	53
C0HLB8	Q8AY48	67.800	28	32	137	5.418E-10	53
C0HLB8	P00618	67.800	28	32	145	5.418E-10	53
C0HLB8	Q9PTA1	67.800	28	32	145	5.418E-10	53
C0HLB8	Q75S51	67.800	28	32	147	5.418E-10	53
C0HLB8	P00617	67.800	28	32	147	5.418E-10	53
C0HLB8	Q8UW31	86.900	23	32	152	5.418E-10	53
C0HLB8	Q8JFG2	86.900	23	32	152	7.456E-10	53
C0HLB8	P04416	86.900	23	32	124	1.026E-09	53
C0HLB8	F5CPF0	86.900	23	32	140	1.026E-09	53
C0HLB8	P00592	86.900	23	32	146	1.026E-09	53
C0HLB8	P14411	73.000	26	32	135	1.412E-09	52
C0HLB8	Q8AY47	64.200	28	32	139	1.412E-09	52
C0HLB8	Q90WA8	67.800	28	32	145	1.412E-09	52
C0HLB8	P06596	82.600	23	32	146	1.412E-09	52
C0HLB8	Q8QFW4	64.200	28	32	147	1.412E-09	52
C0HLB8	Q7M334	86.900	23	32	144	1.943E-09	52
C0HLB8	Q9PUH8	65.600	32	32	147	1.943E-09	52
C0HLB8	P84736	82.600	23	32	50	2.674E-09	51
C0HLB8	P14419	82.600	23	32	123	2.674E-09	51
C0HLB8	P00593	82.600	23	32	145	2.674E-09	51
C0HLB8	Q4VRI5	78.200	23	32	154	3.680E-09	51
C0HLB8	Q9PUG7	82.600	23	32	152	5.065E-09	51
C0HLB8	P04055	78.200	23	32	146	6.971E-09	50
C0HLB8	P43434	67.800	28	32	146	6.971E-09	50
C0HLB8	P04054	78.200	23	32	148	6.971E-09	50
C0HLB8	Q6YNQ0	60.700	28	32	137	9.594E-09	50
C0HLB8	P00619	60.700	28	32	147	9.594E-09	50
C0HLB8	P21789	73.900	23	32	120	1.321E-08	49
C0HLB8	P00628	64.200	28	32	135	1.818E-08	49
C0HLB8	P0C551	78.200	23	32	142	1.818E-08	49
C0HLB8	Q90WA7	64.200	28	32	145	1.818E-08	49
C0HLB8	P00629	64.200	28	32	145	1.818E-08	49
C0HLB8	Q75S48	78.200	23	32	152	1.818E-08	49
C0HLB8	Q10755	64.000	25	32	122	2.502E-08	49
C0HLB8	P14420	64.000	25	32	122	2.502E-08	49
C0HLB8	Q8JFG0	64.000	25	32	138	2.502E-08	49
C0HLB8	Q02471	64.000	25	32	138	2.502E-08	49
C0HLB8	Q1RP78	64.000	25	32	138	2.502E-08	49
C0HLB8	Q1RP79	64.000	25	32	138	2.502E-08	49
C0HLB8	Q9Z0Y2	73.900	23	32	146	6.529E-08	48
C0HLB8	A6MEY4	69.500	23	32	145	8.989E-08	47
C0HLB8	P24293	65.200	23	32	121	1.704E-07	46
C0HLB8	P81478	65.300	26	32	122	1.704E-07	46
C0HLB8	Q9DF56	73.900	23	32	152	2.346E-07	46
C0HLB8	P31854	60.000	25	32	138	3.231E-07	46
C0HLB8	P59071	65.200	23	32	121	4.449E-07	45
C0HLB8	P00622	65.200	23	32	121	4.449E-07	45
C0HLB8	P84674	65.200	23	32	121	4.449E-07	45
C0HLB8	P81458	65.200	23	32	121	4.449E-07	45
C0HLB8	P20249	60.000	25	32	122	4.449E-07	45
C0HLB8	Q9YGJ7	65.200	23	32	137	4.449E-07	45
C0HLB8	A8CG84	65.200	23	32	137	4.449E-07	45
C0HLB8	F8QN53	65.200	23	32	137	4.449E-07	45
C0HLB8	Q2HZ28	60.000	25	32	138	4.449E-07	45
C0HLB8	D0UGJ0	60.000	25	32	139	4.449E-07	45
C0HLB8	Q6EER4	58.300	24	32	138	6.128E-07	45
C0HLB8	P0C932	60.000	25	32	50	8.439E-07	44
C0HLB8	D2X8K2	58.000	31	32	119	8.439E-07	44
C0HLB8	P84651	60.000	25	32	122	8.439E-07	44
C0HLB8	Q7T3T5	65.200	23	32	130	8.439E-07	44
C0HLB8	A8CG82	65.200	23	32	138	8.439E-07	44
C0HLB8	Q3C2C2	65.200	23	32	159	8.439E-07	44
C0HLB8	Q2YHJ5	61.500	26	32	122	1.162E-06	44
C0HLB8	Q91506	65.200	23	32	122	1.162E-06	44
C0HLB8	Q2PG83	65.200	23	32	138	1.162E-06	44
C0HLB8	Q92147	61.500	26	32	138	1.162E-06	44
C0HLB8	Q6H3C8	61.500	26	32	138	1.162E-06	44
C0HLB8	A8CG89	65.200	23	32	138	1.162E-06	44
C0HLB8	Q802I1	80.900	21	32	142	1.162E-06	44
C0HLB8	P81480	56.000	25	32	122	1.601E-06	44
C0HLB8	P20476	56.000	25	32	138	1.601E-06	44
C0HLB8	Q6H3D0	56.000	25	32	138	1.601E-06	44
C0HLB8	Q6H3C5	60.800	23	32	122	2.205E-06	43
C0HLB8	P0DJP4	65.200	23	32	122	2.205E-06	43
C0HLB8	P14418	60.800	23	32	124	2.205E-06	43
C0HLB8	Q7LZQ4	60.800	23	32	124	2.205E-06	43
C0HLB8	P34180	60.800	23	32	137	2.205E-06	43
C0HLB8	A8CG90	60.800	23	32	137	2.205E-06	43
C0HLB8	Q910A0	60.800	23	32	138	2.205E-06	43
C0HLB8	Q2YHJ6	65.200	23	32	138	2.205E-06	43
C0HLB8	P00620	70.000	20	32	118	3.038E-06	43
C0HLB8	P86368	60.800	23	32	121	3.038E-06	43
C0HLB8	P0CAS3	65.200	23	32	122	3.038E-06	43
C0HLB8	P86907	60.000	25	32	122	3.038E-06	43
C0HLB8	P86974	58.300	24	32	122	3.038E-06	43
C0HLB8	C0HJL8	65.200	23	32	122	3.038E-06	43
C0HLB8	P0CG56	65.200	23	32	122	3.038E-06	43
C0HLB8	Q90W39	60.800	23	32	138	3.038E-06	43
C0HLB8	P24027	65.200	23	32	138	3.038E-06	43
C0HLB8	P11407	65.200	23	32	138	3.038E-06	43
C0HLB8	P20474	58.300	24	32	138	3.038E-06	43
C0HLB8	A8CG86	65.200	23	32	138	3.038E-06	43
C0HLB8	P14424	65.200	23	32	138	3.038E-06	43
C0HLB8	F8QN54	65.200	23	32	138	3.038E-06	43
C0HLB8	P00626	65.200	23	32	138	3.038E-06	43
C0HLB8	Q7T2R1	65.200	23	32	138	3.038E-06	43
C0HLB8	Q3C2C1	65.200	23	32	158	3.038E-06	43
C0HLB8	C0HK05	65.200	23	32	47	4.184E-06	42
C0HLB8	C0HM79	64.000	25	32	95	4.184E-06	42
C0HLB8	P0CAS4	65.200	23	32	122	4.184E-06	42
C0HLB8	C0HM14	65.200	23	32	122	4.184E-06	42
C0HLB8	P86169	65.200	23	32	122	4.184E-06	42
C0HLB8	P0CAS2	65.200	23	32	122	4.184E-06	42
C0HLB8	Q9I8F8	56.000	25	32	122	4.184E-06	42
C0HLB8	C0HKC4	64.000	25	32	123	4.184E-06	42
C0HLB8	Q7T3S7	60.800	23	32	136	4.184E-06	42
C0HLB8	P59171	60.800	23	32	138	4.184E-06	42
C0HLB8	G3DT18	60.800	23	32	138	4.184E-06	42
C0HLB8	P0DJN6	65.200	23	32	138	4.184E-06	42
C0HLB8	A0A411EZW9	64.000	25	32	138	4.184E-06	42
C0HLB8	Q6EER2	65.200	23	32	138	4.184E-06	42
C0HLB8	A0A193CHJ5	65.200	23	32	138	4.184E-06	42
C0HLB8	P62022	65.200	23	32	138	4.184E-06	42
C0HLB8	P62023	65.200	23	32	138	4.184E-06	42
C0HLB8	Q6EER3	60.800	23	32	138	4.184E-06	42
C0HLB8	A8E2V8	64.000	25	32	139	4.184E-06	42
C0HLB8	C0HKC3	64.000	25	32	139	4.184E-06	42
C0HLB8	Q9QUL3	69.500	23	32	142	4.184E-06	42
C0HLB8	P48076	65.200	23	32	150	4.184E-06	42
C0HLB8	P24644	80.000	20	32	38	5.765E-06	42
C0HLB8	P24645	80.000	20	32	38	5.765E-06	42
C0HLB8	P0DM51	58.300	24	32	50	5.765E-06	42
C0HLB8	P0DUN4	60.800	23	32	92	5.765E-06	42
C0HLB8	P0DUN3	60.800	23	32	107	5.765E-06	42
C0HLB8	Q6H3C6	60.800	23	32	122	5.765E-06	42
C0HLB8	Q6EER5	60.800	23	32	122	5.765E-06	42
C0HLB8	Q6EER6	60.800	23	32	122	5.765E-06	42
C0HLB8	Q7SID6	64.000	25	32	123	5.765E-06	42
C0HLB8	Q9PVF0	61.500	26	32	126	5.765E-06	42
C0HLB8	Q9PVF1	61.500	26	32	126	5.765E-06	42
C0HLB8	F8QN51	60.800	23	32	137	5.765E-06	42
C0HLB8	Q800C3	64.000	25	32	138	5.765E-06	42
C0HLB8	Q800C4	64.000	25	32	138	5.765E-06	42
C0HLB8	Q800C1	64.000	25	32	138	5.765E-06	42
C0HLB8	P0DJN7	60.800	23	32	138	5.765E-06	42
C0HLB8	Q805A2	60.800	23	32	138	5.765E-06	42
C0HLB8	Q910A1	70.000	20	32	138	5.765E-06	42
C0HLB8	D6MKR0	64.000	25	32	138	5.765E-06	42
C0HLB8	Q2YHJ2	60.800	23	32	138	5.765E-06	42
C0HLB8	Q2YHJ7	60.800	23	32	138	5.765E-06	42
C0HLB8	P00623	64.000	25	32	138	5.765E-06	42
C0HLB8	P00624	64.000	25	32	138	5.765E-06	42
C0HLB8	Q6H3C9	60.800	23	32	138	5.765E-06	42
C0HLB8	F8QN52	70.000	20	32	138	5.765E-06	42
C0HLB8	Q71QE8	60.800	23	32	138	5.765E-06	42
C0HLB8	Q9PVE9	61.500	26	32	139	5.765E-06	42
C0HLB8	P0DJ62	60.800	23	32	60	7.942E-06	42
C0HLB8	P82896	60.800	23	32	122	7.942E-06	42
C0HLB8	C9DPL5	60.800	23	32	122	7.942E-06	42
C0HLB8	Q90ZZ9	60.800	23	32	138	7.942E-06	42
C0HLB8	Q8AXY1	60.800	23	32	138	7.942E-06	42
C0HLB8	P06859	60.800	23	32	138	7.942E-06	42
C0HLB8	P59172	60.800	23	32	139	7.942E-06	42
C0HLB8	P59170	60.800	23	32	139	7.942E-06	42
C0HLB8	C1JAR9	56.000	25	32	147	7.942E-06	42
C0HLB8	P0DY42	60.800	23	32	162	7.942E-06	42
C0HLB8	Q9BZM2	65.200	23	32	168	7.942E-06	42
C0HLB8	P24294	60.800	23	32	121	1.094E-05	41
C0HLB8	P0DKR5	58.300	24	32	122	1.094E-05	41
C0HLB8	C0HJC1	65.200	23	32	122	1.094E-05	41
C0HLB8	P86389	60.800	23	32	124	1.094E-05	41
C0HLB8	O42189	65.200	23	32	124	1.094E-05	41
C0HLB8	O42190	65.200	23	32	124	1.094E-05	41
C0HLB8	Q7ZTA6	60.800	23	32	138	1.094E-05	41
C0HLB8	A8CG78	60.800	23	32	138	1.094E-05	41
C0HLB8	A8CG87	60.800	23	32	138	1.094E-05	41
C0HLB8	Q6H3C7	60.800	23	32	139	1.094E-05	41
C0HLB8	Q9PVF2	60.800	23	32	139	1.094E-05	41
C0HLB8	Q9NZK7	65.200	23	32	142	1.094E-05	41
C0HLB8	B3EWP6	58.300	24	32	60	1.508E-05	41
C0HLB8	P0DKR3	60.800	23	32	122	1.508E-05	41
C0HLB8	P04417	65.200	23	32	122	1.508E-05	41
C0HLB8	P59265	65.200	23	32	122	1.508E-05	41
C0HLB8	P06860	65.200	23	32	122	1.508E-05	41
C0HLB8	B6CQR5	70.000	20	32	138	1.508E-05	41
C0HLB8	Q8JIG0	65.200	23	32	138	1.508E-05	41
C0HLB8	Q02517	65.200	23	32	138	1.508E-05	41
C0HLB8	O42187	65.200	23	32	138	1.508E-05	41
C0HLB8	C3W4R6	70.000	20	32	138	1.508E-05	41
C0HLB8	Q90Y77	65.200	23	32	138	1.508E-05	41
C0HLB8	P47711	60.800	23	32	145	1.508E-05	41
C0HLB8	P00621	70.000	20	32	119	2.078E-05	40
C0HLB8	P31482	60.800	23	32	146	2.078E-05	40
A0A2I7G3B0	Q56YU0	64.100	486	499	501	3.654E-210	657
A0A2I7G3B0	Q9SU63	54.700	484	499	538	1.510E-174	554
A0A2I7G3B0	Q8S528	53.500	484	499	534	1.673E-169	539
A0A2I7G3B0	P27463	55.100	479	499	509	1.097E-165	528
A0A2I7G3B0	Q29490	54.200	479	499	501	1.495E-162	519
A0A2I7G3B0	Q8MI17	54.000	479	499	496	2.800E-162	518
A0A2I7G3B0	Q28399	54.000	479	499	501	7.178E-162	517
A0A2I7G3B0	P13601	54.200	479	499	501	1.209E-160	514
A0A2I7G3B0	P51977	53.900	478	499	501	2.035E-159	510
A0A2I7G3B0	P48644	53.900	478	499	501	2.785E-159	510
A0A2I7G3B0	P15437	52.800	496	499	501	7.137E-159	509
A0A2I7G3B0	P86886	52.800	479	499	501	9.767E-159	508
A0A2I7G3B0	P00352	53.400	479	499	501	1.829E-158	507
A0A2I7G3B0	O35945	53.400	479	499	501	2.503E-158	507
A0A2I7G3B0	P51647	53.600	479	499	501	3.425E-158	507
A0A2I7G3B0	Q8HYE4	52.200	496	499	501	4.212E-157	503
A0A2I7G3B0	P24549	53.000	479	499	501	7.887E-157	503
A0A2I7G3B0	Q5RF00	52.600	475	499	517	9.697E-156	499
A0A2I7G3B0	Q27640	52.600	475	499	497	1.327E-155	499
A0A2I7G3B0	P05091	52.600	475	499	517	1.327E-155	499
A0A2I7G3B0	O94788	52.700	480	499	518	6.366E-155	497
A0A2I7G3B0	P81178	51.700	475	499	500	1.465E-153	493
A0A2I7G3B0	P11884	51.500	475	499	519	1.465E-153	493
A0A2I7G3B0	P47738	51.500	475	499	519	2.742E-153	492
A0A2I7G3B0	O93344	51.400	486	499	518	7.026E-153	491
A0A2I7G3B0	Q62148	52.000	480	499	518	7.026E-153	491
A0A2I7G3B0	Q63639	51.800	480	499	518	9.613E-153	491
A0A2I7G3B0	P12762	51.400	480	499	500	1.315E-152	490
A0A2I7G3B0	P42041	52.500	472	499	497	8.631E-152	488
A0A2I7G3B0	P08157	52.200	469	499	497	1.616E-151	487
A0A2I7G3B0	Q2XQV4	51.200	480	499	521	1.616E-151	487
A0A2I7G3B0	Q9JHW9	51.900	477	499	512	5.663E-151	486
A0A2I7G3B0	P20000	50.600	480	499	520	1.060E-150	485
A0A2I7G3B0	Q8K4D8	51.900	477	499	512	1.985E-150	484
A0A2I7G3B0	P40108	52.900	472	499	496	3.715E-150	483
A0A2I7G3B0	Q9I8W8	51.400	485	499	517	1.781E-149	481
A0A2I7G3B0	P30837	50.800	480	499	517	8.540E-149	479
A0A2I7G3B0	Q5R6B5	51.200	480	499	517	8.540E-149	479
A0A2I7G3B0	P41751	51.300	469	499	497	5.601E-148	477
A0A2I7G3B0	Q66HF8	50.200	480	499	519	5.601E-148	477
A0A2I7G3B0	Q9CZS1	50.800	480	499	519	7.663E-148	477
A0A2I7G3B0	Q25417	49.500	470	499	498	3.673E-147	475
A0A2I7G3B0	O34660	49.800	470	499	495	4.445E-143	463
A0A2I7G3B0	O74187	48.400	471	499	500	5.451E-142	460
A0A2I7G3B0	Q63ZT8	47.300	477	499	902	3.200E-140	454
A0A2I7G3B0	P46367	49.000	471	499	519	7.335E-139	451
A0A2I7G3B0	Q6GNL7	46.900	477	499	902	1.100E-136	444
A0A2I7G3B0	Q3SY69	46.900	475	499	923	2.815E-136	443
A0A2I7G3B0	Q8K009	45.700	491	499	923	1.347E-135	441
A0A2I7G3B0	Q5RFM9	46.500	477	499	902	2.017E-133	435
A0A2I7G3B0	Q8R0Y6	45.400	477	499	902	8.629E-132	430
A0A2I7G3B0	O75891	46.100	477	499	902	1.614E-131	429
A0A2I7G3B0	P28037	44.800	477	499	902	7.716E-131	427
A0A2I7G3B0	P52476	47.000	480	499	524	2.698E-130	426
A0A2I7G3B0	P40047	45.000	475	499	520	2.411E-129	423
A0A2I7G3B0	A6ZR27	45.000	475	499	520	2.411E-129	423
A0A2I7G3B0	P54114	46.500	476	499	506	4.028E-128	419
A0A2I7G3B0	P47771	46.700	476	499	506	1.257E-126	415
A0A2I7G3B0	P54115	43.100	471	499	500	1.492E-122	403
A0A2I7G3B0	B1K708	44.900	479	499	489	1.186E-120	398
A0A2I7G3B0	Q39A43	44.900	479	499	489	3.030E-120	396
A0A2I7G3B0	A0B2F6	44.700	479	499	489	4.141E-120	396
A0A2I7G3B0	Q1BQE1	44.700	479	499	489	4.141E-120	396
A0A2I7G3B0	Q0B712	44.100	479	499	489	5.660E-120	396
A0A2I7G3B0	B4EHJ1	44.500	479	499	489	7.737E-120	395
A0A2I7G3B0	Q13NG6	44.600	471	499	489	1.057E-119	395
A0A2I7G3B0	B1Z033	44.300	479	499	489	1.976E-119	394
A0A2I7G3B0	A3P6B0	44.500	471	499	489	9.424E-119	392
A0A2I7G3B0	B2TCJ9	44.500	471	499	489	9.424E-119	392
A0A2I7G3B0	Q3JLL8	44.500	471	499	489	9.424E-119	392
A0A2I7G3B0	Q62CH7	44.500	471	499	489	1.760E-118	391
A0A2I7G3B0	B2JS88	43.000	477	499	489	1.760E-118	391
A0A2I7G3B0	A3MEC6	44.500	471	499	489	1.760E-118	391
A0A2I7G3B0	A2RWD6	44.500	471	499	489	1.760E-118	391
A0A2I7G3B0	Q63KK8	44.500	471	499	489	2.406E-118	391
A0A2I7G3B0	A4JJG5	44.100	479	499	489	3.288E-118	391
A0A2I7G3B0	Q9STS1	43.100	494	499	503	4.494E-118	390
A0A2I7G3B0	A3NKP8	44.300	471	499	489	8.395E-118	389
A0A2I7G3B0	P23883	41.900	480	499	495	1.022E-116	386
A0A2I7G3B0	A4XPI6	43.400	472	499	490	1.396E-116	386
A0A2I7G3B0	A3M365	41.300	477	499	490	1.243E-115	383
A0A2I7G3B0	P42757	43.400	496	499	502	1.243E-115	383
A0A2I7G3B0	Q3YAT5	42.100	477	499	504	1.243E-115	383
A0A2I7G3B0	A6VEI4	43.100	472	499	490	1.699E-115	383
A0A2I7G3B0	Q93YB2	42.400	486	499	503	1.699E-115	383
A0A2I7G3B0	P32872	45.400	478	499	511	1.699E-115	383
A0A2I7G3B0	A6X2G8	45.700	468	499	487	3.173E-115	382
A0A2I7G3B0	B0V944	41.300	477	499	490	3.173E-115	382
A0A2I7G3B0	B7GYG4	41.300	477	499	490	3.173E-115	382
A0A2I7G3B0	B7I896	41.300	477	499	490	3.173E-115	382
A0A2I7G3B0	Q9L4K1	43.700	470	499	489	4.336E-115	381
A0A2I7G3B0	B2HV80	41.300	477	499	490	4.336E-115	381
A0A2I7G3B0	Q02DY9	42.900	472	499	490	5.925E-115	381
A0A2I7G3B0	A8GBX8	43.000	472	499	490	5.925E-115	381
A0A2I7G3B0	B5ZUG3	44.900	468	499	487	8.096E-115	381
A0A2I7G3B0	B0VST2	41.300	477	499	490	8.096E-115	381
A0A2I7G3B0	B7V5R4	42.900	472	499	490	8.096E-115	381
A0A2I7G3B0	Q9HTJ1	42.900	472	499	490	8.096E-115	381
A0A2I7G3B0	B3PTE1	44.900	468	499	487	1.512E-114	380
A0A2I7G3B0	Q1IG69	42.600	481	499	490	1.512E-114	380
A0A2I7G3B0	A5F3A7	45.100	473	499	506	1.512E-114	380
A0A2I7G3B0	P0C6D7	45.100	473	499	506	1.512E-114	380
A0A2I7G3B0	Q6FDF8	40.900	477	499	490	2.823E-114	379
A0A2I7G3B0	C3K3D2	42.800	472	499	490	2.823E-114	379
A0A2I7G3B0	P71016	43.600	472	499	490	3.858E-114	379
A0A2I7G3B0	B9JBA3	45.500	468	499	487	5.271E-114	378
A0A2I7G3B0	A7FKL5	41.200	481	499	490	9.843E-114	377
A0A2I7G3B0	Q2KB42	44.200	468	499	487	1.345E-113	377
A0A2I7G3B0	Q1C931	41.200	481	499	490	1.345E-113	377
A0A2I7G3B0	A4TNP1	41.200	481	499	490	1.345E-113	377
A0A2I7G3B0	Q1CFR8	41.200	481	499	490	1.345E-113	377
A0A2I7G3B0	B7M2V6	43.200	472	499	490	1.345E-113	377
A0A2I7G3B0	B2K8U5	41.200	481	499	490	1.345E-113	377
A0A2I7G3B0	Q8ZGV9	41.200	481	499	490	1.345E-113	377
A0A2I7G3B0	P28237	40.600	494	499	500	1.345E-113	377
A0A2I7G3B0	Q1MJU3	44.000	468	499	487	1.838E-113	377
A0A2I7G3B0	B1LIJ8	42.600	472	499	490	1.838E-113	377
A0A2I7G3B0	A7ZI51	43.200	472	499	490	1.838E-113	377
A0A2I7G3B0	A6W2P7	43.400	468	499	485	3.431E-113	376
A0A2I7G3B0	Q7AH91	43.000	472	499	490	3.431E-113	376
A0A2I7G3B0	B5Z1R1	43.000	472	499	490	3.431E-113	376
A0A2I7G3B0	Q9S795	41.400	494	499	501	3.431E-113	376
A0A2I7G3B0	Q84LK3	43.100	494	499	503	3.431E-113	376
A0A2I7G3B0	B3VMC0	43.100	494	499	503	3.431E-113	376
A0A2I7G3B0	Q6D6E0	41.300	472	499	490	4.689E-113	376
A0A2I7G3B0	B6I075	42.600	472	499	490	4.689E-113	376
A0A2I7G3B0	Q66D53	41.200	481	499	490	6.406E-113	375
A0A2I7G3B0	Q8UH56	44.700	468	499	493	6.406E-113	375
A0A2I7G3B0	A5WA96	42.200	481	499	490	1.196E-112	374
A0A2I7G3B0	Q4K4K8	41.500	472	499	490	1.196E-112	374
A0A2I7G3B0	Q88CW7	42.200	481	499	490	1.196E-112	374
A0A2I7G3B0	A7ZWV5	42.400	472	499	490	1.196E-112	374
A0A2I7G3B0	B7L441	42.400	472	499	490	1.196E-112	374
A0A2I7G3B0	C6DKY5	41.900	472	499	490	1.196E-112	374
A0A2I7G3B0	Q0T7M9	42.600	472	499	490	1.634E-112	374
A0A2I7G3B0	B1JSQ9	40.700	481	499	490	2.233E-112	374
A0A2I7G3B0	B1J0W5	42.100	472	499	490	2.233E-112	374
A0A2I7G3B0	Q3BXK7	42.200	471	499	490	2.233E-112	374
A0A2I7G3B0	Q48CM6	41.900	472	499	490	3.051E-112	373
A0A2I7G3B0	B1J2K9	42.100	472	499	490	3.051E-112	373
A0A2I7G3B0	B7N8L4	42.400	472	499	490	3.051E-112	373
A0A2I7G3B0	Q0TKW0	42.400	472	499	490	3.051E-112	373
A0A2I7G3B0	B5Y007	42.400	472	499	490	3.051E-112	373
A0A2I7G3B0	B0KN18	41.800	481	499	490	4.169E-112	373
A0A2I7G3B0	Q3K5H4	41.700	472	499	490	4.169E-112	373
A0A2I7G3B0	Q8PPG7	42.000	471	499	490	7.782E-112	372
A0A2I7G3B0	B7MCD1	42.300	472	499	490	1.063E-111	372
A0A2I7G3B0	A9M9H7	44.200	468	499	487	1.453E-111	371
A0A2I7G3B0	Q8G1Z9	44.200	468	499	487	1.453E-111	371
A0A2I7G3B0	A6U6Y9	44.900	468	499	487	1.985E-111	371
A0A2I7G3B0	Q4ZM62	41.500	472	499	490	1.985E-111	371
A0A2I7G3B0	O04895	40.900	495	499	501	1.985E-111	371
A0A2I7G3B0	B7UJG5	42.500	472	499	490	2.712E-111	370
A0A2I7G3B0	A0A0E3T3B5	41.400	494	499	503	2.712E-111	370
A0A2I7G3B0	G5DDC2	42.300	490	499	506	2.712E-111	370
A0A2I7G3B0	B7VQ28	40.800	485	499	486	3.705E-111	370
A0A2I7G3B0	C0RHQ3	44.200	468	499	487	3.705E-111	370
A0A2I7G3B0	B2FQ90	42.100	472	499	490	3.705E-111	370
A0A2I7G3B0	B0CKN3	44.200	468	499	487	5.062E-111	370
A0A2I7G3B0	B2SA42	44.200	468	499	487	5.062E-111	370
A0A2I7G3B0	Q57EI0	44.200	468	499	487	5.062E-111	370
A0A2I7G3B0	Q8YFY0	44.200	468	499	487	5.062E-111	370
A0A2I7G3B0	A5VPA5	44.200	468	499	487	5.062E-111	370
A0A2I7G3B0	Q2YMP8	44.200	468	499	487	5.062E-111	370
A0A2I7G3B0	Q88AE9	41.500	472	499	490	5.062E-111	370
A0A2I7G3B0	C0P9J6	41.500	490	499	505	5.062E-111	370
A0A2I7G3B0	B0RNV0	41.600	471	499	490	1.291E-110	368
A0A2I7G3B0	Q4UYN4	41.600	471	499	490	1.291E-110	368
A0A2I7G3B0	A0A0E3T552	42.100	494	499	503	2.410E-110	368
A0A2I7G3B0	O06837	41.000	477	499	502	3.292E-110	367
A0A2I7G3B0	Q99X54	41.400	469	499	495	8.394E-110	366
A0A2I7G3B0	Q7A1Y7	41.400	469	499	495	8.394E-110	366
A0A2I7G3B0	Q7A825	41.400	469	499	495	8.394E-110	366
A0A2I7G3B0	O24174	41.500	485	499	505	8.394E-110	366
A0A2I7G3B0	Q8D3K3	41.700	485	499	486	1.567E-109	365
A0A2I7G3B0	Q2YV11	41.200	469	499	495	1.567E-109	365
A0A2I7G3B0	Q6GCV9	41.200	469	499	495	2.140E-109	365
A0A2I7G3B0	Q5HJK3	41.200	469	499	495	3.994E-109	364
A0A2I7G3B0	Q2G1J0	41.200	469	499	495	3.994E-109	364
A0A2I7G3B0	Q56R04	41.300	476	499	504	3.994E-109	364
A0A2I7G3B0	C6KEM4	41.500	486	499	506	5.457E-109	364
A0A2I7G3B0	A7N2Q0	41.800	479	499	486	3.546E-108	361
A0A2I7G3B0	Q87H52	41.600	479	499	486	3.546E-108	361
A0A2I7G3B0	A4WUY6	42.700	468	499	483	4.844E-108	361
A0A2I7G3B0	Q985M6	42.100	468	499	487	6.617E-108	361
A0A2I7G3B0	Q4L919	40.900	470	499	497	6.617E-108	361
A0A2I7G3B0	P19059	42.300	482	499	486	1.687E-107	359
A0A2I7G3B0	P54222	43.600	468	499	487	1.687E-107	359
A0A2I7G3B0	B6ECN9	41.400	485	499	505	3.147E-107	359
A0A2I7G3B0	A3PI00	41.800	468	499	483	8.020E-107	357
A0A2I7G3B0	Q8CN24	40.900	470	499	497	1.496E-106	357
A0A2I7G3B0	Q5HLA3	40.900	470	499	497	1.496E-106	357
A0A2I7G3B0	Q40024	42.900	477	499	505	3.813E-106	355
A0A2I7G3B0	Q3J4E9	41.400	468	499	483	5.208E-106	355
A0A2I7G3B0	B9KNS6	41.800	468	499	483	5.208E-106	355
A0A2I7G3B0	P37685	42.200	481	499	512	1.606E-104	351
A0A2I7G3B0	P80668	39.900	474	499	499	1.944E-103	347
A0A2I7G3B0	A1B4L2	42.800	473	499	508	1.944E-103	347
A0A2I7G3B0	Q9JLJ3	41.200	467	499	494	6.760E-103	346
A0A2I7G3B0	P56533	40.100	467	499	503	9.231E-103	346
A0A2I7G3B0	Q9RYG9	41.900	472	499	515	1.721E-102	345
A0A2I7G3B0	Q29228	41.400	467	499	494	5.985E-102	343
A0A2I7G3B0	Q9ZA11	41.600	473	499	506	1.116E-101	342
A0A2I7G3B0	Q9RJZ6	41.600	473	499	507	1.524E-101	342
A0A2I7G3B0	P46368	43.300	473	499	506	3.879E-101	341
A0A2I7G3B0	P9WNY0	42.900	482	499	507	3.879E-101	341
A0A2I7G3B0	P9WNY1	42.900	482	499	507	3.879E-101	341
A0A2I7G3B0	P63938	42.900	482	499	507	3.879E-101	341
A0A2I7G3B0	P49189	41.200	459	499	494	9.874E-101	340
A0A2I7G3B0	Q9JLJ2	40.500	467	499	494	2.513E-100	338
A0A2I7G3B0	P46369	42.600	472	499	506	1.628E-99	336
A0A2I7G3B0	Q7ZVB2	41.100	451	499	508	2.681E-98	332
A0A2I7G3B0	Q9FDS1	41.200	470	499	503	3.660E-98	332
A0A2I7G3B0	Q0P5F9	38.300	472	499	487	6.821E-98	331
A0A2I7G3B0	Q802W2	41.200	451	499	518	9.311E-98	331
A0A2I7G3B0	Q2YUN1	40.800	472	499	475	2.368E-97	330
A0A2I7G3B0	Q5HE78	40.800	472	499	475	3.233E-97	329
A0A2I7G3B0	Q2FWD6	40.800	472	499	475	3.233E-97	329
A0A2I7G3B0	Q2FF06	40.800	472	499	475	3.233E-97	329
A0A2I7G3B0	Q99SD6	40.800	472	499	475	3.233E-97	329
A0A2I7G3B0	Q9KWS5	39.600	478	499	491	3.233E-97	329
A0A2I7G3B0	Q6G7I8	40.800	472	499	475	4.413E-97	329
A0A2I7G3B0	Q8NVG4	40.800	472	499	475	4.413E-97	329
A0A2I7G3B0	Q8BH00	37.900	472	499	487	4.413E-97	329
A0A2I7G3B0	Q6GEV3	40.800	472	499	475	6.024E-97	329
A0A2I7G3B0	F8JX40	41.000	473	499	507	8.222E-97	328
A0A2I7G3B0	P42236	42.400	472	499	488	3.895E-96	326
A0A2I7G3B0	P42269	41.600	455	499	468	2.518E-95	324
A0A2I7G3B0	Q9SAK4	39.400	471	499	528	8.736E-95	322
A0A2I7G3B0	Q9US47	40.500	469	499	498	1.627E-94	321
A0A2I7G3B0	B9F3B6	39.400	471	499	527	1.627E-94	321
A0A2I7G3B0	P55653	38.300	481	499	491	1.051E-93	319
A0A2I7G3B0	P0DOV9	37.700	468	499	486	2.352E-92	315
A0A2I7G3B0	Q3Z1H6	40.500	470	499	474	3.210E-92	315
A0A2I7G3B0	H8ZPX2	39.700	472	499	477	4.379E-92	314
A0A2I7G3B0	B7LZ33	40.500	470	499	474	8.153E-92	314
A0A2I7G3B0	A7ZLN7	40.500	470	499	474	8.153E-92	314
A0A2I7G3B0	Q0T431	40.500	470	499	474	8.153E-92	314
A0A2I7G3B0	B6IAI9	40.500	470	499	474	8.153E-92	314
A0A2I7G3B0	B7L6F9	40.500	470	499	474	8.153E-92	314
A0A2I7G3B0	H1ZV37	37.000	469	499	478	8.153E-92	314
A0A2I7G3B0	B1LFH3	40.800	470	499	474	1.112E-91	313
A0A2I7G3B0	B7N4K1	40.800	470	499	474	1.112E-91	313
A0A2I7G3B0	A8A002	40.300	470	499	474	1.518E-91	313
A0A2I7G3B0	B1IS15	40.300	470	499	474	1.518E-91	313
A0A2I7G3B0	Q0THX6	40.500	470	499	474	2.071E-91	312
A0A2I7G3B0	B1XDF5	40.300	470	499	474	2.071E-91	312
A0A2I7G3B0	B7MMS8	40.500	470	499	474	2.071E-91	312
A0A2I7G3B0	B7MUN0	40.500	470	499	474	2.071E-91	312
A0A2I7G3B0	Q8FHK7	40.500	470	499	474	2.071E-91	312
A0A2I7G3B0	B7LR95	40.800	470	499	474	2.071E-91	312
A0A2I7G3B0	A1AB46	40.500	470	499	474	2.071E-91	312
A0A2I7G3B0	Q1RBX3	40.500	470	499	474	2.071E-91	312
A0A2I7G3B0	C4ZVI3	40.300	470	499	474	2.071E-91	312
A0A2I7G3B0	B5Z0W0	40.300	470	499	474	9.788E-91	310
A0A2I7G3B0	Q8X9W5	40.300	470	499	474	9.788E-91	310
A0A2I7G3B0	B7URJ0	40.300	470	499	474	1.335E-90	310
A0A2I7G3B0	C6DD82	38.600	470	499	474	1.822E-90	310
A0A2I7G3B0	A4WAR9	39.100	470	499	474	4.625E-90	308
A0A2I7G3B0	P25526	36.900	465	499	482	8.607E-90	308
A0A2I7G3B0	Q32FQ5	40.200	470	499	474	1.174E-89	307
A0A2I7G3B0	Q1ERI2	39.400	462	499	501	2.185E-89	306
A0A2I7G3B0	Q9UTM8	36.600	476	499	493	2.980E-89	306
A0A2I7G3B0	Q97UA1	40.400	460	499	478	4.871E-88	302
A0A2I7G3B0	P51650	37.200	483	499	523	1.297E-85	295
A0A2I7G3B0	Q3MSM3	38.000	471	499	535	4.482E-85	294
A0A2I7G3B0	Q6F9G0	35.800	468	499	483	6.111E-85	293
A0A2I7G3B0	P51649	37.800	471	499	535	1.549E-84	292
A0A2I7G3B0	Q6A2H1	37.800	471	499	535	2.112E-84	292
A0A2I7G3B0	Q6A2H2	37.200	486	499	535	2.879E-84	291
A0A2I7G3B0	Q3MSM4	37.800	471	499	535	5.352E-84	291
A0A2I7G3B0	Q8BWF0	37.400	468	499	523	7.296E-84	290
A0A2I7G3B0	Q6A2H0	37.600	471	499	535	9.947E-84	290
A0A2I7G3B0	Q9RKF1	38.100	468	499	492	1.186E-82	287
A0A2I7G3B0	P94428	38.100	447	499	462	5.582E-82	285
A0A2I7G3B0	B8M9K4	35.900	475	499	515	1.926E-81	283
A0A2I7G3B0	Q29491	56.500	235	499	240	1.468E-79	278
A0A2I7G3B0	P25553	36.500	469	499	479	6.893E-79	276
A0A2I7G3B0	Q1JUP4	34.300	472	499	481	1.148E-75	266
A0A2I7G3B0	Q9R2F4	33.700	470	499	477	7.324E-75	264
A0A2I7G3B0	Q9F7E3	33.700	470	499	498	7.324E-75	264
A0A2I7G3B0	Q8GAI8	36.100	438	499	450	6.356E-74	261
A0A2I7G3B0	A0PN13	34.600	452	499	458	4.127E-71	253
A0A2I7G3B0	A5TYV9	33.400	452	499	457	4.909E-68	244
A0A2I7G3B0	Q7U2I0	33.400	452	499	457	4.909E-68	244
A0A2I7G3B0	P9WNX9	33.400	452	499	457	4.909E-68	244
A0A2I7G3B0	Q8GAK7	34.900	454	499	458	1.235E-67	243
A0A2I7G3B0	Q73TP5	33.600	452	499	472	3.107E-67	241
A0A2I7G3B0	A0QMB9	33.400	452	499	472	1.063E-66	240
A0A2I7G3B0	Q94688	52.800	225	499	228	1.445E-66	239
A0A2I7G3B0	O32507	32.300	454	499	477	1.447E-64	233
A0A2I7G3B0	O69497	32.300	452	499	457	3.111E-63	229
A0A2I7G3B0	Q55585	31.100	452	499	454	5.587E-59	217
A0A2I7G3B0	P76149	31.600	452	499	462	2.574E-58	215
A0A2I7G3B0	P33008	33.500	451	499	488	3.727E-53	199
A0A2I7G3B0	P49419	29.400	461	499	539	4.502E-49	187
A0A2I7G3B0	Q64057	29.400	461	499	539	1.509E-48	186
A0A2I7G3B0	Q2KJC9	28.700	461	499	539	3.736E-48	184
A0A2I7G3B0	A0A8M1PLI9	28.600	453	499	540	3.450E-46	179
A0A2I7G3B0	Q9DBF1	28.500	461	499	539	6.303E-46	178
A0A384XHA3	X2BTY5	66.000	714	727	719	1.987E-295	916
A0A384XHA3	A0A4Y6HUD7	63.600	727	727	747	3.358E-294	912
A0A384XHA3	A0A0A7AAW9	66.100	694	727	724	1.993E-292	907
A0A384XHA3	A0A4Y6HUI7	62.100	735	727	743	2.463E-288	895
A0A384XHA3	O93967	60.300	718	727	740	9.593E-271	844
A0A384XHA3	Q96V77	47.600	677	727	724	5.683E-173	561
A0A384XHA3	P11544	44.300	725	727	716	4.345E-163	532
A0A384XHA3	P10248	42.300	725	727	713	7.701E-155	508
A0A384XHA3	A0AAN4PAE6	41.300	674	727	722	1.561E-140	466
A0A384XHA3	P9WEN6	37.200	691	727	703	1.082E-119	405
A0A384XHA3	P52777	35.000	706	727	754	8.799E-106	364
A0A384XHA3	A0A2H5AIY6	35.600	667	727	686	2.198E-101	351
A0A384XHA3	P45724	33.500	709	727	717	1.878E-100	348
A0A384XHA3	P35510	34.000	718	727	725	4.017E-99	344
A0A384XHA3	P45725	34.400	684	727	694	8.576E-98	340
A0A384XHA3	P19142	34.500	627	727	712	2.916E-97	338
A0A384XHA3	Q9SMK9	37.500	554	727	718	2.916E-97	338
A0A384XHA3	Q68G84	39.800	527	727	687	3.959E-97	338
A0A384XHA3	P27990	34.800	636	727	725	7.299E-97	337
A0A384XHA3	O49836	39.900	502	727	705	9.910E-97	337
A0A384XHA3	P27991	39.200	502	727	713	9.910E-97	337
A0A384XHA3	Q50EX7	39.900	493	727	718	2.480E-96	336
A0A384XHA3	P0DO55	34.700	671	727	722	4.571E-96	335
A0A384XHA3	Q01861	34.700	645	727	723	4.571E-96	335
A0A384XHA3	P45733	39.800	502	727	712	8.424E-96	334
A0A384XHA3	Q6GZ04	39.400	527	727	698	1.144E-95	334
A0A384XHA3	P45734	34.600	677	727	725	1.144E-95	334
A0A384XHA3	P45732	34.500	630	727	715	1.552E-95	333
A0A384XHA3	O23924	37.300	550	727	713	2.107E-95	333
A0A384XHA3	O49835	39.500	502	727	710	2.860E-95	332
A0A384XHA3	P25872	39.300	502	727	715	2.860E-95	332
A0A384XHA3	O64963	38.800	502	727	717	2.860E-95	332
A0A384XHA3	O23865	38.900	502	727	708	5.270E-95	332
A0A384XHA3	A0A2H5AIW0	38.100	545	727	708	7.153E-95	331
A0A384XHA3	P26600	38.700	502	727	721	2.427E-94	330
A0A384XHA3	P45730	38.700	502	727	715	3.294E-94	329
A0A384XHA3	Q42667	36.200	554	727	722	3.294E-94	329
A0A384XHA3	Q42858	39.300	520	727	708	4.471E-94	329
A0A384XHA3	P35513	39.400	502	727	712	4.471E-94	329
A0A384XHA3	Q9M568	39.500	493	727	710	1.516E-93	327
A0A384XHA3	Q8VXG7	34.900	627	727	703	2.792E-93	327
A0A384XHA3	Q0DZE0	35.200	629	727	713	3.788E-93	326
A0A384XHA3	P45729	37.000	546	727	718	3.788E-93	326
A0A384XHA3	P31425	40.100	475	727	720	3.788E-93	326
A0A384XHA3	P45726	37.700	545	727	714	5.140E-93	326
A0A384XHA3	P45728	39.000	500	727	716	5.140E-93	326
A0A384XHA3	P35511	38.700	502	727	704	6.975E-93	325
A0A384XHA3	P31426	38.100	502	727	590	9.463E-93	325
A0A384XHA3	Q04593	38.000	518	727	724	2.363E-92	324
A0A384XHA3	Q42609	38.200	502	727	703	4.350E-92	323
A0A384XHA3	O04058	38.600	502	727	667	1.086E-91	322
A0A384XHA3	Q43210	32.300	708	727	700	3.677E-91	320
A0A384XHA3	P19143	36.600	539	727	710	1.930E-89	315
A0A384XHA3	P45731	36.700	520	727	682	1.367E-87	310
A0A384XHA3	Q43052	35.000	536	727	710	1.768E-85	303
A0A384XHA3	P45727	39.800	460	727	620	3.073E-83	297
A0A384XHA3	Q40910	37.200	532	727	571	1.399E-82	295
A0A384XHA3	P07218	36.300	461	727	506	7.245E-66	244
A0A384XHA3	Q92195	76.700	142	727	142	9.765E-62	231
A0A384XHA3	Q3M5Z3	34.000	484	727	567	1.313E-61	231
A0A384XHA3	B2J528	33.400	486	727	569	6.906E-58	220
A0A384XHA3	Q3J289	32.600	456	727	507	1.191E-51	200
A0A384XHA3	A3PK23	31.700	488	727	507	2.133E-51	199
A0A384XHA3	P45735	45.800	230	727	416	9.146E-51	198
A0A384XHA3	Q7NCB3	31.500	484	727	514	2.189E-50	196
A0A384XHA3	B9KSW6	31.800	456	727	507	2.237E-49	193
A0A384XHA3	C1CWB4	30.800	490	727	499	1.275E-48	191
A0A384XHA3	Q9KSQ4	32.800	439	727	511	1.275E-48	191
A0A384XHA3	B8J950	31.700	485	727	508	1.703E-48	190
A0A384XHA3	B4UC43	31.700	485	727	508	1.703E-48	190
A0A384XHA3	Q2IIV4	31.300	485	727	508	2.275E-48	190
A0A384XHA3	B5XIY2	28.900	558	727	513	7.244E-48	188
A0A384XHA3	B1KP55	32.600	453	727	510	9.675E-48	188
A0A384XHA3	Q5LRD8	31.200	483	727	512	9.675E-48	188
A0A384XHA3	A8AZ70	29.300	538	727	513	9.675E-48	188
A0A384XHA3	A9GFW6	30.300	462	727	514	2.304E-47	187
A0A384XHA3	Q9RZ06	32.600	410	727	524	2.304E-47	187
A0A384XHA3	A3CL24	29.200	538	727	513	3.076E-47	186
A0A384XHA3	A2RGS5	28.900	558	727	513	3.076E-47	186
A0A384XHA3	P58083	29.100	558	727	513	3.076E-47	186
A0A384XHA3	B5ETN1	31.900	452	727	510	4.107E-47	186
A0A384XHA3	Q5X9K4	28.900	558	727	513	4.107E-47	186
A0A384XHA3	P0DB75	28.900	558	727	513	4.107E-47	186
A0A384XHA3	Q8NZ46	28.700	558	727	513	4.107E-47	186
A0A384XHA3	Q89GV3	32.600	466	727	519	4.107E-47	186
A0A384XHA3	A8MF64	30.300	461	727	507	5.483E-47	186
A0A384XHA3	A4YNK7	31.500	453	727	515	5.483E-47	186
A0A384XHA3	Q6AKP3	30.600	488	727	512	1.304E-46	184
A0A384XHA3	Q8GMG0	30.300	469	727	539	1.304E-46	184
A0A384XHA3	Q5E0C6	32.300	437	727	510	1.740E-46	184
A0A384XHA3	Q1D6R1	31.900	437	727	508	5.518E-46	183
A0A384XHA3	A8HA91	31.300	453	727	510	7.361E-46	182
A0A384XHA3	A5EQB7	31.400	452	727	515	7.361E-46	182
A0A384XHA3	Q8DA21	31.400	452	727	513	1.310E-45	181
A0A384XHA3	Q93TX3	32.400	437	727	510	1.747E-45	181
A0A384XHA3	Q6LQ56	28.500	541	727	510	2.331E-45	181
A0A384XHA3	Q7MK58	31.400	452	727	513	2.331E-45	181
A0A384XHA3	Q8EKJ4	30.900	453	727	513	2.331E-45	181
A0A384XHA3	Q8RBH4	29.200	534	727	508	3.108E-45	180
A0A384XHA3	A6TSX0	29.000	461	727	507	4.145E-45	180
A0A384XHA3	B6IWC6	31.600	465	727	509	7.370E-45	179
A0A384XHA3	Q87Q77	32.700	425	727	511	7.370E-45	179
A0A384XHA3	A8G1S5	31.500	453	727	510	9.826E-45	179
A0A384XHA3	B2A3D9	29.500	486	727	507	4.135E-44	177
A0A384XHA3	B8CGY5	30.900	453	727	510	4.135E-44	177
A0A384XHA3	B8II08	30.800	501	727	515	9.787E-44	175
A0A384XHA3	Q5L310	31.000	437	727	504	1.304E-43	175
A0A384XHA3	Q7P188	30.500	453	727	510	1.304E-43	175
A0A384XHA3	Q8U8Z7	30.900	425	727	514	1.737E-43	175
A0A384XHA3	Q9HQD5	30.600	435	727	525	1.737E-43	175
A0A384XHA3	B0R544	30.600	435	727	525	1.737E-43	175
A0A384XHA3	Q556V9	29.100	493	727	529	1.737E-43	175
A0A384XHA3	B1YT80	30.100	461	727	507	2.315E-43	174
A0A384XHA3	O31197	30.800	432	727	511	4.107E-43	173
A0A384XHA3	Q11E18	30.600	465	727	511	5.471E-43	173
A0A384XHA3	Q0BDK6	29.900	461	727	507	7.286E-43	173
A0A384XHA3	Q5PG61	31.800	416	727	506	9.703E-43	172
A0A384XHA3	A9AGP7	30.600	464	727	506	9.703E-43	172
A0A384XHA3	B5BC34	31.800	416	727	506	9.703E-43	172
A0A384XHA3	A5FZB9	30.400	487	727	508	9.703E-43	172
A0A384XHA3	Q82I33	30.600	479	727	512	9.703E-43	172
A0A384XHA3	A9MJE9	31.700	430	727	506	1.292E-42	172
A0A384XHA3	Q9KWE4	31.200	423	727	511	1.721E-42	171
A0A384XHA3	A6WYU8	32.000	425	727	511	1.721E-42	171
A0A384XHA3	Q54JI7	28.600	492	727	539	2.291E-42	171
A0A384XHA3	Q8ZQQ9	31.600	416	727	506	3.050E-42	171
A0A384XHA3	B4SZJ4	31.600	416	727	506	3.050E-42	171
A0A384XHA3	C0PWX9	31.600	416	727	506	3.050E-42	171
A0A384XHA3	B4TC45	31.600	416	727	506	3.050E-42	171
A0A384XHA3	B5FP58	31.600	416	727	506	3.050E-42	171
A0A384XHA3	B5R758	31.600	416	727	506	3.050E-42	171
A0A384XHA3	B5QX62	31.600	416	727	506	3.050E-42	171
A0A384XHA3	Q73Q56	27.500	509	727	507	3.050E-42	171
A0A384XHA3	A0K8U6	28.300	466	727	507	4.061E-42	170
A0A384XHA3	Q02ER8	33.500	419	727	509	4.061E-42	170
A0A384XHA3	B4EDX5	29.600	435	727	507	5.405E-42	170
A0A384XHA3	B1JV50	28.300	466	727	507	5.405E-42	170
A0A384XHA3	B7V3J1	31.900	419	727	509	5.405E-42	170
A0A384XHA3	Q9HU85	31.900	419	727	509	5.405E-42	170
A0A384XHA3	Q8VMR3	30.600	428	727	512	5.405E-42	170
A0A384XHA3	A9H863	29.700	441	727	515	5.405E-42	170
A0A384XHA3	B2T2Y2	30.300	435	727	507	7.195E-42	169
A0A384XHA3	A1STQ3	31.400	436	727	510	7.195E-42	169
A0A384XHA3	A5VVJ6	31.400	425	727	511	7.195E-42	169
A0A384XHA3	Q9HLI6	28.100	542	727	496	9.577E-42	169
A0A384XHA3	A4JG46	29.600	435	727	507	9.577E-42	169
A0A384XHA3	A4IK90	30.100	437	727	504	1.275E-41	169
A0A384XHA3	Q7N296	28.700	514	727	514	1.275E-41	169
A0A384XHA3	Q579E8	31.500	425	727	511	1.696E-41	168
A0A384XHA3	Q2YIL6	31.500	425	727	511	1.696E-41	168
A0A384XHA3	B9K288	30.100	432	727	512	1.696E-41	168
A0A384XHA3	Q8YD09	29.900	474	727	925	1.696E-41	168
A0A384XHA3	Q1IRT8	30.400	437	727	516	2.257E-41	168
A0A384XHA3	Q57RG6	31.400	416	727	506	3.004E-41	168
A0A384XHA3	A9WVU3	31.300	425	727	511	3.004E-41	168
A0A384XHA3	A9IVW5	31.200	425	727	512	3.004E-41	168
A0A384XHA3	B0UQ15	30.200	534	727	513	3.004E-41	168
A0A384XHA3	Q8Z896	31.400	416	727	506	3.996E-41	167
A0A384XHA3	Q63SH6	28.800	505	727	507	3.996E-41	167
A0A384XHA3	Q62LJ6	28.800	505	727	507	3.996E-41	167
A0A384XHA3	A3NBH0	28.800	505	727	507	3.996E-41	167
A0A384XHA3	A2SA96	28.800	505	727	507	3.996E-41	167
A0A384XHA3	A3MLT7	28.800	505	727	507	3.996E-41	167
A0A384XHA3	A3NXA3	28.800	505	727	507	3.996E-41	167
A0A384XHA3	B5XZ79	33.200	419	727	508	5.317E-41	167
A0A384XHA3	Q2RUU3	31.000	422	727	514	5.317E-41	167
A0A384XHA3	Q1Q9E4	30.700	451	727	520	7.074E-41	166
A0A384XHA3	Q0VZ68	30.200	482	727	531	7.074E-41	166
A0A384XHA3	P58082	31.400	445	727	509	9.410E-41	166
A0A384XHA3	B8H2S1	31.400	445	727	513	9.410E-41	166
A0A384XHA3	Q8FVB4	31.000	425	727	511	1.665E-40	165
A0A384XHA3	A7ZAE4	30.200	432	727	512	1.665E-40	165
A0A384XHA3	A6T6L1	32.800	419	727	508	2.214E-40	165
A0A384XHA3	A1JSW6	31.700	419	727	507	2.945E-40	164
A0A384XHA3	Q664B8	31.200	419	727	510	2.945E-40	164
A0A384XHA3	Q8ZA10	31.000	419	727	510	3.916E-40	164
A0A384XHA3	Q0BZK2	29.700	473	727	513	5.207E-40	164
A0A384XHA3	Q162E2	29.600	425	727	513	5.207E-40	164
A0A384XHA3	P21310	31.100	421	727	510	6.923E-40	163
A0A384XHA3	Q8RDU4	29.700	459	727	511	9.205E-40	163
A0A384XHA3	Q3KJE6	30.700	419	727	510	1.224E-39	162
A0A384XHA3	Q9KBE6	27.400	530	727	511	1.224E-39	162
A0A384XHA3	Q6FZP9	30.600	425	727	512	1.224E-39	162
A0A384XHA3	Q5FRR8	30.100	417	727	515	1.224E-39	162
A0A384XHA3	Q8RFC2	28.500	454	727	516	1.627E-39	162
A0A384XHA3	A5WDR1	30.600	451	727	519	1.627E-39	162
A0A384XHA3	P10944	28.200	459	727	508	2.162E-39	162
A0A384XHA3	A4W8B5	29.200	431	727	506	2.874E-39	161
A0A384XHA3	B7JI80	30.000	430	727	505	3.820E-39	161
A0A384XHA3	Q15X40	29.700	430	727	509	3.820E-39	161
A0A384XHA3	Q88CZ7	30.600	421	727	510	3.820E-39	161
A0A384XHA3	Q6G3U8	30.300	425	727	512	3.820E-39	161
A0A384XHA3	C3L982	30.000	430	727	505	5.077E-39	160
A0A384XHA3	C3P4M2	30.000	430	727	505	5.077E-39	160
A0A384XHA3	Q1GSH0	29.000	517	727	509	5.077E-39	160
A0A384XHA3	Q9EWW1	30.000	479	727	512	5.077E-39	160
A0A384XHA3	Q983I0	29.500	519	727	513	5.077E-39	160
A0A384XHA3	Q733H8	29.500	430	727	505	6.747E-39	160
A0A384XHA3	B7HCD0	28.000	486	727	506	6.747E-39	160
A0A384XHA3	Q0AP92	30.100	462	727	507	6.747E-39	160
A0A384XHA3	A7GR00	30.300	426	727	505	8.965E-39	160
A0A384XHA3	A9VPT8	30.200	430	727	505	8.965E-39	160
A0A384XHA3	Q87UM1	29.500	470	727	515	8.965E-39	160
A0A384XHA3	B7ISJ2	29.700	430	727	505	1.191E-38	159
A0A384XHA3	Q81AC6	29.700	430	727	506	1.191E-38	159
A0A384XHA3	B7HKJ1	30.000	426	727	505	1.583E-38	159
A0A384XHA3	B9IUH0	30.000	426	727	505	1.583E-38	159
A0A384XHA3	C1EN93	29.800	426	727	505	2.103E-38	158
A0A384XHA3	B8ZV94	29.900	376	727	526	2.103E-38	158
A0A384XHA3	Q637H8	30.000	426	727	505	2.793E-38	158
A0A384XHA3	B8ZV93	29.900	376	727	526	2.793E-38	158
A0A384XHA3	Q5X5I5	28.000	496	727	506	6.547E-38	157
A0A384XHA3	A5IBM2	28.000	496	727	505	8.695E-38	156
A0A384XHA3	Q978N8	28.800	404	727	495	1.155E-37	156
A0A384XHA3	Q4UTB9	31.900	421	727	513	1.533E-37	156
A0A384XHA3	Q8PAA7	31.900	421	727	513	1.533E-37	156
A0A384XHA3	B0RUX3	31.900	421	727	513	1.533E-37	156
A0A384XHA3	Q5ZVR0	27.800	496	727	506	2.704E-37	155
A0A384XHA3	A1TRE4	30.800	412	727	512	2.704E-37	155
A0A384XHA3	A9WHT8	28.300	439	727	523	3.590E-37	154
A0A384XHA3	B9LLY0	28.300	439	727	523	3.590E-37	154
A0A384XHA3	P42357	27.900	501	727	657	3.590E-37	154
A0A384XHA3	Q5WAZ6	27.700	495	727	500	4.766E-37	154
A0A384XHA3	A7YWP4	28.000	501	727	657	4.766E-37	154
A0A384XHA3	Q5WWW8	27.900	491	727	506	1.115E-36	153
A0A384XHA3	B4RED8	32.700	386	727	511	1.115E-36	153
A0A384XHA3	Q5HJY8	27.000	457	727	504	1.072E-35	150
A0A384XHA3	Q2G2P7	27.000	457	727	504	1.072E-35	150
A0A384XHA3	A6QD47	27.000	457	727	504	1.072E-35	150
A0A384XHA3	Q2FKP8	27.000	457	727	504	1.072E-35	150
A0A384XHA3	A8YYT1	27.000	457	727	504	1.072E-35	150
A0A384XHA3	Q6GD82	27.000	457	727	504	1.886E-35	149
A0A384XHA3	Q8NYY3	27.000	457	727	504	1.886E-35	149
A0A384XHA3	P21213	27.600	484	727	657	1.886E-35	149
A0A384XHA3	Q4A173	28.100	427	727	499	2.502E-35	149
A0A384XHA3	A5INP9	26.800	457	727	504	2.502E-35	149
A0A384XHA3	A6TXF8	26.800	457	727	504	2.502E-35	149
A0A384XHA3	Q2YUR3	27.000	457	727	504	2.502E-35	149
A0A384XHA3	P64415	26.800	457	727	504	2.502E-35	149
A0A384XHA3	P64416	26.800	457	727	504	2.502E-35	149
A0A384XHA3	P35492	27.900	484	727	657	2.502E-35	149
A0A384XHA3	Q20502	27.100	452	727	677	5.839E-35	147
A0A384XHA3	Q6GKT7	26.800	457	727	504	7.743E-35	147
A0A384XHA3	B9E7E0	28.300	463	727	500	5.578E-34	144
A0A384XHA3	P35512	24.100	229	727	235	8.910E-07	55
A0A5Q0QP64	A8NU13	68.400	336	342	345	1.359E-153	485
A0A5Q0QP64	B8PD44	58.400	336	342	336	8.239E-127	407
A0A5Q0QP64	A0A0C9VD04	40.000	327	342	347	7.606E-65	228
A0A5Q0QP64	A0A0C3FBR2	37.000	336	342	345	2.697E-59	212
A0A5Q0QP64	A0A348B779	33.200	329	342	338	3.254E-58	209
A0A5Q0QP64	A8NE23	32.500	332	342	425	1.909E-49	183
A0A5Q0QP64	A0A8H7XMX0	30.000	327	342	344	6.291E-42	161
A0A5Q0QP64	W4JX79	27.500	328	342	345	5.492E-39	152
A0A5Q0QP64	P0DL13	27.200	328	342	345	4.698E-36	143
A0A5Q0QP64	A0A8H7XP09	27.500	336	342	361	2.065E-31	130
A0A5Q0QP64	A0A8H7XQ49	25.800	337	342	364	4.899E-29	123
A0A5Q0QP64	A0A8H8CFI5	25.500	337	342	364	2.229E-28	121
A0A5Q0QP64	A0A0D2L718	25.100	316	342	327	1.370E-27	118
A0A5Q0QP64	S0DX56	24.100	333	342	357	1.695E-18	91
A0A5Q0QP64	B2J4A4	23.200	311	342	323	1.457E-15	81
A0A5Q0QP64	A7NH01	27.500	281	342	326	4.805E-14	77
A0A5Q0QP64	B5H7H3	25.300	321	342	372	6.528E-13	73
A0A5Q0QP64	A0A1L7VZE7	26.100	337	342	401	2.712E-09	62
A0A5Q0QP64	A0A1L5YKS7	22.100	208	342	431	4.798E-09	61
A0A5Q0QP64	B5HDJ6	20.800	308	342	365	6.382E-09	61
A0A5Q0QP64	E9E766	18.300	308	342	349	3.419E-07	55
A0A5Q0QP64	I2N045	22.400	293	342	332	3.162E-05	49
A0A5Q0QP64	F0ZL92	28.100	141	342	333	3.162E-05	49
A0A5Q0QP64	A0A8K1AY78	24.700	168	342	764	4.193E-05	48
C0HLL2	P31854	50.000	134	146	138	2.239E-37	139
C0HLL2	Q9QUL3	47.200	127	146	142	2.239E-37	139
C0HLL2	Q9NZK7	44.200	140	146	142	1.486E-36	136
C0HLL2	O42187	47.000	134	146	138	2.792E-36	136
C0HLL2	O42190	50.300	127	146	124	3.482E-35	132
C0HLL2	F8QN53	53.400	116	146	137	4.773E-35	132
C0HLL2	C0HKC3	48.100	134	146	139	4.773E-35	132
C0HLL2	F8QN51	52.500	116	146	137	8.968E-35	131
C0HLL2	Q9I968	46.200	134	146	138	2.310E-34	130
C0HLL2	Q8JIG0	53.000	115	146	138	3.166E-34	130
C0HLL2	Q8AXY1	47.000	134	146	138	3.166E-34	130
C0HLL2	P14423	41.600	132	146	146	3.166E-34	130
C0HLL2	O42189	48.800	127	146	124	5.949E-34	129
C0HLL2	P04417	47.200	125	146	122	8.155E-34	128
C0HLL2	C0HKC4	48.000	126	146	123	8.155E-34	128
C0HLL2	Q56JZ2	41.200	131	146	144	1.532E-33	128
C0HLL2	Q910A0	50.000	125	146	138	2.100E-33	127
C0HLL2	A8CG78	50.800	116	146	138	2.100E-33	127
C0HLL2	A8CG87	50.800	116	146	138	2.100E-33	127
C0HLL2	Q8JIY9	45.500	134	146	138	3.946E-33	126
C0HLL2	Q9PWR6	46.200	134	146	138	5.409E-33	126
C0HLL2	Q98996	50.800	116	146	138	1.016E-32	125
C0HLL2	Q02517	50.400	115	146	138	1.016E-32	125
C0HLL2	Q2YHJ6	45.600	127	146	138	1.016E-32	125
C0HLL2	C0HJC1	47.600	126	146	122	1.909E-32	124
C0HLL2	Q8QG87	44.000	134	146	138	1.909E-32	124
C0HLL2	C3W4R6	46.200	134	146	138	1.909E-32	124
C0HLL2	Q90Y77	50.400	115	146	138	1.909E-32	124
C0HLL2	Q8JFG0	50.000	118	146	138	2.617E-32	124
C0HLL2	P24293	47.800	119	146	121	4.916E-32	123
C0HLL2	F8QN54	52.500	116	146	138	4.916E-32	123
C0HLL2	Q1RP79	50.000	118	146	138	4.916E-32	123
C0HLL2	Q1RP78	50.000	118	146	138	6.739E-32	123
C0HLL2	P48076	40.700	138	146	150	6.739E-32	123
C0HLL2	Q10755	46.800	126	146	122	9.236E-32	123
C0HLL2	P34180	50.800	116	146	137	9.236E-32	123
C0HLL2	Q02471	45.500	134	146	138	1.266E-31	122
C0HLL2	F8QN52	46.400	127	146	138	1.266E-31	122
C0HLL2	P11407	50.800	116	146	138	1.735E-31	122
C0HLL2	P14424	50.800	116	146	138	1.735E-31	122
C0HLL2	P00626	50.800	116	146	138	1.735E-31	122
C0HLL2	P21789	47.000	119	146	120	2.378E-31	121
C0HLL2	P24294	46.200	119	146	121	3.260E-31	121
C0HLL2	P14420	50.000	110	146	122	3.260E-31	121
C0HLL2	P0DJP4	45.200	126	146	122	3.260E-31	121
C0HLL2	Q910A1	46.400	127	146	138	3.260E-31	121
C0HLL2	Q7ZTA6	43.200	134	146	138	6.123E-31	120
C0HLL2	P0DKR5	50.900	108	146	122	8.392E-31	120
C0HLL2	Q800C1	42.500	134	146	138	8.392E-31	120
C0HLL2	P59265	51.800	108	146	122	1.150E-30	119
C0HLL2	B6CQR5	44.800	127	146	138	1.150E-30	119
C0HLL2	Q6H3C8	44.000	134	146	138	1.150E-30	119
C0HLL2	Q7T3S7	50.800	116	146	136	1.576E-30	119
C0HLL2	A8E2V8	45.500	134	146	139	1.576E-30	119
C0HLL2	P0CAR9	45.500	127	146	137	2.161E-30	119
C0HLL2	P06860	50.000	108	146	122	2.961E-30	118
C0HLL2	Q6H3C5	46.800	126	146	122	2.961E-30	118
C0HLL2	P86389	43.600	126	146	124	2.961E-30	118
C0HLL2	A8CG84	52.500	116	146	137	2.961E-30	118
C0HLL2	A0A411EZW9	42.500	134	146	138	2.961E-30	118
C0HLL2	Q6H3C7	42.300	136	146	139	2.961E-30	118
C0HLL2	Q9PVF2	42.300	136	146	139	2.961E-30	118
C0HLL2	Q9YGJ7	45.500	134	146	137	4.058E-30	118
C0HLL2	Q9UNK4	38.500	127	146	145	4.058E-30	118
C0HLL2	Q9WVF6	39.500	129	146	144	5.562E-30	117
C0HLL2	P82896	42.000	126	146	122	7.623E-30	117
C0HLL2	G3DT18	42.500	134	146	138	7.623E-30	117
C0HLL2	A8CG86	43.200	134	146	138	7.623E-30	117
C0HLL2	Q7SID6	44.800	126	146	123	1.045E-29	117
C0HLL2	Q90ZZ9	47.400	116	146	138	1.045E-29	117
C0HLL2	P86907	43.200	125	146	122	1.432E-29	116
C0HLL2	P20249	43.600	126	146	122	1.962E-29	116
C0HLL2	Q2HZ28	42.500	134	146	138	1.962E-29	116
C0HLL2	P81458	48.100	108	146	121	2.689E-29	115
C0HLL2	Q7T2R1	42.500	134	146	138	2.689E-29	115
C0HLL2	P31482	38.600	132	146	146	2.689E-29	115
C0HLL2	P59071	52.700	108	146	121	3.685E-29	115
C0HLL2	Q2YHJ5	43.600	126	146	122	3.685E-29	115
C0HLL2	C9DPL5	42.000	126	146	122	3.685E-29	115
C0HLL2	Q2YHJ7	44.700	134	146	138	3.685E-29	115
C0HLL2	Q6H3C9	46.500	116	146	138	3.685E-29	115
C0HLL2	P0DKR3	49.000	110	146	122	5.050E-29	115
C0HLL2	Q92147	40.400	136	146	138	5.050E-29	115
C0HLL2	Q2YHJ2	44.700	134	146	138	5.050E-29	115
C0HLL2	P06859	44.500	127	146	138	5.050E-29	115
C0HLL2	P20476	42.500	134	146	138	6.921E-29	114
C0HLL2	Q6H3D0	40.400	136	146	138	6.921E-29	114
C0HLL2	Q7ZTA7	41.000	134	146	138	6.921E-29	114
C0HLL2	Q7LZQ4	46.400	127	146	124	9.485E-29	114
C0HLL2	A8CG90	46.500	116	146	137	9.485E-29	114
C0HLL2	Q800C3	40.200	134	146	138	9.485E-29	114
C0HLL2	A8CG89	44.700	134	146	138	9.485E-29	114
C0HLL2	P81478	42.000	126	146	122	1.781E-28	113
C0HLL2	P14418	45.600	127	146	124	3.345E-28	112
C0HLL2	P31100	46.600	118	146	138	3.345E-28	112
C0HLL2	P81480	42.000	126	146	122	4.584E-28	112
C0HLL2	P00622	46.300	110	146	121	6.282E-28	111
C0HLL2	Q9PVF1	40.700	127	146	126	6.282E-28	111
C0HLL2	Q2PG83	44.400	134	146	138	6.282E-28	111
C0HLL2	A8CG82	41.700	134	146	138	6.282E-28	111
C0HLL2	P00624	42.500	134	146	138	6.282E-28	111
C0HLL2	Q7T3T5	45.600	116	146	130	8.609E-28	111
C0HLL2	Q9PVE9	38.800	136	146	139	8.609E-28	111
C0HLL2	P84651	43.200	125	146	122	1.617E-27	110
C0HLL2	P86974	48.100	106	146	122	1.617E-27	110
C0HLL2	Q9PVF0	40.000	127	146	126	1.617E-27	110
C0HLL2	P86368	49.000	108	146	121	2.215E-27	110
C0HLL2	P84674	50.000	108	146	121	2.215E-27	110
C0HLL2	P86456	40.400	126	146	121	2.215E-27	110
C0HLL2	Q91506	44.000	126	146	122	2.215E-27	110
C0HLL2	D6MKR0	42.500	134	146	138	2.215E-27	110
C0HLL2	Q6H3C6	45.300	108	146	122	3.036E-27	109
C0HLL2	P47711	38.400	130	146	145	3.036E-27	109
C0HLL2	Q1ZY03	43.800	114	146	138	4.160E-27	109
C0HLL2	Q800C4	41.700	134	146	138	5.700E-27	109
C0HLL2	P20474	46.000	115	146	138	5.700E-27	109
C0HLL2	P59172	44.800	116	146	139	5.700E-27	109
C0HLL2	Q8UUH9	44.200	121	146	155	5.700E-27	109
C0HLL2	P14421	42.000	126	146	122	7.810E-27	108
C0HLL2	P59171	42.500	134	146	138	7.810E-27	108
C0HLL2	Q6EER3	46.000	115	146	138	7.810E-27	108
C0HLL2	P00623	41.700	134	146	138	1.070E-26	108
C0HLL2	Q90W39	46.000	115	146	138	1.466E-26	108
C0HLL2	Q9I8F8	39.600	126	146	122	2.009E-26	107
C0HLL2	P59170	43.900	116	146	139	2.009E-26	107
C0HLL2	P25498	43.800	113	146	119	3.772E-26	106
C0HLL2	Q6EER2	45.200	115	146	138	3.772E-26	106
C0HLL2	Q9BZM2	40.000	109	146	168	3.772E-26	106
C0HLL2	P60045	43.800	113	146	126	5.169E-26	106
C0HLL2	P24027	40.200	134	146	138	5.169E-26	106
C0HLL2	Q6EER4	44.900	118	146	138	5.169E-26	106
C0HLL2	P0DJJ8	43.500	116	146	138	5.169E-26	106
C0HLL2	P15445	43.200	117	146	119	7.082E-26	106
C0HLL2	Q6EER6	45.700	107	146	122	7.082E-26	106
C0HLL2	P0DJN6	46.000	115	146	138	7.082E-26	106
C0HLL2	P00606	46.400	112	146	145	7.082E-26	106
C0HLL2	P0DJN7	45.200	115	146	138	9.704E-26	105
C0HLL2	C1IC45	46.400	110	146	137	1.330E-25	105
C0HLL2	Q71QE8	41.600	120	146	138	1.330E-25	105
C0HLL2	P08873	40.600	117	146	145	1.330E-25	105
C0HLL2	Q805A2	45.200	115	146	138	1.822E-25	104
C0HLL2	C7G1G6	42.700	116	146	138	1.822E-25	104
C0HLL2	Q7T1R0	47.300	93	146	146	1.822E-25	104
C0HLL2	P0CAS3	45.700	107	146	122	2.496E-25	104
C0HLL2	P0CAS0	42.500	134	146	136	2.496E-25	104
C0HLL2	Q90251	42.300	117	146	137	2.496E-25	104
C0HLL2	C1IC46	45.500	110	146	137	3.420E-25	104
C0HLL2	Q9PUH9	44.300	113	146	147	3.420E-25	104
C0HLL2	P51433	42.200	109	146	137	4.685E-25	103
C0HLL2	Q9DF52	43.300	112	146	145	4.685E-25	103
C0HLL2	P00597	42.300	117	146	146	4.685E-25	103
C0HLL2	P00598	42.300	117	146	146	4.685E-25	103
C0HLL2	Q9PUI0	43.400	113	146	147	4.685E-25	103
C0HLL2	P14411	44.000	117	146	135	8.794E-25	102
C0HLL2	A0A193CHJ5	44.300	115	146	138	8.794E-25	102
C0HLL2	P62022	44.300	115	146	138	8.794E-25	102
C0HLL2	P62023	44.300	115	146	138	8.794E-25	102
C0HLL2	Q8UUI0	42.600	121	146	155	8.794E-25	102
C0HLL2	Q8UUH8	40.600	117	146	145	1.205E-24	102
C0HLL2	Q9DF33	43.800	112	146	146	1.205E-24	102
C0HLL2	A4FS04	42.300	117	146	119	1.651E-24	102
C0HLL2	Q9I900	42.300	117	146	146	1.651E-24	102
C0HLL2	Q92086	41.500	117	146	146	1.651E-24	102
C0HLL2	P0CG56	42.500	108	146	122	3.098E-24	101
C0HLL2	A6MEY4	43.800	112	146	145	3.098E-24	101
C0HLL2	C0HM14	44.300	106	146	122	4.244E-24	100
C0HLL2	P00620	42.500	119	146	118	5.814E-24	100
C0HLL2	P0CAS4	40.400	126	146	122	5.814E-24	100
C0HLL2	Q9PTA6	40.600	117	146	138	5.814E-24	100
C0HLL2	Q91133	41.500	117	146	146	5.814E-24	100
C0HLL2	Q9PUH8	42.900	118	146	147	5.814E-24	100
C0HLL2	P86169	44.300	106	146	122	7.965E-24	100
C0HLL2	P0CAS5	38.400	125	146	122	7.965E-24	100
C0HLL2	P00628	43.800	112	146	135	7.965E-24	100
C0HLL2	Q6SLM1	44.500	109	146	137	7.965E-24	100
C0HLL2	Q90WA7	43.800	112	146	145	7.965E-24	100
C0HLL2	P00629	43.900	119	146	145	7.965E-24	100
C0HLL2	P00599	41.200	113	146	118	1.091E-23	99
C0HLL2	P00595	43.700	111	146	119	1.091E-23	99
C0HLL2	P14615	43.300	117	146	120	1.091E-23	99
C0HLL2	P0CAS2	43.300	106	146	122	1.091E-23	99
C0HLL2	Q6EER5	42.900	107	146	122	1.091E-23	99
C0HLL2	P00594	41.100	123	146	132	1.091E-23	99
C0HLL2	Q92084	40.600	117	146	146	1.495E-23	99
C0HLL2	P60044	42.300	110	146	126	2.048E-23	98
C0HLL2	P39877	39.400	109	146	138	2.048E-23	98
C0HLL2	P00592	37.200	144	146	146	2.048E-23	98
C0HLL2	Q92085	39.800	117	146	146	2.048E-23	98
C0HLL2	C0HM79	45.800	109	146	95	2.805E-23	98
C0HLL2	P00621	43.300	106	146	119	2.805E-23	98
C0HLL2	Q9PTA5	41.100	117	146	137	5.264E-23	97
C0HLL2	Q8UUH7	42.200	121	146	154	5.264E-23	97
C0HLL2	C0HKB8	42.400	112	146	117	7.210E-23	97
C0HLL2	Q9PUI1	41.100	117	146	145	7.210E-23	97
C0HLL2	P00612	38.900	117	146	118	9.876E-23	96
C0HLL2	P00613	38.900	117	146	118	9.876E-23	96
C0HLL2	Q9PUH7	40.500	115	146	144	9.876E-23	96
C0HLL2	P59359	41.100	117	146	145	9.876E-23	96
C0HLL2	P04416	39.000	122	146	124	1.353E-22	96
C0HLL2	Q6T179	38.900	117	146	126	1.353E-22	96
C0HLL2	Q7T1R1	46.200	93	146	146	1.353E-22	96
C0HLL2	Q7T2Q4	41.200	112	146	147	1.353E-22	96
C0HLL2	Q9PU97	44.600	93	146	137	1.853E-22	96
C0HLL2	F5CPF0	44.600	111	146	140	1.853E-22	96
C0HLL2	Q9PUH5	40.000	117	146	145	1.853E-22	96
C0HLL2	Q7T2Q5	40.300	112	146	147	1.853E-22	96
C0HLL2	P00600	40.300	113	146	119	2.538E-22	95
C0HLL2	P0CAS6	41.200	109	146	122	2.538E-22	95
C0HLL2	O15496	37.000	108	146	165	2.538E-22	95
C0HLL2	C0HJL8	42.900	107	146	122	3.476E-22	95
C0HLL2	P14419	39.300	121	146	123	3.476E-22	95
C0HLL2	P60043	41.300	115	146	126	3.476E-22	95
C0HLL2	Q9PTA7	44.600	93	146	133	3.476E-22	95
C0HLL2	P04054	38.700	144	146	148	3.476E-22	95
C0HLL2	Q8JFG2	42.400	122	146	152	3.476E-22	95
C0HLL2	P00604	41.400	110	146	118	4.762E-22	94
C0HLL2	P00608	40.000	117	146	119	4.762E-22	94
C0HLL2	P08872	39.100	119	146	144	4.762E-22	94
C0HLL2	Q90WA8	40.700	112	146	145	6.522E-22	94
C0HLL2	P00618	44.600	93	146	145	6.522E-22	94
C0HLL2	Q75S51	44.600	93	146	147	6.522E-22	94
C0HLL2	Q8UW30	40.400	99	146	146	8.932E-22	94
C0HLL2	Q45Z29	40.400	123	146	151	8.932E-22	94
C0HLL2	P81166	41.800	119	146	118	1.223E-21	93
C0HLL2	P81236	41.800	121	146	119	1.223E-21	93
C0HLL2	Q9PSN5	40.400	123	146	125	1.223E-21	93
C0HLL2	Q9I842	39.400	117	146	145	1.223E-21	93
C0HLL2	P00610	40.400	99	146	119	1.676E-21	93
C0HLL2	P00593	38.000	123	146	145	1.676E-21	93
C0HLL2	Q9I837	38.600	117	146	145	1.676E-21	93
C0HLL2	Q45Z25	39.600	123	146	151	1.676E-21	93
C0HLL2	P81167	41.800	119	146	118	2.295E-21	93
C0HLL2	Q6SLM2	42.500	93	146	137	2.295E-21	93
C0HLL2	Q6YIJ3	43.600	93	146	137	2.295E-21	93
C0HLL2	Q6YNQ0	43.600	93	146	137	2.295E-21	93
C0HLL2	D0UGJ0	37.000	134	146	139	2.295E-21	93
C0HLL2	P0C551	38.200	122	146	142	2.295E-21	93
C0HLL2	P00619	43.600	93	146	147	2.295E-21	93
C0HLL2	P0DUN3	38.000	126	146	107	3.143E-21	92
C0HLL2	P00605	40.500	110	146	118	3.143E-21	92
C0HLL2	P00601	38.500	113	146	119	3.143E-21	92
C0HLL2	Q45Z28	39.800	115	146	151	3.143E-21	92
C0HLL2	Q45Z30	39.600	123	146	151	3.143E-21	92
C0HLL2	P20255	38.900	117	146	118	4.304E-21	92
C0HLL2	P20256	38.900	117	146	118	4.304E-21	92
C0HLL2	Q8AY48	43.600	93	146	137	4.304E-21	92
C0HLL2	Q7M334	39.100	144	146	144	4.304E-21	92
C0HLL2	P00609	38.300	117	146	119	5.894E-21	91
C0HLL2	Q9PTA1	43.600	93	146	145	5.894E-21	91
C0HLL2	Q8QFW4	43.600	93	146	147	5.894E-21	91
C0HLL2	P00617	43.600	93	146	147	5.894E-21	91
C0HLL2	P81237	40.600	122	146	118	8.072E-21	91
C0HLL2	P80966	40.300	118	146	151	8.072E-21	91
C0HLL2	Q45Z26	39.800	115	146	151	8.072E-21	91
C0HLL2	P04056	38.900	117	146	118	1.105E-20	91
C0HLL2	Q8QFW3	39.800	117	146	147	1.105E-20	91
C0HLL2	P00603	39.600	110	146	118	1.514E-20	90
C0HLL2	P10116	39.400	113	146	118	1.514E-20	90
C0HLL2	F5CPF1	40.000	113	146	142	1.514E-20	90
C0HLL2	Q9PUH6	38.300	117	146	145	1.514E-20	90
C0HLL2	Q9I843	38.600	117	146	145	1.514E-20	90
C0HLL2	Q9I845	38.600	117	146	145	1.514E-20	90
C0HLL2	Q9I846	38.600	117	146	145	1.514E-20	90
C0HLL2	Q9PUH0	38.500	113	146	146	1.514E-20	90
C0HLL2	Q9PUH4	38.300	117	146	146	1.514E-20	90
C0HLL2	Q9I844	37.800	117	146	145	2.073E-20	90
C0HLL2	Q9I847	37.800	117	146	145	2.073E-20	90
C0HLL2	P00602	39.600	110	146	118	2.839E-20	89
C0HLL2	P00614	38.600	117	146	119	2.839E-20	89
C0HLL2	Q9PUH3	38.300	117	146	146	3.887E-20	89
C0HLL2	Q9QZT3	35.100	108	146	151	5.323E-20	89
C0HLL2	P00611	35.500	117	146	145	7.288E-20	88
C0HLL2	Q9PUH1	38.300	117	146	146	1.366E-19	87
C0HLL2	Q9QXX3	40.200	82	146	151	1.366E-19	87
C0HLL2	P20259	36.400	117	146	117	1.871E-19	87
C0HLL2	Q8AXW7	37.800	117	146	146	1.871E-19	87
C0HLL2	Q9PRG0	40.000	113	146	145	2.562E-19	87
C0HLL2	F8J2D2	44.300	88	146	146	2.562E-19	87
C0HLL2	P20250	40.000	117	146	117	3.507E-19	86
C0HLL2	P20251	40.000	117	146	118	3.507E-19	86
C0HLL2	P20254	40.000	117	146	118	3.507E-19	86
C0HLL2	Q9PUH2	37.500	117	146	146	4.802E-19	86
C0HLL2	P19000	37.700	113	146	145	6.574E-19	85
C0HLL2	P20258	39.100	117	146	117	9.000E-19	85
C0HLL2	P20253	37.200	117	146	118	9.000E-19	85
C0HLL2	Q8UUI1	36.800	113	146	145	9.000E-19	85
C0HLL2	Q8UUI4	37.700	113	146	145	9.000E-19	85
C0HLL2	P0DJ62	59.000	61	146	60	1.232E-18	85
C0HLL2	Q8UUI3	37.700	113	146	145	1.232E-18	85
C0HLL2	Q45Z42	39.100	117	146	146	1.687E-18	84
C0HLL2	Q9PUG9	36.400	117	146	144	2.309E-18	84
C0HLL2	P20146	38.700	108	146	145	5.923E-18	83
C0HLL2	P20252	37.200	117	146	118	1.110E-17	82
C0HLL2	P0DUN4	37.300	103	146	92	1.519E-17	81
C0HLL2	B3EWP6	58.300	60	146	60	5.330E-17	80
C0HLL2	P23026	39.400	108	146	145	9.982E-17	79
C0HLL2	P82893	50.000	70	146	70	3.500E-16	78
C0HLL2	P0DM51	59.100	49	146	50	5.725E-12	65
C0HLL2	Q8AY47	46.400	56	146	139	3.724E-11	63
C0HLL2	P0C932	53.000	49	146	50	5.087E-11	63
A0A5C1ZW08	Q9TWL9	46.500	73	178	77	1.305E-17	83
C0HLL5	P0DRN5	98.100	331	331	357	2.474E-229	703
C0HLL5	P86875	97.500	331	331	357	3.832E-227	696
C0HLL5	P49371	92.400	331	331	331	1.326E-216	666
C0HLL5	Q05FZ2	93.000	331	331	331	1.650E-215	663
C0HLL5	P49370	92.700	331	331	331	5.820E-215	661
C0HLL5	P86687	76.400	331	331	345	8.560E-180	560
C0HLL5	Q9U6V9	74.300	331	331	367	2.483E-177	553
C0HLL5	A0ABM1IHN5	75.300	332	331	365	4.662E-177	552
C0HLL5	Q08169	55.100	323	331	382	4.237E-122	393
C0HLL5	Q95PD7	54.500	328	331	387	5.803E-122	393
C0HLL5	A0A348G5W8	52.500	314	331	357	5.969E-113	367
C0HLL5	E2ADC1	52.200	314	331	342	2.099E-112	365
C0HLL5	E0XKJ9	41.600	326	331	349	1.855E-81	276
C0HLL5	A0A0S4JYH2	36.600	319	331	394	4.360E-61	216
C0HLL5	A0A0C9RFM5	35.100	328	331	403	8.736E-59	210
C0HLL5	A0A1L4BJ83	35.500	321	331	408	5.666E-58	207
C0HLL5	Q9XZ48	34.100	315	331	376	1.276E-56	203
C0HLL5	W0HFN9	34.200	328	331	403	4.434E-56	202
C0HLL5	J9XYC6	33.400	324	331	414	1.540E-55	200
C0HLL5	P86100	33.000	325	331	410	6.444E-54	196
C0HLL5	J3S820	33.000	330	331	449	2.236E-53	194
C0HLL5	Q76HN1	31.800	329	331	449	4.163E-53	193
C0HLL5	P0DRN8	30.600	323	331	400	1.970E-52	191
C0HLL5	Q91ZJ9	32.300	329	331	462	2.688E-52	191
C0HLL5	P0DYJ2	32.900	322	331	402	3.668E-52	190
C0HLL5	A3QVN3	33.100	326	331	449	9.318E-52	189
C0HLL5	A3QVN6	33.100	326	331	449	9.318E-52	189
C0HLL5	A3QVN5	33.100	326	331	449	1.271E-51	189
C0HLL5	R4J7Z9	30.300	323	331	400	2.366E-51	188
C0HLL5	A3QVP0	33.000	330	331	449	2.366E-51	188
C0HLL5	A3QVN2	32.400	330	331	449	4.405E-51	187
C0HLL5	P23613	34.700	321	331	529	4.405E-51	187
C0HLL5	Q6RHW4	31.300	324	331	435	1.118E-50	186
C0HLL5	A3QVN4	32.800	326	331	449	1.118E-50	186
C0HLL5	Q12794	32.300	326	331	435	2.839E-50	185
C0HLL5	Q62803	33.200	320	331	512	3.872E-50	184
C0HLL5	P38566	34.400	324	331	545	3.872E-50	184
C0HLL5	A3QVN9	32.400	330	331	449	5.282E-50	184
C0HLL5	P38567	33.300	320	331	509	1.828E-49	183
C0HLL5	Q5E985	30.800	326	331	450	2.493E-49	182
C0HLL5	Q05A56	31.500	321	331	481	2.187E-48	179
C0HLL5	P38568	32.500	320	331	510	3.562E-47	176
C0HLL5	Q8SQG7	31.800	331	331	476	9.025E-47	175
C0HLL5	P48794	33.000	320	331	512	4.248E-46	173
C0HLL5	O35632	32.300	328	331	473	1.076E-45	171
C0HLL5	Q9Z2Q3	32.000	328	331	473	5.056E-45	169
C0HLL5	Q2M3T9	31.300	321	331	481	1.279E-44	168
C0HLL5	E5RWZ0	29.900	332	331	491	2.375E-44	168
C0HLL5	Q6RHW2	30.000	326	331	419	3.236E-44	167
C0HLL5	A0A7T9L375	35.800	259	331	290	2.069E-43	165
C0HLL5	Q801Z8	29.700	331	331	477	2.069E-43	165
C0HLL5	Q12891	31.700	328	331	473	7.124E-43	163
C0HLL5	A0A0C9QKT6	33.500	253	331	257	3.339E-42	161
C0HLL5	K7ZMF5	29.700	331	331	483	4.547E-42	161
C0HLL5	I0CME7	31.500	325	331	448	8.431E-42	160
C0HLL5	Q5REQ1	29.800	326	331	414	2.129E-41	159
C0HLL5	Q76HM9	29.800	327	331	412	3.946E-41	158
C0HLL5	Q8VEI3	30.600	327	331	412	7.313E-41	157
C0HLL5	O43820	28.800	326	331	417	9.956E-41	157
C0HLL5	C0HKM3	29.700	325	331	458	2.569E-36	144
C0HLL5	I0CME8	30.300	309	331	347	8.718E-34	136
P9WEW0	W4JX79	64.800	344	351	345	7.882E-154	486
P9WEW0	P0DL13	61.000	344	351	345	1.249E-145	462
P9WEW0	A0A0D2L718	51.400	321	351	327	7.396E-110	359
P9WEW0	A0A8H7XQ49	40.400	333	351	364	2.347E-79	271
P9WEW0	A0A8H8CFI5	39.800	333	351	364	7.326E-78	266
P9WEW0	A0A8H7XMX0	37.600	330	351	344	3.279E-71	247
P9WEW0	A0A348B779	38.300	334	351	338	8.368E-71	246
P9WEW0	A0A8H7XP09	36.200	331	351	361	1.899E-69	242
P9WEW0	A8NE23	35.400	339	351	425	5.010E-59	211
P9WEW0	B8PD44	32.100	336	351	336	1.096E-52	193
P9WEW0	A0A0C3FBR2	31.100	312	351	345	1.749E-42	163
P9WEW0	A8NU13	27.900	327	351	345	5.991E-42	161
P9WEW0	A0A0C9VD04	27.300	338	351	347	7.036E-39	152
P9WEW0	A0A1B4XBG5	28.500	315	351	367	2.046E-25	112
P9WEW0	S0DX56	26.300	318	351	357	9.170E-25	110
P9WEW0	A7NH01	24.100	300	351	326	6.542E-22	101
P9WEW0	A0A1L7VZE7	28.300	331	351	401	7.043E-21	98
P9WEW0	B5H7H3	23.000	309	351	372	2.591E-18	90
P9WEW0	E8W6C7	21.000	308	351	356	3.884E-15	80
P9WEW0	Q82IY4	26.800	306	351	336	1.242E-14	79
P9WEW0	G2P5T1	25.000	334	351	384	1.660E-14	78
P9WEW0	Q55012	26.200	306	351	337	3.960E-14	77
P9WEW0	E3VWJ0	26.900	306	351	337	2.247E-13	75
P9WEW0	A0A1G9UQQ0	23.400	307	351	363	3.000E-13	74
P9WEW0	A0A291SJC7	24.100	335	351	395	1.692E-12	72
P9WEW0	A0A1L5YKS7	23.600	199	351	431	2.895E-09	62
P9WEW0	D9XDR8	22.900	299	351	338	3.741E-08	58
P9WEW0	A0A151ZEA6	22.800	273	351	353	1.545E-07	56
P9WEW0	A0A385AJM2	22.600	263	351	332	6.104E-06	51
P9WEW0	Q7KWU0	19.400	270	351	349	1.073E-05	50
P9WEW0	F2XF99	22.100	221	351	580	2.502E-05	49
P9WEW0	F0ZLU4	20.500	262	351	377	7.338E-04	44
P0DUN2	P86803	85.400	123	123	121	4.007E-72	237
P0DUN2	P86804	83.800	123	123	121	1.620E-69	230
P0DUN2	P0C8M1	80.600	123	123	121	5.233E-68	226
P0DUN2	P86974	66.900	123	123	122	9.746E-54	184
P0DUN2	P20474	65.000	122	123	138	3.604E-50	174
P0DUN2	Q71QE8	61.200	123	123	138	1.275E-49	173
P0DUN2	O42187	64.200	122	123	138	1.165E-48	170
P0DUN2	Q1ZY03	62.600	122	123	138	1.459E-47	167
P0DUN2	Q805A2	60.400	123	123	138	3.766E-47	166
P0DUN2	P04417	61.700	122	123	122	9.718E-47	164
P0DUN2	P0DJN7	58.800	123	123	138	9.718E-47	164
P0DUN2	Q9I968	59.600	123	123	138	1.333E-46	164
P0DUN2	Q6EER3	59.600	123	123	138	2.508E-46	163
P0DUN2	Q6EER6	59.600	123	123	122	3.439E-46	163
P0DUN2	Q6EER4	58.000	123	123	138	4.718E-46	162
P0DUN2	P06859	58.500	122	123	138	6.471E-46	162
P0DUN2	F8QN51	59.800	116	123	137	8.876E-46	162
P0DUN2	O42189	60.000	123	123	124	1.670E-45	161
P0DUN2	Q6EER5	58.000	123	123	122	2.290E-45	160
P0DUN2	Q2PG81	61.800	117	123	137	2.290E-45	160
P0DUN2	C7G1G6	61.900	119	123	138	3.142E-45	160
P0DUN2	P0DJJ8	61.900	119	123	138	4.309E-45	160
P0DUN2	A8E2V9	60.900	122	123	136	5.910E-45	159
P0DUN2	Q91506	56.400	123	123	122	2.092E-44	158
P0DUN2	Q90W39	57.200	123	123	138	3.936E-44	157
P0DUN2	Q8JIY9	58.500	122	123	138	5.398E-44	156
P0DUN2	A8CG90	58.100	116	123	137	1.393E-43	155
P0DUN2	Q6H3C5	58.500	122	123	122	1.911E-43	155
P0DUN2	P84651	56.900	122	123	122	1.911E-43	155
P0DUN2	Q2PG83	56.000	122	123	138	1.911E-43	155
P0DUN2	C0HKC3	56.000	123	123	139	2.621E-43	154
P0DUN2	C0HKC4	56.000	123	123	123	4.931E-43	154
P0DUN2	G3DT18	51.600	123	123	138	4.931E-43	154
P0DUN2	C0HJC1	56.900	122	123	122	6.763E-43	153
P0DUN2	Q92147	56.000	122	123	138	6.763E-43	153
P0DUN2	F8QN54	58.500	122	123	138	6.763E-43	153
P0DUN2	P59171	57.000	120	123	138	9.277E-43	153
P0DUN2	Q02517	65.700	107	123	138	9.277E-43	153
P0DUN2	Q6H3C8	55.200	122	123	138	1.272E-42	153
P0DUN2	P59071	59.800	116	123	121	1.745E-42	152
P0DUN2	A8CG84	59.800	116	123	137	1.745E-42	152
P0DUN2	O42190	65.400	108	123	124	3.284E-42	151
P0DUN2	F8QN53	58.100	116	123	137	3.284E-42	151
P0DUN2	Q2YHJ2	57.700	122	123	138	3.284E-42	151
P0DUN2	P14424	57.700	122	123	138	4.504E-42	151
P0DUN2	Q2YHJ7	57.700	122	123	138	4.504E-42	151
P0DUN2	P81458	56.400	116	123	121	6.178E-42	151
P0DUN2	Q2YHJ5	52.800	122	123	122	6.178E-42	151
P0DUN2	Q90Y77	64.800	107	123	138	6.178E-42	151
P0DUN2	P00626	57.700	122	123	138	1.594E-41	149
P0DUN2	P14421	54.800	123	123	122	2.187E-41	149
P0DUN2	P34180	56.400	116	123	137	2.187E-41	149
P0DUN2	Q90ZZ9	51.600	123	123	138	2.187E-41	149
P0DUN2	A0A411EZW9	53.200	123	123	138	2.187E-41	149
P0DUN2	P24293	55.500	116	123	121	2.999E-41	149
P0DUN2	Q8JIG0	64.800	107	123	138	2.999E-41	149
P0DUN2	C9DPL5	52.400	123	123	122	4.114E-41	148
P0DUN2	Q8QG87	52.400	123	123	138	4.114E-41	148
P0DUN2	A8CG78	53.200	123	123	138	4.114E-41	148
P0DUN2	A8CG87	53.200	123	123	138	4.114E-41	148
P0DUN2	Q7SID6	55.200	122	123	123	5.643E-41	148
P0DUN2	P11407	56.900	122	123	138	5.643E-41	148
P0DUN2	A8E2V8	54.800	122	123	139	5.643E-41	148
P0DUN2	P20249	52.000	122	123	122	7.740E-41	147
P0DUN2	C3W4R6	54.000	123	123	138	1.062E-40	147
P0DUN2	P86389	52.300	124	123	124	1.456E-40	147
P0DUN2	P81480	51.600	123	123	122	1.997E-40	146
P0DUN2	P20476	52.000	122	123	138	2.739E-40	146
P0DUN2	Q6H3D0	52.000	122	123	138	2.739E-40	146
P0DUN2	P59172	52.100	116	123	139	2.739E-40	146
P0DUN2	P59170	52.100	116	123	139	2.739E-40	146
P0DUN2	P21789	54.700	116	123	120	3.758E-40	145
P0DUN2	P86368	57.200	116	123	121	3.758E-40	145
P0DUN2	Q9YGJ7	53.200	123	123	137	3.758E-40	145
P0DUN2	P0CAR9	50.400	123	123	137	3.758E-40	145
P0DUN2	P84674	57.200	116	123	121	5.154E-40	145
P0DUN2	Q7LZQ4	54.400	123	123	124	5.154E-40	145
P0DUN2	Q8AXY1	52.800	122	123	138	5.154E-40	145
P0DUN2	Q910A0	54.400	122	123	138	7.069E-40	145
P0DUN2	Q6EER2	54.800	123	123	138	7.069E-40	145
P0DUN2	Q800C3	51.200	122	123	138	1.330E-39	144
P0DUN2	B6CQR5	53.200	123	123	138	1.330E-39	144
P0DUN2	F8QN52	53.200	123	123	138	1.824E-39	143
P0DUN2	C0HJL8	53.200	123	123	122	2.502E-39	143
P0DUN2	P86907	52.800	122	123	122	3.432E-39	143
P0DUN2	Q910A1	53.600	122	123	138	3.432E-39	143
P0DUN2	P14418	53.600	123	123	124	6.457E-39	142
P0DUN2	Q2HZ28	50.400	122	123	138	8.857E-39	141
P0DUN2	Q800C1	50.400	122	123	138	8.857E-39	141
P0DUN2	P0CAS5	52.800	122	123	122	2.286E-38	140
P0DUN2	P0DJP4	51.600	123	123	122	2.286E-38	140
P0DUN2	P00624	50.400	122	123	138	3.135E-38	140
P0DUN2	P31100	49.100	123	123	138	3.135E-38	140
P0DUN2	Q800C4	51.200	122	123	138	4.300E-38	139
P0DUN2	P24027	52.800	122	123	138	4.300E-38	139
P0DUN2	P0DJN6	53.600	122	123	138	5.898E-38	139
P0DUN2	P00623	50.400	122	123	138	5.898E-38	139
P0DUN2	Q6H3C6	59.600	107	123	122	8.090E-38	139
P0DUN2	Q6H3C9	59.600	107	123	138	8.090E-38	139
P0DUN2	P06860	61.100	107	123	122	1.110E-37	138
P0DUN2	Q7T3T5	50.800	123	123	130	1.110E-37	138
P0DUN2	D6MKR0	50.400	122	123	138	1.110E-37	138
P0DUN2	P31854	49.100	123	123	138	1.110E-37	138
P0DUN2	Q9I8F8	48.700	122	123	122	1.522E-37	138
P0DUN2	Q7T3S7	53.600	109	123	136	1.522E-37	138
P0DUN2	Q9PWR6	52.000	122	123	138	1.522E-37	138
P0DUN2	Q6H3C7	53.200	122	123	139	1.522E-37	138
P0DUN2	Q9PVF2	53.200	122	123	139	1.522E-37	138
P0DUN2	P0DKR3	48.300	123	123	122	2.088E-37	138
P0DUN2	P0CAS6	52.800	122	123	122	2.088E-37	138
P0DUN2	Q98996	52.000	122	123	138	2.088E-37	138
P0DUN2	Q7ZTA6	49.100	123	123	138	2.863E-37	137
P0DUN2	P24294	51.200	120	123	121	3.927E-37	137
P0DUN2	C0HM14	52.800	122	123	122	3.927E-37	137
P0DUN2	P86169	52.800	122	123	122	3.927E-37	137
P0DUN2	A8CG86	49.100	123	123	138	3.927E-37	137
P0DUN2	A0A193CHJ5	52.800	122	123	138	3.927E-37	137
P0DUN2	P62022	52.800	122	123	138	3.927E-37	137
P0DUN2	P62023	52.800	122	123	138	3.927E-37	137
P0DUN2	Q7ZTA7	49.500	122	123	138	5.387E-37	136
P0DUN2	P86806	56.400	116	123	122	7.389E-37	136
P0DUN2	P0CG56	52.000	122	123	122	1.013E-36	136
P0DUN2	Q2YHJ6	50.800	123	123	138	1.013E-36	136
P0DUN2	P59265	60.100	107	123	122	1.390E-36	135
P0DUN2	Q8JFG0	50.000	123	123	138	1.390E-36	135
P0DUN2	Q7T2R1	48.300	123	123	138	1.390E-36	135
P0DUN2	Q10755	50.000	123	123	122	1.907E-36	135
P0DUN2	P0CAS7	51.200	122	123	121	2.615E-36	134
P0DUN2	P81478	50.800	123	123	122	2.615E-36	134
P0DUN2	P14420	49.100	123	123	122	3.587E-36	134
P0DUN2	Q1RP78	49.100	123	123	138	3.587E-36	134
P0DUN2	P86456	49.100	123	123	121	6.749E-36	133
P0DUN2	Q1RP79	48.300	123	123	138	9.256E-36	133
P0DUN2	Q9PVF1	50.800	122	123	126	1.741E-35	132
P0DUN2	P82896	49.100	123	123	122	2.389E-35	132
P0DUN2	P0CAS2	52.000	122	123	122	2.389E-35	132
P0DUN2	Q9PVE9	50.800	122	123	139	2.389E-35	132
P0DUN2	P86805	53.800	116	123	122	3.276E-35	131
P0DUN2	Q9PVF0	50.000	122	123	126	4.494E-35	131
P0DUN2	P0CAS4	49.500	122	123	122	8.454E-35	130
P0DUN2	P0DKR5	47.500	123	123	122	2.992E-34	128
P0DUN2	P0CAS3	48.700	122	123	122	5.629E-34	128
P0DUN2	Q02471	47.500	123	123	138	5.629E-34	128
P0DUN2	P0DUN3	46.700	123	123	107	1.992E-33	126
P0DUN2	P00621	52.900	116	123	119	2.733E-33	126
P0DUN2	P00622	47.500	123	123	121	3.423E-32	123
P0DUN2	A8CG89	45.100	123	123	138	8.832E-32	121
P0DUN2	Q56JZ2	49.200	124	123	144	1.211E-31	121
P0DUN2	A8CG82	44.300	123	123	138	1.661E-31	121
P0DUN2	P00620	52.500	116	123	118	2.279E-31	120
P0DUN2	C0HM79	53.200	107	123	95	5.880E-31	119
P0DUN2	P0DUN4	50.400	100	123	92	1.517E-30	118
P0DUN2	P47711	46.800	124	123	145	2.081E-30	117
P0DUN2	Q9NZK7	48.400	123	123	142	5.369E-30	116
P0DUN2	Q9WVF6	44.800	124	123	144	1.010E-29	115
P0DUN2	P14423	47.600	124	123	146	1.900E-29	115
P0DUN2	P0DM51	88.200	51	123	50	1.265E-28	112
P0DUN2	P31482	46.700	122	123	146	1.265E-28	112
P0DUN2	P0C942	44.700	122	123	122	3.263E-28	111
P0DUN2	D0UGJ0	42.400	123	123	139	3.263E-28	111
P0DUN2	P84397	44.800	123	123	107	8.417E-28	110
P0DUN2	P0CAS0	43.200	123	123	136	8.417E-28	110
P0DUN2	Q9QUL3	46.800	123	123	142	8.417E-28	110
P0DUN2	P48076	44.200	112	123	150	1.583E-27	109
P0DUN2	P0C943	43.000	122	123	122	7.683E-27	107
P0DUN2	Q9UNK4	44.700	113	123	145	9.615E-26	104
P0DUN2	P51433	44.900	116	123	137	1.808E-25	103
P0DUN2	P39877	44.000	116	123	138	6.397E-25	102
P0DUN2	P0DP54	40.800	122	123	152	2.064E-23	97
P0DUN2	B3A0N3	80.300	50	123	50	5.323E-23	96
P0DUN2	Q7M334	42.000	115	123	144	4.424E-21	91
P0DUN2	P43434	41.900	122	123	146	1.564E-20	89
P0DUN2	P0CV89	46.100	91	123	61	3.672E-19	85
P0DUN2	Q9Z0Y2	42.000	115	123	146	3.672E-19	85
P0DUN2	P04055	41.100	115	123	146	9.463E-19	84
P0DUN2	P14419	40.400	122	123	123	1.297E-18	83
P0DUN2	P00593	42.000	115	123	145	1.297E-18	83
P0DUN2	P04054	41.100	115	123	148	1.297E-18	83
P0DUN2	B3EWP6	62.200	60	123	60	1.779E-18	83
P0DUN2	P0DJ62	62.200	60	123	60	1.779E-18	83
P0DUN2	P81236	44.700	107	123	119	1.779E-18	83
P0DUN2	P82893	53.500	71	123	70	2.438E-18	83
P0DUN2	Q9DF33	42.700	107	123	146	2.438E-18	83
P0DUN2	P00599	36.600	117	123	118	3.343E-18	82
P0DUN2	C1IC46	41.500	100	123	137	3.343E-18	82
P0DUN2	Q45Z28	42.500	106	123	151	3.343E-18	82
P0DUN2	P20255	43.200	118	123	118	6.283E-18	81
P0DUN2	P04416	40.300	115	123	124	6.283E-18	81
P0DUN2	C1IC45	41.500	100	123	137	6.283E-18	81
P0DUN2	Q9DF52	41.000	94	123	145	6.283E-18	81
P0DUN2	Q9BZM2	40.000	111	123	168	6.283E-18	81
P0DUN2	P04056	43.200	118	123	118	8.613E-18	81
P0DUN2	P20254	39.300	118	123	118	8.613E-18	81
P0DUN2	Q45Z29	42.500	106	123	151	8.613E-18	81
P0DUN2	Q45Z30	42.500	106	123	151	8.613E-18	81
P0DUN2	Q9QXX3	41.200	109	123	151	8.613E-18	81
P0DUN2	P20251	41.600	105	123	118	1.181E-17	81
P0DUN2	Q9PUH7	39.800	116	123	144	1.619E-17	80
P0DUN2	Q9QZT3	41.300	109	123	151	1.619E-17	80
P0DUN2	Q45Z26	42.500	106	123	151	1.619E-17	80
P0DUN2	O15496	37.700	103	123	165	1.619E-17	80
P0DUN2	P0C932	66.000	50	123	50	2.219E-17	80
P0DUN2	P00592	39.400	115	123	146	2.219E-17	80
P0DUN2	Q45Z25	41.600	106	123	151	2.219E-17	80
P0DUN2	C0HK05	70.200	47	123	47	3.042E-17	79
P0DUN2	Q9PSN5	41.600	106	123	125	3.042E-17	79
P0DUN2	P00606	40.500	99	123	145	3.042E-17	79
P0DUN2	P08873	40.900	107	123	145	3.042E-17	79
P0DUN2	P20250	40.700	105	123	117	4.170E-17	79
P0DUN2	P25498	35.800	118	123	119	4.170E-17	79
P0DUN2	P15445	37.100	118	123	119	4.170E-17	79
P0DUN2	P60044	37.800	116	123	126	4.170E-17	79
P0DUN2	Q6SLM1	40.000	94	123	137	4.170E-17	79
P0DUN2	Q91133	36.600	118	123	146	4.170E-17	79
P0DUN2	P20256	41.600	118	123	118	5.716E-17	79
P0DUN2	P06596	38.300	115	123	146	5.716E-17	79
P0DUN2	P60045	36.300	118	123	126	7.835E-17	78
P0DUN2	P81237	42.300	106	123	118	1.074E-16	78
P0DUN2	P0DMH0	64.700	51	123	51	1.472E-16	78
P0DUN2	P00600	36.300	118	123	119	1.472E-16	78
P0DUN2	Q6SLM0	42.100	94	123	137	1.472E-16	78
P0DUN2	P0C551	37.700	124	123	142	1.472E-16	78
P0DUN2	P00597	36.600	118	123	146	1.472E-16	78
P0DUN2	P00598	36.600	118	123	146	1.472E-16	78
P0DUN2	Q3C2C1	35.200	135	123	158	1.472E-16	78
P0DUN2	Q6T179	35.500	118	123	126	2.018E-16	77
P0DUN2	Q9PUH5	39.800	117	123	145	2.018E-16	77
P0DUN2	P0DM50	76.900	39	123	40	2.766E-16	77
P0DUN2	P20253	39.800	117	123	118	2.766E-16	77
P0DUN2	Q8JFG2	38.200	125	123	152	2.766E-16	77
P0DUN2	P80966	41.000	116	123	151	3.791E-16	76
P0DUN2	A4FS04	36.600	118	123	119	5.196E-16	76
P0DUN2	P60043	37.800	116	123	126	5.196E-16	76
P0DUN2	Q9I900	37.100	118	123	146	5.196E-16	76
P0DUN2	Q4VRI5	46.300	91	123	154	5.196E-16	76
P0DUN2	Q92084	35.500	118	123	146	7.122E-16	76
P0DUN2	Q92085	34.700	118	123	146	9.762E-16	75
P0DUN2	P20252	37.100	118	123	118	1.338E-15	75
P0DUN2	P14615	38.600	99	123	120	1.834E-15	74
P0DUN2	P81166	37.100	102	123	118	2.513E-15	74
P0DUN2	P81167	37.100	102	123	118	2.513E-15	74
P0DUN2	Q9PUI1	37.000	117	123	145	3.444E-15	74
P0DUN2	P59359	37.000	117	123	145	3.444E-15	74
P0DUN2	Q92086	35.500	118	123	146	3.444E-15	74
P0DUN2	C0HKB8	41.000	94	123	117	4.721E-15	73
P0DUN2	F5CPF1	39.200	109	123	142	4.721E-15	73
P0DUN2	P00609	37.900	100	123	119	6.469E-15	73
P0DUN2	Q3C2C2	35.500	136	123	159	6.469E-15	73
P0DUN2	P0DMK1	87.500	32	123	32	8.866E-15	72
P0DUN2	P00595	36.600	100	123	119	8.866E-15	72
P0DUN2	Q9PUH9	39.200	101	123	147	8.866E-15	72
P0DUN2	P20257	37.100	118	123	118	1.215E-14	72
P0DUN2	P08872	39.000	107	123	144	1.215E-14	72
P0DUN2	P20258	43.200	99	123	117	1.665E-14	72
P0DUN2	P00594	38.800	105	123	132	1.665E-14	72
P0DUN2	Q9PUI0	38.300	101	123	147	1.665E-14	72
P0DUN2	Q8UW31	37.500	124	123	152	1.665E-14	72
P0DUN2	P00601	37.600	100	123	119	2.282E-14	71
P0DUN2	P0DM52	76.400	34	123	35	5.871E-14	70
P0DUN2	P00613	35.800	118	123	118	5.871E-14	70
P0DUN2	P20259	38.200	117	123	117	8.045E-14	70
P0DUN2	P00604	39.600	99	123	118	8.045E-14	70
P0DUN2	P00605	39.600	99	123	118	8.045E-14	70
P0DUN2	P19000	36.800	112	123	145	2.069E-13	68
P0DUN2	Q45Z42	35.500	119	123	146	2.069E-13	68
P0DUN2	P00612	35.000	118	123	118	2.835E-13	68
P0DUN2	Q8UUI3	36.800	112	123	145	2.835E-13	68
P0DUN2	Q8UUH9	36.900	110	123	155	3.885E-13	68
P0DUN2	Q8UUH8	34.100	118	123	145	5.322E-13	67
P0DUN2	P23026	37.700	111	123	145	5.322E-13	67
P0DUN2	P00602	35.000	117	123	118	7.291E-13	67
P0DUN2	Q8UUI4	36.200	111	123	145	7.291E-13	67
P0DUN2	Q9PRG0	36.200	117	123	145	7.291E-13	67
P0DUN2	Q9PUH8	38.300	101	123	147	7.291E-13	67
P0DUN2	Q8UUI0	33.600	117	123	155	7.291E-13	67
P0DUN2	Q9I842	35.800	118	123	145	9.989E-13	66
P0DUN2	P00603	35.000	117	123	118	1.368E-12	66
P0DUN2	P10116	35.000	118	123	118	1.368E-12	66
P0DUN2	P00608	38.500	100	123	119	1.368E-12	66
P0DUN2	Q9I837	35.000	118	123	145	1.368E-12	66
P0DUN2	Q7T1R0	40.400	82	123	146	1.368E-12	66
P0DUN2	Q9PUH6	37.300	117	123	145	1.875E-12	66
P0DUN2	Q8UUI1	35.000	118	123	145	3.518E-12	65
P0DUN2	Q8UW30	38.300	98	123	146	4.818E-12	64
P0DUN2	P00610	37.300	98	123	119	9.040E-12	64
P0DUN2	P00611	34.100	118	123	145	1.238E-11	63
P0DUN2	Q9I843	35.000	118	123	145	1.238E-11	63
P0DUN2	Q9I845	35.000	118	123	145	1.238E-11	63
P0DUN2	Q9I846	35.000	118	123	145	1.238E-11	63
P0DUN2	Q9I844	34.100	118	123	145	1.696E-11	63
P0DUN2	Q9I847	34.100	118	123	145	1.696E-11	63
P0DUN2	Q9PUH4	36.100	100	123	146	4.356E-11	62
P0DUN2	Q9PSF9	67.500	37	123	39	2.097E-10	60
P0DUN2	P0DM49	68.500	35	123	35	7.367E-10	58
P0DUN2	P59068	48.000	51	123	57	4.845E-09	56
P0DUN2	P0CAS9	63.600	33	123	34	2.324E-08	54
P0DUN2	P84736	50.000	49	123	50	3.180E-08	53
P0DUN2	P59070	48.900	48	123	48	5.951E-08	53
P0DUN2	P14422	61.100	36	123	68	9.951E-07	49
P0DUN2	P59069	45.600	45	123	46	2.721E-04	42
C0HLF0	Q02517	84.400	122	121	138	2.321E-74	244
C0HLF0	Q90Y77	84.400	122	121	138	3.183E-74	243
C0HLF0	Q8JIG0	82.700	122	121	138	2.652E-72	238
C0HLF0	O42187	81.900	122	121	138	8.567E-71	233
C0HLF0	P04417	79.500	122	121	122	7.821E-70	231
C0HLF0	P06860	80.300	122	121	122	1.471E-69	230
C0HLF0	P59265	79.500	122	121	122	1.842E-68	227
C0HLF0	Q6EER3	69.600	122	121	138	1.220E-60	204
C0HLF0	O42189	73.300	124	121	124	4.319E-60	203
C0HLF0	O42190	72.500	124	121	124	2.626E-58	198
C0HLF0	Q71QE8	67.200	122	121	138	4.940E-58	197
C0HLF0	Q6EER5	67.200	122	121	122	1.748E-57	195
C0HLF0	Q6EER6	66.300	122	121	122	1.748E-57	195
C0HLF0	C0HKC4	69.100	123	121	123	1.748E-57	195
C0HLF0	C0HKC3	69.100	123	121	139	1.748E-57	195
C0HLF0	P0DJN7	66.300	122	121	138	4.511E-57	194
C0HLF0	Q805A2	67.200	122	121	138	8.487E-57	193
C0HLF0	C0HJC1	68.000	122	121	122	2.190E-56	192
C0HLF0	Q9I968	65.500	122	121	138	5.161E-55	188
C0HLF0	Q6EER4	63.900	122	121	138	9.710E-55	187
C0HLF0	Q90W39	63.900	122	121	138	1.332E-54	187
C0HLF0	P84651	64.700	122	121	122	4.714E-54	185
C0HLF0	Q91506	66.600	122	121	122	4.305E-53	183
C0HLF0	Q1ZY03	60.600	122	121	138	5.906E-53	182
C0HLF0	P20474	60.600	122	121	138	8.100E-53	182
C0HLF0	P81478	62.200	122	121	122	1.111E-52	181
C0HLF0	P86907	65.000	122	121	122	1.111E-52	181
C0HLF0	Q2YHJ6	62.200	122	121	138	1.524E-52	181
C0HLF0	P86974	62.200	122	121	122	2.090E-52	181
C0HLF0	P34180	63.100	121	121	137	2.090E-52	181
C0HLF0	Q2PG83	66.300	121	121	138	3.933E-52	180
C0HLF0	G3DT18	62.200	122	121	138	3.933E-52	180
C0HLF0	Q7ZTA6	63.100	122	121	138	3.933E-52	180
C0HLF0	P06859	67.200	121	121	138	3.933E-52	180
C0HLF0	Q6H3C8	60.600	122	121	138	5.394E-52	179
C0HLF0	A0A411EZW9	61.400	122	121	138	5.394E-52	179
C0HLF0	Q8JIY9	63.100	122	121	138	5.394E-52	179
C0HLF0	P20249	62.200	122	121	122	7.399E-52	179
C0HLF0	Q92147	62.200	122	121	138	1.392E-51	178
C0HLF0	P81480	62.200	122	121	122	2.619E-51	177
C0HLF0	A8E2V8	62.600	123	121	139	3.592E-51	177
C0HLF0	Q7ZTA7	62.200	122	121	138	4.927E-51	177
C0HLF0	A8CG90	63.900	121	121	137	6.758E-51	176
C0HLF0	F8QN53	62.200	121	121	137	9.270E-51	176
C0HLF0	P20476	61.400	122	121	138	1.271E-50	175
C0HLF0	Q6H3D0	61.400	122	121	138	1.271E-50	175
C0HLF0	A8CG78	59.800	122	121	138	1.271E-50	175
C0HLF0	A8CG87	59.800	122	121	138	1.271E-50	175
C0HLF0	Q2YHJ5	59.000	122	121	122	3.281E-50	174
C0HLF0	P0DJP4	60.600	122	121	122	3.281E-50	174
C0HLF0	Q9I8F8	59.800	122	121	122	3.281E-50	174
C0HLF0	P86389	60.400	124	121	124	3.281E-50	174
C0HLF0	F8QN52	61.400	122	121	138	3.281E-50	174
C0HLF0	Q9YGJ7	63.100	121	121	137	4.501E-50	174
C0HLF0	P00623	60.600	122	121	138	6.173E-50	173
C0HLF0	P81458	63.100	121	121	121	8.468E-50	173
C0HLF0	Q7LZQ4	62.000	124	121	124	8.468E-50	173
C0HLF0	Q2HZ28	60.600	122	121	138	1.161E-49	173
C0HLF0	D6MKR0	60.600	122	121	138	1.161E-49	173
C0HLF0	Q6H3C9	65.200	118	121	138	1.161E-49	173
C0HLF0	Q6H3C7	61.700	123	121	139	1.161E-49	173
C0HLF0	Q9PVF2	61.700	123	121	139	1.161E-49	173
C0HLF0	F8QN51	60.600	121	121	137	1.593E-49	172
C0HLF0	Q910A0	60.600	122	121	138	1.593E-49	172
C0HLF0	Q910A1	60.600	122	121	138	2.185E-49	172
C0HLF0	P0CAS6	61.400	122	121	122	2.997E-49	171
C0HLF0	Q7SID6	58.500	123	121	123	2.997E-49	171
C0HLF0	P86456	62.200	121	121	121	4.111E-49	171
C0HLF0	C9DPL5	61.400	122	121	122	5.639E-49	171
C0HLF0	Q6H3C6	64.400	118	121	122	5.639E-49	171
C0HLF0	P14418	61.200	124	121	124	7.735E-49	170
C0HLF0	P24293	60.600	121	121	121	1.061E-48	170
C0HLF0	Q8QG87	60.600	122	121	138	1.061E-48	170
C0HLF0	P24027	59.000	122	121	138	1.455E-48	169
C0HLF0	P82896	58.100	122	121	122	1.996E-48	169
C0HLF0	Q800C3	58.100	122	121	138	1.996E-48	169
C0HLF0	Q98996	59.800	122	121	138	2.738E-48	169
C0HLF0	P00624	59.000	122	121	138	2.738E-48	169
C0HLF0	Q9PVF1	60.100	123	121	126	5.151E-48	168
C0HLF0	Q7T3T5	59.000	122	121	130	5.151E-48	168
C0HLF0	P0DJN6	58.100	122	121	138	5.151E-48	168
C0HLF0	A8CG86	61.400	122	121	138	7.066E-48	168
C0HLF0	C3W4R6	59.800	122	121	138	7.066E-48	168
C0HLF0	Q9PVE9	60.100	123	121	139	7.066E-48	168
C0HLF0	Q9PVF0	59.300	123	121	126	1.329E-47	167
C0HLF0	Q8AXY1	59.800	122	121	138	1.329E-47	167
C0HLF0	P0CAS5	59.000	122	121	122	1.823E-47	166
C0HLF0	P0CAS7	59.000	121	121	121	2.501E-47	166
C0HLF0	C0HM14	58.100	122	121	122	2.501E-47	166
C0HLF0	P86169	58.100	122	121	122	2.501E-47	166
C0HLF0	A0A193CHJ5	58.100	122	121	138	2.501E-47	166
C0HLF0	Q7T2R1	60.600	122	121	138	2.501E-47	166
C0HLF0	P62022	58.100	122	121	138	2.501E-47	166
C0HLF0	P62023	58.100	122	121	138	2.501E-47	166
C0HLF0	P0CG56	58.100	122	121	122	3.431E-47	166
C0HLF0	Q9PWR6	59.000	122	121	138	6.455E-47	165
C0HLF0	B6CQR5	59.000	122	121	138	8.854E-47	164
C0HLF0	Q800C1	55.700	122	121	138	1.214E-46	164
C0HLF0	P0CAR9	54.500	121	121	137	1.666E-46	164
C0HLF0	P14421	56.500	122	121	122	3.134E-46	163
C0HLF0	P0CAS2	56.500	122	121	122	3.134E-46	163
C0HLF0	Q6H3C5	58.100	122	121	122	3.134E-46	163
C0HLF0	P59171	54.900	122	121	138	3.134E-46	163
C0HLF0	Q90ZZ9	54.900	122	121	138	3.134E-46	163
C0HLF0	Q6EER2	57.300	122	121	138	3.134E-46	163
C0HLF0	C0HJL8	58.100	122	121	122	4.299E-46	162
C0HLF0	Q800C4	58.100	122	121	138	4.299E-46	162
C0HLF0	P21789	58.300	120	121	120	5.897E-46	162
C0HLF0	P0CAS4	56.500	122	121	122	5.897E-46	162
C0HLF0	F8QN54	57.300	122	121	138	8.088E-46	162
C0HLF0	P0CAS3	54.900	122	121	122	1.109E-45	161
C0HLF0	Q2YHJ2	58.100	122	121	138	1.109E-45	161
C0HLF0	P14424	57.300	122	121	138	1.109E-45	161
C0HLF0	Q2YHJ7	58.100	122	121	138	2.087E-45	160
C0HLF0	P59172	54.400	123	121	139	2.863E-45	160
C0HLF0	P59170	54.400	123	121	139	2.863E-45	160
C0HLF0	P00626	56.500	122	121	138	3.927E-45	160
C0HLF0	P11407	55.700	122	121	138	1.014E-44	158
C0HLF0	C0HM79	63.900	110	121	95	1.390E-44	158
C0HLF0	P24294	55.700	121	121	121	1.390E-44	158
C0HLF0	C7G1G6	62.900	116	121	138	1.907E-44	158
C0HLF0	P31854	54.900	122	121	138	1.907E-44	158
C0HLF0	P31100	58.100	122	121	138	1.907E-44	158
C0HLF0	P0DKR3	57.300	122	121	122	6.751E-44	156
C0HLF0	P86806	57.500	119	121	122	9.260E-44	156
C0HLF0	P86805	56.600	119	121	122	1.742E-43	155
C0HLF0	P0DJJ8	62.000	116	121	138	1.742E-43	155
C0HLF0	Q7T3S7	54.000	121	121	136	2.390E-43	154
C0HLF0	P59071	58.200	115	121	121	3.278E-43	154
C0HLF0	A8CG84	58.200	115	121	137	3.278E-43	154
C0HLF0	A8E2V9	57.300	121	121	136	6.167E-43	153
C0HLF0	Q2PG81	59.000	121	121	137	6.167E-43	153
C0HLF0	P0C8M1	64.500	108	121	121	1.592E-42	152
C0HLF0	P0DUN3	54.500	121	121	107	2.995E-42	151
C0HLF0	P14420	54.900	122	121	122	1.060E-41	150
C0HLF0	Q8JFG0	54.900	122	121	138	1.060E-41	150
C0HLF0	Q1RP78	54.900	122	121	138	1.454E-41	149
C0HLF0	Q1RP79	54.900	122	121	138	1.454E-41	149
C0HLF0	P00622	54.900	121	121	121	2.736E-41	149
C0HLF0	A8CG89	53.200	122	121	138	3.753E-41	148
C0HLF0	P86368	56.500	115	121	121	5.148E-41	148
C0HLF0	A8CG82	52.400	122	121	138	5.148E-41	148
C0HLF0	P0DKR5	53.200	122	121	122	1.329E-40	147
C0HLF0	Q10755	54.900	122	121	122	1.822E-40	146
C0HLF0	P84674	55.600	115	121	121	3.429E-40	145
C0HLF0	Q02471	53.200	122	121	138	3.429E-40	145
C0HLF0	P86803	61.100	107	121	121	2.284E-39	143
C0HLF0	P86804	60.100	107	121	121	1.109E-38	141
C0HLF0	D0UGJ0	52.000	123	121	139	1.109E-38	141
C0HLF0	Q56JZ2	53.200	124	121	144	1.521E-38	141
C0HLF0	P31482	51.200	125	121	146	1.521E-38	141
C0HLF0	P00621	51.600	121	121	119	2.087E-38	140
C0HLF0	Q9QUL3	50.000	123	121	142	3.587E-37	137
C0HLF0	P0DUN4	54.500	110	121	92	6.749E-37	136
C0HLF0	Q9NZK7	50.000	123	121	142	8.458E-36	133
C0HLF0	P0C942	47.500	122	121	122	1.591E-35	132
C0HLF0	P14423	49.600	125	121	146	2.183E-35	132
C0HLF0	P00620	49.500	121	121	118	5.633E-35	130
C0HLF0	P0C943	46.700	122	121	122	2.735E-34	128
C0HLF0	P0CAS0	47.100	121	121	136	7.059E-34	127
C0HLF0	P47711	46.400	125	121	145	1.328E-33	126
C0HLF0	P48076	43.500	121	121	150	5.382E-31	119
C0HLF0	P84397	45.900	121	121	107	6.159E-29	113
C0HLF0	Q9UNK4	41.900	124	121	145	6.159E-29	113
C0HLF0	Q9BZM2	37.700	125	121	168	1.159E-28	112
C0HLF0	P39877	41.800	117	121	138	7.715E-28	110
C0HLF0	C0HKB8	54.000	99	121	117	2.730E-27	108
C0HLF0	B3EWP6	66.600	60	121	60	9.663E-27	107
C0HLF0	P51433	41.300	116	121	137	1.325E-26	106
C0HLF0	Q9PU97	50.400	101	121	137	1.818E-26	106
C0HLF0	Q9PTA6	49.500	101	121	138	2.493E-26	106
C0HLF0	Q9WVF6	39.500	124	121	144	2.493E-26	106
C0HLF0	Q6T179	47.000	100	121	126	3.419E-26	105
C0HLF0	Q9QZT3	42.300	108	121	151	6.433E-26	104
C0HLF0	Q90251	48.500	101	121	137	8.822E-26	104
C0HLF0	Q8AY48	44.900	118	121	137	1.660E-25	103
C0HLF0	P00606	49.000	99	121	145	2.276E-25	103
C0HLF0	P82893	61.400	70	121	70	3.122E-25	102
C0HLF0	A4FS04	48.000	100	121	119	5.872E-25	102
C0HLF0	P00595	47.000	100	121	119	5.872E-25	102
C0HLF0	Q6YIJ3	47.100	104	121	137	5.872E-25	102
C0HLF0	Q9QXX3	41.400	108	121	151	5.872E-25	102
C0HLF0	P15445	48.000	100	121	119	8.054E-25	101
C0HLF0	P08872	44.900	109	121	144	8.054E-25	101
C0HLF0	O15496	39.600	108	121	165	8.054E-25	101
C0HLF0	P00599	44.900	107	121	118	1.105E-24	101
C0HLF0	P00618	49.500	101	121	145	1.105E-24	101
C0HLF0	Q9PUH9	46.700	101	121	147	1.105E-24	101
C0HLF0	P25498	46.000	100	121	119	1.515E-24	100
C0HLF0	P60045	47.000	100	121	126	1.515E-24	100
C0HLF0	Q9PTA1	49.500	101	121	145	1.515E-24	100
C0HLF0	P00597	47.000	100	121	146	1.515E-24	100
C0HLF0	P00598	47.000	100	121	146	1.515E-24	100
C0HLF0	P00617	49.500	101	121	147	1.515E-24	100
C0HLF0	Q6YNQ0	46.100	104	121	137	2.078E-24	100
C0HLF0	Q9PTA5	48.500	101	121	137	2.078E-24	100
C0HLF0	Q9DF52	47.000	99	121	145	2.078E-24	100
C0HLF0	P00619	46.100	104	121	147	2.078E-24	100
C0HLF0	P00604	48.400	99	121	118	2.850E-24	100
C0HLF0	P00600	43.600	108	121	119	3.908E-24	99
C0HLF0	Q9PTA7	47.500	101	121	133	3.908E-24	99
C0HLF0	Q9I900	47.000	100	121	146	3.908E-24	99
C0HLF0	Q9PUI0	45.700	101	121	147	3.908E-24	99
C0HLF0	P23026	45.200	113	121	145	5.360E-24	99
C0HLF0	Q92084	45.000	100	121	146	5.360E-24	99
C0HLF0	Q91133	47.000	100	121	146	5.360E-24	99
C0HLF0	Q75S51	48.000	104	121	147	5.360E-24	99
C0HLF0	Q9W7J3	47.100	106	121	154	5.360E-24	99
C0HLF0	P00605	48.400	99	121	118	7.351E-24	98
C0HLF0	P60044	46.000	100	121	126	7.351E-24	98
C0HLF0	Q92085	44.000	100	121	146	7.351E-24	98
C0HLF0	Q8QFW4	46.100	104	121	147	7.351E-24	98
C0HLF0	Q45Z25	45.200	106	121	151	7.351E-24	98
C0HLF0	P14411	48.000	99	121	135	1.383E-23	98
C0HLF0	Q45Z28	45.200	106	121	151	1.383E-23	98
C0HLF0	Q9PSN5	45.200	106	121	125	1.896E-23	97
C0HLF0	Q7T1R0	46.600	103	121	146	1.896E-23	97
C0HLF0	P14615	47.000	99	121	120	2.601E-23	97
C0HLF0	Q92086	45.000	100	121	146	2.601E-23	97
C0HLF0	Q9PUH8	46.700	101	121	147	2.601E-23	97
C0HLF0	P00601	45.000	100	121	119	3.567E-23	96
C0HLF0	Q8QFW3	46.100	104	121	147	3.567E-23	96
C0HLF0	Q45Z26	45.200	106	121	151	3.567E-23	96
C0HLF0	Q45Z29	45.200	106	121	151	3.567E-23	96
C0HLF0	Q45Z30	45.200	106	121	151	3.567E-23	96
C0HLF0	P0DJ62	65.000	60	121	60	4.892E-23	96
C0HLF0	P20254	47.400	99	121	118	6.709E-23	96
C0HLF0	P14419	43.800	121	121	123	6.709E-23	96
C0HLF0	P20255	46.700	107	121	118	1.262E-22	95
C0HLF0	Q7T1R1	46.600	103	121	146	1.262E-22	95
C0HLF0	P04056	46.700	107	121	118	1.730E-22	94
C0HLF0	Q6SLM1	46.000	99	121	137	1.730E-22	94
C0HLF0	Q6SLM2	45.500	99	121	137	1.730E-22	94
C0HLF0	Q9PUH5	44.000	109	121	145	1.730E-22	94
C0HLF0	Q7T2Q4	45.500	101	121	147	1.730E-22	94
C0HLF0	Q4VRI5	51.100	88	121	154	1.730E-22	94
C0HLF0	Q6SLM0	46.000	99	121	137	2.373E-22	94
C0HLF0	F5CPF0	45.000	99	121	140	2.373E-22	94
C0HLF0	Q9PUI1	44.800	101	121	145	4.463E-22	93
C0HLF0	P59359	44.800	101	121	145	4.463E-22	93
C0HLF0	Q3C2C1	38.500	135	121	158	4.463E-22	93
C0HLF0	P20259	45.400	99	121	117	6.121E-22	93
C0HLF0	P00602	47.000	99	121	118	6.121E-22	93
C0HLF0	P60043	45.000	100	121	126	6.121E-22	93
C0HLF0	P00611	48.000	99	121	145	6.121E-22	93
C0HLF0	P00614	46.000	100	121	119	8.394E-22	93
C0HLF0	A6MEY4	46.000	99	121	145	8.394E-22	93
C0HLF0	Q7T2Q5	44.500	101	121	147	8.394E-22	93
C0HLF0	P00603	47.000	99	121	118	1.151E-21	92
C0HLF0	P20256	45.800	107	121	118	1.151E-21	92
C0HLF0	P00593	40.300	122	121	145	1.579E-21	92
C0HLF0	Q8UUH9	40.800	121	121	155	1.579E-21	92
C0HLF0	D2X8K2	39.600	118	121	119	4.071E-21	91
C0HLF0	Q9PUH7	43.300	100	121	144	4.071E-21	91
C0HLF0	P08873	42.200	109	121	145	4.071E-21	91
C0HLF0	P19000	46.600	99	121	145	4.071E-21	91
C0HLF0	Q90WA7	46.000	99	121	145	4.071E-21	91
C0HLF0	Q8UUI4	46.600	99	121	145	5.583E-21	90
C0HLF0	P20252	44.000	107	121	118	7.655E-21	90
C0HLF0	Q8UUI3	46.600	99	121	145	7.655E-21	90
C0HLF0	Q8UUH8	44.400	99	121	145	1.050E-20	89
C0HLF0	Q8UUI0	44.400	99	121	155	1.050E-20	89
C0HLF0	P20251	45.400	99	121	118	1.974E-20	89
C0HLF0	P81166	41.400	110	121	118	1.974E-20	89
C0HLF0	P00613	47.000	99	121	118	2.707E-20	88
C0HLF0	F5CPF1	44.500	101	121	142	2.707E-20	88
C0HLF0	Q9I842	47.000	99	121	145	2.707E-20	88
C0HLF0	P81167	41.400	110	121	118	3.712E-20	88
C0HLF0	Q9I837	46.000	99	121	145	3.712E-20	88
C0HLF0	P0DM51	72.000	50	121	50	5.090E-20	87
C0HLF0	P04416	40.500	114	121	124	5.090E-20	87
C0HLF0	P04055	39.600	114	121	146	5.090E-20	87
C0HLF0	Q9DF33	44.500	101	121	146	5.090E-20	87
C0HLF0	Q3C2C2	35.900	136	121	159	5.090E-20	87
C0HLF0	Q9PUH6	42.200	109	121	145	6.980E-20	87
C0HLF0	Q9PUG7	44.600	103	121	152	6.980E-20	87
C0HLF0	P0C551	39.300	114	121	142	9.571E-20	87
C0HLF0	Q8UUH7	43.400	99	121	154	9.571E-20	87
C0HLF0	P00612	46.000	99	121	118	1.312E-19	86
C0HLF0	Q9I843	47.000	99	121	145	1.312E-19	86
C0HLF0	Q9I845	47.000	99	121	145	1.312E-19	86
C0HLF0	Q9I846	47.000	99	121	145	1.312E-19	86
C0HLF0	Q9I844	46.000	99	121	145	1.800E-19	86
C0HLF0	Q9I847	46.000	99	121	145	1.800E-19	86
C0HLF0	P04054	41.100	122	121	148	1.800E-19	86
C0HLF0	Q8JFG2	39.800	123	121	152	1.800E-19	86
C0HLF0	P00608	42.400	100	121	119	2.468E-19	85
C0HLF0	C0HK05	72.300	47	121	47	4.640E-19	85
C0HLF0	Q8UW30	42.200	103	121	146	6.362E-19	84
C0HLF0	Q45Z42	46.000	100	121	146	6.362E-19	84
C0HLF0	P00610	42.200	103	121	119	8.723E-19	84
C0HLF0	Q9PRG0	42.900	101	121	145	8.723E-19	84
C0HLF0	P10116	43.400	99	121	118	1.196E-18	83
C0HLF0	P00609	41.500	100	121	119	1.196E-18	83
C0HLF0	P0C932	64.000	50	121	50	2.249E-18	83
C0HLF0	Q9PUH4	41.500	100	121	146	4.227E-18	82
C0HLF0	Q8AY47	50.600	75	121	139	5.277E-17	79
C0HLF0	P80966	40.500	106	121	151	7.235E-17	78
C0HLF0	Q9DF56	40.500	106	121	152	9.918E-17	78
C0HLF0	P0DM50	62.500	40	121	40	5.548E-11	61
A0A4D6Q4T7	Q06942	83.200	359	372	364	1.233E-199	619
A0A4D6Q4T7	Q07353	82.300	362	372	369	1.724E-196	610
A0A4D6Q4T7	Q9S818	83.800	335	372	358	4.525E-193	601
A0A4D6Q4T7	Q7XM21	76.500	377	372	377	3.717E-191	595
A0A4D6Q4T7	Q05965	82.100	336	372	357	3.369E-190	592
A0A4D6Q4T7	Q7XZQ7	78.200	363	372	368	8.664E-190	591
A0A4D6Q4T7	P41090	79.300	362	372	364	8.834E-187	582
A0A4D6Q4T7	Q05963	82.500	327	372	356	7.390E-182	568
A0A4D6Q4T7	Q05964	76.200	362	372	365	2.603E-181	567
A0A4D6Q4T7	P28038	73.600	377	372	377	3.567E-181	566
A0A4D6Q4T7	Q7XZQ8	73.400	346	372	365	6.391E-171	537
A0A4D6Q4T7	P51091	32.700	341	372	357	2.193E-50	187
A0A4D6Q4T7	O04274	32.500	329	372	362	4.807E-49	183
A0A4D6Q4T7	Q9C899	34.000	275	372	361	4.165E-48	180
A0A4D6Q4T7	D4N500	34.300	270	372	364	1.050E-47	179
A0A4D6Q4T7	P51092	32.600	322	372	430	2.648E-47	178
A0A4D6Q4T7	Q96330	33.700	311	372	336	3.603E-47	177
A0A4D6Q4T7	A0A2R6PI27	32.700	323	372	355	3.603E-47	177
A0A4D6Q4T7	Q96323	33.400	297	372	356	6.673E-47	177
A0A4D6Q4T7	A0A4D6Q440	32.900	326	372	331	9.080E-47	176
A0A4D6Q4T7	Q9ZWQ9	31.600	326	372	335	1.236E-46	176
A0A4D6Q4T7	D4N501	33.600	270	372	364	1.450E-45	173
A0A4D6Q4T7	G9M9M1	33.000	298	372	358	2.684E-45	172
A0A4D6Q4T7	Q9LHN8	32.500	298	372	361	2.684E-45	172
A0A4D6Q4T7	Q9MB94	35.800	272	372	319	4.965E-45	171
A0A4D6Q4T7	D4N502	32.400	297	372	360	4.965E-45	171
A0A4D6Q4T7	Q67VR7	29.100	343	372	373	6.753E-45	171
A0A4D6Q4T7	A0A023GS28	32.400	299	372	369	9.185E-45	170
A0A4D6Q4T7	Q04644	37.900	264	372	318	1.249E-44	170
A0A4D6Q4T7	Q9FR99	35.200	284	372	306	1.699E-44	169
A0A4D6Q4T7	Q93VC3	29.900	331	372	375	2.310E-44	169
A0A4D6Q4T7	G9M9M2	32.300	298	372	358	3.142E-44	169
A0A4D6Q4T7	Q7XZQ6	31.400	291	372	337	5.809E-44	168
A0A4D6Q4T7	P31237	37.300	264	372	319	7.898E-44	168
A0A4D6Q4T7	Q9XHG2	31.000	295	372	337	1.074E-43	167
A0A4D6Q4T7	A2WQ39	29.800	335	372	375	1.074E-43	167
A0A4D6Q4T7	G9M9M0	32.000	298	372	358	1.985E-43	166
A0A4D6Q4T7	Q07512	30.700	290	372	348	6.779E-43	165
A0A4D6Q4T7	O48882	36.400	272	372	330	9.215E-43	164
A0A4D6Q4T7	P19464	33.800	272	372	320	1.252E-42	164
A0A4D6Q4T7	Q08506	33.500	272	372	319	5.807E-42	162
A0A4D6Q4T7	P31528	34.600	272	372	321	7.891E-42	162
A0A4D6Q4T7	G9M9M4	31.600	308	372	358	1.072E-41	161
A0A4D6Q4T7	A2Z1W9	34.500	289	372	322	1.457E-41	161
A0A4D6Q4T7	Q41452	30.700	298	372	349	1.980E-41	160
A0A4D6Q4T7	G9M9M5	31.300	308	372	359	1.980E-41	160
A0A4D6Q4T7	P07920	34.600	272	372	316	3.654E-41	160
A0A4D6Q4T7	A0A023GS29	31.700	312	372	369	3.654E-41	160
A0A4D6Q4T7	P24157	34.900	264	372	316	4.964E-41	159
A0A4D6Q4T7	Q06588	34.100	272	372	323	4.964E-41	159
A0A4D6Q4T7	Q9FU53	34.400	279	372	373	6.744E-41	159
A0A4D6Q4T7	P05116	34.200	272	372	315	1.244E-40	158
A0A4D6Q4T7	Q08507	34.900	264	372	320	1.244E-40	158
A0A4D6Q4T7	P31239	34.600	271	372	317	1.690E-40	158
A0A4D6Q4T7	P54847	32.900	274	372	320	2.296E-40	157
A0A4D6Q4T7	O04395	31.700	292	372	291	3.118E-40	157
A0A4D6Q4T7	Q00985	34.700	278	372	314	3.118E-40	157
A0A4D6Q4T7	Q08508	33.900	272	372	319	3.118E-40	157
A0A4D6Q4T7	Q9LE86	34.800	258	372	357	4.235E-40	156
A0A4D6Q4T7	Q39103	32.700	292	372	358	4.235E-40	156
A0A4D6Q4T7	Q8S932	35.600	264	372	318	5.751E-40	156
A0A4D6Q4T7	Q9M547	30.700	290	372	334	5.751E-40	156
A0A4D6Q4T7	Q9XJ43	30.600	288	372	343	5.751E-40	156
A0A4D6Q4T7	A2A1A0	34.000	285	372	352	5.751E-40	156
A0A4D6Q4T7	Q43792	33.600	272	372	319	3.604E-39	154
A0A4D6Q4T7	Q9FFQ4	33.500	274	372	325	6.642E-39	153
A0A4D6Q4T7	Q6AT12	31.800	308	372	384	6.642E-39	153
A0A4D6Q4T7	P31238	34.000	276	372	327	4.153E-38	151
A0A4D6Q4T7	Q3I409	33.200	287	372	369	7.648E-38	150
A0A4D6Q4T7	Q09052	34.500	273	372	320	1.038E-37	149
A0A4D6Q4T7	Q9SVS8	31.400	280	372	349	1.038E-37	149
A0A4D6Q4T7	Q3I410	32.800	287	372	370	1.038E-37	149
A0A4D6Q4T7	Q0WPW4	31.400	272	372	307	1.408E-37	149
A0A4D6Q4T7	Q3I411	32.500	287	372	370	4.770E-37	147
A0A4D6Q4T7	Q39705	33.300	276	372	325	8.777E-37	147
A0A4D6Q4T7	Q9FFQ5	30.300	272	372	308	2.190E-36	145
A0A4D6Q4T7	Q9ZT84	32.300	266	372	347	2.970E-36	145
A0A4D6Q4T7	O24648	30.400	291	372	374	1.004E-35	143
A0A4D6Q4T7	F4KAS1	30.400	280	372	279	2.501E-35	142
A0A4D6Q4T7	Q9ZQZ1	34.800	252	372	318	2.501E-35	142
A0A4D6Q4T7	Q41931	31.600	273	372	320	1.144E-34	140
A0A4D6Q4T7	Q9C971	30.100	293	372	355	2.100E-34	139
A0A4D6Q4T7	O65378	30.900	264	372	320	3.855E-34	139
A0A4D6Q4T7	O04847	31.500	280	372	401	1.758E-33	137
A0A4D6Q4T7	Q84TC2	33.400	256	372	374	1.084E-32	134
A0A4D6Q4T7	Q9ZUN4	33.600	266	372	310	1.652E-31	131
A0A4D6Q4T7	Q7XR84	30.800	254	372	326	4.089E-31	130
A0A4D6Q4T7	O49561	30.100	264	372	338	1.850E-30	128
A0A4D6Q4T7	Q9SQ80	27.000	316	372	327	6.876E-29	123
A0A4D6Q4T7	F4K7D5	27.800	295	372	293	9.288E-29	123
A0A4D6Q4T7	Q7XP65	30.500	299	372	358	4.173E-28	121
A0A4D6Q4T7	Q9C7Z1	29.100	300	372	321	1.129E-26	116
A0A4D6Q4T7	Q9XG83	28.100	273	372	332	6.790E-26	114
A0A4D6Q4T7	Q9XFR9	28.000	270	372	341	3.020E-25	112
A0A4D6Q4T7	Q9C6I4	27.600	257	372	336	2.619E-23	106
A0A4D6Q4T7	Q8LGZ9	27.800	302	372	341	3.523E-23	106
A0A4D6Q4T7	A6BM06	25.400	305	372	368	4.739E-23	105
A0A4D6Q4T7	Q76NT9	25.400	305	372	368	4.739E-23	105
A0A4D6Q4T7	Q9XHM5	27.400	295	372	345	1.153E-22	104
A0A4D6Q4T7	O64692	28.000	267	372	335	9.141E-22	101
A0A4D6Q4T7	Q5ZA21	29.400	262	372	370	9.141E-22	101
A0A4D6Q4T7	Q8S0S6	29.300	275	372	327	2.977E-21	100
A0A4D6Q4T7	Q9FZ21	28.600	256	372	329	2.339E-20	97
A0A4D6Q4T7	A0A455ZMR3	26.400	301	372	349	1.827E-19	94
A0A4D6Q4T7	A0A166YZY4	26.100	283	372	353	2.545E-18	91
A0A4D6Q4T7	Q15JG7	27.400	294	372	365	4.564E-18	90
A0A4D6Q4T7	A0AA38GMP9	25.100	259	372	318	6.466E-15	80
A0A4D6Q4T7	A0A0C2SRU5	36.800	102	372	206	1.256E-06	53
A0A3L7I2I8	P97819	94.500	807	807	807	0.000E+00	1591
A0A3L7I2I8	P97570	94.500	807	807	807	0.000E+00	1589
A0A3L7I2I8	O60733	88.900	807	807	806	0.000E+00	1508
A0A3L7I2I8	Q9ERK0	31.100	274	807	786	4.107E-25	116
A0A3L7I2I8	P57078	30.000	272	807	832	2.174E-24	113
A0A3L7I2I8	Q5ZIJ9	28.300	256	807	954	6.242E-20	99
A0A3L7I2I8	Q8R516	26.000	286	807	973	9.972E-19	95
A0A3L7I2I8	Q96AX9	28.300	255	807	955	1.315E-18	94
A0A3L7I2I8	Q9KVG8	31.000	225	807	355	4.817E-17	89
A0A3L7I2I8	D3ZRC4	27.200	324	807	776	8.380E-17	89
A0A3L7I2I8	Q9NP80	27.000	324	807	782	8.380E-17	89
A0A3L7I2I8	Q8K1N1	26.900	324	807	776	1.458E-16	88
A0A3L7I2I8	W7K139	27.200	335	807	679	4.412E-16	86
A0A3L7I2I8	Q5XTS1	26.700	324	807	786	5.819E-16	86
A0A3L7I2I8	P0DTE9	30.600	202	807	356	7.024E-15	82
A0A3L7I2I8	Q5RF15	26.400	292	807	618	4.872E-14	79
A0A3L7I2I8	Q59H18	26.400	292	807	835	4.872E-14	79
A0A3L7I2I8	Q5GIG6	31.700	188	807	834	1.942E-13	78
A0A3L7I2I8	Q86AT8	28.500	195	807	638	8.514E-11	69
A0A3L7I2I8	P0DX85	27.400	193	807	333	8.515E-08	59
A0A3L7I2I8	Q94B55	26.200	205	807	456	1.950E-07	58
A0A3L7I2I8	Q94CT7	26.500	189	807	446	4.466E-07	57
A0A3L7I2I8	Q55A55	23.600	213	807	986	1.348E-06	55
A0A3L7I2I8	Q65XV2	27.000	205	807	450	1.777E-06	55
A0A3L7I2I8	Q54LF0	23.200	227	807	778	1.228E-05	52
A0A3L7I2I8	Q6XGD4	26.600	188	807	320	2.810E-05	51
A0A3L7I2I8	Q4FE47	34.600	98	807	462	3.704E-05	50
P9WEY4	F4Q7D4	23.400	314	337	338	1.453E-13	75
P9WEY4	A7NH01	25.300	294	337	326	4.697E-12	70
P9WEY4	B5H7H3	24.400	324	337	372	4.697E-12	70
P9WEY4	D2B747	24.200	312	337	330	1.116E-11	69
P9WEY4	A0A348B779	23.600	307	337	338	1.116E-11	69
P9WEY4	B5HDJ6	25.900	254	337	365	1.982E-10	65
P9WEY4	A0A1L7VZE7	25.700	310	337	401	3.518E-10	64
P9WEY4	B8PD44	21.300	304	337	336	1.107E-09	63
P9WEY4	S0DX56	24.100	300	337	357	1.961E-09	62
P9WEY4	A9GK58	22.300	304	337	315	1.925E-08	59
P9WEY4	Q7KWU0	21.600	318	337	349	3.404E-08	58
P9WEY4	A0A1G9UQQ0	25.600	237	337	363	7.994E-08	57
P9WEY4	C7PLV2	24.100	270	337	321	3.311E-07	55
P9WEY4	A8NU13	20.700	296	337	345	4.398E-07	55
P9WEY4	A8NE23	23.100	171	337	425	5.637E-06	51
P9WEY4	E9E766	21.000	304	337	349	7.481E-06	51
P9WEY4	Q82IY4	23.000	310	337	336	1.317E-05	50
P9WEY4	K2SUY0	26.300	155	337	698	4.079E-05	48
P9WEY4	I2N045	21.200	184	337	332	1.673E-04	46
P9WEY4	E3VWJ0	26.400	215	337	337	9.078E-04	44
P0DPT8	C1JAR9	60.700	28	28	147	8.657E-06	41
A0A3G1DJK5	A0AAN4PAE6	44.100	688	729	722	6.816E-161	526
A0A3G1DJK5	P9WEN6	41.200	675	729	703	1.901E-141	469
A0A3G1DJK5	A0A4Y6HUI7	40.300	687	729	743	3.724E-132	441
A0A3G1DJK5	A0A0A7AAW9	37.700	692	729	724	1.436E-125	422
A0A3G1DJK5	A0A4Y6HUD7	37.900	674	729	747	3.161E-124	418
A0A3G1DJK5	X2BTY5	38.700	692	729	719	1.289E-122	413
A0A3G1DJK5	P11544	39.000	672	729	716	6.207E-120	406
A0A3G1DJK5	P10248	38.800	671	729	713	8.836E-116	393
A0A3G1DJK5	O93967	37.800	672	729	740	2.266E-113	386
A0A3G1DJK5	Q96V77	37.000	687	729	724	1.956E-112	383
A0A3G1DJK5	P52777	38.600	526	729	754	1.309E-90	319
A0A3G1DJK5	P45734	34.700	645	729	725	6.001E-90	317
A0A3G1DJK5	Q9SMK9	38.300	538	729	718	6.854E-89	314
A0A3G1DJK5	P25872	35.100	649	729	715	9.292E-89	313
A0A3G1DJK5	Q01861	35.200	645	729	723	1.260E-88	313
A0A3G1DJK5	P45725	38.800	519	729	694	1.708E-88	312
A0A3G1DJK5	P27991	38.500	517	729	713	1.708E-88	312
A0A3G1DJK5	P27990	35.100	649	729	725	2.315E-88	312
A0A3G1DJK5	P19142	37.800	528	729	712	3.138E-88	312
A0A3G1DJK5	Q42858	35.500	620	729	708	4.253E-88	311
A0A3G1DJK5	A0A2H5AIY6	38.700	517	729	686	7.815E-88	310
A0A3G1DJK5	O49836	40.200	488	729	705	2.637E-87	309
A0A3G1DJK5	Q50EX7	34.900	628	729	718	3.574E-87	308
A0A3G1DJK5	A0A2H5AIW0	34.200	672	729	708	4.843E-87	308
A0A3G1DJK5	P45733	38.900	513	729	712	4.843E-87	308
A0A3G1DJK5	P45730	37.800	513	729	715	4.843E-87	308
A0A3G1DJK5	O64963	38.000	517	729	717	4.843E-87	308
A0A3G1DJK5	P35513	38.900	513	729	712	1.205E-86	307
A0A3G1DJK5	Q9M568	38.400	527	729	710	5.505E-86	305
A0A3G1DJK5	Q04593	34.700	635	729	724	5.505E-86	305
A0A3G1DJK5	O23924	37.200	527	729	713	1.011E-85	304
A0A3G1DJK5	P35511	37.900	513	729	704	1.369E-85	304
A0A3G1DJK5	P45726	33.800	649	729	714	1.369E-85	304
A0A3G1DJK5	P26600	37.400	528	729	721	1.369E-85	304
A0A3G1DJK5	O49835	38.100	517	729	710	1.855E-85	303
A0A3G1DJK5	P31426	38.000	513	729	590	3.404E-85	302
A0A3G1DJK5	P45732	37.900	517	729	715	3.404E-85	302
A0A3G1DJK5	P31425	35.100	649	729	720	3.404E-85	302
A0A3G1DJK5	Q42667	37.200	520	729	722	3.404E-85	302
A0A3G1DJK5	P45728	36.900	517	729	716	8.460E-85	301
A0A3G1DJK5	P0DO55	36.800	527	729	722	2.102E-84	300
A0A3G1DJK5	P35510	37.000	517	729	725	2.102E-84	300
A0A3G1DJK5	P45729	37.500	517	729	718	2.847E-84	300
A0A3G1DJK5	Q43210	37.800	524	729	700	3.856E-84	299
A0A3G1DJK5	Q8VXG7	37.700	529	729	703	7.073E-84	299
A0A3G1DJK5	O23865	37.300	517	729	708	7.073E-84	299
A0A3G1DJK5	O04058	36.700	508	729	667	3.220E-83	297
A0A3G1DJK5	Q42609	36.500	520	729	703	1.082E-82	295
A0A3G1DJK5	Q0DZE0	38.600	488	729	713	1.984E-82	294
A0A3G1DJK5	P45724	36.200	520	729	717	3.635E-82	293
A0A3G1DJK5	Q68G84	37.000	509	729	687	2.236E-81	291
A0A3G1DJK5	Q43052	33.600	649	729	710	7.500E-81	289
A0A3G1DJK5	Q6GZ04	36.500	509	729	698	1.858E-80	288
A0A3G1DJK5	P19143	33.800	631	729	710	3.402E-80	287
A0A3G1DJK5	P45727	39.100	481	729	620	5.164E-79	284
A0A3G1DJK5	P45731	32.800	649	729	682	6.984E-79	284
A0A3G1DJK5	Q40910	39.800	413	729	571	1.775E-75	273
A0A3G1DJK5	P07218	40.100	348	729	506	5.012E-59	223
A0A3G1DJK5	Q3M5Z3	30.400	497	729	567	1.675E-50	197
A0A3G1DJK5	B2J528	29.700	514	729	569	2.996E-50	196
A0A3G1DJK5	P45735	42.700	247	729	416	5.626E-46	183
A0A3G1DJK5	Q89GV3	28.400	502	729	519	5.564E-43	173
A0A3G1DJK5	A4YNK7	28.400	497	729	515	2.293E-41	168
A0A3G1DJK5	Q5FRR8	29.200	503	729	515	2.293E-41	168
A0A3G1DJK5	Q92195	56.300	142	729	142	5.399E-41	167
A0A3G1DJK5	A5EQB7	28.700	522	729	515	1.271E-40	166
A0A3G1DJK5	Q8GMG0	29.800	520	729	539	2.988E-40	164
A0A3G1DJK5	A4IK90	29.000	409	729	504	2.831E-38	158
A0A3G1DJK5	A1TRE4	27.000	508	729	512	3.760E-38	158
A0A3G1DJK5	Q93TX3	28.900	411	729	510	1.553E-37	156
A0A3G1DJK5	Q2IIV4	29.300	408	729	508	2.062E-37	155
A0A3G1DJK5	Q5L310	29.200	407	729	504	2.738E-37	155
A0A3G1DJK5	Q1D6R1	28.700	411	729	508	2.738E-37	155
A0A3G1DJK5	Q7P188	27.200	526	729	510	8.501E-37	153
A0A3G1DJK5	B4UC43	29.000	408	729	508	3.499E-36	151
A0A3G1DJK5	A9H863	30.300	376	729	515	3.499E-36	151
A0A3G1DJK5	B8J950	29.000	408	729	508	4.643E-36	151
A0A3G1DJK5	Q63SH6	28.900	493	729	507	6.161E-36	151
A0A3G1DJK5	Q62LJ6	28.900	493	729	507	6.161E-36	151
A0A3G1DJK5	A3NBH0	28.900	493	729	507	6.161E-36	151
A0A3G1DJK5	A2SA96	28.900	493	729	507	6.161E-36	151
A0A3G1DJK5	A3MLT7	28.900	493	729	507	6.161E-36	151
A0A3G1DJK5	A3NXA3	28.900	493	729	507	6.161E-36	151
A0A3G1DJK5	P58083	28.900	488	729	513	8.173E-36	150
A0A3G1DJK5	Q8NZ46	28.900	488	729	513	1.084E-35	150
A0A3G1DJK5	Q5X9K4	28.900	488	729	513	1.438E-35	149
A0A3G1DJK5	B5XIY2	29.100	488	729	513	1.438E-35	149
A0A3G1DJK5	A3CL24	29.200	488	729	513	1.438E-35	149
A0A3G1DJK5	A8AZ70	29.200	488	729	513	1.908E-35	149
A0A3G1DJK5	Q9RZ06	31.200	371	729	524	2.531E-35	149
A0A3G1DJK5	C1CWB4	29.500	397	729	499	3.356E-35	148
A0A3G1DJK5	A2RGS5	28.900	488	729	513	3.356E-35	148
A0A3G1DJK5	B2T2Y2	28.800	455	729	507	4.451E-35	148
A0A3G1DJK5	A9AGP7	29.200	488	729	506	5.903E-35	147
A0A3G1DJK5	Q3J289	29.700	384	729	507	5.903E-35	147
A0A3G1DJK5	A3PK23	29.700	384	729	507	5.903E-35	147
A0A3G1DJK5	A5FZB9	32.700	364	729	508	5.903E-35	147
A0A3G1DJK5	P58082	29.700	368	729	509	5.903E-35	147
A0A3G1DJK5	B8H2S1	29.700	368	729	513	5.903E-35	147
A0A3G1DJK5	Q8RBH4	24.300	489	729	508	1.038E-34	147
A0A3G1DJK5	P0DB75	28.700	488	729	513	1.038E-34	147
A0A3G1DJK5	Q8Z896	26.900	503	729	506	1.825E-34	146
A0A3G1DJK5	Q9KSQ4	26.500	506	729	511	1.825E-34	146
A0A3G1DJK5	B9KSW6	29.500	384	729	507	3.208E-34	145
A0A3G1DJK5	Q1Q9E4	29.300	373	729	520	5.636E-34	144
A0A3G1DJK5	Q8DA21	26.100	506	729	513	7.471E-34	144
A0A3G1DJK5	Q8ZQQ9	26.900	503	729	506	9.902E-34	143
A0A3G1DJK5	B4SZJ4	26.900	503	729	506	9.902E-34	143
A0A3G1DJK5	C0PWX9	26.900	503	729	506	9.902E-34	143
A0A3G1DJK5	B4TC45	26.900	503	729	506	9.902E-34	143
A0A3G1DJK5	B5FP58	26.900	503	729	506	9.902E-34	143
A0A3G1DJK5	B5R758	26.900	503	729	506	9.902E-34	143
A0A3G1DJK5	B5QX62	26.900	503	729	506	9.902E-34	143
A0A3G1DJK5	A4JG46	28.500	493	729	507	9.902E-34	143
A0A3G1DJK5	B1YT80	28.900	493	729	507	1.312E-33	143
A0A3G1DJK5	Q6AKP3	26.800	506	729	512	1.312E-33	143
A0A3G1DJK5	Q54JI7	26.900	461	729	539	1.312E-33	143
A0A3G1DJK5	Q0BDK6	28.700	493	729	507	1.739E-33	143
A0A3G1DJK5	Q7MK58	25.900	506	729	513	2.305E-33	142
A0A3G1DJK5	B4EDX5	28.400	493	729	507	3.054E-33	142
A0A3G1DJK5	Q87Q77	25.700	507	729	511	3.054E-33	142
A0A3G1DJK5	Q2RUU3	26.700	520	729	514	4.047E-33	141
A0A3G1DJK5	Q57RG6	26.200	503	729	506	5.363E-33	141
A0A3G1DJK5	B1JV50	29.800	442	729	507	5.363E-33	141
A0A3G1DJK5	A0K8U6	29.800	442	729	507	5.363E-33	141
A0A3G1DJK5	Q7NCB3	27.900	403	729	514	7.106E-33	141
A0A3G1DJK5	Q5PG61	26.500	503	729	506	9.414E-33	140
A0A3G1DJK5	B5BC34	26.500	503	729	506	9.414E-33	140
A0A3G1DJK5	Q9KBE6	26.000	522	729	511	9.414E-33	140
A0A3G1DJK5	Q5LRD8	25.000	489	729	512	9.414E-33	140
A0A3G1DJK5	B1KP55	29.700	379	729	510	1.247E-32	140
A0A3G1DJK5	Q73Q56	27.400	403	729	507	1.652E-32	139
A0A3G1DJK5	A9MJE9	26.300	529	729	506	2.189E-32	139
A0A3G1DJK5	A8MF64	26.600	404	729	507	2.189E-32	139
A0A3G1DJK5	Q0AP92	29.200	359	729	507	2.189E-32	139
A0A3G1DJK5	B8II08	29.300	405	729	515	2.189E-32	139
A0A3G1DJK5	B6IWC6	28.900	438	729	509	2.899E-32	139
A0A3G1DJK5	A7ZAE4	27.500	379	729	512	5.086E-32	138
A0A3G1DJK5	A4W8B5	26.000	529	729	506	6.736E-32	138
A0A3G1DJK5	A1STQ3	26.500	525	729	510	6.736E-32	138
A0A3G1DJK5	P10944	25.000	521	729	508	8.921E-32	137
A0A3G1DJK5	A6TSX0	24.900	409	729	507	1.181E-31	137
A0A3G1DJK5	P21310	27.800	503	729	510	1.565E-31	136
A0A3G1DJK5	Q5WAZ6	25.000	505	729	500	2.072E-31	136
A0A3G1DJK5	B2A3D9	26.200	461	729	507	2.072E-31	136
A0A3G1DJK5	Q556V9	26.500	520	729	529	2.743E-31	136
A0A3G1DJK5	Q8EKJ4	28.500	410	729	513	3.632E-31	135
A0A3G1DJK5	A9VPT8	25.200	518	729	505	6.367E-31	134
A0A3G1DJK5	A5WDR1	25.600	515	729	519	8.429E-31	134
A0A3G1DJK5	A9IVW5	26.500	491	729	512	1.116E-30	134
A0A3G1DJK5	A8HA91	29.600	379	729	510	1.477E-30	133
A0A3G1DJK5	Q7N296	28.900	380	729	514	1.955E-30	133
A0A3G1DJK5	A1JSW6	26.800	506	729	507	2.588E-30	132
A0A3G1DJK5	Q88CZ7	27.500	503	729	510	2.588E-30	132
A0A3G1DJK5	A7GR00	27.100	407	729	505	3.426E-30	132
A0A3G1DJK5	P42357	26.600	488	729	657	3.426E-30	132
A0A3G1DJK5	Q6GKT7	27.000	386	729	504	4.534E-30	132
A0A3G1DJK5	B7HKJ1	24.500	518	729	505	4.534E-30	132
A0A3G1DJK5	B9IUH0	24.500	518	729	505	4.534E-30	132
A0A3G1DJK5	B5ETN1	25.400	525	729	510	4.534E-30	132
A0A3G1DJK5	Q162E2	24.100	498	729	513	4.534E-30	132
A0A3G1DJK5	Q87UM1	27.200	494	729	515	4.534E-30	132
A0A3G1DJK5	A7YWP4	26.400	496	729	657	4.534E-30	132
A0A3G1DJK5	B5XZ79	26.300	524	729	508	6.001E-30	131
A0A3G1DJK5	B7V3J1	26.000	507	729	509	6.001E-30	131
A0A3G1DJK5	Q9HU85	26.000	507	729	509	6.001E-30	131
A0A3G1DJK5	B0UQ15	30.600	373	729	513	6.001E-30	131
A0A3G1DJK5	Q2YUR3	26.800	386	729	504	7.942E-30	131
A0A3G1DJK5	Q5HJY8	26.800	386	729	504	7.942E-30	131
A0A3G1DJK5	Q2G2P7	26.800	386	729	504	7.942E-30	131
A0A3G1DJK5	A6QD47	26.800	386	729	504	7.942E-30	131
A0A3G1DJK5	Q2FKP8	26.800	386	729	504	7.942E-30	131
A0A3G1DJK5	A8YYT1	26.800	386	729	504	7.942E-30	131
A0A3G1DJK5	Q733H8	27.100	377	729	505	7.942E-30	131
A0A3G1DJK5	Q81AC6	24.500	518	729	506	7.942E-30	131
A0A3G1DJK5	Q02ER8	26.000	507	729	509	7.942E-30	131
A0A3G1DJK5	A5INP9	26.800	386	729	504	1.051E-29	130
A0A3G1DJK5	A6TXF8	26.800	386	729	504	1.051E-29	130
A0A3G1DJK5	P64415	26.800	386	729	504	1.051E-29	130
A0A3G1DJK5	P64416	26.800	386	729	504	1.051E-29	130
A0A3G1DJK5	C1EN93	27.100	377	729	505	1.051E-29	130
A0A3G1DJK5	B7JI80	27.100	377	729	505	1.051E-29	130
A0A3G1DJK5	B7HCD0	24.500	518	729	506	1.051E-29	130
A0A3G1DJK5	B4RED8	29.400	377	729	511	1.051E-29	130
A0A3G1DJK5	C3L982	27.100	377	729	505	1.391E-29	130
A0A3G1DJK5	C3P4M2	27.100	377	729	505	1.391E-29	130
A0A3G1DJK5	Q8ZA10	26.500	506	729	510	1.391E-29	130
A0A3G1DJK5	O31197	26.800	461	729	511	1.391E-29	130
A0A3G1DJK5	Q664B8	26.300	506	729	510	1.840E-29	130
A0A3G1DJK5	A8G1S5	29.700	379	729	510	1.840E-29	130
A0A3G1DJK5	A9GFW6	27.500	427	729	514	1.840E-29	130
A0A3G1DJK5	Q9HLI6	26.200	409	729	496	2.435E-29	129
A0A3G1DJK5	Q11E18	23.600	506	729	511	2.435E-29	129
A0A3G1DJK5	Q6G3U8	25.600	496	729	512	2.435E-29	129
A0A3G1DJK5	Q6GD82	26.500	386	729	504	3.222E-29	129
A0A3G1DJK5	Q8NYY3	26.500	386	729	504	3.222E-29	129
A0A3G1DJK5	B7ISJ2	26.900	377	729	505	3.222E-29	129
A0A3G1DJK5	B8ZV93	27.200	489	729	526	4.264E-29	128
A0A3G1DJK5	B8ZV94	27.100	489	729	526	4.264E-29	128
A0A3G1DJK5	A6T6L1	26.500	498	729	508	5.641E-29	128
A0A3G1DJK5	Q6FZP9	26.100	483	729	512	5.641E-29	128
A0A3G1DJK5	Q82I33	29.200	482	729	512	5.641E-29	128
A0A3G1DJK5	Q8U8Z7	26.200	381	729	514	5.641E-29	128
A0A3G1DJK5	Q637H8	27.400	377	729	505	7.463E-29	128
A0A3G1DJK5	A9WVU3	26.500	388	729	511	7.463E-29	128
A0A3G1DJK5	Q978N8	27.200	368	729	495	9.874E-29	127
A0A3G1DJK5	Q6LQ56	25.300	509	729	510	9.874E-29	127
A0A3G1DJK5	Q579E8	26.800	388	729	511	9.874E-29	127
A0A3G1DJK5	Q9KWE4	24.200	483	729	511	9.874E-29	127
A0A3G1DJK5	Q2YIL6	26.800	388	729	511	9.874E-29	127
A0A3G1DJK5	A5VVJ6	26.800	388	729	511	9.874E-29	127
A0A3G1DJK5	Q891Q1	25.500	533	729	514	9.874E-29	127
A0A3G1DJK5	Q9HQD5	27.800	409	729	525	9.874E-29	127
A0A3G1DJK5	B0R544	27.800	409	729	525	9.874E-29	127
A0A3G1DJK5	P21213	26.200	488	729	657	9.874E-29	127
A0A3G1DJK5	B8CGY5	27.000	507	729	510	1.306E-28	127
A0A3G1DJK5	Q0BZK2	28.600	353	729	513	1.728E-28	126
A0A3G1DJK5	Q8RFC2	24.500	461	729	516	1.728E-28	126
A0A3G1DJK5	Q15X40	27.000	384	729	509	2.286E-28	126
A0A3G1DJK5	Q8FVB4	26.200	384	729	511	2.286E-28	126
A0A3G1DJK5	Q8VMR3	27.800	383	729	512	2.286E-28	126
A0A3G1DJK5	Q983I0	27.100	377	729	513	2.286E-28	126
A0A3G1DJK5	Q5E0C6	25.500	534	729	510	3.024E-28	126
A0A3G1DJK5	Q9EWW1	28.400	480	729	512	3.999E-28	125
A0A3G1DJK5	Q0VZ68	28.800	480	729	531	3.999E-28	125
A0A3G1DJK5	Q3KJE6	27.700	383	729	510	5.290E-28	125
A0A3G1DJK5	P35492	25.800	488	729	657	5.290E-28	125
A0A3G1DJK5	Q8YD09	26.500	388	729	925	6.996E-28	124
A0A3G1DJK5	Q1GSH0	29.600	353	729	509	9.253E-28	124
A0A3G1DJK5	B9K288	24.200	507	729	512	9.253E-28	124
A0A3G1DJK5	A6WYU8	27.200	388	729	511	1.224E-27	124
A0A3G1DJK5	Q1IRT8	26.100	405	729	516	1.618E-27	123
A0A3G1DJK5	Q5WWW8	25.100	494	729	506	2.140E-27	123
A0A3G1DJK5	Q4UTB9	28.600	367	729	513	6.544E-27	121
A0A3G1DJK5	Q8PAA7	28.600	367	729	513	6.544E-27	121
A0A3G1DJK5	B0RUX3	28.600	367	729	513	6.544E-27	121
A0A3G1DJK5	Q5X5I5	24.900	494	729	506	1.144E-26	121
A0A3G1DJK5	Q4A173	24.500	380	729	499	2.000E-26	120
A0A3G1DJK5	P24221	27.500	518	729	514	2.000E-26	120
A0A3G1DJK5	Q5ZVR0	25.200	495	729	506	4.621E-26	119
A0A3G1DJK5	A9WHT8	27.600	405	729	523	4.621E-26	119
A0A3G1DJK5	B9LLY0	27.600	405	729	523	4.621E-26	119
A0A3G1DJK5	B9E7E0	24.800	380	729	500	1.411E-25	117
A0A3G1DJK5	A5IBM2	24.500	494	729	505	4.306E-25	115
A0A3G1DJK5	Q20502	24.600	454	729	677	1.133E-22	108
A0A2K3DU55	Q9Y7U3	33.600	117	269	209	5.684E-09	60
A0A2K3DU55	P38812	31.100	148	269	185	1.366E-08	59
A0A5Q0QMX1	A0A8H7XMX0	40.900	339	353	344	1.014E-82	280
A0A5Q0QMX1	W4JX79	41.400	319	353	345	3.875E-80	273
A0A5Q0QMX1	P0DL13	41.100	319	353	345	1.080E-77	266
A0A5Q0QMX1	A0A0D2L718	40.700	326	353	327	1.801E-76	262
A0A5Q0QMX1	A0A8H7XQ49	35.000	329	353	364	2.861E-64	227
A0A5Q0QMX1	A0A8H8CFI5	34.700	329	353	364	1.358E-63	225
A0A5Q0QMX1	A0A8H7XP09	36.000	328	353	361	6.449E-63	223
A0A5Q0QMX1	B8PD44	34.600	326	353	336	1.903E-51	189
A0A5Q0QMX1	A8NE23	30.900	327	353	425	5.306E-45	170
A0A5Q0QMX1	A8NU13	32.500	323	353	345	1.000E-42	164
A0A5Q0QMX1	A0A0C3FBR2	29.300	321	353	345	3.793E-33	135
A0A5Q0QMX1	A0A0C9VD04	29.200	311	353	347	4.102E-30	126
A0A5Q0QMX1	B2J4A4	25.600	301	353	323	4.295E-20	96
A0A5Q0QMX1	S0DX56	25.000	312	353	357	2.078E-17	87
A0A5Q0QMX1	A0A1L7VZE7	24.900	320	353	401	3.733E-17	87
A0A5Q0QMX1	A0A291SJC7	24.300	349	353	395	1.241E-15	82
A0A5Q0QMX1	A9GK58	26.100	270	353	315	1.660E-15	81
A0A5Q0QMX1	G2P5T1	25.000	348	353	384	2.220E-15	81
A0A5Q0QMX1	Q55012	25.200	300	353	337	1.717E-13	75
A0A5Q0QMX1	E3VWJ0	25.400	300	353	337	5.444E-12	70
A0A5Q0QMX1	Q82IY4	24.200	306	353	336	2.286E-11	68
A0A5Q0QMX1	A7NH01	22.900	300	353	326	5.398E-11	67
A0A5Q0QMX1	D8RLD3	31.700	146	353	348	3.001E-10	65
A0A5Q0QMX1	D8RNZ9	24.400	259	353	368	4.852E-07	55
A0A5Q0QMX1	Q7KWU0	20.800	270	353	349	2.646E-06	52
A0A5Q0QMX1	A3KI17	27.600	127	353	440	1.085E-05	50
A0A5Q0QMX1	A0A385AJM2	20.400	248	353	332	1.907E-05	49
A0A5Q0QMX1	D3KYU2	27.200	145	353	481	3.351E-05	49
A0A5Q0QMX1	Q9F1Y6	26.800	127	353	440	7.802E-05	48
A0A5Q0QMX1	F0ZLU4	20.800	247	353	377	4.222E-04	45
A0A5Q0QMX1	Q9F1V8	25.700	128	353	437	5.593E-04	45
A0A3L6G998	B2C4D0	97.200	547	547	547	0.000E+00	1096
A0A3L6G998	C5YHI2	41.300	522	547	545	1.419E-133	437
A0A3L6G998	Q2NM15	40.900	524	547	533	6.532E-130	427
A0A3L6G998	C7E5V8	40.700	524	547	533	1.667E-129	426
A0A3L6G998	C5YHH7	41.900	524	547	541	1.667E-129	426
A0A3L6G998	C7E5V9	40.900	524	547	533	3.113E-129	425
A0A3L6G998	C7E5W0	40.700	524	547	533	9.657E-128	421
A0A3L6G998	C7E5V7	40.700	525	547	534	5.588E-126	415
A0A3L6G998	Q1EG72	40.400	521	547	548	6.029E-124	409
A0A3L6G998	Q5GJ60	40.800	521	547	548	2.869E-123	407
A0A3L6G998	B1B1U4	37.400	528	547	554	2.990E-113	378
A0A3L6G998	Q6JD70	37.800	552	547	554	1.039E-112	377
A0A3L6G998	Q6JD73	37.100	552	547	554	4.358E-111	372
A0A3L6G998	Q0VHD6	37.800	512	547	550	3.850E-110	369
A0A3L6G998	B1B1U3	36.000	531	547	548	1.825E-109	367
A0A3L6G998	B9S9Z3	36.700	539	547	558	1.042E-107	362
A0A3L6G998	G5CV52	38.600	533	547	554	1.422E-107	362
A0A3L6G998	Q6Q3H3	36.400	526	547	557	3.188E-106	358
A0A3L6G998	D0UZK2	37.300	531	547	548	2.810E-105	355
A0A3L6G998	Q39761	38.200	523	547	554	2.810E-105	355
A0A3L6G998	O49853	37.700	523	547	554	3.834E-105	355
A0A3L6G998	P93665	37.800	523	547	554	3.834E-105	355
A0A3L6G998	Q39760	37.500	521	547	554	5.232E-105	354
A0A3L6G998	J9RLZ7	38.800	534	547	563	8.580E-104	351
A0A3L6G998	Q43714	36.300	538	547	555	2.617E-102	346
A0A3L6G998	Q8SA63	36.700	526	547	548	3.140E-101	343
A0A3L6G998	B2KSJ5	35.500	539	547	571	3.140E-101	343
A0A3L6G998	B3TPQ6	36.800	529	547	550	2.760E-100	340
A0A3L6G998	A0A1V0E492	35.800	509	547	559	9.554E-100	339
A0A3L6G998	A0A7G5KLV1	36.400	511	547	561	3.307E-99	337
A0A3L6G998	W0FFD7	38.000	521	547	559	4.510E-99	337
A0A3L6G998	F8UL81	36.400	526	547	548	8.389E-99	336
A0A3L6G998	H9L9E5	37.000	527	547	556	8.389E-99	336
A0A3L6G998	I7H727	34.600	531	547	556	7.363E-98	333
A0A3L6G998	A0A4Y5L9K3	35.400	546	547	571	1.369E-97	332
A0A3L6G998	J9R5V4	36.300	535	547	562	6.458E-97	331
A0A3L6G998	Q9FQ27	35.300	527	547	544	1.201E-96	330
A0A3L6G998	D0VMR6	35.700	513	547	547	1.637E-96	329
A0A3L6G998	G8H5M7	35.300	527	547	544	2.233E-96	329
A0A3L6G998	I6RAQ6	36.100	512	547	547	5.661E-96	328
A0A3L6G998	Q84LG0	35.500	525	547	548	5.661E-96	328
A0A3L6G998	A0A1V0QSF3	35.600	527	547	551	5.661E-96	328
A0A3L6G998	A0A1V0QSF6	35.300	526	547	551	7.719E-96	327
A0A3L6G998	D0VMR8	34.900	534	547	547	2.668E-95	326
A0A3L6G998	A0A4Y5QVX6	36.000	527	547	551	2.668E-95	326
A0A3L6G998	D0VMR7	34.900	534	547	547	6.761E-95	325
A0A3L6G998	G8H5M8	35.700	527	547	545	3.184E-94	323
A0A3L6G998	Q40577	35.400	524	547	548	4.341E-94	322
A0A3L6G998	Q84LF1	35.500	524	547	548	2.786E-93	320
A0A3L6G998	O64961	34.300	531	547	548	2.436E-92	317
A0A3L6G998	J7LMP2	34.000	517	547	565	3.320E-92	317
A0A3L6G998	O23945	34.800	524	547	556	4.525E-92	316
A0A3L6G998	A0A167V661	35.100	552	547	554	6.168E-92	316
A0A3L6G998	Q84LF0	34.800	511	547	548	1.146E-91	315
A0A3L6G998	A0A348AUV5	35.100	552	547	554	2.128E-91	314
A0A3L6G998	E2E2N5	34.600	526	547	554	2.900E-91	314
A0A3L6G998	Q39978	34.800	530	547	555	3.953E-91	314
A0A3L6G998	D5KXD2	34.800	532	547	548	5.387E-91	313
A0A3L6G998	J7LP58	34.200	533	547	564	7.342E-91	313
A0A3L6G998	A0A1V0QSG6	34.300	540	547	567	7.342E-91	313
A0A3L6G998	A0A348AUW1	35.300	552	547	554	1.001E-90	312
A0A3L6G998	E2E2N4	34.800	526	547	554	1.001E-90	312
A0A3L6G998	O65323	34.600	517	547	559	1.001E-90	312
A0A3L6G998	A0A348AUV7	35.000	552	547	554	2.532E-90	311
A0A3L6G998	U3KYL2	35.200	532	547	556	3.450E-90	311
A0A3L6G998	A0A348AUV9	34.600	552	547	554	6.407E-90	310
A0A3L6G998	A0A348AUW0	34.800	552	547	554	1.190E-89	309
A0A3L6G998	P59287	32.000	528	547	601	2.209E-89	308
A0A3L6G998	Q9XJ32	34.400	530	547	556	4.101E-89	308
A0A3L6G998	K4L9M2	34.300	537	547	561	4.101E-89	308
A0A3L6G998	G5CV46	33.800	528	547	555	1.413E-88	306
A0A3L6G998	A0A1W6GW32	35.200	527	547	546	1.925E-88	306
A0A3L6G998	A0A142BX70	33.200	506	547	548	1.925E-88	306
A0A3L6G998	Q5SBP6	33.600	523	547	546	3.574E-88	305
A0A3L6G998	G5CV45	33.300	528	547	548	4.869E-88	304
A0A3L6G998	Q9LLR9	34.100	529	547	547	6.633E-88	304
A0A3L6G998	E2E2N7	32.600	544	547	555	6.633E-88	304
A0A3L6G998	A0A7J6HK32	33.900	529	547	556	2.284E-87	302
A0A3L6G998	Q49SP5	34.100	533	547	554	5.775E-87	301
A0A3L6G998	K4LMW2	34.800	537	547	561	5.775E-87	301
A0A3L6G998	Q49SP3	33.000	527	547	552	1.459E-86	300
A0A3L6G998	B6SCF5	34.300	534	547	563	1.459E-86	300
A0A3L6G998	B6SCF6	35.400	517	547	563	1.988E-86	300
A0A3L6G998	Q9FXY7	33.400	534	547	577	1.988E-86	300
A0A3L6G998	A0A1W6GW18	34.700	527	547	546	2.708E-86	299
A0A3L6G998	E2E2N8	33.000	530	547	563	2.708E-86	299
A0A3L6G998	U3LVZ7	31.900	539	547	548	6.842E-86	298
A0A3L6G998	I6QPS5	32.600	515	547	549	1.728E-85	297
A0A3L6G998	Q49SP4	32.300	526	547	545	2.354E-85	297
A0A3L6G998	A0A2R4QKX7	33.800	516	547	561	2.354E-85	297
A0A3L6G998	A0A0D4D912	33.700	526	547	559	3.791E-84	293
A0A3L6G998	B0FGA9	32.800	525	547	559	7.030E-84	292
A0A3L6G998	Q8LSC3	33.400	525	547	583	9.572E-84	292
A0A3L6G998	Q4U3F7	32.600	525	547	559	2.416E-83	291
A0A3L6G998	G8H5N1	33.600	532	547	554	3.290E-83	290
A0A3L6G998	G8H5M9	33.600	532	547	554	9.792E-82	286
A0A3L6G998	G5CV54	33.500	531	547	568	4.575E-81	284
A0A3L6G998	F8UL80	32.200	526	547	559	7.329E-80	280
A0A3L6G998	A0A1D6EFT8	33.000	526	547	557	2.513E-79	279
A0A3L6G998	I6QSN0	31.400	525	547	563	2.513E-79	279
A0A3L6G998	Q4U3F6	31.800	535	547	555	3.420E-79	278
A0A3L6G998	B2KSJ6	32.000	534	547	560	4.653E-79	278
A0A3L6G998	Q9AR04	31.900	509	547	546	1.376E-77	274
A0A3L6G998	Q94JS8	31.700	521	547	560	4.710E-77	272
A0A3L6G998	Q5SBP5	32.100	521	547	540	8.714E-77	271
A0A3L6G998	A0A1V0QSH2	32.900	528	547	561	2.193E-76	270
A0A3L6G998	A7IZZ2	32.500	528	547	615	1.020E-75	268
A0A3L6G998	U3LW50	32.400	512	547	555	1.387E-75	268
A0A3L6G998	Q5SBP7	31.600	510	547	550	6.450E-75	266
A0A3L6G998	A0A291LSD6	31.300	535	547	571	5.540E-74	263
A0A3L6G998	Q49SP6	29.700	529	547	554	7.532E-74	263
A0A3L6G998	A0A1L2D3T3	30.600	514	547	563	1.193E-72	259
A0A3L6G998	Q93X23	32.700	486	547	597	2.205E-72	258
A0A3L6G998	Q84UU9	29.500	539	547	611	1.887E-71	256
A0A3L6G998	Q49SP7	31.000	498	547	545	2.192E-70	252
A0A3L6G998	B3TPQ7	30.900	529	547	592	4.045E-70	252
A0A3L6G998	G0Y7D3	31.900	496	547	580	1.014E-69	250
A0A3L6G998	Q5GJ59	30.400	529	547	548	3.451E-69	249
A0A3L6G998	B6SCF4	29.700	506	547	613	3.451E-69	249
A0A3L6G998	H2ELN1	30.400	514	547	522	2.166E-68	246
A0A3L6G998	I7GPX8	31.000	514	547	595	2.941E-68	246
A0A3L6G998	A5Y5L5	30.200	509	547	610	3.397E-67	243
A0A3L6G998	A0A1V0QSF8	30.300	512	547	632	3.397E-67	243
A0A3L6G998	Q672F7	31.100	505	547	595	1.154E-66	241
A0A3L6G998	Q8GUE4	30.000	484	547	603	1.154E-66	241
A0A3L6G998	A0A7G5KLV3	32.500	464	547	586	1.566E-66	241
A0A3L6G998	J7LQ09	31.300	514	547	542	2.885E-66	240
A0A3L6G998	A0A4Y5QWK5	29.700	513	547	633	2.885E-66	240
A0A3L6G998	Q6PWU2	31.600	484	547	590	5.315E-66	239
A0A3L6G998	P0CJ43	30.300	501	547	589	9.791E-66	239
A0A3L6G998	G0Y7D1	29.900	513	547	582	1.329E-65	238
A0A3L6G998	Q2XSC4	29.500	522	547	538	3.321E-65	237
A0A3L6G998	J7LH11	30.700	511	547	546	6.114E-65	236
A0A3L6G998	A0A178U9Y5	28.300	523	547	592	3.813E-64	234
A0A3L6G998	Q9LRZ6	29.400	516	547	598	7.018E-64	233
A0A3L6G998	A0A6P6W6H5	29.800	517	547	606	2.376E-63	231
A0A3L6G998	A7IZZ1	31.000	523	547	623	1.478E-62	229
A0A3L6G998	A6XH05	30.900	518	547	591	2.718E-62	228
A0A3L6G998	Q4KSH9	28.000	536	547	557	4.997E-62	228
A0A3L6G998	A0A1C9J6A7	31.000	491	547	607	9.185E-62	227
A0A3L6G998	Q5UB07	29.800	487	547	580	1.245E-61	226
A0A3L6G998	Q5SBP3	29.100	492	547	574	4.205E-61	225
A0A3L6G998	R4YZC3	30.600	521	547	596	5.700E-61	224
A0A3L6G998	A0A1V0QSH1	30.900	517	547	594	7.726E-61	224
A0A3L6G998	P0DI76	30.100	513	547	600	1.047E-60	224
A0A3L6G998	P0DI77	30.100	513	547	600	1.047E-60	224
A0A3L6G998	O65435	27.300	512	547	600	1.924E-60	223
A0A3L6G998	O81191	29.900	518	547	591	2.607E-60	222
A0A3L6G998	Q9ZUH4	29.200	497	547	591	6.487E-60	221
A0A3L6G998	Q8H2B4	27.900	529	547	606	6.487E-60	221
A0A3L6G998	Q8L5K4	29.300	536	547	600	8.790E-60	221
A0A3L6G998	Q2XSC6	30.000	521	547	602	8.790E-60	221
A0A3L6G998	A4FVP2	29.600	509	547	565	1.191E-59	220
A0A3L6G998	W6HUT3	29.900	495	547	593	2.186E-59	220
A0A3L6G998	Q8L5K3	29.700	467	547	606	2.962E-59	219
A0A3L6G998	G1JUH1	30.000	524	547	607	4.013E-59	219
A0A3L6G998	Q7XAS7	29.900	492	547	595	5.436E-59	218
A0A3L6G998	Q4QSN4	29.400	508	547	815	9.975E-59	218
A0A3L6G998	Q50L36	29.900	492	547	595	1.830E-58	217
A0A3L6G998	A0A1V0QSF4	29.200	508	547	615	2.479E-58	216
A0A3L6G998	Q6USK1	29.300	492	547	567	8.338E-58	215
A0A3L6G998	O64404	28.300	553	547	581	8.338E-58	215
A0A3L6G998	I6RE61	27.900	500	547	596	8.338E-58	215
A0A3L6G998	Q5SBP4	28.400	524	547	541	1.129E-57	214
A0A3L6G998	R4YXW8	30.500	470	547	572	1.129E-57	214
A0A3L6G998	Q9AR86	29.500	492	547	595	1.529E-57	214
A0A3L6G998	O81192	28.900	473	547	598	1.529E-57	214
A0A3L6G998	Q84LB2	30.900	488	547	576	5.138E-57	213
A0A3L6G998	A6XH06	28.500	516	547	581	5.138E-57	213
A0A3L6G998	F2XFA0	28.400	550	547	578	6.955E-57	212
A0A3L6G998	Q94G53	27.900	547	547	582	6.955E-57	212
A0A3L6G998	Q5SBP0	29.800	490	547	601	6.955E-57	212
A0A3L6G998	Q675L0	28.200	550	547	578	3.161E-56	210
A0A3L6G998	A0A7G5KLV0	28.700	508	547	590	3.161E-56	210
A0A3L6G998	O81193	29.600	480	547	590	4.278E-56	210
A0A3L6G998	Q5SBP2	29.800	490	547	598	4.278E-56	210
A0A3L6G998	L0HAM7	28.300	522	547	603	7.835E-56	209
A0A3L6G998	U5PZT6	26.800	539	547	591	1.435E-55	208
A0A3L6G998	C0KWV4	28.500	477	547	603	1.941E-55	208
A0A3L6G998	Q4JHG3	28.600	475	547	603	1.941E-55	208
A0A3L6G998	Q5SBP1	29.700	491	547	599	2.627E-55	207
A0A3L6G998	Q308N0	28.200	477	547	603	2.627E-55	207
A0A3L6G998	E2E2N3	27.700	520	547	595	3.554E-55	207
A0A3L6G998	Q9SPN0	29.100	482	547	567	6.505E-55	206
A0A3L6G998	C0PPM5	28.400	551	547	579	6.505E-55	206
A0A3L6G998	B9RXW0	27.500	537	547	564	8.800E-55	206
A0A3L6G998	L0HB77	27.700	516	547	597	2.178E-54	205
A0A3L6G998	Q9SPN1	28.600	482	547	583	2.946E-54	204
A0A3L6G998	T1RR72	29.700	482	547	594	2.946E-54	204
A0A3L6G998	T1RRJ4	29.700	482	547	594	2.946E-54	204
A0A3L6G998	T1RRR9	29.700	482	547	594	2.946E-54	204
A0A3L6G998	Q675L5	27.500	504	547	867	3.985E-54	204
A0A3L6G998	Q39980	33.800	349	547	350	1.802E-53	202
A0A3L6G998	Q9T0K1	26.100	531	547	554	2.437E-53	201
A0A3L6G998	E2E2P1	28.900	482	547	601	3.294E-53	201
A0A3L6G998	E2E2P0	26.100	527	547	594	6.021E-53	200
A0A3L6G998	Q38710	27.000	503	547	868	1.100E-52	199
A0A3L6G998	P0CV94	28.200	513	547	519	1.487E-52	199
A0A3L6G998	A0A0M3Q1Q3	26.500	518	547	542	1.487E-52	199
A0A3L6G998	A0A1V0QSG1	28.700	522	547	640	1.487E-52	199
A0A3L6G998	Q20HU6	27.900	553	547	575	2.010E-52	199
A0A3L6G998	O22340	28.000	547	547	637	2.010E-52	199
A0A3L6G998	H8ZM73	28.300	503	547	867	2.010E-52	199
A0A3L6G998	H8ZM71	27.900	504	547	852	2.717E-52	198
A0A3L6G998	H8ZM70	26.800	503	547	844	4.963E-52	198
A0A3L6G998	M4HXW5	28.000	498	547	876	4.963E-52	198
A0A3L6G998	M4HYP3	27.900	498	547	876	1.654E-51	196
A0A3L6G998	M4HY08	28.500	497	547	868	3.020E-51	195
A0A3L6G998	F1CKI9	27.700	543	547	627	4.080E-51	195
A0A3L6G998	Q84SM8	28.200	541	547	627	5.511E-51	194
A0A3L6G998	R4JND9	26.400	527	547	597	7.444E-51	194
A0A3L6G998	R4JQT5	26.100	527	547	597	1.006E-50	194
A0A3L6G998	F1CKJ1	27.400	543	547	627	1.358E-50	193
A0A3L6G998	M4HYC6	27.000	504	547	850	1.834E-50	193
A0A3L6G998	M4HY05	27.000	504	547	857	1.834E-50	193
A0A3L6G998	Q948Z0	27.500	549	547	618	3.345E-50	192
A0A3L6G998	Q675L4	27.100	498	547	859	3.345E-50	192
A0A3L6G998	Q50EK2	27.000	504	547	850	4.517E-50	192
A0A3L6G998	M4HXU6	27.000	504	547	857	4.517E-50	192
A0A3L6G998	F2XFB2	26.900	498	547	859	6.100E-50	191
A0A3L6G998	B5A434	29.800	487	547	576	1.112E-49	190
A0A3L6G998	P0CV95	27.800	513	547	578	1.112E-49	190
A0A3L6G998	F6M8I0	29.000	487	547	576	1.501E-49	190
A0A3L6G998	Q9M7C9	27.500	547	547	637	1.501E-49	190
A0A3L6G998	F1CKI8	27.700	541	547	627	2.736E-49	189
A0A3L6G998	Q947C4	27.900	500	547	873	3.693E-49	189
A0A3L6G998	R9QMW4	28.000	541	547	626	6.727E-49	188
A0A3L6G998	F1CKI6	26.900	545	547	627	6.727E-49	188
A0A3L6G998	M4HYC8	28.000	497	547	868	6.727E-49	188
A0A3L6G998	C0PPR1	26.900	543	547	626	9.079E-49	188
A0A3L6G998	C7ASI9	26.900	545	547	627	9.079E-49	188
A0A3L6G998	F2XFA6	26.300	544	547	627	1.225E-48	187
A0A3L6G998	P0CV96	27.600	513	547	580	1.653E-48	187
A0A3L6G998	F2XFA8	26.900	541	547	627	1.653E-48	187
A0A3L6G998	Q84KL3	26.500	557	547	628	3.010E-48	186
A0A3L6G998	A0A4Y5QZ62	28.000	468	547	554	5.479E-48	185
A0A3L6G998	Q84UV0	25.900	519	547	569	7.391E-48	185
A0A3L6G998	A0AA38CJ97	27.900	512	547	817	7.391E-48	185
A0A3L6G998	F2XF95	26.700	541	547	627	9.971E-48	184
A0A3L6G998	R9QMY8	27.100	505	547	619	1.345E-47	184
A0A3L6G998	R9QMW2	26.700	557	547	628	1.345E-47	184
A0A3L6G998	R9QMQ9	26.300	561	547	627	1.814E-47	184
A0A3L6G998	E3W202	25.400	522	547	569	2.447E-47	183
A0A3L6G998	R9QMW7	27.300	505	547	621	2.447E-47	183
A0A3L6G998	O24474	26.700	541	547	627	2.447E-47	183
A0A3L6G998	R9QMR4	27.200	505	547	621	3.300E-47	183
A0A3L6G998	Q9M7D0	27.000	555	547	630	3.300E-47	183
A0A3L6G998	A0A4Y5QWA6	27.800	468	547	554	4.450E-47	183
A0A3L6G998	E3W203	25.000	522	547	569	6.000E-47	182
A0A3L6G998	Q6XDB5	26.900	541	547	627	6.000E-47	182
A0A3L6G998	R9QMZ0	26.600	538	547	616	1.091E-46	181
A0A3L6G998	R9QMW3	27.100	510	547	624	1.091E-46	181
A0A3L6G998	R9QMW8	27.200	541	547	626	1.091E-46	181
A0A3L6G998	F2XF96	26.600	541	547	627	1.091E-46	181
A0A3L6G998	R9QMR6	27.200	541	547	626	1.471E-46	181
A0A3L6G998	Q41594	28.200	512	547	862	1.471E-46	181
A0A3L6G998	F2XF98	27.600	527	547	612	1.983E-46	181
A0A3L6G998	Q9FT37	28.500	512	547	862	1.983E-46	181
A0A3L6G998	R9QMR0	26.900	555	547	628	3.603E-46	180
A0A3L6G998	R9QMR1	26.000	557	547	628	3.603E-46	180
A0A3L6G998	Q20HU7	26.500	546	547	634	3.603E-46	180
A0A3L6G998	Q93YA3	28.400	512	547	862	3.603E-46	180
A0A3L6G998	F2XF99	27.000	550	547	580	6.546E-46	179
A0A3L6G998	R9QMW1	26.200	554	547	623	8.822E-46	179
A0A3L6G998	E3W204	25.100	522	547	569	1.189E-45	178
A0A3L6G998	C0PT35	26.900	527	547	612	2.159E-45	177
A0A3L6G998	R9QMR3	26.800	541	547	629	5.279E-45	176
A0A3L6G998	F2XFA2	26.900	527	547	612	7.111E-45	176
A0A3L6G998	Q9M7D1	25.800	546	547	630	4.244E-44	173
A0A3L6G998	R9QMY9	26.500	541	547	629	5.714E-44	173
A0A3L6G998	R9QMR5	26.000	540	547	626	3.400E-43	171
A0A3L6G998	F2XFA1	24.900	542	547	624	2.018E-42	168
A0A3L6G998	F2XFA4	25.000	542	547	624	2.715E-42	168
A0A3L6G998	C0PTH8	24.700	542	547	624	8.885E-42	166
A0A3L6G998	Q84KL5	25.900	541	547	574	1.195E-41	166
A0A3L6G998	Q84KL4	25.800	558	547	627	1.195E-41	166
A0A3L6G998	A0A1L6Z3A0	27.900	490	547	846	1.195E-41	166
A0A3L6G998	A5A8G0	25.600	505	547	881	1.817E-39	159
A0A3L6G998	G1DGI7	25.100	533	547	750	1.429E-38	156
A0A3L6G998	Q84ND0	26.800	479	547	581	1.569E-36	150
A0A3L6G998	Q84NC9	26.800	479	547	584	1.569E-36	150
A0A3L6G998	A0A1D6KUI6	25.000	490	547	848	9.411E-35	145
A0A3L6G998	B9T625	25.200	497	547	738	7.418E-33	139
A0A3L6G998	Q29VN2	26.300	482	547	581	1.772E-32	138
A0A3L6G998	B9SIL7	25.100	483	547	778	2.438E-29	128
A0A3L6G998	A0A075FBG7	25.000	492	547	580	1.370E-28	125
A0A3L6G998	A0A2K9RFZ2	25.700	443	547	589	3.169E-26	118
A0A3L6G998	A0A1Z3GC64	22.600	505	547	794	7.303E-25	113
A0A3L6G998	A0A1Z3GBK8	22.300	494	547	806	2.280E-24	112
A0A3L6G998	A0A075FBT3	21.900	497	547	756	3.030E-24	111
A0A3L6G998	A0A5P8DI06	21.800	496	547	797	5.349E-24	111
A0A3L6G998	B9SIM2	22.700	483	547	778	2.837E-22	105
A0A3L6G998	G3E4M4	25.800	345	547	794	4.878E-16	85
A0A3L6G998	A0A1W6QDJ1	25.800	345	547	796	6.455E-16	85
A0A3L6G998	A0A1X9ISN9	27.000	257	547	664	1.130E-15	84
A0A3L6G998	G3E4M6	27.000	257	547	710	1.496E-15	83
A0A3L6G998	Q96376	22.800	420	547	870	2.455E-14	79
A0A3L6G998	Q38802	24.600	273	547	802	2.834E-12	73
A0A3L6G998	Q5MQ85	24.700	253	547	800	9.168E-09	61
A0A5Q0QNJ2	A0A0C9VD04	48.500	334	389	347	4.653E-103	341
A0A5Q0QNJ2	A0A0C3FBR2	48.800	337	389	345	6.267E-100	332
A0A5Q0QNJ2	B8PD44	42.300	338	389	336	1.078E-79	273
A0A5Q0QNJ2	A8NU13	40.500	337	389	345	5.527E-77	265
A0A5Q0QNJ2	A0A348B779	32.600	339	389	338	3.562E-52	193
A0A5Q0QNJ2	W4JX79	32.300	318	389	345	2.000E-46	176
A0A5Q0QNJ2	A8NE23	31.200	337	389	425	2.315E-43	167
A0A5Q0QNJ2	P0DL13	30.700	318	389	345	3.091E-41	160
A0A5Q0QNJ2	A0A0D2L718	31.000	339	389	327	3.006E-39	154
A0A5Q0QNJ2	A0A8H7XMX0	27.200	335	389	344	5.827E-31	130
A0A5Q0QNJ2	A0A8H7XP09	26.100	336	389	361	7.091E-29	123
A0A5Q0QNJ2	A0A8H7XQ49	25.000	336	389	364	9.565E-29	123
A0A5Q0QNJ2	A0A8H8CFI5	25.600	336	389	364	9.565E-29	123
A0A5Q0QNJ2	A7NH01	26.200	300	389	326	1.633E-20	98
A0A5Q0QNJ2	S0DX56	25.400	337	389	357	2.263E-19	94
A0A5Q0QNJ2	B2J4A4	23.100	307	389	323	1.790E-16	85
A0A5Q0QNJ2	D2B747	24.700	315	389	330	1.790E-16	85
A0A5Q0QNJ2	E9E766	22.600	312	389	349	1.787E-14	79
A0A5Q0QNJ2	A0A1G9VRW7	24.800	300	389	339	7.365E-13	74
A0A5Q0QNJ2	D9XD61	22.900	308	389	343	7.365E-13	74
A0A5Q0QNJ2	Q9X839	23.900	311	389	726	2.980E-11	68
A0A5Q0QNJ2	E4N7E5	23.100	285	389	320	8.188E-08	57
A0A5Q0QNJ2	A0A0B4FWC3	22.500	319	389	332	5.567E-06	51
A0A5Q0QNJ2	A0A0B4IF96	22.400	295	389	355	9.762E-06	51
P9WEY7	B5H7H3	24.900	321	334	372	2.365E-15	81
P9WEY7	F4Q7D4	22.400	330	334	338	2.514E-13	74
P9WEY7	A7NH01	24.100	298	334	326	1.448E-11	69
P9WEY7	B2J4A4	25.500	274	334	323	4.517E-09	61
P9WEY7	B8PD44	21.800	297	334	336	5.890E-08	57
P9WEY7	A8NE23	22.900	259	334	425	1.041E-07	57
P9WEY7	Q7KWU0	21.200	318	334	349	1.383E-07	56
P9WEY7	A0A1G9VRW7	20.300	229	334	339	3.246E-07	55
P9WEY7	D2B747	22.600	313	334	330	5.729E-07	54
P9WEY7	B5HDJ6	22.800	319	334	365	5.729E-07	54
P9WEY7	C7PLV2	25.500	228	334	321	7.610E-07	54
P9WEY7	A0A1L7VZE7	24.200	306	334	401	2.367E-06	52
P9WEY7	A9GK58	21.400	226	334	315	1.294E-05	50
P9WEY7	Q55E23	20.900	315	334	345	2.279E-05	49
P9WEY7	S0DX56	22.300	314	334	357	3.024E-05	49
P9WEY7	E4MYY0	22.300	319	334	338	2.183E-04	46
P9WEY7	Q9UR08	20.200	278	334	320	5.088E-04	45
P9WEY7	A0A1B4XBG5	22.600	212	334	367	6.744E-04	44
P9WEY7	F0ZL92	21.400	316	334	333	8.940E-04	44
P9WEY7	A0A1V1FVQ6	25.800	145	334	728	8.940E-04	44
A0A5Q0QRJ3	A0A348B779	69.100	340	346	338	1.420E-158	499
A0A5Q0QRJ3	A8NE23	55.800	329	346	425	1.238E-116	378
A0A5Q0QRJ3	B8PD44	38.100	327	346	336	5.099E-71	246
A0A5Q0QRJ3	W4JX79	37.700	329	346	345	3.053E-64	226
A0A5Q0QRJ3	A8NU13	33.200	325	346	345	1.208E-54	198
A0A5Q0QRJ3	P0DL13	32.500	327	346	345	5.706E-54	196
A0A5Q0QRJ3	A0A8H7XMX0	31.300	325	346	344	5.691E-47	176
A0A5Q0QRJ3	A0A0D2L718	29.500	329	346	327	9.193E-46	172
A0A5Q0QRJ3	A0A0C3FBR2	33.000	309	346	345	2.746E-44	168
A0A5Q0QRJ3	A0A0C9VD04	31.600	308	346	347	1.534E-40	157
A0A5Q0QRJ3	A0A8H7XP09	27.600	351	346	361	4.513E-39	153
A0A5Q0QRJ3	A0A8H8CFI5	27.300	351	346	364	1.542E-38	151
A0A5Q0QRJ3	A0A8H7XQ49	26.400	352	346	364	5.262E-38	149
A0A5Q0QRJ3	B2J4A4	28.400	311	346	323	9.719E-38	149
A0A5Q0QRJ3	A9GK58	27.100	290	346	315	6.727E-32	131
A0A5Q0QRJ3	D2B747	30.100	298	346	330	9.121E-32	131
A0A5Q0QRJ3	C7PLV2	27.400	267	346	321	6.420E-30	125
A0A5Q0QRJ3	A7NH01	25.400	291	346	326	6.031E-28	119
A0A5Q0QRJ3	S0DX56	28.900	271	346	357	6.753E-27	116
A0A5Q0QRJ3	A0A1L7VZE7	25.600	344	346	401	7.441E-23	104
A0A5Q0QRJ3	A0A1B4XBG5	24.700	334	346	367	1.003E-22	104
A0A5Q0QRJ3	E9E766	27.700	260	346	349	1.090E-21	100
A0A5Q0QRJ3	D8RLD3	25.400	268	346	348	8.739E-21	98
A0A5Q0QRJ3	G2P5T1	26.000	352	346	384	1.693E-19	94
A0A5Q0QRJ3	A0A0B4G3Q7	27.900	259	346	342	1.101E-16	85
A0A5Q0QRJ3	A0A0B4IF96	27.800	257	346	355	1.977E-16	84
A0A5Q0QRJ3	A0A0B4FWC3	27.800	257	346	332	4.755E-16	83
A0A5Q0QRJ3	P0DPK6	29.300	176	346	359	2.047E-15	81
A0A5Q0QRJ3	E4N7E5	27.300	256	346	320	8.782E-15	79
A0A5Q0QRJ3	A0A291SJC7	24.800	294	346	395	6.708E-14	76
A0A5Q0QRJ3	B5HDJ6	25.900	187	346	365	6.793E-13	73
A0A5Q0QRJ3	A0A1G9UQQ0	22.700	286	346	363	6.820E-12	70
A0A5Q0QRJ3	Q9K499	22.900	298	346	361	2.843E-10	65
A0A5Q0QRJ3	D9XDR8	19.800	312	346	338	6.567E-09	61
A0A5Q0QRJ3	Q9F1V8	20.900	299	346	437	8.487E-08	57
A0A5Q0QRJ3	A0A1L5YKS7	25.400	199	346	431	4.653E-07	55
A0A5Q0QRJ3	K2SUY0	21.400	259	346	698	6.177E-07	54
A0A5Q0QRJ3	A4FG19	22.400	146	346	354	1.837E-05	49
A0A5Q0QRJ3	A0A385AJM4	26.600	154	346	324	1.323E-04	47
A0A5Q0QRJ3	A0A385AJM2	25.100	176	346	332	3.079E-04	46
A0A5Q0QRJ3	B5GRC8	25.000	242	346	343	4.080E-04	45
P0DUG4	Q9I900	40.000	65	48	146	2.623E-10	55
P0DUG4	Q92086	40.000	65	48	146	3.609E-10	55
P0DUG4	Q9PSN5	40.000	70	48	125	9.407E-10	54
P0DUG4	Q45Z26	40.000	70	48	151	9.407E-10	54
P0DUG4	Q45Z29	40.000	70	48	151	9.407E-10	54
P0DUG4	Q45Z30	40.000	70	48	151	9.407E-10	54
P0DUG4	P00600	38.500	65	48	119	1.782E-09	53
P0DUG4	P04054	35.200	68	48	148	1.782E-09	53
P0DUG4	Q92084	38.500	65	48	146	2.452E-09	53
P0DUG4	Q7T2Q5	39.400	66	48	147	2.452E-09	53
P0DUG4	Q92085	38.500	65	48	146	3.375E-09	52
P0DUG4	A4FS04	37.100	65	48	119	6.395E-09	51
P0DUG4	P00597	37.100	65	48	146	6.395E-09	51
P0DUG4	P00598	37.100	65	48	146	6.395E-09	51
P0DUG4	Q45Z25	38.500	70	48	151	6.395E-09	51
P0DUG4	Q45Z28	38.500	70	48	151	6.395E-09	51
P0DUG4	P00595	35.700	65	48	119	8.803E-09	51
P0DUG4	P00601	37.100	65	48	119	8.803E-09	51
P0DUG4	Q8UW31	37.100	70	48	152	8.803E-09	51
P0DUG4	P15445	35.700	65	48	119	2.297E-08	50
P0DUG4	P60045	35.700	65	48	126	2.297E-08	50
P0DUG4	Q8JFG2	33.800	71	48	152	2.297E-08	50
P0DUG4	P06596	32.800	70	48	146	3.162E-08	49
P0DUG4	P80966	35.200	71	48	151	3.162E-08	49
P0DUG4	P00594	32.300	68	48	132	4.353E-08	49
P0DUG4	Q7T2Q4	39.700	66	48	147	4.353E-08	49
P0DUG4	Q9PUG7	39.300	66	48	152	5.994E-08	49
P0DUG4	Q7M334	30.800	68	48	144	1.136E-07	48
P0DUG4	Q9Z0Y2	30.800	68	48	146	1.136E-07	48
P0DUG4	Q4VRI5	70.300	27	48	154	1.136E-07	48
P0DUG4	P04055	30.800	68	48	146	1.565E-07	48
P0DUG4	P25498	34.200	65	48	119	2.968E-07	47
P0DUG4	Q91133	35.000	60	48	146	4.087E-07	46
P0DUG4	P00599	34.200	65	48	118	5.629E-07	46
P0DUG4	Q75S48	34.700	69	48	152	5.629E-07	46
P0DUG4	Q9DF56	32.300	71	48	152	5.629E-07	46
P0DUG4	P00603	38.500	57	48	118	1.471E-06	45
P0DUG4	P00602	38.500	57	48	118	1.471E-06	45
P0DUG4	Q6T179	31.600	60	48	126	1.471E-06	45
P0DUG4	P00592	29.400	68	48	146	1.471E-06	45
P0DUG4	P14615	31.800	64	48	120	3.846E-06	44
P0DUG4	P14419	29.400	68	48	123	3.846E-06	44
P0DUG4	P04416	27.900	68	48	124	3.846E-06	44
P0DUG4	P00606	35.800	67	48	145	3.846E-06	44
P0DUG4	P00593	29.400	68	48	145	3.846E-06	44
P0DUG4	P43434	27.900	68	48	146	5.299E-06	43
P0DUG4	P60044	33.300	60	48	126	7.301E-06	43
P0DUG4	A6MEY4	34.700	64	48	145	7.301E-06	43
P0DUG4	P14411	33.300	64	48	135	1.006E-05	42
P0DUG4	Q9DF52	35.500	59	48	145	1.911E-05	42
P0DUG4	Q9W7J3	59.200	27	48	154	1.911E-05	42
P0DUG4	C1IC45	31.800	61	48	137	2.633E-05	41
P0DUG4	C1IC46	31.800	61	48	137	2.633E-05	41
P0DUG4	P81237	37.200	59	48	118	3.629E-05	41
P0DUG4	Q90251	28.100	71	48	137	3.629E-05	41
P0DUG4	Q9PUH9	32.800	65	48	147	3.629E-05	41
P0DUG4	P60043	31.600	60	48	126	5.002E-05	40
P0DUG4	Q9PUI0	32.800	65	48	147	5.002E-05	40
P0DUG4	Q5G291	32.200	59	48	125	9.505E-05	40
P0DUG4	P00628	33.300	64	48	135	9.505E-05	40
P0DUG4	Q90WA7	33.300	64	48	145	9.505E-05	40
P0DUG4	P00629	33.300	64	48	145	9.505E-05	40
P0DUG4	P20250	36.000	60	48	117	1.310E-04	39
P0DUG4	P20258	36.000	60	48	117	1.310E-04	39
P0DUG4	Q9PU97	61.500	26	48	137	1.310E-04	39
P0DUG4	Q9PUG9	88.800	18	48	144	1.310E-04	39
P0DUG4	Q9PUH0	88.800	18	48	146	1.310E-04	39
P0DUG4	Q9PUH1	88.800	18	48	146	1.310E-04	39
P0DUG4	Q9PTA6	31.100	61	48	138	1.807E-04	39
P0DUG4	Q7T1R0	29.500	65	48	146	2.491E-04	38
P0DUG4	P00604	31.500	57	48	118	3.435E-04	38
P0DUG4	P00605	31.500	57	48	118	3.435E-04	38
P0DUG4	F5CPF0	35.500	59	48	140	3.435E-04	38
P0DUG4	Q90WA8	31.800	64	48	145	3.435E-04	38
P0DUG4	Q8QFW4	50.000	28	48	147	3.435E-04	38
P0DUG4	Q9PUI1	31.400	65	48	145	4.737E-04	38
P0DUG4	Q9PRG0	31.400	65	48	145	4.737E-04	38
P0DUG4	P59359	31.400	65	48	145	4.737E-04	38
P0DUG4	Q7T1R1	31.500	57	48	146	4.737E-04	38
P0DUG4	Q9DF33	28.100	66	48	146	4.737E-04	38
P0DUG4	Q9PUH8	31.400	65	48	147	6.533E-04	37
P0DUG4	Q9PUH2	83.300	18	48	146	9.010E-04	37
P0DUG4	Q9PUH3	83.300	18	48	146	9.010E-04	37
A0A345BJQ0	Q7S4Z6	60.000	378	415	481	4.978E-150	479
A0A345BJQ0	Q4WAG4	57.600	385	415	471	9.407E-144	460
A0A345BJQ0	V6RPN0	55.800	381	415	462	1.163E-139	449
A0A345BJQ0	Q9Y753	47.100	369	415	445	7.817E-107	353
A0A345BJQ0	P36596	45.800	374	415	460	3.741E-106	351
A0A345BJQ0	Q752X9	46.200	379	415	441	9.144E-100	333
A0A345BJQ0	P29704	44.200	390	415	444	1.117E-98	330
A0A345BJQ0	Q9HGZ6	44.400	400	415	443	2.273E-96	323
A0A345BJQ0	A0A1D8PI71	43.200	385	415	448	4.247E-96	322
A0A345BJQ0	P78589	43.200	385	415	448	7.937E-96	321
A0A345BJQ0	Q92459	40.400	407	415	572	1.737E-83	286
A0A345BJQ0	A0SJQ5	39.100	405	415	467	6.044E-83	284
A0A345BJQ0	Q02769	44.500	326	415	416	5.358E-82	281
A0A345BJQ0	Q32KR6	45.000	306	415	417	2.546E-81	279
A0A345BJQ0	Q5R6U3	45.700	306	415	417	4.748E-81	278
A0A345BJQ0	Q9SDW9	42.300	386	415	461	1.293E-78	271
A0A345BJQ0	P53800	41.100	365	415	411	6.948E-74	258
A0A345BJQ0	A0A1P7Y0A2	41.800	355	415	415	4.488E-73	255
A0A345BJQ0	A0A1P7Y0D4	41.800	355	415	415	4.488E-73	255
A0A345BJQ0	A0A1P7Y0C9	41.600	355	415	391	1.140E-72	254
A0A345BJQ0	O48666	41.300	355	415	415	2.897E-72	253
A0A345BJQ0	C9E894	41.000	355	415	415	1.370E-71	251
A0A345BJQ0	D2K762	40.700	355	415	415	2.550E-71	250
A0A345BJQ0	D0VFU8	40.300	360	415	411	4.174E-70	246
A0A345BJQ0	P53799	39.600	360	415	410	7.768E-70	246
A0A345BJQ0	G0Y287	37.600	366	415	465	3.668E-69	244
A0A345BJQ0	A0A142ZC57	36.800	350	415	444	2.476E-66	235
A0A345BJQ0	Q54DR1	36.100	366	415	416	7.795E-63	225
A0A345BJQ0	G0Y288	35.100	364	415	383	2.688E-62	224
A0A345BJQ0	G0Y286	34.200	338	415	403	1.198E-48	183
A0A345BJQ0	Q2FDU5	23.000	210	415	287	7.734E-05	48
A0A345BJQ0	Q2FV59	23.000	210	415	287	7.734E-05	48
A0A345BJQ0	Q7A3E1	23.000	210	415	287	7.734E-05	48
A0A345BJQ0	Q5HCY8	23.000	210	415	287	7.734E-05	48
A0A345BJQ0	O07854	23.000	210	415	287	7.734E-05	48
A0A345BJQ0	Q8NUQ5	23.000	210	415	287	7.734E-05	48
A0A345BJQ0	A9JQL9	22.500	210	415	287	7.734E-05	48
A0A345BJQ0	Q6G6B2	23.000	210	415	287	7.734E-05	48
A0A345BJQ0	Q2YWE7	22.500	210	415	287	2.367E-04	46
P9WEV7	A0A348DU52	30.200	722	744	770	6.926E-94	329
P9WEV7	W6QAE7	30.300	720	744	742	1.403E-90	319
P9WEV7	B6HFX8	29.400	722	744	732	6.418E-90	317
P9WEV7	A0A2Z6AQX6	29.000	723	744	778	3.977E-89	315
P9WEV7	A0A0P0ZD79	29.000	727	744	705	1.794E-75	274
P9WEV7	N4V6D4	28.800	706	744	712	1.321E-72	265
P9WEV7	A1C8C3	29.000	731	744	718	1.782E-72	265
P9WEV7	M2U578	28.300	706	744	704	2.637E-71	261
P9WEV7	A0A0P0ZEM1	28.000	730	744	714	2.637E-71	261
P9WEV7	A0A1V1FVQ6	29.200	725	744	728	5.710E-69	254
P9WEV7	A0A8H4CUY8	27.400	751	744	760	7.696E-69	254
P9WEV7	P9WER5	27.800	706	744	671	6.204E-68	251
P9WEV7	A2PZA5	28.200	710	744	719	2.042E-67	249
P9WEV7	A0A2Z6AQX7	27.900	709	744	732	2.042E-67	249
P9WEV7	A0A8K1AY78	26.600	762	744	764	3.705E-67	248
P9WEV7	A1DN30	27.200	735	744	764	3.705E-67	248
P9WEV7	C9K2Q3	27.500	731	744	697	6.719E-67	248
P9WEV7	A0A2Z6FZ31	25.700	723	744	725	1.640E-66	246
P9WEV7	K2SUY0	27.300	731	744	698	7.808E-65	241
P9WEV7	M2V8C1	27.500	701	744	721	6.227E-64	239
P9WEV7	A0A1Y1C7Q5	27.000	705	744	746	6.660E-63	235
P9WEV7	P9WEP0	28.400	657	744	710	5.140E-57	217
P9WEV7	F9XLC1	37.800	306	744	361	7.716E-54	207
P9WEV7	W6JPP9	39.900	294	744	339	1.948E-51	200
P9WEV7	A0A1B4XBK0	39.300	292	744	533	1.525E-48	191
P9WEV7	B2DBE8	37.400	287	744	389	6.483E-47	186
P9WEV7	B2DBE9	35.200	291	744	424	3.629E-45	180
P9WEV7	Q6F5E6	34.600	300	744	343	1.505E-43	175
P9WEV7	S0E627	33.500	298	744	393	2.667E-43	174
P9WEV7	P9WEF2	34.500	299	744	419	1.113E-42	172
P9WEV7	H1VQB1	33.900	287	744	322	4.640E-42	170
P9WEV7	F9WWF1	36.200	291	744	332	1.092E-41	169
P9WEV7	E9F5E9	34.000	285	744	337	1.452E-41	169
P9WEV7	I1RL14	35.200	287	744	368	4.536E-41	167
P9WEV7	P9WEQ2	33.500	292	744	333	1.065E-40	166
P9WEV7	Q56RZ3	35.700	292	744	334	2.501E-40	165
P9WEV7	Q56RZ7	35.700	292	744	334	2.501E-40	165
P9WEV7	A0A1U8QLG8	34.400	281	744	397	5.868E-40	164
P9WEV7	Q9P885	35.600	270	744	303	1.376E-39	162
P9WEV7	Q92236	29.000	428	744	418	1.376E-39	162
P9WEV7	Q4WBI4	32.100	300	744	357	3.224E-39	161
P9WEV7	P24322	31.400	307	744	433	1.003E-38	160
P9WEV7	Q9C446	33.800	296	744	371	5.488E-38	157
P9WEV7	A0A7D0AGU9	34.900	278	744	303	2.259E-37	155
P9WEV7	A0A8D5M3Y5	31.600	301	744	383	2.997E-37	155
P9WEV7	A0A140JWS2	38.800	217	744	356	5.276E-37	154
P9WEV7	A0A3S5XFG0	33.100	292	744	380	9.285E-37	153
P9WEV7	A0A0E3D8M9	38.100	205	744	364	1.232E-36	153
P9WEV7	Q672V6	33.400	288	744	340	1.634E-36	153
P9WEV7	J7FIX8	34.300	281	744	334	2.873E-36	152
P9WEV7	A0A0E3D8P4	37.200	229	744	341	6.701E-36	151
P9WEV7	Q54BK1	34.800	221	744	303	8.885E-36	150
P9WEV7	A0A348FUE1	32.200	290	744	963	6.392E-35	147
P9WEV7	P56966	33.200	272	744	300	6.078E-34	144
P9WEV7	A0A858E6N7	30.800	289	744	365	1.872E-33	143
P9WEV7	A0A858E7G0	36.500	226	744	364	2.479E-33	142
P9WEV7	A0A1V0QSA8	29.300	309	744	339	7.629E-33	141
P9WEV7	Q12051	30.200	249	744	335	3.876E-31	135
P9WEV7	Q758K0	32.900	236	744	320	2.754E-30	132
P9WEV7	A0A6S6QJ62	32.600	233	744	350	1.953E-29	130
P9WEV7	A0A858E4Y8	30.900	238	744	324	5.978E-29	128
P9WEV7	O06428	32.300	203	744	335	2.213E-16	87
P9WEV7	P0AD57	27.700	248	744	323	2.071E-12	74
P9WEV7	P0AD58	27.700	248	744	323	2.071E-12	74
P9WEV7	Q97W92	28.200	151	744	281	3.642E-09	63
P9WEV7	P44916	28.400	177	744	329	6.333E-09	63
P9WEV7	Q9UWR6	25.900	200	744	318	2.525E-08	61
P9WEV7	O24743	28.600	181	744	325	5.788E-08	59
P9WEV7	P22873	30.200	202	744	307	1.006E-07	59
P9WEV7	O66129	24.600	193	744	325	1.327E-07	58
P9WEV7	Q8PW34	26.900	179	744	324	3.041E-07	57
P9WEV7	B6H063	25.900	258	744	342	6.970E-07	56
P9WEV7	Q75HZ9	27.900	185	744	403	9.190E-07	55
P9WEV7	Q0INZ4	27.900	185	744	414	9.190E-07	55
P9WEV7	Q03471	25.900	258	744	342	1.212E-06	55
P9WEV7	W6Q4Q9	25.900	258	744	342	1.212E-06	55
P9WEV7	Q653T6	27.100	176	744	430	1.212E-06	55
P9WEV7	P31114	23.700	176	744	348	2.106E-06	54
P9WEV7	Q9UR08	22.300	321	744	320	4.826E-06	53
P9WEV7	Q76FS5	27.100	176	744	417	8.389E-06	52
P9WEV7	Q5HZ00	25.400	176	744	422	1.458E-05	51
P9WEV7	O43091	26.000	186	744	378	2.534E-05	51
P9WEV7	P95999	24.700	179	744	332	5.806E-05	49
P9WEV7	P17060	28.800	144	744	289	1.753E-04	48
P9WEV7	D7PHZ5	24.200	192	744	349	4.017E-04	47
P9WEV7	Q08291	27.000	155	744	297	9.200E-04	46
P9WEV7	P55785	23.300	179	744	320	9.200E-04	46
A0A348B788	W4JX79	53.700	329	351	345	1.231E-120	390
A0A348B788	P0DL13	50.400	329	351	345	1.243E-114	373
A0A348B788	A0A0D2L718	43.700	322	351	327	2.054E-92	308
A0A348B788	A0A8H7XQ49	41.100	333	351	364	1.068E-86	292
A0A348B788	A0A8H8CFI5	41.100	335	351	364	1.068E-86	292
A0A348B788	A0A8H7XP09	39.500	331	351	361	1.534E-78	268
A0A348B788	A0A8H7XMX0	37.800	323	351	344	3.987E-70	244
A0A348B788	A0A348B779	35.600	328	351	338	2.372E-58	209
A0A348B788	B8PD44	32.300	332	351	336	5.167E-52	191
A0A348B788	A8NE23	30.900	335	351	425	2.534E-49	183
A0A348B788	A8NU13	28.000	326	351	345	9.547E-41	158
A0A348B788	A0A0C3FBR2	29.700	334	351	345	1.300E-38	151
A0A348B788	A0A0C9VD04	28.000	333	351	347	1.510E-37	148
A0A348B788	A0A1B4XBG5	28.300	315	351	367	2.253E-24	109
A0A348B788	C7PLV2	28.200	307	351	321	3.322E-23	105
A0A348B788	A0A1L7VZE7	27.000	330	351	401	4.478E-23	105
A0A348B788	A9GK58	26.700	296	351	315	8.809E-22	101
A0A348B788	B5H7H3	27.000	233	351	372	2.024E-17	87
A0A348B788	A7NH01	23.500	300	351	326	2.170E-15	81
A0A348B788	E3VWJ0	23.900	326	351	337	3.000E-13	74
A0A348B788	D2B747	20.700	297	351	330	5.343E-13	74
A0A348B788	Q55012	24.300	306	351	337	2.257E-12	72
A0A348B788	B5HDJ6	21.500	294	351	365	8.762E-08	57
A0A348B788	E9E766	23.700	292	351	349	3.470E-06	52
A0A348B788	A0A0B4G3Q7	25.000	262	351	342	6.104E-06	51
A0A348B788	A0A0B4FWC3	23.500	285	351	332	5.539E-04	45
A0A3G1QTU5	G3E4M4	73.500	776	766	794	0.000E+00	1144
A0A3G1QTU5	A0A1W6QDJ1	74.800	748	766	796	0.000E+00	1144
A0A3G1QTU5	A0A2K9RG07	71.700	739	766	800	0.000E+00	1083
A0A3G1QTU5	A0A0U2D9C5	69.200	773	766	776	0.000E+00	1081
A0A3G1QTU5	A0A1S5RW73	68.400	772	766	787	0.000E+00	1078
A0A3G1QTU5	G3E4M6	61.400	709	766	710	2.144E-280	874
A0A3G1QTU5	A0A0U3LQ20	60.500	707	766	793	1.735E-278	869
A0A3G1QTU5	A0A0M4M0T9	55.200	740	766	815	2.302E-263	825
A0A3G1QTU5	A0A0M5L832	55.200	740	766	815	5.298E-262	821
A0A3G1QTU5	A0A1X9ISN9	60.200	664	766	664	6.385E-255	801
A0A3G1QTU5	O04408	53.300	708	766	801	3.291E-246	775
A0A3G1QTU5	E2IHE0	52.100	701	766	808	5.180E-233	737
A0A3G1QTU5	Q38802	50.000	702	766	802	3.036E-231	732
A0A3G1QTU5	A0A1D6K6U5	45.700	732	766	825	1.543E-211	675
A0A3G1QTU5	A0A1X9IRQ7	46.800	696	766	798	3.520E-210	671
A0A3G1QTU5	Q6ET36	46.300	755	766	867	3.520E-210	671
A0A3G1QTU5	B8PQ84	45.900	704	766	793	2.500E-207	662
A0A3G1QTU5	G3CCC0	46.500	710	766	802	9.492E-205	655
A0A3G1QTU5	Q41771	46.700	731	766	824	1.157E-203	652
A0A3G1QTU5	A0A2K9RFZ7	43.000	746	766	798	8.880E-199	638
A0A3G1QTU5	A0A075FA51	44.100	694	766	785	2.267E-198	636
A0A3G1QTU5	G8GJ95	42.700	727	766	785	2.762E-189	610
A0A3G1QTU5	G8GJ96	42.700	726	766	784	1.797E-188	608
A0A3G1QTU5	A0A075FAK4	42.100	695	766	776	1.853E-183	593
A0A3G1QTU5	Q6Z5I0	42.100	717	766	800	4.725E-183	592
A0A3G1QTU5	Q5MQ85	42.200	717	766	800	6.454E-183	591
A0A3G1QTU5	Q6E7D7	43.300	689	766	767	3.720E-181	586
A0A3G1QTU5	Q0JF02	42.500	720	766	767	1.295E-180	585
A0A3G1QTU5	J9QS23	48.000	580	766	739	5.625E-169	551
A0A3G1QTU5	J9R388	48.000	580	766	740	1.954E-168	549
A0A3G1QTU5	A5A8G0	43.500	666	766	881	2.668E-168	549
A0A3G1QTU5	Q947C4	43.800	583	766	873	4.862E-153	504
A0A3G1QTU5	Q38710	42.800	572	766	868	1.376E-141	471
A0A3G1QTU5	H8ZM70	42.600	572	766	844	2.557E-141	470
A0A3G1QTU5	H8ZM71	40.900	611	766	852	1.204E-140	468
A0A3G1QTU5	Q675L4	37.400	694	766	859	1.253E-138	462
A0A3G1QTU5	M4HXU6	37.400	694	766	857	2.328E-138	461
A0A3G1QTU5	F2XFB2	37.500	694	766	859	2.328E-138	461
A0A3G1QTU5	Q50EK2	37.400	694	766	850	3.173E-138	461
A0A3G1QTU5	H8ZM73	36.400	741	766	867	4.325E-138	460
A0A3G1QTU5	M4HY05	37.200	694	766	857	2.033E-137	458
A0A3G1QTU5	M4HYC6	37.200	694	766	850	9.557E-137	456
A0A3G1QTU5	Q675L5	37.400	702	766	867	1.302E-136	456
A0A3G1QTU5	M4HXW5	34.500	755	766	876	5.523E-133	445
A0A3G1QTU5	M4HYP3	34.500	755	766	876	7.523E-133	445
A0A3G1QTU5	G1DGI7	43.900	498	766	750	7.764E-131	439
A0A3G1QTU5	M4HY08	34.800	746	766	868	3.250E-127	428
A0A3G1QTU5	M4HYC8	34.800	746	766	868	2.071E-126	426
A0A3G1QTU5	G9MAN7	39.500	551	766	867	1.204E-118	403
A0A3G1QTU5	Q9FT37	37.000	561	766	862	5.710E-110	377
A0A3G1QTU5	Q93YA3	36.800	561	766	862	1.948E-109	376
A0A3G1QTU5	A0A1L6Z3A5	36.000	562	766	814	3.077E-108	372
A0A3G1QTU5	Q41594	36.500	561	766	862	3.077E-108	372
A0A3G1QTU5	Q4QSN4	35.600	573	766	815	8.957E-107	368
A0A3G1QTU5	A0A1X9IRP7	40.300	418	766	419	1.476E-89	317
A0A3G1QTU5	A0AA38CJ97	32.200	581	766	817	1.305E-85	305
A0A3G1QTU5	B9T625	31.800	627	766	738	6.134E-82	294
A0A3G1QTU5	A0A1L6Z3A0	32.000	549	766	846	3.742E-81	291
A0A3G1QTU5	B9SIM2	29.300	685	766	778	2.280E-80	289
A0A3G1QTU5	B9SIL7	28.900	705	766	778	8.433E-79	284
A0A3G1QTU5	A0A1Z3GC64	28.500	684	766	794	1.260E-77	281
A0A3G1QTU5	B9SIM3	29.900	618	766	774	1.702E-77	280
A0A3G1QTU5	Q39548	31.200	576	766	789	1.135E-75	275
A0A3G1QTU5	A0A1Z3GBK8	29.100	626	766	806	2.066E-75	274
A0A3G1QTU5	Q9SAK2	30.900	570	766	785	1.106E-72	266
A0A3G1QTU5	G3CCC1	29.500	568	766	792	3.654E-72	264
A0A3G1QTU5	Q0JA82	30.500	560	766	756	1.625E-71	262
A0A3G1QTU5	Q0E088	29.600	598	766	829	7.219E-71	260
A0A3G1QTU5	Q6Z5J6	30.800	565	766	821	2.378E-70	259
A0A3G1QTU5	A4KAG7	30.800	565	766	821	2.378E-70	259
A0A3G1QTU5	A0A075FBT3	28.300	708	766	756	3.203E-70	258
A0A3G1QTU5	A0A5P8DI06	28.600	626	766	797	5.811E-70	258
A0A3G1QTU5	Q0JEZ8	30.800	564	766	842	1.054E-69	257
A0A3G1QTU5	Q66QH3	30.800	561	766	840	1.912E-69	256
A0A3G1QTU5	C1K5M3	27.400	714	766	778	1.139E-68	254
A0A3G1QTU5	H6VLG5	28.100	628	766	811	3.740E-68	252
A0A3G1QTU5	Q2QQJ5	28.900	636	766	815	5.034E-68	252
A0A3G1QTU5	A4KAG8	31.100	574	766	821	4.023E-67	249
A0A3G1QTU5	B8XA41	30.100	562	766	777	1.049E-65	244
A0A3G1QTU5	Q0JA81	29.000	553	766	819	1.049E-65	244
A0A3G1QTU5	Q9XEH9	31.600	499	766	784	1.896E-65	244
A0A3G1QTU5	Q9XEI0	31.500	499	766	784	3.652E-64	240
A0A3G1QTU5	A0A1D6KUI6	28.800	617	766	848	6.595E-64	239
A0A3G1QTU5	Q6BDZ9	27.000	607	766	822	8.544E-59	223
A0A3G1QTU5	Q1AHB2	26.400	633	766	816	1.236E-56	216
A0A3G1QTU5	O64404	30.600	421	766	581	7.965E-48	189
A0A3G1QTU5	F2XFA4	34.000	331	766	624	3.321E-46	184
A0A3G1QTU5	F2XFA1	34.000	331	766	624	4.423E-46	183
A0A3G1QTU5	C0PTH8	33.800	331	766	624	2.464E-45	181
A0A3G1QTU5	Q20HU7	31.700	334	766	634	2.464E-45	181
A0A3G1QTU5	C0PPM5	29.500	447	766	579	3.280E-45	181
A0A3G1QTU5	Q93YV0	27.400	624	766	877	3.280E-45	181
A0A3G1QTU5	R9QMW1	31.000	341	766	623	1.029E-44	179
A0A3G1QTU5	F2XFA0	30.000	423	766	578	1.369E-44	179
A0A3G1QTU5	R9QMR0	30.400	380	766	628	1.369E-44	179
A0A3G1QTU5	Q675L0	29.300	446	766	578	1.822E-44	178
A0A3G1QTU5	R9QMQ9	31.200	331	766	627	3.225E-44	177
A0A3G1QTU5	Q20HU6	30.300	416	766	575	5.706E-44	177
A0A3G1QTU5	R9QMR3	28.300	527	766	629	1.786E-43	175
A0A3G1QTU5	R9QMY9	28.400	477	766	629	2.374E-43	175
A0A3G1QTU5	O24474	30.100	336	766	627	4.198E-43	174
A0A3G1QTU5	Q9M7D1	31.500	334	766	630	5.581E-43	173
A0A3G1QTU5	F2XFA8	30.000	380	766	627	7.419E-43	173
A0A3G1QTU5	F2XF99	27.700	474	766	580	1.311E-42	172
A0A3G1QTU5	Q84KL4	29.200	393	766	627	1.311E-42	172
A0A3G1QTU5	Q6XDB5	30.000	380	766	627	1.743E-42	172
A0A3G1QTU5	R9QMR5	29.200	331	766	626	5.435E-42	170
A0A3G1QTU5	R9QMY8	31.900	330	766	619	9.596E-42	169
A0A3G1QTU5	F2XF96	28.700	380	766	627	1.275E-41	169
A0A3G1QTU5	R9QMZ0	28.300	380	766	616	2.250E-41	168
A0A3G1QTU5	F2XF95	28.500	380	766	627	3.969E-41	168
A0A3G1QTU5	Q9M7D0	28.200	446	766	630	1.639E-40	166
A0A3G1QTU5	C0PPR1	30.300	363	766	626	2.890E-40	165
A0A3G1QTU5	F1CKI8	31.000	363	766	627	8.974E-40	163
A0A3G1QTU5	Q84KL3	29.100	380	766	628	2.098E-39	162
A0A3G1QTU5	F1CKJ1	30.700	363	766	627	2.784E-39	162
A0A3G1QTU5	R9QMR4	30.100	331	766	621	3.694E-39	161
A0A3G1QTU5	R9QMW7	30.100	331	766	621	3.694E-39	161
A0A3G1QTU5	R9QMW2	29.600	380	766	628	8.628E-39	160
A0A3G1QTU5	R9QMW4	29.700	334	766	626	1.519E-38	159
A0A3G1QTU5	F1CKI9	30.500	363	766	627	1.519E-38	159
A0A3G1QTU5	O22340	28.200	414	766	637	1.519E-38	159
A0A3G1QTU5	R9QMR1	28.800	380	766	628	3.544E-38	158
A0A3G1QTU5	Q9M7C9	28.800	409	766	637	3.544E-38	158
A0A3G1QTU5	F2XFA6	29.000	375	766	627	6.233E-38	157
A0A3G1QTU5	R9QMW8	32.700	270	766	626	8.266E-38	157
A0A3G1QTU5	R9QMR6	32.700	270	766	626	8.266E-38	157
A0A3G1QTU5	R9QMW3	29.700	331	766	624	1.453E-37	156
A0A3G1QTU5	Q84SM8	30.400	318	766	627	2.555E-37	155
A0A3G1QTU5	F2XF98	27.500	331	766	612	3.227E-36	152
A0A3G1QTU5	C0PT35	27.500	331	766	612	9.946E-36	150
A0A3G1QTU5	F1CKI6	30.500	318	766	627	9.946E-36	150
A0A3G1QTU5	F2XFA2	27.500	331	766	612	1.746E-35	149
A0A3G1QTU5	C7ASI9	30.500	318	766	627	1.746E-35	149
A0A3G1QTU5	Q948Z0	28.600	387	766	618	5.375E-35	148
A0A3G1QTU5	Q84KL5	32.800	257	766	574	1.249E-34	147
A0A3G1QTU5	A0A2K9RFZ2	28.400	343	766	589	9.166E-30	131
A0A3G1QTU5	G0Y7D1	30.100	330	766	582	6.473E-29	128
A0A3G1QTU5	Q4JHG3	29.400	324	766	603	7.974E-28	124
A0A3G1QTU5	Q308N0	29.100	324	766	603	1.393E-27	124
A0A3G1QTU5	E3W203	27.000	385	766	569	4.248E-27	122
A0A3G1QTU5	B2KSJ5	31.300	262	766	571	7.417E-27	121
A0A3G1QTU5	G0Y7D3	28.300	347	766	580	1.295E-26	121
A0A3G1QTU5	A0A075FBG7	29.600	340	766	580	1.711E-26	120
A0A3G1QTU5	E3W202	27.000	385	766	569	2.261E-26	120
A0A3G1QTU5	C0KWV4	31.600	249	766	603	3.946E-26	119
A0A3G1QTU5	E3W204	30.300	268	766	569	5.214E-26	119
A0A3G1QTU5	Q93X23	30.900	270	766	597	6.888E-26	118
A0A3G1QTU5	Q84ZW8	26.200	400	766	590	9.100E-26	118
A0A3G1QTU5	A0A348FUE1	28.500	398	766	963	1.588E-25	117
A0A3G1QTU5	A0A7G5KLV0	30.400	330	766	590	2.098E-25	117
A0A3G1QTU5	Q8H2B4	30.200	308	766	606	2.098E-25	117
A0A3G1QTU5	A0A7J6HK32	28.400	365	766	556	3.661E-25	116
A0A3G1QTU5	J7LH11	26.900	333	766	546	8.436E-25	115
A0A3G1QTU5	Q84LF1	30.300	262	766	548	8.436E-25	115
A0A3G1QTU5	J9RLZ7	30.100	262	766	563	3.391E-24	113
A0A3G1QTU5	Q8GUE4	28.200	324	766	603	3.391E-24	113
A0A3G1QTU5	E2E2P0	30.300	267	766	594	4.478E-24	112
A0A3G1QTU5	Q672F7	27.600	332	766	595	4.478E-24	112
A0A3G1QTU5	A0A1W6QDI7	29.600	378	766	626	4.478E-24	112
A0A3G1QTU5	Q84LF0	29.200	262	766	548	5.914E-24	112
A0A3G1QTU5	C8XPS0	28.700	355	766	595	7.810E-24	111
A0A3G1QTU5	R4JND9	30.800	267	766	597	7.810E-24	111
A0A3G1QTU5	Q40577	28.800	262	766	548	1.031E-23	111
A0A3G1QTU5	Q6PWU2	31.400	253	766	590	1.031E-23	111
A0A3G1QTU5	P59287	28.400	269	766	601	1.362E-23	111
A0A3G1QTU5	G5CV45	27.700	266	766	548	2.375E-23	110
A0A3G1QTU5	O65323	29.800	267	766	559	2.375E-23	110
A0A3G1QTU5	R4JQT5	30.500	267	766	597	2.375E-23	110
A0A3G1QTU5	Q43714	30.000	270	766	555	4.142E-23	109
A0A3G1QTU5	Q6USK1	30.500	324	766	567	5.469E-23	109
A0A3G1QTU5	Q9AR86	26.600	397	766	595	5.469E-23	109
A0A3G1QTU5	Q8L5K3	27.300	273	766	606	5.469E-23	109
A0A3G1QTU5	A0A1V0E492	29.300	297	766	559	7.221E-23	108
A0A3G1QTU5	J7LQ09	29.200	324	766	542	9.535E-23	108
A0A3G1QTU5	A0A1V0QSF6	29.800	267	766	551	9.535E-23	108
A0A3G1QTU5	B3TPQ7	27.100	354	766	592	9.535E-23	108
A0A3G1QTU5	Q7XAS7	26.400	397	766	595	9.535E-23	108
A0A3G1QTU5	A0A1C9J6A7	27.800	271	766	607	9.535E-23	108
A0A3G1QTU5	Q39760	30.000	291	766	554	1.259E-22	108
A0A3G1QTU5	O81192	30.600	266	766	598	1.259E-22	108
A0A3G1QTU5	Q84LG0	28.100	269	766	548	1.662E-22	107
A0A3G1QTU5	L0HAM7	31.400	250	766	603	1.662E-22	107
A0A3G1QTU5	O49853	30.000	291	766	554	2.195E-22	107
A0A3G1QTU5	A0A7G5KLV3	28.300	319	766	586	2.195E-22	107
A0A3G1QTU5	B2KSJ6	26.300	334	766	560	2.898E-22	106
A0A3G1QTU5	Q9SPN0	30.400	264	766	567	2.898E-22	106
A0A3G1QTU5	Q5UB07	26.600	327	766	580	2.898E-22	106
A0A3G1QTU5	I6RE61	26.200	342	766	596	2.898E-22	106
A0A3G1QTU5	A0A0M3Q1Q3	29.700	267	766	542	3.826E-22	106
A0A3G1QTU5	Q39761	30.000	291	766	554	3.826E-22	106
A0A3G1QTU5	Q5SBP3	27.900	377	766	574	3.826E-22	106
A0A3G1QTU5	L0HB77	30.600	270	766	597	3.826E-22	106
A0A3G1QTU5	I7H727	28.900	295	766	556	5.051E-22	106
A0A3G1QTU5	A6XH05	27.300	387	766	591	5.051E-22	106
A0A3G1QTU5	O81191	32.100	270	766	591	5.051E-22	106
A0A3G1QTU5	T1RR72	28.700	284	766	594	5.051E-22	106
A0A3G1QTU5	T1RRJ4	28.700	284	766	594	5.051E-22	106
A0A3G1QTU5	T1RRR9	28.700	284	766	594	5.051E-22	106
A0A3G1QTU5	D0UZK2	27.700	279	766	548	6.668E-22	105
A0A3G1QTU5	A0A4Y5QVX6	29.600	267	766	551	6.668E-22	105
A0A3G1QTU5	Q50L36	26.100	397	766	595	6.668E-22	105
A0A3G1QTU5	A0A1V0QSF3	30.700	267	766	551	8.804E-22	105
A0A3G1QTU5	O81193	30.900	267	766	590	8.804E-22	105
A0A3G1QTU5	E2E2N3	32.000	270	766	595	8.804E-22	105
A0A3G1QTU5	A0A1V0QSF8	28.200	326	766	632	1.162E-21	104
A0A3G1QTU5	Q39978	27.300	266	766	555	1.534E-21	104
A0A3G1QTU5	Q94G53	32.700	229	766	582	1.534E-21	104
A0A3G1QTU5	Q5SBP0	28.000	270	766	601	1.534E-21	104
A0A3G1QTU5	Q9XJ32	27.700	266	766	556	2.026E-21	104
A0A3G1QTU5	Q9SPN1	27.000	333	766	583	2.026E-21	104
A0A3G1QTU5	A0A1U8QHE3	26.800	408	766	979	2.026E-21	104
A0A3G1QTU5	Q6Q3H3	30.100	286	766	557	3.530E-21	103
A0A3G1QTU5	A0A7G5KLV1	27.700	254	766	561	4.660E-21	102
A0A3G1QTU5	A0A1V0QSG6	30.500	270	766	567	4.660E-21	102
A0A3G1QTU5	A6XH06	29.800	267	766	581	8.119E-21	102
A0A3G1QTU5	P93665	29.600	262	766	554	1.072E-20	101
A0A3G1QTU5	G8GJ94	28.000	335	766	575	1.415E-20	101
A0A3G1QTU5	Q5SBP1	28.400	266	766	599	1.415E-20	101
A0A3G1QTU5	B6SCF4	28.500	305	766	613	1.867E-20	100
A0A3G1QTU5	G5CV46	26.200	266	766	555	2.465E-20	100
A0A3G1QTU5	H9L9E5	30.100	248	766	556	2.465E-20	100
A0A3G1QTU5	A4FVP2	27.000	350	766	565	2.465E-20	100
A0A3G1QTU5	P0DI76	26.700	330	766	600	2.465E-20	100
A0A3G1QTU5	P0DI77	26.700	330	766	600	2.465E-20	100
A0A3G1QTU5	A0A4Y5QWK5	27.900	327	766	633	2.465E-20	100
A0A3G1QTU5	B3TPQ6	28.400	262	766	550	3.253E-20	100
A0A3G1QTU5	K4L9M2	28.500	253	766	561	3.253E-20	100
A0A3G1QTU5	A0A1W6GW18	28.200	285	766	546	4.294E-20	99
A0A3G1QTU5	K4LMW2	25.100	401	766	561	5.668E-20	99
A0A3G1QTU5	B9S9Z3	28.600	263	766	558	7.481E-20	98
A0A3G1QTU5	E2E2P1	31.000	272	766	601	7.481E-20	98
A0A3G1QTU5	Q5SBP2	28.300	266	766	598	9.873E-20	98
A0A3G1QTU5	A0A1W6GW32	28.600	285	766	546	1.303E-19	98
A0A3G1QTU5	Q49SP7	29.500	252	766	545	1.720E-19	97
A0A3G1QTU5	A0A4Y5L9K3	27.500	271	766	571	1.720E-19	97
A0A3G1QTU5	W6HUT3	25.800	360	766	593	1.720E-19	97
A0A3G1QTU5	J7LP58	27.100	292	766	564	2.270E-19	97
A0A3G1QTU5	P0CJ43	24.800	417	766	589	2.270E-19	97
A0A3G1QTU5	J9R5V4	26.800	299	766	562	5.217E-19	96
A0A3G1QTU5	Q9ZUH4	25.800	324	766	591	5.217E-19	96
A0A3G1QTU5	Q9LLR9	27.400	259	766	547	6.885E-19	95
A0A3G1QTU5	B1B1U3	28.600	275	766	548	6.885E-19	95
A0A3G1QTU5	Q8L5K4	29.200	273	766	600	6.885E-19	95
A0A3G1QTU5	I6RAQ6	27.700	295	766	547	9.087E-19	95
A0A3G1QTU5	G5CV52	27.700	258	766	554	9.087E-19	95
A0A3G1QTU5	Q84ND0	32.900	234	766	581	1.199E-18	94
A0A3G1QTU5	Q84NC9	32.900	234	766	584	1.199E-18	94
A0A3G1QTU5	Q2XSC6	30.800	267	766	602	1.199E-18	94
A0A3G1QTU5	A0A348AUW0	26.500	250	766	554	1.582E-18	94
A0A3G1QTU5	A0A348AUV7	26.500	250	766	554	1.582E-18	94
A0A3G1QTU5	O23945	25.500	251	766	556	1.582E-18	94
A0A3G1QTU5	Q94JS8	25.000	310	766	560	2.756E-18	93
A0A3G1QTU5	F8UL81	28.000	252	766	548	3.636E-18	93
A0A3G1QTU5	E2E2N7	26.400	291	766	555	3.636E-18	93
A0A3G1QTU5	A0A4Y5QZ62	23.800	385	766	554	6.332E-18	92
A0A3G1QTU5	R4YZC3	30.200	271	766	596	6.332E-18	92
A0A3G1QTU5	Q2XSC4	28.700	266	766	538	1.102E-17	91
A0A3G1QTU5	D0VMR7	26.400	299	766	547	1.102E-17	91
A0A3G1QTU5	A0A4Y5QWA6	23.800	385	766	554	1.919E-17	91
A0A3G1QTU5	Q9LRZ6	23.800	377	766	598	1.919E-17	91
A0A3G1QTU5	D0VMR6	25.700	299	766	547	2.533E-17	90
A0A3G1QTU5	Q9FXY7	24.100	406	766	577	2.533E-17	90
A0A3G1QTU5	Q8SA63	26.800	252	766	548	3.342E-17	90
A0A3G1QTU5	Q49SP3	26.400	255	766	552	3.342E-17	90
A0A3G1QTU5	P0CV96	29.500	294	766	580	3.342E-17	90
A0A3G1QTU5	D0VMR8	25.700	299	766	547	5.817E-17	89
A0A3G1QTU5	I6QPS5	28.300	252	766	549	5.817E-17	89
A0A3G1QTU5	A0A348AUW1	26.800	250	766	554	5.817E-17	89
A0A3G1QTU5	A0A167V661	26.800	250	766	554	5.817E-17	89
A0A3G1QTU5	A0A348AUV5	26.800	250	766	554	5.817E-17	89
A0A3G1QTU5	Q5SBP6	28.500	243	766	546	7.675E-17	89
A0A3G1QTU5	P0CV94	30.200	275	766	519	1.013E-16	88
A0A3G1QTU5	P0CV95	28.500	294	766	578	1.013E-16	88
A0A3G1QTU5	A0A348AUV9	26.600	248	766	554	1.336E-16	88
A0A3G1QTU5	E2E2N4	28.300	297	766	554	1.336E-16	88
A0A3G1QTU5	B1B1U4	25.300	300	766	554	3.068E-16	87
A0A3G1QTU5	A0A2R4QKX7	29.900	261	766	561	3.068E-16	87
A0A3G1QTU5	Q84LB2	25.800	333	766	576	3.068E-16	87
A0A3G1QTU5	Q0VHD6	24.000	309	766	550	4.048E-16	86
A0A3G1QTU5	A0A1V0QSF4	25.400	373	766	615	4.048E-16	86
A0A3G1QTU5	I7GPX8	26.600	267	766	595	5.341E-16	86
A0A3G1QTU5	B2C4D0	27.300	256	766	547	9.295E-16	85
A0A3G1QTU5	W0FFD7	27.800	248	766	559	9.295E-16	85
A0A3G1QTU5	C5YHH7	23.200	300	766	541	1.226E-15	85
A0A3G1QTU5	Q49SP4	28.500	256	766	545	1.226E-15	85
A0A3G1QTU5	A0A1V0QSG1	27.600	260	766	640	2.134E-15	84
A0A3G1QTU5	Q5SBP5	28.200	248	766	540	3.714E-15	83
A0A3G1QTU5	A0A1D6EFT8	26.600	254	766	557	1.124E-14	81
A0A3G1QTU5	H2ELN1	25.100	348	766	522	1.359E-13	78
A0A3G1QTU5	C5YHI2	25.100	295	766	545	4.113E-13	76
A0A3G1QTU5	U3LW50	24.800	247	766	555	5.425E-13	76
A0A3G1QTU5	A0A1L2D3T3	23.800	267	766	563	9.437E-13	75
A0A3G1QTU5	A5Y5L5	27.500	225	766	610	1.641E-12	74
A0A3G1QTU5	J7LMP2	24.500	256	766	565	2.855E-12	74
A0A3G1QTU5	Q8LSC3	24.500	267	766	583	3.765E-12	73
A0A3G1QTU5	Q49SP6	25.600	267	766	554	7.899E-11	69
A0A3G1QTU5	I1M2G5	21.800	336	766	534	5.476E-10	66
A0A3G1QTU5	Q84UV0	23.600	284	766	569	3.465E-08	60
C0HLF7	P0DJN6	82.700	110	107	138	1.338E-65	218
C0HLF7	C0HM14	82.700	110	107	122	2.517E-65	217
C0HLF7	P86169	82.700	110	107	122	2.517E-65	217
C0HLF7	Q6EER2	81.900	111	107	138	2.517E-65	217
C0HLF7	A0A193CHJ5	82.700	110	107	138	2.517E-65	217
C0HLF7	P62022	82.700	110	107	138	2.517E-65	217
C0HLF7	P62023	82.700	110	107	138	2.517E-65	217
C0HLF7	P0CG56	80.900	110	107	122	4.327E-64	213
C0HLF7	P0CAS5	79.000	110	107	122	4.956E-62	207
C0HLF7	P0CAS2	78.100	110	107	122	9.326E-62	207
C0HLF7	P24027	78.800	109	107	138	2.407E-61	205
C0HLF7	P0CAS6	77.900	109	107	122	2.200E-60	203
C0HLF7	P14421	80.000	110	107	122	3.018E-60	202
C0HLF7	P0CAS3	76.100	109	107	122	5.678E-60	201
C0HLF7	C0HJL8	75.600	111	107	122	2.758E-59	199
C0HLF7	P0CAS4	73.300	109	107	122	2.521E-58	197
C0HLF7	P86806	76.100	108	107	122	1.680E-57	194
C0HLF7	P0CAS7	74.500	109	107	121	3.161E-57	194
C0HLF7	P86805	74.300	108	107	122	1.535E-56	192
C0HLF7	Q90W39	73.600	110	107	138	4.155E-53	182
C0HLF7	Q6EER5	71.800	110	107	122	3.799E-52	179
C0HLF7	Q71QE8	72.000	111	107	138	3.799E-52	179
C0HLF7	P0C942	68.100	110	107	122	9.808E-52	178
C0HLF7	Q1ZY03	71.800	110	107	138	9.808E-52	178
C0HLF7	Q805A2	70.000	110	107	138	2.316E-50	174
C0HLF7	Q6EER6	70.000	110	107	122	8.202E-50	172
C0HLF7	P0C943	65.400	110	107	122	1.544E-49	171
C0HLF7	Q6EER4	67.200	110	107	138	1.937E-48	168
C0HLF7	P86974	66.900	109	107	122	2.657E-48	168
C0HLF7	P0DJN7	68.100	110	107	138	5.001E-48	167
C0HLF7	Q6H3C5	65.100	109	107	122	1.771E-47	166
C0HLF7	P20474	66.000	109	107	138	2.430E-47	165
C0HLF7	Q2YHJ2	65.100	109	107	138	3.334E-47	165
C0HLF7	Q6EER3	67.200	110	107	138	3.334E-47	165
C0HLF7	Q2YHJ7	65.100	109	107	138	4.574E-47	164
C0HLF7	O42187	66.900	109	107	138	1.080E-45	160
C0HLF7	P04417	64.500	110	107	122	2.033E-45	160
C0HLF7	Q8JIG0	66.600	108	107	138	2.033E-45	160
C0HLF7	Q02517	66.600	108	107	138	2.033E-45	160
C0HLF7	Q90Y77	66.600	108	107	138	2.790E-45	159
C0HLF7	P59071	64.200	109	107	121	1.356E-44	157
C0HLF7	A8CG84	64.200	109	107	137	1.356E-44	157
C0HLF7	P06860	64.800	108	107	122	2.552E-44	156
C0HLF7	F8QN54	61.400	109	107	138	6.590E-44	155
C0HLF7	Q8JIY9	63.600	110	107	138	9.041E-44	155
C0HLF7	P86368	62.300	109	107	121	1.240E-43	154
C0HLF7	P59265	63.800	108	107	122	3.203E-43	153
C0HLF7	O42189	64.700	102	107	124	1.135E-42	152
C0HLF7	P14424	59.600	109	107	138	1.135E-42	152
C0HLF7	C0HKC3	60.100	103	107	139	1.135E-42	152
C0HLF7	C0HJC1	61.400	109	107	122	1.557E-42	151
C0HLF7	C0HKC4	60.100	103	107	123	2.136E-42	151
C0HLF7	P84674	60.500	109	107	121	2.931E-42	151
C0HLF7	O42190	63.100	103	107	124	7.569E-42	149
C0HLF7	P59171	58.700	109	107	138	7.569E-42	149
C0HLF7	P11407	59.600	109	107	138	1.038E-41	149
C0HLF7	P00626	59.600	109	107	138	1.038E-41	149
C0HLF7	Q9I968	59.000	110	107	138	3.367E-40	145
C0HLF7	Q92147	56.300	110	107	138	1.637E-39	143
C0HLF7	F8QN53	56.300	110	107	137	3.081E-39	142
C0HLF7	F8QN51	54.500	110	107	137	4.228E-39	141
C0HLF7	A8CG86	56.300	110	107	138	5.800E-39	141
C0HLF7	Q6H3C7	55.600	106	107	139	1.092E-38	140
C0HLF7	Q9PVF2	55.600	106	107	139	1.092E-38	140
C0HLF7	P84651	54.500	110	107	122	1.498E-38	140
C0HLF7	P86907	54.900	110	107	122	1.498E-38	140
C0HLF7	Q7T2R1	55.400	110	107	138	2.055E-38	139
C0HLF7	P0C8M1	62.500	110	107	121	2.820E-38	139
C0HLF7	P31100	53.600	110	107	138	2.820E-38	139
C0HLF7	P59172	54.500	110	107	139	3.869E-38	139
C0HLF7	P59170	54.500	110	107	139	5.309E-38	138
C0HLF7	Q910A0	56.000	107	107	138	9.994E-38	138
C0HLF7	Q10755	54.100	109	107	122	1.371E-37	137
C0HLF7	Q6H3C8	54.500	110	107	138	1.371E-37	137
C0HLF7	A8CG78	52.700	110	107	138	1.371E-37	137
C0HLF7	A8CG87	52.700	110	107	138	1.371E-37	137
C0HLF7	P86803	58.500	110	107	121	1.881E-37	137
C0HLF7	P24293	55.400	110	107	121	1.881E-37	137
C0HLF7	P81458	54.500	110	107	121	1.881E-37	137
C0HLF7	P14420	54.100	109	107	122	1.881E-37	137
C0HLF7	A8CG90	55.400	110	107	137	1.881E-37	137
C0HLF7	Q8JFG0	54.100	109	107	138	1.881E-37	137
C0HLF7	P0DKR3	53.600	110	107	122	3.542E-37	136
C0HLF7	Q90ZZ9	54.500	110	107	138	3.542E-37	136
C0HLF7	Q7LZQ4	54.900	102	107	124	4.859E-37	136
C0HLF7	Q1RP78	53.200	109	107	138	4.859E-37	136
C0HLF7	Q1RP79	53.200	109	107	138	4.859E-37	136
C0HLF7	Q910A1	53.600	110	107	138	6.667E-37	135
C0HLF7	P0DKR5	53.200	109	107	122	1.722E-36	134
C0HLF7	G3DT18	51.800	110	107	138	2.363E-36	134
C0HLF7	Q8QG87	50.900	110	107	138	2.363E-36	134
C0HLF7	P86389	52.600	112	107	124	3.242E-36	133
C0HLF7	P20249	50.400	109	107	122	4.448E-36	133
C0HLF7	P14418	53.900	102	107	124	4.448E-36	133
C0HLF7	F8QN52	52.700	110	107	138	4.448E-36	133
C0HLF7	P86456	53.200	108	107	121	6.103E-36	132
C0HLF7	P31854	50.000	110	107	138	6.103E-36	132
C0HLF7	P24294	51.800	110	107	121	8.373E-36	132
C0HLF7	Q7SID6	53.900	102	107	123	8.373E-36	132
C0HLF7	C3W4R6	52.200	109	107	138	8.373E-36	132
C0HLF7	A8E2V8	54.900	102	107	139	8.373E-36	132
C0HLF7	P34180	53.600	110	107	137	1.149E-35	132
C0HLF7	P20476	50.000	110	107	138	1.149E-35	132
C0HLF7	Q6H3D0	50.000	110	107	138	1.149E-35	132
C0HLF7	P81478	55.100	107	107	122	1.576E-35	131
C0HLF7	B6CQR5	52.200	109	107	138	1.576E-35	131
C0HLF7	Q2YHJ5	50.400	109	107	122	2.163E-35	131
C0HLF7	Q98996	51.800	110	107	138	2.163E-35	131
C0HLF7	A0A411EZW9	50.900	106	107	138	2.163E-35	131
C0HLF7	Q8AXY1	53.200	109	107	138	2.163E-35	131
C0HLF7	Q6H3C9	55.800	102	107	138	2.163E-35	131
C0HLF7	Q2HZ28	48.600	109	107	138	2.968E-35	130
C0HLF7	P21789	52.700	110	107	120	4.072E-35	130
C0HLF7	P81480	49.000	110	107	122	1.052E-34	129
C0HLF7	C9DPL5	50.900	110	107	122	1.052E-34	129
C0HLF7	Q6H3C6	54.900	102	107	122	1.052E-34	129
C0HLF7	Q800C3	51.800	106	107	138	1.052E-34	129
C0HLF7	Q800C4	50.000	110	107	138	1.052E-34	129
C0HLF7	Q9PWR6	50.900	110	107	138	1.052E-34	129
C0HLF7	Q800C1	50.900	106	107	138	1.052E-34	129
C0HLF7	Q02471	51.300	109	107	138	1.052E-34	129
C0HLF7	Q9YGJ7	52.700	109	107	137	1.443E-34	128
C0HLF7	Q2YHJ6	53.200	107	107	138	1.443E-34	128
C0HLF7	Q91506	58.200	102	107	122	1.980E-34	128
C0HLF7	P86804	55.800	110	107	121	2.717E-34	128
C0HLF7	Q9I8F8	48.600	109	107	122	2.717E-34	128
C0HLF7	Q7ZTA6	50.000	108	107	138	2.717E-34	128
C0HLF7	D6MKR0	50.400	109	107	138	2.717E-34	128
C0HLF7	Q9PVF1	53.900	102	107	126	5.115E-34	127
C0HLF7	Q7ZTA7	50.900	106	107	138	5.115E-34	127
C0HLF7	Q9PVE9	53.900	102	107	139	5.115E-34	127
C0HLF7	P0DJP4	52.300	107	107	122	7.018E-34	126
C0HLF7	P00622	57.700	90	107	121	9.629E-34	126
C0HLF7	P82896	51.400	107	107	122	9.629E-34	126
C0HLF7	P00624	49.500	109	107	138	9.629E-34	126
C0HLF7	P06859	58.800	101	107	138	9.629E-34	126
C0HLF7	Q9PVF0	52.900	102	107	126	1.321E-33	126
C0HLF7	Q2PG83	57.800	101	107	138	1.813E-33	125
C0HLF7	P00623	48.600	109	107	138	1.813E-33	125
C0HLF7	C7G1G6	56.300	110	107	138	1.813E-33	125
C0HLF7	P0DJJ8	56.300	110	107	138	3.413E-33	124
C0HLF7	Q7T3S7	50.000	110	107	136	8.816E-33	123
C0HLF7	A8CG89	50.400	109	107	138	8.816E-33	123
C0HLF7	A8E2V9	54.500	110	107	136	1.210E-32	123
C0HLF7	Q7T3T5	50.000	110	107	130	1.660E-32	123
C0HLF7	P0CAR9	49.000	109	107	137	1.660E-32	123
C0HLF7	A8CG82	49.500	109	107	138	1.660E-32	123
C0HLF7	P39877	48.600	111	107	138	1.660E-32	123
C0HLF7	Q2PG81	55.800	102	107	137	3.125E-32	122
C0HLF7	P47711	51.300	113	107	145	3.125E-32	122
C0HLF7	D0UGJ0	44.500	110	107	139	4.288E-32	121
C0HLF7	P31482	51.300	113	107	146	5.883E-32	121
C0HLF7	P00621	50.400	107	107	119	8.072E-32	121
C0HLF7	Q9UNK4	50.800	112	107	145	3.926E-31	119
C0HLF7	Q9WVF6	48.200	112	107	144	2.620E-30	116
C0HLF7	C0HM79	51.400	99	107	95	3.595E-30	116
C0HLF7	P00620	50.000	103	107	118	3.595E-30	116
C0HLF7	P14423	48.200	112	107	146	1.274E-29	114
C0HLF7	P0DUN3	46.600	103	107	107	1.167E-28	111
C0HLF7	P51433	45.900	111	107	137	2.197E-28	111
C0HLF7	Q56JZ2	47.700	111	107	144	7.790E-28	109
C0HLF7	Q9NZK7	48.200	111	107	142	9.790E-27	106
C0HLF7	P48076	45.700	107	107	150	2.529E-26	105
C0HLF7	Q9QUL3	47.300	111	107	142	6.535E-26	104
C0HLF7	C0HK05	89.300	47	107	47	5.986E-25	101
C0HLF7	P0CAS0	44.500	108	107	136	5.986E-25	101
C0HLF7	P0DUN4	41.700	103	107	92	2.912E-24	99
C0HLF7	B3EWP6	63.300	60	107	60	1.032E-23	97
C0HLF7	P82893	60.800	69	107	70	3.660E-23	96
C0HLF7	P08872	47.800	92	107	144	4.600E-22	93
C0HLF7	C0HKB8	47.800	93	107	117	6.312E-22	92
C0HLF7	P0CV89	51.100	90	107	61	8.661E-22	92
C0HLF7	Q7T2Q4	45.200	95	107	147	2.238E-21	91
C0HLF7	Q9PTA6	47.400	95	107	138	4.213E-21	90
C0HLF7	Q8UUH8	46.700	92	107	145	5.781E-21	89
C0HLF7	P0DJ62	61.000	59	107	60	2.812E-20	87
C0HLF7	Q8UUI0	45.600	92	107	155	2.812E-20	87
C0HLF7	F5CPF0	43.600	93	107	140	3.859E-20	87
C0HLF7	P10116	44.500	92	107	118	5.295E-20	87
C0HLF7	Q6T179	42.500	94	107	126	5.295E-20	87
C0HLF7	P00613	45.000	102	107	118	7.265E-20	86
C0HLF7	Q9PU97	46.400	95	107	137	9.969E-20	86
C0HLF7	Q6YIJ3	46.400	95	107	137	9.969E-20	86
C0HLF7	Q8UUH7	44.500	92	107	154	9.969E-20	86
C0HLF7	Q9PTA7	46.400	95	107	133	1.368E-19	85
C0HLF7	Q90251	46.400	95	107	137	1.368E-19	85
C0HLF7	P00611	43.100	102	107	145	1.368E-19	85
C0HLF7	Q9BZM2	40.000	113	107	168	1.368E-19	85
C0HLF7	P0DM51	69.300	49	107	50	1.877E-19	85
C0HLF7	Q9PTA5	47.000	95	107	137	1.877E-19	85
C0HLF7	Q8UUH9	44.500	92	107	155	2.575E-19	85
C0HLF7	Q6YNQ0	45.400	95	107	137	3.534E-19	84
C0HLF7	Q8AY48	46.400	95	107	137	3.534E-19	84
C0HLF7	P00618	46.400	95	107	145	3.534E-19	84
C0HLF7	P00619	45.400	95	107	147	3.534E-19	84
C0HLF7	P00612	44.100	102	107	118	4.849E-19	84
C0HLF7	Q9PTA1	46.400	95	107	145	4.849E-19	84
C0HLF7	P00617	46.400	95	107	147	4.849E-19	84
C0HLF7	P25498	44.600	94	107	119	6.653E-19	83
C0HLF7	P20255	44.500	92	107	118	1.253E-18	83
C0HLF7	P60044	43.900	91	107	126	1.253E-18	83
C0HLF7	P08873	44.500	92	107	145	1.253E-18	83
C0HLF7	P81237	43.400	92	107	118	1.719E-18	82
C0HLF7	P00595	43.600	94	107	119	3.236E-18	81
C0HLF7	C1IC46	45.800	95	107	137	3.236E-18	81
C0HLF7	Q6SLM1	43.600	93	107	137	3.236E-18	81
C0HLF7	P00606	46.300	93	107	145	3.236E-18	81
C0HLF7	Q75S51	52.700	74	107	147	3.236E-18	81
C0HLF7	P20256	43.400	92	107	118	4.440E-18	81
C0HLF7	P15445	43.600	94	107	119	4.440E-18	81
C0HLF7	C1IC45	45.800	95	107	137	4.440E-18	81
C0HLF7	P0C932	62.000	50	107	50	6.093E-18	81
C0HLF7	P20250	42.300	92	107	117	6.093E-18	81
C0HLF7	P60045	42.500	94	107	126	6.093E-18	81
C0HLF7	Q9I900	43.600	94	107	146	6.093E-18	81
C0HLF7	Q92086	42.500	94	107	146	6.093E-18	81
C0HLF7	Q9PUH9	44.600	94	107	147	6.093E-18	81
C0HLF7	Q45Z29	43.000	100	107	151	6.093E-18	81
C0HLF7	Q45Z30	43.000	100	107	151	6.093E-18	81
C0HLF7	P20251	42.300	92	107	118	8.360E-18	80
C0HLF7	P04056	43.400	92	107	118	8.360E-18	80
C0HLF7	P20253	42.300	92	107	118	8.360E-18	80
C0HLF7	P14615	42.500	93	107	120	8.360E-18	80
C0HLF7	Q8QFW4	44.400	95	107	147	8.360E-18	80
C0HLF7	Q9DF52	41.400	93	107	145	1.147E-17	80
C0HLF7	Q9PUI0	44.600	94	107	147	1.147E-17	80
C0HLF7	Q45Z26	43.000	100	107	151	1.147E-17	80
C0HLF7	Q45Z28	43.000	100	107	151	1.147E-17	80
C0HLF7	Q9QXX3	39.300	99	107	151	1.147E-17	80
C0HLF7	Q9W7J3	42.000	99	107	154	1.147E-17	80
C0HLF7	Q8QFW3	45.200	95	107	147	1.574E-17	79
C0HLF7	P20258	42.300	92	107	117	2.159E-17	79
C0HLF7	P20252	42.300	92	107	118	2.159E-17	79
C0HLF7	P20254	42.300	92	107	118	2.159E-17	79
C0HLF7	Q9PSN5	42.000	100	107	125	2.159E-17	79
C0HLF7	P0C551	43.000	99	107	142	2.159E-17	79
C0HLF7	Q9PUH5	42.300	92	107	145	2.159E-17	79
C0HLF7	Q92084	42.500	94	107	146	2.159E-17	79
C0HLF7	Q9PUH8	44.600	94	107	147	2.159E-17	79
C0HLF7	A4FS04	42.500	94	107	119	2.963E-17	79
C0HLF7	P00597	42.500	94	107	146	2.963E-17	79
C0HLF7	P00598	42.500	94	107	146	2.963E-17	79
C0HLF7	Q92085	41.400	94	107	146	2.963E-17	79
C0HLF7	P60043	43.900	91	107	126	4.065E-17	78
C0HLF7	Q6SLM0	42.500	93	107	137	4.065E-17	78
C0HLF7	Q8UUI1	42.300	92	107	145	4.065E-17	78
C0HLF7	Q9PUH6	42.300	92	107	145	4.065E-17	78
C0HLF7	Q7T1R1	45.700	94	107	146	4.065E-17	78
C0HLF7	D2X8K2	41.200	108	107	119	5.578E-17	78
C0HLF7	P00600	42.500	94	107	119	5.578E-17	78
C0HLF7	Q9I843	42.100	102	107	145	5.578E-17	78
C0HLF7	Q9I845	42.100	102	107	145	5.578E-17	78
C0HLF7	Q9I846	42.100	102	107	145	5.578E-17	78
C0HLF7	Q7T1R0	43.400	94	107	146	5.578E-17	78
C0HLF7	Q9I844	42.100	102	107	145	7.654E-17	78
C0HLF7	Q9I847	42.100	102	107	145	7.654E-17	78
C0HLF7	Q45Z25	42.000	100	107	151	7.654E-17	78
C0HLF7	P04055	44.300	97	107	146	1.050E-16	77
C0HLF7	Q91133	42.500	94	107	146	1.050E-16	77
C0HLF7	P00601	42.500	94	107	119	1.441E-16	77
C0HLF7	Q6SLM2	42.500	93	107	137	1.441E-16	77
C0HLF7	Q8JFG2	43.000	100	107	152	1.441E-16	77
C0HLF7	Q9I842	41.100	102	107	145	2.712E-16	76
C0HLF7	Q9I837	41.100	102	107	145	3.722E-16	76
C0HLF7	Q9PUI1	42.500	94	107	145	5.106E-16	75
C0HLF7	P59359	42.500	94	107	145	5.106E-16	75
C0HLF7	Q9QZT3	38.300	99	107	151	5.106E-16	75
C0HLF7	P00599	40.800	93	107	118	7.006E-16	75
C0HLF7	P19000	43.400	92	107	145	7.006E-16	75
C0HLF7	Q4VRI5	41.400	99	107	154	7.006E-16	75
C0HLF7	Q8UUI4	43.400	92	107	145	9.612E-16	74
C0HLF7	P80966	43.000	100	107	151	9.612E-16	74
C0HLF7	P81236	42.300	92	107	119	1.319E-15	74
C0HLF7	O15496	38.400	91	107	165	1.319E-15	74
C0HLF7	F5CPF1	41.000	95	107	142	1.809E-15	74
C0HLF7	Q8UW30	41.700	103	107	146	1.809E-15	74
C0HLF7	Q9PUH7	41.900	93	107	144	3.406E-15	73
C0HLF7	Q45Z42	41.900	93	107	146	3.406E-15	73
C0HLF7	P0CAS9	88.200	34	107	34	6.411E-15	72
C0HLF7	P00604	41.300	92	107	118	6.411E-15	72
C0HLF7	Q9PUH0	41.100	102	107	146	6.411E-15	72
C0HLF7	P00602	41.300	92	107	118	8.796E-15	72
C0HLF7	Q8AY47	50.000	72	107	139	8.796E-15	72
C0HLF7	P00609	39.700	93	107	119	1.207E-14	71
C0HLF7	Q9PUH4	40.100	102	107	146	1.207E-14	71
C0HLF7	P00605	41.300	92	107	118	1.656E-14	71
C0HLF7	Q9PUH1	41.100	102	107	146	2.271E-14	70
C0HLF7	Q9PUH2	40.100	102	107	146	4.275E-14	70
C0HLF7	Q9PUH3	39.200	102	107	146	4.275E-14	70
C0HLF7	Q3C2C1	32.300	130	107	158	4.275E-14	70
C0HLF7	P00603	40.200	92	107	118	5.865E-14	69
C0HLF7	Q9PUG9	40.200	93	107	144	5.865E-14	69
C0HLF7	P00610	38.800	103	107	119	1.514E-13	68
C0HLF7	F8J2D2	40.800	93	107	146	3.909E-13	67
C0HLF7	Q3C2C2	36.000	111	107	159	1.009E-12	66
C0HLF7	Q9PRG0	40.400	94	107	145	2.605E-12	64
C0HLF7	P0DM50	64.100	39	107	40	1.265E-11	63
C0HLF7	P59068	55.700	52	107	57	1.265E-11	63
C0HLF7	Q9PSF9	63.100	38	107	39	3.724E-09	55
C0HLF7	P14422	58.900	39	107	68	4.648E-08	52
A0A2R6P624	P51094	52.600	454	458	456	1.061E-154	494
A0A2R6P624	A0A2R6Q8R5	54.200	446	458	456	2.205E-152	488
A0A2R6P624	Q9SBQ8	52.100	446	458	451	9.533E-151	483
A0A2R6P624	Q5UL10	52.800	454	458	465	1.607E-149	479
A0A2R6P624	P0DO58	54.800	454	458	464	3.011E-149	479
A0A2R6P624	Q9LFJ8	50.600	452	458	460	1.446E-148	477
A0A2R6P624	Q96493	53.800	440	458	453	6.944E-148	475
A0A2R6P624	P0DO59	52.600	450	458	454	6.247E-147	472
A0A2R6P624	Q66PF5	51.400	455	458	466	1.440E-145	468
A0A2R6P624	Q43641	49.800	426	458	433	4.765E-127	414
A0A2R6P624	Q40289	57.200	281	458	287	1.526E-103	346
A0A2R6P624	P16167	40.200	456	458	471	1.276E-91	311
A0A2R6P624	P16165	40.200	456	458	471	6.056E-91	309
A0A2R6P624	P16166	40.200	456	458	471	3.925E-90	307
A0A2R6P624	P14726	38.900	446	458	455	6.462E-84	289
A0A2R6P624	G3FIN8	32.200	359	458	483	1.346E-55	205
A0A2R6P624	G3FIN9	32.200	353	458	483	8.460E-55	203
A0A2R6P624	U5NH37	30.500	469	458	482	6.136E-53	198
A0A2R6P624	U3U992	30.500	469	458	482	6.136E-53	198
A0A2R6P624	Q94AB5	30.000	443	458	458	9.600E-52	194
A0A2R6P624	B2XBQ5	30.300	456	458	483	9.600E-52	194
A0A2R6P624	F8WKW1	31.600	359	458	481	5.070E-50	189
A0A2R6P624	F8WLS6	27.500	477	458	487	1.265E-49	188
A0A2R6P624	A0A3B6XRM0	28.300	466	458	490	1.961E-48	184
A0A2R6P624	K4D3V7	30.200	360	458	475	5.562E-47	180
A0A2R6P624	B4G072	31.700	358	458	462	2.876E-45	175
A0A2R6P624	A0A067YB04	29.600	369	458	471	3.247E-44	171
A0A2R6P624	A0A193AU77	28.200	459	458	517	3.654E-43	168
A0A2R6P624	Q2V6J9	31.600	359	458	487	9.048E-43	167
A0A2R6P624	Q9MB73	31.000	360	458	511	9.048E-43	167
A0A2R6P624	K7NBW3	26.900	446	458	454	2.239E-42	166
A0A2R6P624	Q9ZR27	32.000	345	458	460	2.239E-42	166
A0A2R6P624	A0A193AUF6	25.700	466	458	506	5.539E-42	165
A0A2R6P624	D3UAG5	31.500	391	458	483	1.852E-41	163
A0A2R6P624	Q66PF4	28.400	362	458	555	2.503E-41	163
A0A2R6P624	O22820	25.900	443	458	449	3.384E-41	162
A0A2R6P624	P0DO73	29.200	457	458	485	5.090E-40	159
A0A2R6P624	V5LLZ9	25.600	458	458	510	5.090E-40	159
A0A2R6P624	A0A0A6ZFR4	26.800	437	458	451	6.876E-40	158
A0A2R6P624	O23401	28.600	469	458	479	6.876E-40	158
A0A2R6P624	Q41819	29.100	462	458	471	9.289E-40	158
A0A2R6P624	P0DO74	28.300	448	458	460	1.695E-39	157
A0A2R6P624	Q9LR44	26.900	447	458	469	3.092E-39	156
A0A2R6P624	Q9ZR25	29.000	454	458	461	4.176E-39	156
A0A2R6P624	Q94C57	30.400	352	458	483	3.415E-38	153
A0A2R6P624	A0A067YBQ3	29.200	356	458	451	4.609E-38	153
A0A2R6P624	Q5H861	28.600	483	458	491	6.221E-38	153
A0A2R6P624	Q9LVF0	25.000	459	458	496	6.221E-38	153
A0A2R6P624	O23402	28.700	466	458	475	8.396E-38	152
A0A2R6P624	K4GKX2	35.100	273	458	495	1.529E-37	151
A0A2R6P624	K4GGT4	35.800	265	458	495	2.063E-37	151
A0A2R6P624	Q8W491	29.700	351	458	481	2.783E-37	151
A0A2R6P624	Q8H0F2	28.500	409	458	482	2.783E-37	151
A0A2R6P624	Q9ZQG4	29.800	399	458	484	3.755E-37	150
A0A2R6P624	Q9SBL1	26.300	466	458	492	3.755E-37	150
A0A2R6P624	Q9AR73	33.300	287	458	470	1.243E-36	149
A0A2R6P624	Q9ZR26	32.900	283	458	443	2.261E-36	148
A0A2R6P624	Q2V6K0	28.400	405	458	479	2.261E-36	148
A0A2R6P624	A0A0K0PVW1	29.300	372	458	472	3.048E-36	147
A0A2R6P624	Q767C8	28.500	386	458	463	5.541E-36	147
A0A2R6P624	A6BM07	29.600	338	458	474	5.541E-36	147
A0A2R6P624	Q7Y232	28.800	402	458	484	7.470E-36	146
A0A2R6P624	Q40287	31.200	297	458	487	1.007E-35	146
A0A2R6P624	Q9AT54	29.000	381	458	476	2.465E-35	145
A0A2R6P624	Q9M156	29.200	471	458	480	2.465E-35	145
A0A2R6P624	Q6X1C0	28.700	445	458	460	3.322E-35	144
A0A2R6P624	A0A068J840	28.400	374	458	475	4.477E-35	144
A0A2R6P624	A0A0K0PVM5	28.900	374	458	475	4.477E-35	144
A0A2R6P624	A0A0A7HB61	28.300	372	458	473	8.126E-35	143
A0A2R6P624	A0A0K0PVL3	29.000	372	458	472	1.475E-34	142
A0A2R6P624	O81498	30.400	304	458	481	6.533E-34	140
A0A2R6P624	K4GIP0	27.600	407	458	495	8.796E-34	140
A0A2R6P624	Q40285	30.300	326	458	346	1.594E-33	139
A0A2R6P624	A7MAS5	29.200	382	458	481	1.594E-33	139
A0A2R6P624	Q9LVR1	30.700	304	458	481	1.594E-33	139
A0A2R6P624	K4GHS2	33.500	265	458	495	5.231E-33	138
A0A2R6P624	Q76MR7	29.600	358	458	441	7.039E-33	137
A0A2R6P624	Q8W3P8	27.200	372	458	478	4.171E-32	135
A0A2R6P624	B2NID7	25.600	483	458	504	5.609E-32	134
A0A2R6P624	Q40288	29.300	336	458	394	1.363E-31	133
A0A2R6P624	P0DO75	30.300	295	458	486	3.311E-31	132
A0A2R6P624	P56725	32.200	282	458	454	3.515E-30	129
A0A2R6P624	O82381	32.600	234	458	481	1.534E-29	127
A0A2R6P624	O82383	24.800	447	458	467	2.764E-29	126
A0A2R6P624	Q9LML6	31.200	285	458	479	3.710E-29	126
A0A2R6P624	Q33DV3	26.200	345	458	457	6.680E-29	125
A0A2R6P624	Q9ZSK5	35.400	203	458	459	1.613E-28	124
A0A2R6P624	C3W7B0	32.200	291	458	471	2.163E-28	123
A0A2R6P624	A0A224AM54	31.000	289	458	472	2.901E-28	123
A0A2R6P624	A0A224AKZ9	31.000	289	458	472	2.901E-28	123
A0A2R6P624	Q5VMI0	31.800	291	458	471	3.890E-28	123
A0A2R6P624	D4Q9Z4	27.200	367	458	495	3.026E-27	120
A0A2R6P624	Q5NTH0	31.200	238	458	438	4.197E-26	116
A0A2R6P624	Q9LSY9	32.000	227	458	473	5.619E-26	116
A0A2R6P624	Q40286	30.100	219	458	241	3.227E-25	113
A0A2R6P624	A0A0A6ZFY4	30.200	260	458	442	7.722E-25	112
A0A2R6P624	Q8RXA5	28.500	252	458	463	1.381E-24	111
A0A2R6P624	A0A0A1H7N4	26.700	281	458	457	1.846E-24	111
A0A2R6P624	A0A0G4DBR5	31.300	222	458	459	3.299E-24	110
A0A2R6P624	I1KEV6	31.300	222	458	459	3.299E-24	110
A0A2R6P624	A0A0A1HA03	26.400	281	458	457	7.874E-24	109
A0A2R6P624	P0DO49	33.600	202	458	478	2.508E-23	108
A0A2R6P624	Q8GVE3	31.800	191	458	452	4.473E-23	107
A0A2R6P624	Q6WFW1	25.900	433	458	475	4.473E-23	107
A0A2R6P624	Q93XP7	27.300	256	458	467	2.531E-22	104
A0A2R6P624	D4Q9Z5	34.500	164	458	472	4.507E-22	104
A0A2R6P624	Q6JAH0	27.000	255	458	466	1.427E-21	102
A0A2R6P624	A0A2R6QXF8	28.300	250	458	457	1.410E-19	96
A0A2R6P624	Q53UH4	29.000	209	458	459	1.410E-19	96
A0A2R6P624	Q53UH5	29.000	209	458	459	1.410E-19	96
A0A2R6P624	Q9LVW3	27.700	250	458	468	2.499E-19	95
A0A2R6P624	Q18081	36.000	163	458	526	3.802E-14	78
A0A2R6P624	Q9HAW7	30.200	159	458	530	3.632E-13	75
A0A2R6P624	Q9HAW8	30.200	159	458	530	3.632E-13	75
A0A2R6P624	Q9HAW9	30.200	159	458	530	3.632E-13	75
A0A2R6P624	O60656	30.200	159	458	530	3.632E-13	75
A0A2R6P624	P19224	30.200	159	458	532	3.632E-13	75
A0A2R6P624	P22309	30.200	159	458	533	3.632E-13	75
A0A2R6P624	P22310	30.200	159	458	534	3.632E-13	75
A0A2R6P624	P35503	30.200	159	458	534	3.632E-13	75
A0A2R6P624	P35504	30.200	159	458	534	3.632E-13	75
A0A2R6P624	Q64633	26.600	203	458	531	4.815E-13	75
A0A2R6P624	Q64550	24.400	338	458	535	6.382E-13	74
A0A2R6P624	P08430	28.700	159	458	529	1.485E-12	73
A0A2R6P624	Q64634	28.700	159	458	530	1.485E-12	73
A0A2R6P624	Q28611	30.800	159	458	531	1.485E-12	73
A0A2R6P624	Q64637	28.700	159	458	531	1.485E-12	73
A0A2R6P624	Q64638	28.700	159	458	531	1.485E-12	73
A0A2R6P624	Q28612	30.800	159	458	532	1.485E-12	73
A0A2R6P624	P20720	28.700	159	458	533	1.485E-12	73
A0A2R6P624	Q62452	28.700	159	458	528	1.968E-12	73
A0A2R6P624	Q6ZQM8	28.700	159	458	531	1.968E-12	73
A0A2R6P624	Q64435	28.700	159	458	531	1.968E-12	73
A0A2R6P624	P70691	28.700	159	458	533	1.968E-12	73
A0A2R6P624	Q3SY77	55.300	65	458	523	2.608E-12	72
A0A2R6P624	Q22181	31.100	150	458	524	2.608E-12	72
A0A2R6P624	Q6NUS8	50.700	67	458	523	1.410E-11	70
A0A2R6P624	Q10941	29.200	189	458	531	1.867E-11	70
A0A2R6P624	Q8JZZ0	49.200	65	458	523	5.743E-11	68
A0A2R6P624	Q09426	27.200	192	458	541	1.765E-10	66
A0A2R6P624	Q21706	29.300	201	458	536	2.337E-10	66
A0A2R6P624	Q1LZI1	49.200	65	458	523	4.095E-10	65
A0A2R6P624	A8WLF6	43.900	65	458	536	5.421E-10	65
A0A2R6P624	Q64676	26.700	192	458	541	9.497E-10	64
A0A2R6P624	Q16880	27.200	192	458	541	1.257E-09	64
A0A2R6P624	P36514	35.000	100	458	502	2.913E-09	63
A0A2R6P624	P08541	32.900	153	458	530	2.913E-09	63
A0A2R6P624	O97951	28.200	155	458	529	3.855E-09	62
A0A2R6P624	O75310	30.100	155	458	529	6.750E-09	61
A0A2R6P624	P36537	29.500	155	458	528	8.931E-09	61
A0A2R6P624	Q9XT55	29.500	139	458	528	8.931E-09	61
A0A2R6P624	P16662	26.900	155	458	529	8.931E-09	61
A0A2R6P624	P17717	31.900	145	458	530	8.931E-09	61
A0A2R6P624	P36512	27.300	155	458	531	8.931E-09	61
A0A2R6P624	Q6K1J1	26.400	139	458	530	1.563E-08	60
A0A2R6P624	P08542	31.200	145	458	530	1.563E-08	60
A0A2R6P624	Q80X89	27.800	155	458	528	2.068E-08	60
A0A2R6P624	Q6PDD0	27.800	155	458	528	2.068E-08	60
A0A2R6P624	P36510	29.500	139	458	527	2.736E-08	59
A0A2R6P624	Q8BWQ1	32.000	100	458	534	2.736E-08	59
A0A2R6P624	Q8WN97	29.400	146	458	528	3.619E-08	59
A0A2R6P624	P06133	28.800	139	458	528	3.619E-08	59
A0A2R6P624	P19488	31.000	145	458	530	3.619E-08	59
A0A2R6P624	O02663	26.900	155	458	529	6.333E-08	58
A0A2R6P624	P34317	36.300	55	458	507	8.377E-08	58
A0A2R6P624	Q6UWM9	32.000	100	458	527	8.377E-08	58
A0A2R6P624	Q5RFJ3	32.000	100	458	527	8.377E-08	58
A0A2R6P624	P09875	32.900	84	458	529	8.377E-08	58
A0A2R6P624	O34539	28.400	179	458	392	1.108E-07	57
A0A2R6P624	O19103	27.100	139	458	523	1.465E-07	57
A0A2R6P624	Q9BY64	29.900	153	458	529	1.465E-07	57
A0A2R6P624	P36511	36.200	90	458	530	1.465E-07	57
A0A2R6P624	Q91280	41.100	67	458	472	1.938E-07	57
A0A2R6P624	Q9R110	28.800	139	458	530	1.938E-07	57
A0A2R6P624	O75795	28.900	155	458	530	4.483E-07	55
A0A2R6P624	Q62789	35.800	90	458	530	4.483E-07	55
A0A2R6P624	P54855	28.300	155	458	530	4.483E-07	55
A0A2R6P624	Q65JC2	27.600	134	458	396	6.821E-05	48
P9WEW1	W4JX79	64.900	345	350	345	6.935E-150	475
P9WEW1	P0DL13	63.400	345	350	345	7.897E-145	460
P9WEW1	A0A0D2L718	46.800	320	350	327	3.054E-99	328
P9WEW1	A0A8H7XQ49	42.200	327	350	364	9.887E-81	274
P9WEW1	A0A8H8CFI5	42.200	327	350	364	3.457E-80	273
P9WEW1	A0A8H7XP09	40.700	326	350	361	1.963E-75	259
P9WEW1	A0A8H7XMX0	33.900	328	350	344	5.485E-60	214
P9WEW1	A0A348B779	34.400	326	350	338	1.086E-57	207
P9WEW1	B8PD44	33.200	326	350	336	1.010E-54	199
P9WEW1	A8NE23	35.000	345	350	425	1.010E-54	199
P9WEW1	A8NU13	29.300	329	350	345	6.744E-43	164
P9WEW1	A0A0C3FBR2	33.300	310	350	345	9.177E-43	164
P9WEW1	A0A0C9VD04	29.800	305	350	347	3.627E-35	141
P9WEW1	C7PLV2	25.600	308	350	321	4.938E-25	111
P9WEW1	S0DX56	26.400	315	350	357	3.263E-23	105
P9WEW1	B2J4A4	24.600	308	350	323	6.931E-21	98
P9WEW1	A0A1L7VZE7	25.800	341	350	401	4.361E-19	93
P9WEW1	B5H7H3	25.400	309	350	372	5.858E-19	92
P9WEW1	A9GK58	25.800	302	350	315	1.998E-17	87
P9WEW1	G2P5T1	27.100	320	350	384	1.552E-16	85
P9WEW1	Q82IY4	31.500	234	350	336	5.136E-15	80
P9WEW1	E3VWJ0	26.200	318	350	337	3.919E-14	77
P9WEW1	Q55012	26.800	306	350	337	6.995E-14	76
P9WEW1	A0A291SJC7	28.000	321	350	395	1.666E-13	75
P9WEW1	Q03471	24.600	267	350	342	1.193E-08	60
P9WEW1	W6Q4Q9	24.600	267	350	342	1.193E-08	60
C0HLB7	Q7YT16	62.400	141	142	141	9.277E-61	206
C0HLB7	P83972	66.600	135	142	140	1.160E-59	203
C0HLB7	Q08694	66.600	135	142	140	1.591E-59	202
C0HLB7	P37159	65.900	135	142	140	5.624E-59	201
C0HLB7	P29615	58.800	141	142	141	1.718E-53	185
C0HLB7	P37161	60.700	130	142	142	1.301E-50	177
C0HLB7	D9J143	59.200	125	142	142	1.081E-48	171
C0HLB7	P37160	61.700	123	142	140	2.788E-48	170
C0HLB7	P48816	41.600	136	142	137	5.177E-31	120
C0HLB7	P05105	41.400	122	142	139	3.434E-30	118
C0HLB7	Q17005	41.600	135	142	140	1.662E-29	116
C0HLB7	P50718	39.100	141	142	141	1.662E-29	116
C0HLB7	Q7SID7	40.100	121	142	120	2.837E-28	112
C0HLB7	P81708	43.900	115	142	129	3.207E-26	106
C0HLB7	Q06283	38.700	142	142	147	2.911E-25	104
C0HLB7	P79294	45.300	128	142	148	2.911E-25	104
C0HLB7	P79687	43.600	126	142	148	3.989E-25	103
C0HLB7	P17897	43.900	131	142	148	3.989E-25	103
C0HLB7	P61633	43.600	126	142	148	5.467E-25	103
C0HLB7	P61627	42.900	128	142	148	5.467E-25	103
C0HLB7	P61628	42.900	128	142	148	5.467E-25	103
C0HLB7	P61634	43.600	126	142	148	5.467E-25	103
C0HLB7	P61626	42.900	128	142	148	5.467E-25	103
C0HLB7	Q06284	38.700	142	142	147	7.491E-25	102
C0HLB7	P79179	42.900	128	142	148	7.491E-25	102
C0HLB7	P08905	42.600	129	142	148	7.491E-25	102
C0HLB7	P17607	38.000	142	142	147	1.026E-24	102
C0HLB7	Q06285	38.000	142	142	147	1.026E-24	102
C0HLB7	P79806	43.600	126	142	148	1.026E-24	102
C0HLB7	P79158	44.500	128	142	148	1.407E-24	102
C0HLB7	P37713	39.300	127	142	129	1.927E-24	101
C0HLB7	P51782	40.000	115	142	147	3.619E-24	100
C0HLB7	Q9TUN1	39.300	127	142	147	3.619E-24	100
C0HLB7	Q27996	40.900	127	142	147	3.619E-24	100
C0HLB7	Q659U0	41.900	131	142	148	3.619E-24	100
C0HLB7	Q659U1	41.300	133	142	148	3.619E-24	100
C0HLB7	Q659U5	41.300	133	142	148	3.619E-24	100
C0HLB7	P16973	42.100	128	142	130	4.959E-24	100
C0HLB7	P37714	38.500	127	142	129	6.794E-24	100
C0HLB7	P61629	42.800	126	142	148	6.794E-24	100
C0HLB7	P61630	42.800	126	142	148	6.794E-24	100
C0HLB7	P30201	42.800	126	142	148	6.794E-24	100
C0HLB7	P11376	41.300	115	142	129	9.310E-24	99
C0HLB7	P12066	38.500	127	142	129	9.310E-24	99
C0HLB7	Q9DD65	42.400	123	142	143	9.310E-24	99
C0HLB7	P11941	42.100	120	142	144	9.310E-24	99
C0HLB7	P79180	42.900	128	142	148	9.310E-24	99
C0HLB7	P67977	42.100	128	142	148	9.310E-24	99
C0HLB7	P67978	42.100	128	142	148	9.310E-24	99
C0HLB7	P11375	41.300	115	142	129	1.748E-23	98
C0HLB7	P61631	42.900	128	142	148	2.395E-23	98
C0HLB7	P61632	42.900	128	142	148	2.395E-23	98
C0HLB7	Q6B411	41.400	128	142	148	2.395E-23	98
C0HLB7	P12069	41.000	129	142	148	6.159E-23	97
C0HLB7	P67979	41.400	128	142	148	6.159E-23	97
C0HLB7	P67980	41.400	128	142	148	6.159E-23	97
C0HLB7	P79811	41.400	128	142	148	6.159E-23	97
C0HLB7	P79847	41.400	128	142	148	6.159E-23	97
C0HLB7	Q7LZQ3	41.400	127	142	129	8.438E-23	96
C0HLB7	P37712	44.400	117	142	130	8.438E-23	96
C0HLB7	P00697	40.600	128	142	148	1.156E-22	96
C0HLB7	P00707	40.600	127	142	129	5.580E-22	94
C0HLB7	P12068	40.300	127	142	146	5.580E-22	94
C0HLB7	P80189	39.800	128	142	148	5.580E-22	94
C0HLB7	P81709	40.600	118	142	130	1.047E-21	93
C0HLB7	P00705	41.300	120	142	147	1.047E-21	93
C0HLB7	Q05820	37.500	133	142	148	1.047E-21	93
C0HLB7	P85345	42.200	116	142	130	1.434E-21	93
C0HLB7	P80190	41.500	113	142	130	1.434E-21	93
C0HLB7	Q6B410	37.600	125	142	147	1.434E-21	93
C0HLB7	P00701	39.500	128	142	147	2.692E-21	92
C0HLB7	Q7LZQ1	41.000	117	142	131	3.687E-21	92
C0HLB7	P84492	39.800	128	142	130	1.778E-20	90
C0HLB7	Q9PU28	41.800	120	142	143	1.778E-20	90
C0HLB7	P85045	42.100	114	142	146	2.436E-20	89
C0HLB7	P00702	39.200	134	142	147	2.436E-20	89
C0HLB7	P00703	39.500	128	142	147	2.436E-20	89
C0HLB7	G3XDT7	39.600	125	142	147	2.436E-20	89
C0HLB7	P00706	39.800	112	142	129	6.258E-20	88
C0HLB7	P49663	40.000	119	142	130	6.258E-20	88
C0HLB7	Q7LZQ2	39.800	112	142	129	8.571E-20	88
C0HLB7	P61944	38.800	124	142	143	8.571E-20	88
C0HLB7	Q6UWQ5	37.900	122	142	148	8.571E-20	88
C0HLB7	P00698	37.900	128	142	147	1.174E-19	87
C0HLB7	Q7Z4W2	37.900	122	142	148	1.174E-19	87
C0HLB7	P24364	39.800	112	142	129	2.202E-19	87
C0HLB7	Q7LZT2	41.500	112	142	129	3.016E-19	86
C0HLB7	P24533	40.700	112	142	129	3.016E-19	86
C0HLB7	P19849	40.700	112	142	129	3.016E-19	86
C0HLB7	Q7LZP9	39.800	112	142	129	5.656E-19	85
C0HLB7	Q7LZQ0	39.800	112	142	129	5.656E-19	85
C0HLB7	P22910	39.800	112	142	129	7.745E-19	85
C0HLB7	Q7LZI3	40.700	112	142	129	7.745E-19	85
C0HLB7	P00708	39.400	111	142	127	1.989E-18	84
C0HLB7	P81711	38.900	112	142	129	6.991E-18	82
C0HLB7	P37156	38.000	112	142	125	1.311E-17	81
C0HLB7	A0JNM6	36.600	118	142	148	2.457E-17	81
C0HLB7	P00700	36.200	112	142	129	4.604E-17	80
C0HLB7	P00699	36.200	112	142	129	6.303E-17	79
C0HLB7	P00704	35.200	118	142	129	4.147E-16	77
C0HLB7	A2AE20	34.100	123	142	160	1.455E-15	76
C0HLB7	Q32PD6	32.800	122	142	156	5.103E-15	74
C0HLB7	O75951	33.300	112	142	148	4.581E-14	71
C0HLB7	Q9DA11	36.800	130	142	148	8.572E-14	70
C0HLB7	Q29RT1	34.800	107	142	148	1.604E-13	70
A0A2U8QPE6	Q4JHE3	83.600	502	501	517	2.595E-278	854
A0A2U8QPE6	Q4JHE1	83.000	502	501	517	3.220E-277	851
A0A2U8QPE6	Q4JHE2	83.400	502	501	517	3.220E-277	851
A0A2U8QPE6	A8QL51	81.000	502	501	517	1.779E-271	834
A0A2U8QPE6	A8QL58	82.800	501	501	507	1.176E-270	832
A0A2U8QPE6	A8QL52	81.200	502	501	517	7.773E-270	829
A0A2U8QPE6	P0C2D5	78.800	501	501	505	9.980E-263	809
A0A2U8QPE6	P0CC17	77.600	501	501	506	2.323E-261	805
A0A2U8QPE6	Q6TGQ8	77.400	501	501	502	1.535E-260	803
A0A2U8QPE6	Q6STF1	77.600	501	501	504	2.103E-260	802
A0A2U8QPE6	B5AR80	77.400	501	501	503	5.408E-260	801
A0A2U8QPE6	A6MFL0	77.600	502	501	517	1.032E-256	792
A0A2U8QPE6	G8XQX1	77.200	501	501	504	1.413E-256	791
A0A2U8QPE6	J7H670	76.200	501	501	516	1.279E-255	788
A0A2U8QPE6	Q6WP39	76.200	501	501	516	1.586E-254	785
A0A2U8QPE6	P81382	75.800	501	501	516	9.487E-253	780
A0A2U8QPE6	B5U6Y8	75.000	501	501	504	8.587E-252	777
A0A2U8QPE6	O93364	75.500	501	501	516	4.142E-251	775
A0A2U8QPE6	F8S0Z5	75.900	501	501	516	4.142E-251	775
A0A2U8QPE6	X2JCV5	75.800	501	501	516	2.477E-249	770
A0A2U8QPE6	K9N7B7	76.100	485	501	498	8.010E-245	757
A0A2U8QPE6	P0DI84	76.700	481	501	484	1.097E-244	757
A0A2U8QPE6	A0A024BTN9	75.200	485	501	498	1.380E-240	745
A0A2U8QPE6	P81383	49.400	501	501	491	2.397E-151	487
A0A2U8QPE6	P86810	41.000	496	501	527	4.465E-120	396
A0A2U8QPE6	P0DPS2	46.300	489	501	488	1.233E-109	366
A0A2U8QPE6	O09046	37.300	481	501	630	1.130E-98	334
A0A2U8QPE6	Q96RQ9	36.400	476	501	567	7.312E-98	331
A0A2U8QPE6	O34363	35.200	470	501	478	4.083E-77	271
A0A2U8QPE6	D6A5I3	24.500	595	501	664	3.050E-38	154
A0A2U8QPE6	Q8L3C7	23.200	622	501	701	5.574E-33	138
A0A2U8QPE6	A0A1B1PF34	23.600	605	501	657	3.243E-32	136
A0A2U8QPE6	Q8KHS0	26.600	462	501	473	4.981E-27	120
A0A2U8QPE6	Q6T627	76.600	60	501	60	1.527E-21	102
A0A2U8QPE6	Q8VPD4	25.000	471	501	534	6.345E-21	100
A0A2U8QPE6	Q6PLK3	26.200	448	501	520	8.434E-21	100
A0A2U8QPE6	Q54IT3	23.900	445	501	456	1.445E-19	96
A0A2U8QPE6	P0DV78	30.500	249	501	116	1.919E-19	96
A0A2U8QPE6	Q8BW75	24.400	453	501	520	1.919E-19	96
A0A2U8QPE6	P56560	26.400	448	501	520	3.383E-19	95
A0A2U8QPE6	P58028	25.100	448	501	520	7.915E-19	94
A0A2U8QPE6	Q7YRB7	24.400	448	501	520	3.124E-17	89
A0A2U8QPE6	P49253	25.200	449	501	522	5.493E-17	88
A0A2U8QPE6	P21398	25.400	459	501	527	5.493E-17	88
A0A2U8QPE6	Q5RE60	24.200	445	501	527	1.697E-16	86
A0A2U8QPE6	P21397	24.200	445	501	527	2.249E-16	86
A0A2U8QPE6	Q64133	23.700	459	501	526	2.140E-15	83
A0A2U8QPE6	Q5NU32	24.000	448	501	527	1.156E-14	80
A0A2U8QPE6	P21396	23.700	448	501	526	1.531E-14	80
A0A2U8QPE6	P0DI87	77.000	48	501	49	3.556E-14	79
A0A2U8QPE6	Q6Q2J0	24.100	458	501	527	4.708E-14	78
A0A2U8QPE6	Q556K4	24.100	449	501	467	8.254E-14	78
A0A2U8QPE6	O64411	24.000	461	501	500	1.093E-13	77
A0A2U8QPE6	S4S6Z0	22.200	506	501	626	2.535E-13	76
A0A2U8QPE6	P0C2D1	76.000	50	501	49	3.356E-13	76
A0A2U8QPE6	Q556K3	23.900	449	501	471	7.781E-13	74
A0A2U8QPE6	P0C2D7	83.700	37	501	88	9.678E-12	71
A0A2U8QPE6	P0DI88	83.700	37	501	37	9.072E-11	68
A0A2U8QPE6	H8ZPX1	22.700	444	501	497	8.484E-10	64
A0A2U8QPE6	F8G0P1	24.200	445	501	496	1.122E-09	64
A0A2U8QPE6	P0C2D4	76.300	38	501	38	4.531E-09	62
A0A2U8QPE6	A0A8I6G2K8	20.200	548	501	852	2.417E-08	60
A0A2U8QPE6	Q6ZQ88	20.200	548	501	853	2.417E-08	60
A0A2U8QPE6	O60341	20.200	547	501	852	4.223E-08	59
A0A2U8QPE6	P49086	40.000	84	501	571	7.376E-08	58
A0A2U8QPE6	P80093	38.300	84	501	582	1.702E-07	57
A0A2U8QPE6	P28553	37.200	84	501	570	2.250E-07	57
A0A2U8QPE6	P0CJ40	69.200	39	501	39	2.973E-07	56
A0A2U8QPE6	Q0DUI8	36.400	84	501	578	5.190E-07	55
A0A2U8QPE6	A2XDA1	36.400	84	501	578	5.190E-07	55
A0A2U8QPE6	A0A075BSX9	21.400	444	501	437	6.858E-07	55
A0A2U8QPE6	Q07356	34.800	84	501	566	9.062E-07	55
A0A2U8QPE6	Q8CIG3	22.200	454	501	826	1.197E-06	54
A0A2U8QPE6	P0DI89	76.600	30	501	30	3.648E-06	53
A0A2U8QPE6	P81375	35.800	92	501	107	3.648E-06	53
A0A2U8QPE6	C3VEP9	37.000	84	501	582	6.367E-06	52
A0A2U8QPE6	Q8GAJ0	22.500	443	501	421	8.411E-06	51
A0A2U8QPE6	P0DI91	38.500	83	501	95	1.939E-05	50
A0A2U8QPE6	Q01671	66.600	42	501	495	3.383E-05	49
A0A2U8QPE6	Q8NB78	22.600	454	501	822	4.468E-05	49
A0A2U8QPE6	P32397	32.200	92	501	470	5.902E-05	49
A0A2U8QPE6	P55349	38.000	71	501	417	1.796E-04	47
A0A2U8QPE6	Q8KFK3	38.200	68	501	647	2.372E-04	47
P9WEU5	Q7Z8M6	86.000	345	371	363	4.389E-206	638
P9WEU5	Q7RVT0	84.500	349	371	351	3.980E-205	635
P9WEU5	Q9P8V3	85.100	350	371	356	3.609E-204	632
P9WEU5	E3RV84	84.300	345	371	366	6.274E-200	620
P9WEU5	I1RP53	81.700	350	371	355	1.817E-197	613
P9WEU5	P32963	81.900	344	371	355	2.046E-195	607
P9WEU5	P32964	76.000	353	371	368	1.088E-179	562
P9WEU5	G2XQT1	70.600	358	371	371	3.658E-169	531
P9WEU5	A9QXE0	67.200	343	371	356	2.324E-155	492
P9WEU5	B6HCY4	66.800	348	371	358	1.120E-154	490
P9WEU5	C8V9R7	66.000	354	371	364	6.052E-152	482
P9WEU5	Q02068	40.500	344	371	383	5.294E-69	241
P9WEU5	B6Q5I3	37.600	315	371	322	2.523E-63	225
P9WEU5	Q89GE3	38.900	333	371	334	8.752E-63	223
P9WEU5	B6HVR6	37.300	318	371	328	5.651E-62	221
P9WEU5	Q2U4D6	39.000	319	371	333	7.711E-62	220
P9WEU5	G9N4E3	38.000	328	371	329	2.673E-61	219
P9WEU5	A2R6M7	38.700	324	371	337	4.377E-60	215
P9WEU5	A0A2H3E4G0	37.200	333	371	356	4.377E-60	215
P9WEU5	G7XTA8	38.900	306	371	320	4.606E-58	209
P9WEU5	P10045	37.500	325	371	349	1.168E-57	208
P9WEU5	Q19A54	36.500	307	371	320	1.593E-57	208
P9WEU5	Q500U1	36.900	337	371	336	2.962E-57	207
P9WEU5	D4B1Q8	37.200	329	371	335	4.039E-57	207
P9WEU5	C7YS90	36.100	317	371	339	1.396E-56	205
P9WEU5	Q03217	39.700	318	371	366	1.396E-56	205
P9WEU5	V5IPE4	36.700	319	371	327	8.968E-56	203
P9WEU5	A0A0P1DJE3	36.000	328	371	331	1.458E-54	199
P9WEU5	K2QXC4	36.700	325	371	344	6.855E-54	197
P9WEU5	P20960	36.300	315	371	356	9.968E-50	185
P9WEU5	A5DNJ4	34.700	314	371	317	3.024E-46	175
P9WEU5	P82605	31.900	314	371	339	1.420E-43	167
P9WEU5	Q6RWG0	33.900	307	371	330	6.474E-39	153
P9WEU5	Q6RWK4	30.800	312	371	314	5.103E-34	138
P9WEU5	P46010	28.400	320	371	346	6.521E-32	132
P9WEU5	G9AIU0	29.500	318	371	308	1.194E-31	131
P9WEU5	P32961	29.300	320	371	346	1.194E-31	131
P9WEU5	Q89PT3	29.200	316	371	321	4.092E-28	121
P9WEU5	Q6H849	27.700	331	371	362	5.525E-28	120
P9WEU5	Q42966	28.800	306	371	348	8.213E-27	117
P9WEU5	Q42965	28.400	306	371	349	2.719E-26	115
P9WEU5	Q5QGZ8	27.900	315	371	349	2.202E-25	112
P9WEU5	B2JQY2	27.300	309	371	340	2.967E-25	112
P9WEU5	P46011	27.000	315	371	355	2.967E-25	112
P9WEU5	Q9X0Y0	27.600	183	371	576	1.735E-07	56
P9WEU5	Q9NQR4	23.500	264	371	276	1.492E-04	47
P0DQP9	P86974	56.400	117	78	122	5.862E-37	134
P0DQP9	P86803	52.100	116	78	121	7.853E-33	122
P0DQP9	P20474	52.100	117	78	138	7.853E-33	122
P0DQP9	P86804	50.400	116	78	121	4.829E-31	117
P0DQP9	P0C8M1	48.700	116	78	121	4.439E-30	114
P0DQP9	P59071	48.200	116	78	121	1.149E-29	113
P0DQP9	A8CG84	48.200	116	78	137	1.149E-29	113
P0DQP9	P86368	47.400	116	78	121	7.692E-29	110
P0DQP9	P59171	47.000	117	78	138	3.753E-28	108
P0DQP9	P84674	46.500	116	78	121	5.153E-28	108
P0DQP9	Q71QE8	46.000	115	78	138	8.936E-27	104
P0DQP9	P0DM51	81.600	49	78	50	1.685E-26	104
P0DQP9	Q2YHJ2	46.000	115	78	138	4.361E-26	102
P0DQP9	Q2YHJ7	46.000	115	78	138	8.223E-26	102
P0DQP9	Q6H3C5	50.000	98	78	122	2.923E-25	100
P0DQP9	P0DUN3	43.100	102	78	107	1.427E-24	98
P0DQP9	P14424	45.200	117	78	138	1.427E-24	98
P0DQP9	Q805A2	44.300	115	78	138	1.960E-24	98
P0DQP9	O42187	43.400	115	78	138	1.960E-24	98
P0DQP9	B3A0N3	80.000	50	78	50	3.696E-24	97
P0DQP9	F8QN54	44.400	117	78	138	3.696E-24	97
P0DQP9	P11407	43.500	117	78	138	9.571E-24	96
P0DQP9	P00626	44.400	117	78	138	9.571E-24	96
P0DQP9	Q6EER3	44.300	115	78	138	9.571E-24	96
P0DQP9	P04417	43.800	114	78	122	1.314E-23	95
P0DQP9	C0HKC4	40.600	118	78	123	1.314E-23	95
P0DQP9	Q1ZY03	43.900	116	78	138	1.314E-23	95
P0DQP9	C0HKC3	40.600	118	78	139	1.314E-23	95
P0DQP9	P0DUN4	46.500	86	78	92	1.805E-23	95
P0DQP9	P0DJN7	42.600	115	78	138	1.805E-23	95
P0DQP9	Q8JIY9	42.100	114	78	138	3.404E-23	94
P0DQP9	Q91506	44.300	97	78	122	4.675E-23	94
P0DQP9	Q6EER6	43.400	115	78	122	4.675E-23	94
P0DQP9	P06859	40.100	117	78	138	4.675E-23	94
P0DQP9	Q7T3S7	40.900	110	78	136	6.420E-23	93
P0DQP9	Q2PG83	44.300	97	78	138	6.420E-23	93
P0DQP9	Q9I968	45.800	96	78	138	8.816E-23	93
P0DQP9	P21789	40.000	115	78	120	1.211E-22	93
P0DQP9	C0HM79	50.000	80	78	95	1.663E-22	92
P0DQP9	Q8JIG0	41.200	114	78	138	1.663E-22	92
P0DQP9	Q02517	41.200	114	78	138	1.663E-22	92
P0DQP9	A8CG78	38.400	117	78	138	3.136E-22	91
P0DQP9	A8CG87	38.400	117	78	138	3.136E-22	91
P0DQP9	Q6EER2	41.300	116	78	138	5.915E-22	91
P0DQP9	Q90Y77	41.200	114	78	138	5.915E-22	91
P0DQP9	P0CAS6	41.300	116	78	122	8.124E-22	90
P0DQP9	P0CAS5	39.600	116	78	122	8.124E-22	90
P0DQP9	C0HJC1	41.000	117	78	122	8.124E-22	90
P0DQP9	P81458	39.000	110	78	121	1.116E-21	90
P0DQP9	Q6EER5	40.800	115	78	122	1.116E-21	90
P0DQP9	G3DT18	41.000	100	78	138	1.116E-21	90
P0DQP9	C0HJL8	40.500	116	78	122	1.532E-21	89
P0DQP9	O42189	43.200	111	78	124	1.532E-21	89
P0DQP9	P0CAR9	37.000	116	78	137	1.532E-21	89
P0DQP9	Q90W39	40.000	115	78	138	1.532E-21	89
P0DQP9	Q6EER4	40.800	115	78	138	1.532E-21	89
P0DQP9	P0CAS4	45.300	97	78	122	2.105E-21	89
P0DQP9	P86805	41.000	116	78	122	2.105E-21	89
P0DQP9	P24293	39.100	115	78	121	2.890E-21	89
P0DQP9	P86806	41.300	115	78	122	3.970E-21	88
P0DQP9	Q800C3	42.800	98	78	138	3.970E-21	88
P0DQP9	Q800C4	39.600	116	78	138	3.970E-21	88
P0DQP9	F8QN51	39.100	115	78	137	5.452E-21	88
P0DQP9	Q2YHJ5	39.300	117	78	122	7.489E-21	87
P0DQP9	P84651	39.600	116	78	122	7.489E-21	87
P0DQP9	O42190	41.400	111	78	124	7.489E-21	87
P0DQP9	F8QN53	38.200	115	78	137	7.489E-21	87
P0DQP9	A8CG90	38.100	110	78	137	7.489E-21	87
P0DQP9	P24027	39.300	117	78	138	7.489E-21	87
P0DQP9	P86389	42.100	102	78	124	1.029E-20	87
P0DQP9	P00624	42.800	98	78	138	1.413E-20	87
P0DQP9	P0DJN6	40.800	115	78	138	1.940E-20	86
P0DQP9	C3W4R6	38.400	117	78	138	1.940E-20	86
P0DQP9	Q6H3C9	42.000	100	78	138	2.665E-20	86
P0DQP9	F8QN52	38.400	117	78	138	2.665E-20	86
P0DQP9	C0HM14	43.700	96	78	122	3.660E-20	85
P0DQP9	P86169	43.700	96	78	122	3.660E-20	85
P0DQP9	P59265	40.300	114	78	122	3.660E-20	85
P0DQP9	P06860	40.300	114	78	122	3.660E-20	85
P0DQP9	A0A411EZW9	40.000	100	78	138	3.660E-20	85
P0DQP9	A0A193CHJ5	43.700	96	78	138	3.660E-20	85
P0DQP9	P62022	43.700	96	78	138	3.660E-20	85
P0DQP9	P62023	43.700	96	78	138	3.660E-20	85
P0DQP9	A8E2V8	40.800	98	78	139	3.660E-20	85
P0DQP9	P14421	42.200	97	78	122	5.028E-20	85
P0DQP9	C9DPL5	41.000	100	78	122	5.028E-20	85
P0DQP9	Q800C1	40.800	98	78	138	5.028E-20	85
P0DQP9	P0CAS3	39.300	117	78	122	6.906E-20	85
P0DQP9	P14418	38.700	111	78	124	6.906E-20	85
P0DQP9	Q7LZQ4	38.700	111	78	124	6.906E-20	85
P0DQP9	P34180	38.100	110	78	137	6.906E-20	85
P0DQP9	Q8QG87	41.000	100	78	138	6.906E-20	85
P0DQP9	Q910A1	38.500	114	78	138	6.906E-20	85
P0DQP9	D6MKR0	41.800	98	78	138	6.906E-20	85
P0DQP9	P00623	41.800	98	78	138	6.906E-20	85
P0DQP9	P0CAS7	38.700	115	78	121	9.485E-20	84
P0DQP9	P20249	41.800	98	78	122	9.485E-20	84
P0DQP9	Q7T3T5	36.700	117	78	130	9.485E-20	84
P0DQP9	Q90ZZ9	37.300	115	78	138	9.485E-20	84
P0DQP9	A8CG86	41.000	95	78	138	9.485E-20	84
P0DQP9	P14423	41.100	119	78	146	9.485E-20	84
P0DQP9	Q6H3C6	41.000	100	78	122	1.303E-19	84
P0DQP9	P0CG56	39.100	115	78	122	1.303E-19	84
P0DQP9	Q2HZ28	41.000	100	78	138	1.790E-19	83
P0DQP9	C7G1G6	39.800	118	78	138	1.790E-19	83
P0DQP9	P0DJJ8	39.800	118	78	138	1.790E-19	83
P0DQP9	Q7SID6	40.800	98	78	123	2.458E-19	83
P0DQP9	Q92147	37.900	116	78	138	2.458E-19	83
P0DQP9	B6CQR5	37.600	117	78	138	2.458E-19	83
P0DQP9	Q6H3C8	42.200	97	78	138	2.458E-19	83
P0DQP9	P86907	42.400	99	78	122	3.376E-19	83
P0DQP9	Q9PVF1	40.000	100	78	126	3.376E-19	83
P0DQP9	Q7T2R1	40.000	95	78	138	3.376E-19	83
P0DQP9	P31100	40.000	95	78	138	3.376E-19	83
P0DQP9	Q9PVE9	40.000	100	78	139	3.376E-19	83
P0DQP9	P81480	39.000	100	78	122	4.638E-19	82
P0DQP9	Q9YGJ7	38.100	109	78	137	4.638E-19	82
P0DQP9	P00622	39.600	100	78	121	6.370E-19	82
P0DQP9	P0CAS2	42.700	96	78	122	6.370E-19	82
P0DQP9	Q910A0	36.200	116	78	138	6.370E-19	82
P0DQP9	Q8AXY1	41.000	100	78	138	6.370E-19	82
P0DQP9	P59172	35.600	115	78	139	6.370E-19	82
P0DQP9	P59170	35.600	115	78	139	6.370E-19	82
P0DQP9	Q9PVF0	39.000	100	78	126	8.751E-19	81
P0DQP9	A8E2V9	39.300	114	78	136	8.751E-19	81
P0DQP9	P20476	39.300	99	78	138	8.751E-19	81
P0DQP9	Q6H3D0	39.300	99	78	138	8.751E-19	81
P0DQP9	P82896	39.000	100	78	122	1.202E-18	81
P0DQP9	P31854	35.800	117	78	138	1.202E-18	81
P0DQP9	P24294	37.200	110	78	121	1.651E-18	81
P0DQP9	P0DKR3	38.900	95	78	122	1.651E-18	81
P0DQP9	Q7ZTA7	38.700	98	78	138	2.268E-18	80
P0DQP9	Q6H3C7	41.200	97	78	139	2.268E-18	80
P0DQP9	Q9PVF2	41.200	97	78	139	2.268E-18	80
P0DQP9	Q98996	38.500	109	78	138	3.116E-18	80
P0DQP9	Q7ZTA6	38.700	98	78	138	3.116E-18	80
P0DQP9	P47711	38.700	116	78	145	3.116E-18	80
P0DQP9	P0DJP4	39.700	98	78	122	4.280E-18	79
P0DQP9	P86456	38.600	99	78	121	5.879E-18	79
P0DQP9	Q2YHJ6	39.700	98	78	138	5.879E-18	79
P0DQP9	Q9I8F8	39.000	100	78	122	8.076E-18	79
P0DQP9	Q10755	38.000	100	78	122	1.524E-17	78
P0DQP9	P14420	38.000	100	78	122	1.524E-17	78
P0DQP9	P81478	38.000	100	78	122	1.524E-17	78
P0DQP9	Q8JFG0	38.000	100	78	138	1.524E-17	78
P0DQP9	Q1RP78	38.000	100	78	138	1.524E-17	78
P0DQP9	Q02471	38.000	100	78	138	2.094E-17	78
P0DQP9	P0DM50	77.500	40	78	40	2.876E-17	77
P0DQP9	P00621	36.500	113	78	119	2.876E-17	77
P0DQP9	Q2PG81	37.000	116	78	137	2.876E-17	77
P0DQP9	Q9PWR6	37.600	109	78	138	2.876E-17	77
P0DQP9	P31482	36.200	116	78	146	3.951E-17	77
P0DQP9	Q1RP79	37.000	100	78	138	5.428E-17	76
P0DQP9	P00620	38.300	97	78	118	1.407E-16	75
P0DQP9	P0DMH0	63.200	49	78	51	1.934E-16	75
P0DQP9	P0C932	64.500	48	78	50	2.657E-16	74
P0DQP9	D2X8K2	34.100	119	78	119	3.650E-16	74
P0DQP9	P0DKR5	37.000	100	78	122	3.650E-16	74
P0DQP9	C0HK05	65.200	46	78	47	5.014E-16	74
P0DQP9	P0DM52	84.800	33	78	35	6.889E-16	73
P0DQP9	A8CG82	35.700	95	78	138	9.465E-16	73
P0DQP9	P0CAS0	33.000	115	78	136	1.300E-15	72
P0DQP9	A8CG89	35.700	95	78	138	1.300E-15	72
P0DQP9	D0UGJ0	49.200	63	78	139	1.787E-15	72
P0DQP9	Q9QUL3	36.700	116	78	142	6.367E-15	70
P0DQP9	P0DJ62	53.400	58	78	60	8.749E-15	70
P0DQP9	P48076	33.600	104	78	150	1.202E-14	70
P0DQP9	Q9NZK7	36.700	116	78	142	1.652E-14	69
P0DQP9	P0C942	36.400	96	78	122	4.285E-14	68
P0DQP9	P0C943	36.400	96	78	122	4.285E-14	68
P0DQP9	B3EWP6	52.600	57	78	60	8.091E-14	67
P0DQP9	Q56JZ2	37.700	98	78	144	1.112E-13	67
P0DQP9	P39877	58.300	48	78	138	1.528E-13	66
P0DQP9	P0CV89	44.200	61	78	61	2.885E-13	66
P0DQP9	P0DMK1	78.100	32	78	32	7.486E-13	64
P0DQP9	P51433	58.300	48	78	137	1.029E-12	64
P0DQP9	Q9UNK4	30.900	113	78	145	1.943E-12	63
P0DQP9	P20255	35.500	104	78	118	5.043E-12	62
P0DQP9	P04056	35.500	104	78	118	6.931E-12	62
P0DQP9	Q9WVF6	30.200	119	78	144	6.931E-12	62
P0DQP9	P20254	34.600	104	78	118	1.309E-11	61
P0DQP9	P20251	34.600	104	78	118	1.799E-11	61
P0DQP9	P20256	34.600	104	78	118	1.799E-11	61
P0DQP9	P43434	31.500	111	78	146	3.399E-11	60
P0DQP9	P20250	33.600	104	78	117	4.671E-11	59
P0DQP9	Q9PSF9	64.100	39	78	39	8.825E-11	59
P0DQP9	P81237	32.600	104	78	118	8.825E-11	59
P0DQP9	P81236	33.300	105	78	119	8.825E-11	59
P0DQP9	Q9PUH5	32.600	104	78	145	8.825E-11	59
P0DQP9	Q45Z28	31.500	111	78	151	8.825E-11	59
P0DQP9	Q45Z25	31.500	111	78	151	1.667E-10	58
P0DQP9	P82893	53.000	49	78	70	2.292E-10	57
P0DQP9	Q9PSN5	31.500	111	78	125	2.292E-10	57
P0DQP9	Q9PTA6	31.700	107	78	138	2.292E-10	57
P0DQP9	Q7M334	30.600	111	78	144	2.292E-10	57
P0DQP9	P00606	33.300	104	78	145	2.292E-10	57
P0DQP9	Q45Z29	31.500	111	78	151	2.292E-10	57
P0DQP9	Q45Z30	31.500	111	78	151	2.292E-10	57
P0DQP9	P00609	31.400	105	78	119	4.330E-10	57
P0DQP9	Q9PUH7	31.400	105	78	144	4.330E-10	57
P0DQP9	Q45Z26	31.500	111	78	151	4.330E-10	57
P0DQP9	Q9PUH9	32.000	106	78	147	5.951E-10	56
P0DQP9	Q9BZM2	30.200	118	78	168	5.951E-10	56
P0DQP9	P00599	29.800	104	78	118	8.180E-10	56
P0DQP9	P20252	33.600	104	78	118	8.180E-10	56
P0DQP9	Q3C2C1	29.600	135	78	158	8.180E-10	56
P0DQP9	Q90251	29.900	107	78	137	1.124E-09	55
P0DQP9	Q9PTA5	34.800	86	78	137	1.124E-09	55
P0DQP9	P08873	31.700	104	78	145	1.124E-09	55
P0DQP9	Q8QFW3	34.400	87	78	147	1.124E-09	55
P0DQP9	Q9PUI0	31.100	106	78	147	1.124E-09	55
P0DQP9	Q9DF52	31.400	104	78	145	1.546E-09	55
P0DQP9	Q7T1R0	32.900	85	78	146	1.546E-09	55
P0DQP9	Q8UUH9	32.600	104	78	155	1.546E-09	55
P0DQP9	P00604	30.400	105	78	118	2.125E-09	55
P0DQP9	P00605	30.400	105	78	118	2.125E-09	55
P0DQP9	Q6SLM1	30.400	104	78	137	2.125E-09	55
P0DQP9	Q6YIJ3	32.500	86	78	137	2.125E-09	55
P0DQP9	Q8AY48	34.800	86	78	137	2.125E-09	55
P0DQP9	P08872	33.600	104	78	144	2.125E-09	55
P0DQP9	Q7T1R1	32.900	85	78	146	2.125E-09	55
P0DQP9	P20253	36.100	83	78	118	2.921E-09	54
P0DQP9	P0C551	32.400	111	78	142	2.921E-09	54
P0DQP9	Q75S51	34.800	86	78	147	2.921E-09	54
P0DQP9	P04054	30.600	111	78	148	2.921E-09	54
P0DQP9	P20258	31.700	104	78	117	4.015E-09	54
P0DQP9	Q9PTA7	34.800	86	78	133	4.015E-09	54
P0DQP9	Q6YNQ0	32.500	86	78	137	4.015E-09	54
P0DQP9	P00618	34.800	86	78	145	4.015E-09	54
P0DQP9	Q9DF33	31.000	100	78	146	4.015E-09	54
P0DQP9	Q8QFW4	34.800	86	78	147	4.015E-09	54
P0DQP9	P00619	32.500	86	78	147	4.015E-09	54
P0DQP9	Q9PU97	34.800	86	78	137	5.520E-09	53
P0DQP9	C1IC46	30.400	105	78	137	5.520E-09	53
P0DQP9	Q9PTA1	34.800	86	78	145	5.520E-09	53
P0DQP9	P00617	34.800	86	78	147	5.520E-09	53
P0DQP9	Q6SLM0	31.400	104	78	137	7.588E-09	53
P0DQP9	P14615	32.300	104	78	120	1.043E-08	53
P0DQP9	Q6SLM2	29.500	104	78	137	1.043E-08	53
P0DQP9	F5CPF1	32.000	106	78	142	1.043E-08	53
P0DQP9	P04055	30.600	111	78	146	1.043E-08	53
P0DQP9	Q92084	28.500	105	78	146	1.043E-08	53
P0DQP9	Q9PUH8	33.000	106	78	147	1.043E-08	53
P0DQP9	P59068	46.900	49	78	57	1.434E-08	52
P0DQP9	P60045	29.500	105	78	126	1.434E-08	52
P0DQP9	Q92085	27.600	105	78	146	1.434E-08	52
P0DQP9	Q9QZT3	30.600	98	78	151	1.434E-08	52
P0DQP9	Q3C2C2	48.000	50	78	159	1.434E-08	52
P0DQP9	P0DM49	66.600	33	78	35	1.971E-08	52
P0DQP9	P59070	47.900	48	78	48	1.971E-08	52
P0DQP9	P00595	28.500	105	78	119	1.971E-08	52
P0DQP9	C1IC45	30.400	105	78	137	1.971E-08	52
P0DQP9	P84736	48.900	49	78	50	2.710E-08	51
P0DQP9	P20259	31.400	105	78	117	2.710E-08	51
P0DQP9	C0HKB8	32.300	104	78	117	2.710E-08	51
P0DQP9	P00603	29.500	105	78	118	2.710E-08	51
P0DQP9	P00608	31.400	105	78	119	2.710E-08	51
P0DQP9	Q8UUH8	30.700	104	78	145	2.710E-08	51
P0DQP9	P20257	31.700	104	78	118	3.726E-08	51
P0DQP9	A4FS04	29.500	105	78	119	3.726E-08	51
P0DQP9	P25498	28.500	105	78	119	3.726E-08	51
P0DQP9	P15445	29.500	105	78	119	3.726E-08	51
P0DQP9	Q9PUI1	30.100	106	78	145	3.726E-08	51
P0DQP9	P59359	30.100	106	78	145	3.726E-08	51
P0DQP9	P00597	29.500	105	78	146	3.726E-08	51
P0DQP9	P00598	29.500	105	78	146	3.726E-08	51
P0DQP9	Q9I900	29.500	105	78	146	3.726E-08	51
P0DQP9	Q91133	29.500	105	78	146	3.726E-08	51
P0DQP9	Q8JFG2	30.600	111	78	152	3.726E-08	51
P0DQP9	Q4VRI5	31.500	111	78	154	3.726E-08	51
P0DQP9	P00613	30.700	104	78	118	5.123E-08	51
P0DQP9	Q92086	28.500	105	78	146	5.123E-08	51
P0DQP9	P00602	29.500	105	78	118	7.043E-08	50
P0DQP9	Q6T179	28.500	105	78	126	7.043E-08	50
P0DQP9	P60043	29.500	105	78	126	7.043E-08	50
P0DQP9	P60044	28.100	103	78	126	7.043E-08	50
P0DQP9	P80966	32.400	108	78	151	7.043E-08	50
P0DQP9	Q8UUI0	30.700	104	78	155	7.043E-08	50
P0DQP9	P10116	30.700	104	78	118	9.683E-08	50
P0DQP9	P00600	27.600	105	78	119	9.683E-08	50
P0DQP9	P00601	27.300	106	78	119	9.683E-08	50
P0DQP9	Q45Z42	40.200	76	78	146	9.683E-08	50
P0DQP9	P23026	31.700	104	78	145	1.331E-07	49
P0DQP9	Q9QXX3	29.500	98	78	151	1.331E-07	49
P0DQP9	P00614	31.400	105	78	119	1.830E-07	49
P0DQP9	Q9PRG0	46.900	49	78	145	1.830E-07	49
P0DQP9	Q9I842	30.700	104	78	145	1.830E-07	49
P0DQP9	Q9I837	29.800	104	78	145	2.517E-07	49
P0DQP9	P14422	44.700	67	78	68	3.460E-07	48
P0DQP9	P00612	29.800	104	78	118	3.460E-07	48
P0DQP9	Q8AY47	71.400	28	78	139	3.460E-07	48
P0DQP9	Q8UUI4	30.600	98	78	145	3.460E-07	48
P0DQP9	P19000	30.600	98	78	145	3.460E-07	48
P0DQP9	Q8UUI3	30.600	98	78	145	4.757E-07	48
P0DQP9	Q75S48	28.800	111	78	152	4.757E-07	48
P0DQP9	P0CAS9	56.200	32	78	34	2.338E-06	46
P0DQP9	Q9I843	29.800	104	78	145	2.338E-06	46
P0DQP9	Q9I845	29.800	104	78	145	2.338E-06	46
P0DQP9	Q9I846	29.800	104	78	145	2.338E-06	46
P0DQP9	O15496	28.100	96	78	165	2.338E-06	46
A0A348AXX5	P08158	41.100	531	538	548	1.447E-120	399
A0A348AXX5	Q12559	38.200	543	538	545	1.506E-110	370
A0A348AXX5	Q8TFF9	38.000	545	538	547	1.244E-101	344
A0A348AXX5	O59805	36.000	529	538	533	2.483E-92	317
A0A348AXX5	P9WEP6	39.600	447	538	521	1.449E-88	306
A0A348AXX5	W7MTI6	38.800	442	538	512	1.264E-87	303
A0A348AXX5	W7MLD8	34.200	535	538	530	5.708E-78	274
A0A348AXX5	P22580	33.400	448	538	549	1.545E-60	223
A0A348AXX5	O00519	30.400	387	538	579	2.337E-42	168
A0A348AXX5	P97612	30.300	387	538	579	1.031E-41	166
A0A348AXX5	Q9TUI8	29.100	387	538	579	4.856E-40	161
A0A348AXX5	O08914	28.900	387	538	579	1.035E-36	151
A0A348AXX5	Q05AM4	35.700	243	538	526	2.217E-30	131
A0A348AXX5	Q9U217	30.600	292	538	647	5.314E-29	126
A0A348AXX5	C4Z3J4	35.300	232	538	481	2.243E-28	124
A0A348AXX5	Q1MPY8	33.200	247	538	485	5.288E-27	120
A0A348AXX5	Q7UT33	34.700	233	538	499	9.382E-27	119
A0A348AXX5	Q1IUE4	26.500	373	538	480	1.233E-25	116
A0A348AXX5	Q67KJ2	36.700	214	538	488	1.233E-25	116
A0A348AXX5	Q9Z580	31.000	264	538	497	1.641E-25	115
A0A348AXX5	Q82JL0	30.700	244	538	501	2.183E-25	115
A0A348AXX5	B1L1G9	32.600	236	538	485	3.865E-25	114
A0A348AXX5	C1FLD9	32.600	236	538	485	5.141E-25	114
A0A348AXX5	C3KU97	32.600	236	538	485	5.141E-25	114
A0A348AXX5	B2U7V7	32.700	238	538	499	5.141E-25	114
A0A348AXX5	Q2T293	33.600	232	538	496	9.096E-25	113
A0A348AXX5	O28325	30.700	345	538	453	1.210E-24	113
A0A348AXX5	Q146Y5	33.700	228	538	495	2.139E-24	112
A0A348AXX5	A1WVR7	33.000	230	538	484	2.844E-24	111
A0A348AXX5	A3NQ45	33.100	232	538	496	3.782E-24	111
A0A348AXX5	A3N4F4	33.100	232	538	496	3.782E-24	111
A0A348AXX5	Q3JXC1	33.100	232	538	496	3.782E-24	111
A0A348AXX5	Q63YJ9	33.100	232	538	496	3.782E-24	111
A0A348AXX5	Q39BW3	33.100	232	538	496	5.027E-24	111
A0A348AXX5	A0LSR0	32.900	234	538	505	5.027E-24	111
A0A348AXX5	B2T1M4	31.000	273	538	495	6.683E-24	110
A0A348AXX5	Q8Y3C3	33.300	234	538	495	6.683E-24	110
A0A348AXX5	Q3AD36	30.800	240	538	485	8.882E-24	110
A0A348AXX5	C1D1L2	28.100	374	538	487	8.882E-24	110
A0A348AXX5	A4JIT0	32.700	232	538	496	8.882E-24	110
A0A348AXX5	A1V776	33.100	232	538	496	8.882E-24	110
A0A348AXX5	A2S8I9	33.100	232	538	496	8.882E-24	110
A0A348AXX5	A3MNR6	33.100	232	538	496	8.882E-24	110
A0A348AXX5	A9AC51	33.100	232	538	499	8.882E-24	110
A0A348AXX5	Q2SBG5	35.200	201	538	484	1.181E-23	109
A0A348AXX5	Q113L8	31.300	246	538	485	1.181E-23	109
A0A348AXX5	A0KBH9	33.100	232	538	496	1.181E-23	109
A0A348AXX5	B1K0H7	33.100	232	538	496	1.181E-23	109
A0A348AXX5	B4E7X6	33.100	232	538	496	1.181E-23	109
A0A348AXX5	Q1BSL2	33.100	232	538	496	1.181E-23	109
A0A348AXX5	Q477H7	32.900	197	538	501	1.569E-23	109
A0A348AXX5	A7GIK2	31.700	236	538	485	2.085E-23	109
A0A348AXX5	Q2RGY4	30.200	251	538	487	2.085E-23	109
A0A348AXX5	B1YPV8	32.700	232	538	496	2.085E-23	109
A0A348AXX5	Q0BAV4	32.700	232	538	496	2.085E-23	109
A0A348AXX5	B1INF7	32.200	236	538	485	3.680E-23	108
A0A348AXX5	B2JJW2	33.100	199	538	497	3.680E-23	108
A0A348AXX5	Q4ZNS7	31.600	234	538	483	4.890E-23	108
A0A348AXX5	Q746Y7	31.800	251	538	485	4.890E-23	108
A0A348AXX5	A5I6Z3	31.700	236	538	485	4.890E-23	108
A0A348AXX5	A7FYL3	31.700	236	538	485	4.890E-23	108
A0A348AXX5	Q47SC3	30.500	239	538	498	4.890E-23	108
A0A348AXX5	K9NBS6	29.300	292	538	477	8.628E-23	107
A0A348AXX5	B9LER8	31.600	240	538	487	8.628E-23	107
A0A348AXX5	A9WCD8	31.600	240	538	487	8.628E-23	107
A0A348AXX5	B2A5W7	30.500	236	538	491	8.628E-23	107
A0A348AXX5	A0L5G0	31.300	239	538	485	1.146E-22	106
A0A348AXX5	Q1LSE1	33.100	205	538	499	1.146E-22	106
A0A348AXX5	Q0KFF8	32.600	201	538	501	1.146E-22	106
A0A348AXX5	Q87WR9	31.600	234	538	483	1.522E-22	106
A0A348AXX5	Q48E92	31.100	234	538	483	2.021E-22	106
A0A348AXX5	B3DWT4	32.000	230	538	494	2.021E-22	106
A0A348AXX5	A5UXF9	32.300	235	538	487	2.684E-22	105
A0A348AXX5	B8G974	31.400	245	538	488	2.684E-22	105
A0A348AXX5	Q8DK65	32.100	233	538	482	3.564E-22	105
A0A348AXX5	Q5WVW0	33.800	197	538	483	3.564E-22	105
A0A348AXX5	Q5ZUQ7	33.800	197	538	483	3.564E-22	105
A0A348AXX5	Q0I9N6	31.100	257	538	487	3.564E-22	105
A0A348AXX5	A8M5E6	30.100	249	538	491	3.564E-22	105
A0A348AXX5	Q2JUM6	25.500	456	538	509	3.564E-22	105
A0A348AXX5	Q2JL51	25.300	456	538	510	3.564E-22	105
A0A348AXX5	O27955	32.100	199	538	457	4.731E-22	104
A0A348AXX5	P63493	35.800	187	538	462	4.731E-22	104
A0A348AXX5	P9WQ96	35.800	187	538	462	4.731E-22	104
A0A348AXX5	P9WQ97	35.800	187	538	462	4.731E-22	104
A0A348AXX5	Q8PXJ1	36.100	188	538	476	4.731E-22	104
A0A348AXX5	B8HY89	30.400	252	538	482	4.731E-22	104
A0A348AXX5	A7NKM0	32.500	240	538	490	4.731E-22	104
A0A348AXX5	Q83BM9	36.500	197	538	483	6.281E-22	104
A0A348AXX5	Q5X4H5	33.800	197	538	483	6.281E-22	104
A0A348AXX5	A5ICP2	33.800	197	538	483	6.281E-22	104
A0A348AXX5	A9N8Z4	36.500	197	538	483	6.281E-22	104
A0A348AXX5	A9KBI0	36.500	197	538	483	6.281E-22	104
A0A348AXX5	Q6MDF5	32.200	223	538	489	6.281E-22	104
A0A348AXX5	A4X490	29.700	249	538	491	6.281E-22	104
A0A348AXX5	Q0ACB5	31.700	230	538	484	8.339E-22	104
A0A348AXX5	Q31LC2	31.000	222	538	479	1.107E-21	103
A0A348AXX5	Q313S5	31.400	235	538	487	1.107E-21	103
A0A348AXX5	Q12VH1	34.700	184	538	475	1.950E-21	102
A0A348AXX5	Q93LE2	34.900	203	538	485	1.950E-21	102
A0A348AXX5	C5D4K6	35.900	192	538	486	1.950E-21	102
A0A348AXX5	C1DQ37	31.600	234	538	483	2.588E-21	102
A0A348AXX5	Q5L3B3	34.900	203	538	485	2.588E-21	102
A0A348AXX5	Q3AVK4	36.400	170	538	491	2.588E-21	102
A0A348AXX5	Q72L58	31.100	251	538	471	3.434E-21	102
A0A348AXX5	Q5N0K5	30.600	222	538	479	3.434E-21	102
A0A348AXX5	B1XJG8	31.500	222	538	485	3.434E-21	102
A0A348AXX5	C1F857	26.600	373	538	476	4.556E-21	101
A0A348AXX5	B2AG25	31.200	210	538	501	4.556E-21	101
A0A348AXX5	Q9LCX3	31.100	251	538	471	6.045E-21	101
A0A348AXX5	Q8THJ1	34.500	188	538	476	6.045E-21	101
A0A348AXX5	Q4KIA8	30.300	234	538	483	6.045E-21	101
A0A348AXX5	B5ED19	30.200	238	538	485	6.045E-21	101
A0A348AXX5	Q97FQ7	30.600	236	538	485	6.045E-21	101
A0A348AXX5	Q7U7F4	37.800	161	538	486	6.045E-21	101
A0A348AXX5	Q2IH94	34.300	201	538	492	6.045E-21	101
A0A348AXX5	Q6AQK1	32.000	231	538	485	8.021E-21	100
A0A348AXX5	C6E6Z2	30.200	238	538	485	8.021E-21	100
A0A348AXX5	A6VWN0	30.200	228	538	486	8.021E-21	100
A0A348AXX5	A1BDI1	31.100	196	538	476	1.064E-20	100
A0A348AXX5	A4IJZ2	36.400	192	538	485	1.064E-20	100
A0A348AXX5	Q39ZK0	29.800	251	538	485	1.064E-20	100
A0A348AXX5	Q46L72	34.000	194	538	486	1.064E-20	100
A0A348AXX5	A2C1Y1	34.000	194	538	486	1.064E-20	100
A0A348AXX5	B2V855	32.000	203	538	485	1.411E-20	100
A0A348AXX5	Q2S4S2	29.700	232	538	514	1.411E-20	100
A0A348AXX5	A6W7L7	33.100	199	538	516	1.872E-20	99
A0A348AXX5	B2IYD7	29.700	222	538	486	2.483E-20	99
A0A348AXX5	Q60CK8	32.100	230	538	485	3.294E-20	98
A0A348AXX5	Q9Z9G7	30.200	233	538	492	3.294E-20	98
A0A348AXX5	A3M8F1	32.400	222	538	492	3.294E-20	98
A0A348AXX5	A2BQY7	33.600	200	538	482	4.368E-20	98
A0A348AXX5	Q891I1	28.500	251	538	485	4.368E-20	98
A0A348AXX5	A5GKM7	29.900	227	538	487	4.368E-20	98
A0A348AXX5	B0VS13	32.400	222	538	492	4.368E-20	98
A0A348AXX5	Q6A8P5	26.900	299	538	501	4.368E-20	98
A0A348AXX5	B2S4Q7	42.300	130	538	506	4.368E-20	98
A0A348AXX5	O83983	42.300	130	538	506	4.368E-20	98
A0A348AXX5	Q46E35	34.000	188	538	475	5.792E-20	98
A0A348AXX5	O66610	32.200	230	538	478	5.792E-20	98
A0A348AXX5	Q8KFQ4	34.300	160	538	481	5.792E-20	98
A0A348AXX5	P73558	31.300	233	538	483	5.792E-20	98
A0A348AXX5	C3K6Y4	30.600	230	538	483	5.792E-20	98
A0A348AXX5	B7GXC5	32.400	222	538	492	5.792E-20	98
A0A348AXX5	B2HY00	32.400	222	538	492	5.792E-20	98
A0A348AXX5	B0VEN3	32.400	222	538	492	5.792E-20	98
A0A348AXX5	B7I7N2	32.400	222	538	492	5.792E-20	98
A0A348AXX5	Q1IED3	30.400	230	538	483	7.681E-20	97
A0A348AXX5	A4TE06	28.900	300	538	494	7.681E-20	97
A0A348AXX5	Q6NHQ1	30.700	234	538	494	7.681E-20	97
A0A348AXX5	Q7VSN2	32.200	208	538	512	7.681E-20	97
A0A348AXX5	Q1DCA3	31.300	236	538	486	1.018E-19	97
A0A348AXX5	A0LP22	30.500	261	538	486	1.018E-19	97
A0A348AXX5	B3EM22	25.600	421	538	477	1.350E-19	96
A0A348AXX5	A5GTM0	32.000	234	538	485	1.350E-19	96
A0A348AXX5	A9B9W7	33.800	192	538	487	1.350E-19	96
A0A348AXX5	Q1GYD3	31.500	219	538	490	1.350E-19	96
A0A348AXX5	Q21RH9	35.100	199	538	493	1.350E-19	96
A0A348AXX5	A9KJ26	29.900	227	538	494	1.350E-19	96
A0A348AXX5	Q7W3H7	32.200	208	538	512	1.350E-19	96
A0A348AXX5	A8Z6P5	27.100	287	538	452	1.790E-19	96
A0A348AXX5	B0KQG0	30.000	230	538	483	1.790E-19	96
A0A348AXX5	A8ETK8	26.600	249	538	453	2.373E-19	96
A0A348AXX5	A3PCR0	33.600	200	538	482	2.373E-19	96
A0A348AXX5	A7GKK3	35.100	188	538	485	2.373E-19	96
A0A348AXX5	B0TDK7	28.100	263	538	487	2.373E-19	96
A0A348AXX5	C0QKZ5	33.800	192	538	490	3.146E-19	95
A0A348AXX5	B8JBQ1	33.300	201	538	492	3.146E-19	95
A0A348AXX5	B4UIV1	33.300	201	538	492	3.146E-19	95
A0A348AXX5	B1JDP1	30.000	230	538	483	4.170E-19	95
A0A348AXX5	B9LZ18	29.800	251	538	485	4.170E-19	95
A0A348AXX5	B4S4W1	32.500	160	538	477	5.526E-19	94
A0A348AXX5	Q3KI27	29.000	234	538	483	5.526E-19	94
A0A348AXX5	B7GFW3	34.800	192	538	485	5.526E-19	94
A0A348AXX5	A2CA16	33.100	187	538	486	5.526E-19	94
A0A348AXX5	Q72DX1	35.100	188	538	489	5.526E-19	94
A0A348AXX5	A8F5H6	29.800	231	538	467	7.324E-19	94
A0A348AXX5	B1YM01	33.500	188	538	480	7.324E-19	94
A0A348AXX5	A8G4M8	33.100	200	538	482	7.324E-19	94
A0A348AXX5	B3EA24	28.700	240	538	485	7.324E-19	94
A0A348AXX5	A1VFG9	35.100	188	538	489	7.324E-19	94
A0A348AXX5	A1T6Y0	30.200	233	538	498	7.324E-19	94
A0A348AXX5	Q03EG5	29.500	230	538	486	9.707E-19	94
A0A348AXX5	Q3ATD7	35.000	160	538	474	1.286E-18	93
A0A348AXX5	Q97EX8	36.000	161	538	478	1.286E-18	93
A0A348AXX5	Q88PB9	29.500	230	538	483	1.286E-18	93
A0A348AXX5	C0Z4E4	30.900	197	538	490	1.286E-18	93
A0A348AXX5	B2UMP4	25.400	343	538	470	1.705E-18	93
A0A348AXX5	Q3A2K0	29.500	240	538	485	1.705E-18	93
A0A348AXX5	Q9Z9W9	33.300	192	538	485	1.705E-18	93
A0A348AXX5	B2TIZ9	33.400	210	538	485	1.705E-18	93
A0A348AXX5	B0K3S3	27.500	240	538	488	1.705E-18	93
A0A348AXX5	Q73VG9	29.200	229	538	493	1.705E-18	93
A0A348AXX5	A0RNK4	28.200	269	538	453	2.259E-18	93
A0A348AXX5	B4SCS6	35.000	160	538	475	2.259E-18	93
A0A348AXX5	Q03Q16	31.500	203	538	489	2.259E-18	93
A0A348AXX5	Q31B32	32.100	199	538	480	2.993E-18	92
A0A348AXX5	B7H4W2	34.000	188	538	485	2.993E-18	92
A0A348AXX5	B9J1N0	34.000	188	538	485	2.993E-18	92
A0A348AXX5	B7IUX9	34.000	188	538	485	2.993E-18	92
A0A348AXX5	B7HSY0	34.000	188	538	485	2.993E-18	92
A0A348AXX5	Q73EK8	34.000	188	538	485	2.993E-18	92
A0A348AXX5	Q2FQM9	34.700	167	538	431	3.965E-18	92
A0A348AXX5	B3EFE2	33.100	160	538	474	3.965E-18	92
A0A348AXX5	Q81IN3	34.000	188	538	485	3.965E-18	92
A0A348AXX5	Q81ZE8	34.000	188	538	485	3.965E-18	92
A0A348AXX5	A0R921	34.000	188	538	485	3.965E-18	92
A0A348AXX5	C3PBQ4	34.000	188	538	485	3.965E-18	92
A0A348AXX5	C3L559	34.000	188	538	485	3.965E-18	92
A0A348AXX5	B7JMB2	34.000	188	538	485	3.965E-18	92
A0A348AXX5	C1EV88	34.000	188	538	485	3.965E-18	92
A0A348AXX5	Q6HP81	34.000	188	538	485	3.965E-18	92
A0A348AXX5	B0KBN4	27.500	240	538	488	3.965E-18	92
A0A348AXX5	A5U723	28.300	233	538	494	3.965E-18	92
A0A348AXX5	P9WQA0	28.300	233	538	494	3.965E-18	92
A0A348AXX5	P9WQA1	28.300	233	538	494	3.965E-18	92
A0A348AXX5	Q971U6	32.000	178	538	472	5.253E-18	91
A0A348AXX5	A7Z267	32.000	206	538	485	5.253E-18	91
A0A348AXX5	A1KN06	28.300	233	538	494	5.253E-18	91
A0A348AXX5	Q7TXG2	28.300	233	538	494	5.253E-18	91
A0A348AXX5	C1AGC7	28.300	233	538	494	5.253E-18	91
A0A348AXX5	C4ZHB9	29.100	237	538	503	5.253E-18	91
A0A348AXX5	A7GX27	26.100	273	538	452	6.958E-18	91
A0A348AXX5	Q97ZG1	33.700	181	538	478	6.958E-18	91
A0A348AXX5	Q65MP8	34.000	188	538	485	6.958E-18	91
A0A348AXX5	Q253Q1	32.800	193	538	491	6.958E-18	91
A0A348AXX5	A7I1S8	24.300	418	538	452	9.217E-18	91
A0A348AXX5	Q5WJ20	30.200	255	538	483	9.217E-18	91
A0A348AXX5	C0QRF9	30.800	198	538	485	9.217E-18	91
A0A348AXX5	A5G9J9	28.200	251	538	485	9.217E-18	91
A0A348AXX5	Q3Z6V3	32.400	191	538	486	9.217E-18	91
A0A348AXX5	Q4J965	33.700	169	538	476	1.221E-17	90
A0A348AXX5	B1GZD3	29.800	191	538	485	1.221E-17	90
A0A348AXX5	A4QDK8	28.200	237	538	497	1.221E-17	90
A0A348AXX5	P63488	30.300	188	538	485	1.617E-17	90
A0A348AXX5	P63489	30.300	188	538	485	1.617E-17	90
A0A348AXX5	O06491	33.500	188	538	485	1.617E-17	90
A0A348AXX5	C0ZXK7	30.200	251	538	492	1.617E-17	90
A0A348AXX5	Q0SNH0	34.600	153	538	481	2.142E-17	89
A0A348AXX5	C0R074	31.900	207	538	482	2.142E-17	89
A0A348AXX5	Q5P4D0	32.800	195	538	490	2.142E-17	89
A0A348AXX5	Q2KU72	31.700	208	538	510	2.142E-17	89
A0A348AXX5	Q7VCJ0	32.600	187	538	486	2.837E-17	89
A0A348AXX5	B6U151	34.700	184	538	543	2.837E-17	89
A0A348AXX5	Q25A68	34.700	184	538	543	2.837E-17	89
A0A348AXX5	Q7X8Z8	34.700	184	538	543	2.837E-17	89
A0A348AXX5	A6Q4I0	27.300	240	538	442	3.757E-17	89
A0A348AXX5	A4SGD2	35.500	152	538	482	3.757E-17	89
A0A348AXX5	Q3SM39	30.600	209	538	485	3.757E-17	89
A0A348AXX5	B0SRP1	28.800	194	538	488	3.757E-17	89
A0A348AXX5	O33105	28.300	229	538	497	3.757E-17	89
A0A348AXX5	Q73Q68	34.500	189	538	485	4.975E-17	88
A0A348AXX5	A5IU67	29.700	188	538	485	4.975E-17	88
A0A348AXX5	Q6G833	29.700	188	538	485	4.975E-17	88
A0A348AXX5	A6U305	29.700	188	538	485	4.975E-17	88
A0A348AXX5	A5FQ07	30.800	191	538	486	4.975E-17	88
A0A348AXX5	Q3ZYM5	30.800	191	538	486	4.975E-17	88
A0A348AXX5	O51317	34.600	153	538	481	6.587E-17	88
A0A348AXX5	Q3B228	34.800	152	538	485	6.587E-17	88
A0A348AXX5	C5Y8Z8	34.200	184	538	541	6.587E-17	88
A0A348AXX5	Q72SC3	37.100	137	538	487	1.155E-16	87
A0A348AXX5	Q8F3A1	37.100	137	538	487	1.155E-16	87
A0A348AXX5	Q4JUM4	28.700	233	538	500	1.155E-16	87
A0A348AXX5	Q9ZL13	30.100	186	538	453	2.024E-16	86
A0A348AXX5	A2BWS5	28.800	201	538	484	2.024E-16	86
A0A348AXX5	A4J6Z8	26.200	240	538	485	2.680E-16	86
A0A348AXX5	B6JM61	30.100	186	538	453	3.548E-16	85
A0A348AXX5	Q1QDJ4	31.200	222	538	498	3.548E-16	85
A0A348AXX5	Q7M842	31.900	163	538	449	4.696E-16	85
A0A348AXX5	Q74I52	32.000	187	538	479	4.696E-16	85
A0A348AXX5	A5VLG3	37.200	152	538	490	4.696E-16	85
A0A348AXX5	B2G8T6	37.200	152	538	490	4.696E-16	85
A0A348AXX5	B9DWL8	34.800	149	538	494	4.696E-16	85
A0A348AXX5	Q9HR43	36.700	136	538	423	6.216E-16	85
A0A348AXX5	A7H2U1	33.300	164	538	453	6.216E-16	85
A0A348AXX5	B2GDS6	32.600	190	538	487	6.216E-16	85
A0A348AXX5	B2USZ8	26.100	250	538	453	8.228E-16	84
A0A348AXX5	Q17WM2	26.100	250	538	453	8.228E-16	84
A0A348AXX5	Q5HU43	32.700	164	538	453	8.228E-16	84
A0A348AXX5	Q9PNN2	33.300	164	538	453	8.228E-16	84
A0A348AXX5	A8FMB2	32.700	164	538	453	8.228E-16	84
A0A348AXX5	Q04SA5	29.100	192	538	485	8.228E-16	84
A0A348AXX5	Q050D1	29.100	192	538	485	8.228E-16	84
A0A348AXX5	B5Z7J5	26.500	250	538	453	1.089E-15	84
A0A348AXX5	Q1CT39	29.500	186	538	453	1.089E-15	84
A0A348AXX5	C4L690	30.800	188	538	480	1.089E-15	84
A0A348AXX5	Q041K5	32.000	187	538	479	1.441E-15	83
A0A348AXX5	A0PPX4	30.000	193	538	493	1.441E-15	83
A0A348AXX5	P56114	29.500	186	538	453	1.908E-15	83
A0A348AXX5	Q4FUG4	30.800	222	538	498	1.908E-15	83
A0A348AXX5	P27765	32.000	184	538	506	1.908E-15	83
A0A348AXX5	Q3ISR6	38.100	131	538	423	2.524E-15	83
A0A348AXX5	Q1GBF4	39.200	129	538	480	2.524E-15	83
A0A348AXX5	Q04BV7	39.200	129	538	480	2.524E-15	83
A0A348AXX5	A5WCI2	29.900	217	538	499	2.524E-15	83
A0A348AXX5	Q03AC0	37.600	130	538	484	4.420E-15	82
A0A348AXX5	B8D125	31.500	171	538	477	5.849E-15	81
A0A348AXX5	B3WD57	37.600	130	538	484	5.849E-15	81
A0A348AXX5	B9E826	30.200	162	538	481	7.740E-15	81
A0A348AXX5	Q38VC9	36.400	129	538	488	1.792E-14	80
A0A4S8MAF3	W4JX79	57.200	332	353	345	6.356E-126	406
A0A4S8MAF3	P0DL13	55.100	332	353	345	7.142E-121	391
A0A4S8MAF3	A0A0D2L718	51.200	320	353	327	5.287E-109	357
A0A4S8MAF3	A0A8H7XQ49	42.100	346	353	364	5.619E-89	299
A0A4S8MAF3	A0A8H8CFI5	42.400	337	353	364	7.687E-89	298
A0A4S8MAF3	A0A8H7XP09	38.200	335	353	361	7.049E-77	263
A0A4S8MAF3	A0A8H7XMX0	36.700	339	353	344	3.810E-69	241
A0A4S8MAF3	A0A348B779	36.900	334	353	338	1.046E-66	234
A0A4S8MAF3	A8NE23	34.000	337	353	425	9.985E-59	211
A0A4S8MAF3	B8PD44	30.800	335	353	336	5.008E-49	182
A0A4S8MAF3	A8NU13	30.300	325	353	345	2.919E-43	165
A0A4S8MAF3	A0A0C9VD04	29.200	312	353	347	7.427E-39	152
A0A4S8MAF3	A0A0C3FBR2	29.200	312	353	345	6.351E-38	149
A0A4S8MAF3	B2J4A4	23.200	308	353	323	5.230E-25	111
A0A4S8MAF3	A0A1B4XBG5	27.800	315	353	367	2.338E-24	109
A0A4S8MAF3	S0DX56	26.100	333	353	357	3.442E-23	105
A0A4S8MAF3	C7PLV2	23.800	300	353	321	1.315E-20	97
A0A4S8MAF3	A0A1L7VZE7	25.500	329	353	401	4.295E-20	96
A0A4S8MAF3	A9GK58	25.800	306	353	315	1.881E-19	94
A0A4S8MAF3	B5H7H3	21.500	309	353	372	3.972E-15	80
A0A4S8MAF3	E3VWJ0	21.600	309	353	337	9.632E-14	76
A0A4S8MAF3	Q82IY4	21.700	306	353	336	1.288E-11	69
A0A4S8MAF3	Q55012	21.400	306	353	337	1.288E-11	69
A0A4S8MAF3	Q7KWU0	21.400	252	353	349	3.351E-05	49
A0A6C0WX00	Q2HXL9	97.200	365	370	365	1.612E-235	723
A0A6C0WX00	Q2HXI6	95.800	365	370	365	3.100E-232	713
A0A6C0WX00	A0A0S2PM92	91.600	370	370	369	9.431E-224	689
A0A6C0WX00	Q9FZN8	91.300	370	370	369	2.427E-223	688
A0A6C0WX00	A0A0S2PM82	91.300	370	370	368	1.458E-221	683
A0A6C0WX00	A0A0S2PMA8	90.200	370	370	369	5.139E-221	681
A0A6C0WX00	Q68CM3	87.900	365	370	365	1.138E-212	657
A0A6C0WX00	Q2HXI5	87.600	365	370	365	4.013E-212	655
A0A6C0WX00	A0A061FMF5	55.500	358	370	363	6.994E-123	398
A0A6C0WX00	A0A061FKL9	53.400	360	370	367	4.159E-115	375
A0A6C0WX00	A0A061FKM4	52.700	362	370	364	1.067E-114	374
A0A6C0WX00	A0A061FTC2	53.500	360	370	365	7.017E-114	372
A0A6C0WX00	A0A061FLA2	50.500	360	370	365	3.010E-106	349
A0A6C0WX00	A0A061FBW2	46.700	370	370	373	4.912E-96	320
A0A6C0WX00	A0A061FDP1	45.400	370	370	373	7.384E-94	314
A0A6C0WX00	A0A9E8M4E3	44.300	360	370	370	5.305E-91	305
A0A6C0WX00	A0A9E9KUV1	44.300	360	370	370	2.539E-90	303
A0A6C0WX00	Q9SPV4	43.000	354	370	359	1.297E-84	287
A0A6C0WX00	Q84UB5	43.800	361	370	357	8.472E-84	284
A0A6C0WX00	Q84UB4	43.500	361	370	357	1.158E-83	284
A0A6C0WX00	Q6XMI3	41.300	357	370	379	1.724E-81	278
A0A6C0WX00	Q9AR07	40.400	382	370	389	4.403E-81	276
A0A6C0WX00	Q8H0D2	41.100	348	370	384	1.735E-73	254
A0A6C0WX00	Q9AVK0	41.100	340	370	372	2.371E-73	254
A0A6C0WX00	Q8RVM0	42.100	339	370	371	4.425E-73	253
A0A6C0WX00	A0A096VHY7	40.200	353	370	385	8.259E-73	252
A0A6C0WX00	Q8H0D3	41.000	348	370	384	2.105E-72	251
A0A6C0WX00	A4GE70	40.700	348	370	384	3.929E-72	250
A0A6C0WX00	Q9FYZ9	37.700	363	370	364	1.001E-71	249
A0A6C0WX00	D9J100	39.000	368	370	379	4.762E-71	247
A0A6C0WX00	Q4U5S1	39.500	345	370	378	2.264E-70	245
A0A6C0WX00	D9J0Z7	36.400	371	370	382	7.962E-65	229
A0A6C0WX00	B6SU46	36.000	366	370	374	3.773E-64	227
A0A6C0WX00	D9J101	36.300	376	370	385	8.461E-63	223
A0A6C0WX00	B2KPR3	33.700	367	370	371	2.397E-58	210
A0A6C0WX00	Q9FLN8	34.500	345	370	386	3.000E-55	201
A0A6C0WX00	Q9FYC4	34.800	327	370	348	9.903E-48	179
A0A6C0WX00	Q0J998	34.000	303	370	404	4.626E-47	177
A0A6C0WX00	Q5XF78	29.400	356	370	387	4.691E-45	171
A0A345BJN2	R4X247	35.800	89	218	374	1.137E-04	46
A0A345BJN2	R4X244	35.800	89	218	374	1.137E-04	46
A0A345BJN2	R4X4V6	35.800	89	218	374	1.137E-04	46
A0A345BJN2	R4X5P0	35.800	89	218	374	1.137E-04	46
A0A345BJN2	A0A0A1EQ07	30.100	93	218	313	2.042E-04	45
A0A345BJN2	Q9LVB8	34.400	85	218	327	4.905E-04	44
P9WEU6	Q42966	53.000	311	320	348	6.479E-103	337
P9WEU6	P46011	52.600	312	320	355	9.883E-101	331
P9WEU6	Q5QGZ8	51.200	315	320	349	2.536E-100	330
P9WEU6	Q6H849	51.800	315	320	362	4.754E-100	329
P9WEU6	Q42965	52.800	311	320	349	6.509E-100	329
P9WEU6	P32961	47.600	316	320	346	1.360E-94	313
P9WEU6	P46010	48.500	314	320	346	8.949E-94	311
P9WEU6	Q89PT3	50.600	314	320	321	1.677E-93	310
P9WEU6	G9AIU0	47.700	314	320	308	3.873E-92	306
P9WEU6	B6Q5I3	32.000	307	320	322	7.504E-37	145
P9WEU6	Q03217	33.000	316	320	366	7.504E-37	145
P9WEU6	Q19A54	30.700	317	320	320	8.802E-36	142
P9WEU6	B6HVR6	31.200	313	320	328	4.096E-35	140
P9WEU6	B2JQY2	31.900	313	320	340	7.573E-35	139
P9WEU6	P82605	32.500	298	320	339	1.632E-33	135
P9WEU6	Q6RWK4	31.100	304	320	314	1.618E-31	129
P9WEU6	Q02068	29.300	308	320	383	4.050E-31	128
P9WEU6	Q6RWG0	29.900	308	320	330	4.670E-30	125
P9WEU6	V5IPE4	30.500	310	320	327	2.148E-29	123
P9WEU6	Q89GE3	30.800	315	320	334	2.914E-29	123
P9WEU6	D4B1Q8	29.500	307	320	335	2.914E-29	123
P9WEU6	P20960	28.700	311	320	356	8.314E-28	118
P9WEU6	K2QXC4	29.300	311	320	344	3.803E-27	116
P9WEU6	P10045	30.500	319	320	349	9.459E-27	115
P9WEU6	G7XTA8	29.100	315	320	320	4.314E-26	113
P9WEU6	A5DNJ4	27.700	311	320	317	6.590E-25	109
P9WEU6	C7YS90	27.700	311	320	339	1.633E-24	108
P9WEU6	A2R6M7	28.300	303	320	337	2.209E-24	108
P9WEU6	Q500U1	29.300	316	320	336	2.988E-24	108
P9WEU6	Q2U4D6	27.500	303	320	333	9.999E-24	106
P9WEU6	A0A2H3E4G0	27.300	305	320	356	6.103E-23	104
P9WEU6	G9N4E3	28.000	303	320	329	8.248E-23	103
P9WEU6	A0A0P1DJE3	27.200	311	320	331	5.015E-22	101
P9WEU6	P32964	26.900	305	320	368	3.335E-20	95
P9WEU6	G2XQT1	27.200	302	320	371	2.002E-19	93
P9WEU6	P32963	24.800	302	320	355	3.635E-19	92
P9WEU6	I1RP53	25.100	270	320	355	8.886E-19	91
P9WEU6	E3RV84	25.800	270	320	366	1.197E-18	91
P9WEU6	Q7RVT0	25.800	270	320	351	2.170E-18	90
P9WEU6	Q7Z8M6	24.800	270	320	363	4.220E-17	86
P9WEU6	B6HCY4	24.600	302	320	358	1.378E-16	84
P9WEU6	Q9P8V3	24.500	302	320	356	3.343E-16	83
P9WEU6	C8V9R7	24.200	308	320	364	6.032E-16	82
P9WEU6	A9QXE0	24.100	302	320	356	1.534E-14	78
P9WEU6	Q9X0Y0	22.500	287	320	576	2.783E-05	49
A0A5Q0QU70	A8NE23	79.200	338	358	425	9.700E-188	584
A0A5Q0QU70	A0A348B779	51.700	346	358	338	8.874E-106	347
A0A5Q0QU70	B8PD44	35.100	344	358	336	1.520E-60	216
A0A5Q0QU70	W4JX79	37.300	336	358	345	2.640E-57	207
A0A5Q0QU70	P0DL13	33.100	334	358	345	1.199E-51	190
A0A5Q0QU70	A0A8H7XQ49	30.900	341	358	364	7.099E-46	173
A0A5Q0QU70	A0A8H8CFI5	31.400	335	358	364	1.315E-45	172
A0A5Q0QU70	A0A8H7XP09	28.900	343	358	361	2.477E-43	166
A0A5Q0QU70	A0A8H7XMX0	30.600	342	358	344	3.369E-43	165
A0A5Q0QU70	A8NU13	30.500	344	358	345	1.154E-42	164
A0A5Q0QU70	A0A0D2L718	27.700	345	358	327	5.378E-40	156
A0A5Q0QU70	A0A0C9VD04	29.700	322	358	347	7.107E-36	143
A0A5Q0QU70	A0A0C3FBR2	29.100	310	358	345	1.501E-34	139
A0A5Q0QU70	A9GK58	28.500	309	358	315	7.853E-33	134
A0A5Q0QU70	D2B747	28.500	309	358	330	5.145E-29	123
A0A5Q0QU70	S0DX56	31.600	273	358	357	4.251E-28	120
A0A5Q0QU70	C7PLV2	29.600	255	358	321	5.746E-28	120
A0A5Q0QU70	A7NH01	27.200	301	358	326	5.746E-28	120
A0A5Q0QU70	B2J4A4	24.000	322	358	323	6.385E-27	117
A0A5Q0QU70	B5H7H3	27.200	326	358	372	6.385E-27	117
A0A5Q0QU70	A0A1L7VZE7	26.900	345	358	401	3.446E-20	96
A0A5Q0QU70	A0A1B4XBG5	24.300	318	358	367	1.181E-18	91
A0A5Q0QU70	D9XD61	26.700	267	358	343	2.850E-18	90
A0A5Q0QU70	A0A0B4G3Q7	27.300	310	358	342	9.208E-18	89
A0A5Q0QU70	E9E766	25.900	304	358	349	3.976E-17	87
A0A5Q0QU70	A0A1G9UQQ0	23.800	324	358	363	9.819E-16	82
A0A5Q0QU70	Q9X839	24.400	324	358	726	3.139E-15	81
A0A5Q0QU70	F8JK18	24.700	315	358	367	4.195E-15	80
A0A5Q0QU70	E3VWJ0	25.900	314	358	337	2.386E-14	78
A0A5Q0QU70	Q82IY4	25.000	314	358	336	3.186E-14	78
A0A5Q0QU70	A0A1L5YKS7	22.700	355	358	431	1.350E-13	76
A0A5Q0QU70	B5GW45	25.300	316	358	418	1.802E-13	75
A0A5Q0QU70	A0A0B4FWC3	25.100	296	358	332	4.278E-13	74
A0A5Q0QU70	A0A0B4IF96	24.800	296	358	355	1.014E-12	73
A0A5Q0QU70	Q55012	25.000	314	358	337	4.265E-12	71
A0A5Q0QU70	B5HDJ6	23.000	306	358	365	5.683E-12	70
A0A5Q0QU70	Q9K499	22.700	339	358	361	2.381E-11	68
A0A5Q0QU70	A1C8C3	21.500	256	358	718	1.546E-06	53
A0A5Q0QU70	A3KI17	24.400	224	358	440	1.957E-05	49
A0A5Q0QU70	A4FG19	22.800	170	358	354	7.998E-05	48
A0A5Q0QU70	A0A151ZEA6	22.100	312	358	353	5.726E-04	45
A0A5B8NIM2	A0A0S0FTT9	65.200	262	262	266	2.198E-111	359
A0A5B8NIM2	Q9P4D8	44.200	258	262	280	4.490E-65	225
A0A5B8NIM2	O13739	44.600	250	262	251	1.940E-63	220
A0A5B8NIM2	P42738	39.300	260	262	340	4.817E-54	193
A0A5B8NIM2	Q9C544	40.000	253	262	316	6.589E-54	192
A0A5B8NIM2	B4FNK8	37.700	258	262	312	1.475E-49	180
A0A5B8NIM2	B4FUP5	37.400	247	262	253	1.135E-44	166
A0A5B8NIM2	Q9S7H4	37.900	251	262	265	1.551E-44	165
A0A3G1QTS7	A0A1Z3GC64	98.600	794	794	794	0.000E+00	1606
A0A3G1QTS7	H6VLG5	79.800	799	794	811	0.000E+00	1306
A0A3G1QTS7	A0A1Z3GBK8	72.700	794	794	806	0.000E+00	1176
A0A3G1QTS7	A0A5P8DI06	73.000	794	794	797	0.000E+00	1168
A0A3G1QTS7	A0A075FBT3	73.900	773	794	756	0.000E+00	1152
A0A3G1QTS7	B9T625	59.600	737	794	738	8.584E-288	897
A0A3G1QTS7	Q9XEI0	54.700	757	794	784	2.107E-269	844
A0A3G1QTS7	Q9XEH9	54.700	757	794	784	1.241E-267	839
A0A3G1QTS7	Q9SAK2	53.700	748	794	785	1.076E-257	810
A0A3G1QTS7	Q39548	51.000	779	794	789	6.323E-256	805
A0A3G1QTS7	Q0JA82	48.700	745	794	756	3.817E-226	719
A0A3G1QTS7	B9SIM2	46.400	740	794	778	3.302E-211	675
A0A3G1QTS7	B9SIM3	45.500	754	794	774	3.461E-206	661
A0A3G1QTS7	Q0E088	44.200	745	794	829	2.855E-199	640
A0A3G1QTS7	B9SIL7	43.200	741	794	778	2.539E-198	638
A0A3G1QTS7	Q0JA81	45.300	730	794	819	6.475E-198	636
A0A3G1QTS7	Q66QH3	43.400	740	794	840	1.515E-191	618
A0A3G1QTS7	Q0JEZ8	43.400	740	794	842	5.274E-191	616
A0A3G1QTS7	Q2QQJ5	41.900	745	794	815	2.612E-180	585
A0A3G1QTS7	A0A1D6KUI6	42.500	731	794	848	1.693E-179	583
A0A3G1QTS7	Q6Z5J6	39.300	781	794	821	5.207E-178	578
A0A3G1QTS7	A4KAG7	38.900	781	794	821	7.110E-178	578
A0A3G1QTS7	A4KAG8	40.000	779	794	821	1.600E-176	574
A0A3G1QTS7	Q6BDZ9	40.400	761	794	822	1.251E-174	569
A0A3G1QTS7	G3CCC1	39.900	754	794	792	8.096E-174	566
A0A3G1QTS7	Q1AHB2	40.600	755	794	816	2.811E-173	565
A0A3G1QTS7	B8XA41	40.500	727	794	777	2.446E-162	533
A0A3G1QTS7	C1K5M3	40.300	727	794	778	5.467E-161	529
A0A3G1QTS7	Q84ZW8	49.500	511	794	590	1.045E-146	487
A0A3G1QTS7	A5A8G0	34.700	731	794	881	3.900E-142	473
A0A3G1QTS7	J9QS23	34.200	743	794	739	3.421E-130	438
A0A3G1QTS7	J9R388	34.000	743	794	740	2.963E-129	436
A0A3G1QTS7	M4HXU6	33.800	734	794	857	4.034E-129	435
A0A3G1QTS7	M4HY05	33.800	734	794	857	7.473E-129	434
A0A3G1QTS7	Q50EK2	33.800	734	794	850	1.885E-128	433
A0A3G1QTS7	M4HYC6	33.800	734	794	850	3.492E-128	432
A0A3G1QTS7	F2XFB2	33.500	734	794	859	2.219E-127	430
A0A3G1QTS7	Q675L5	33.800	743	794	867	7.614E-127	428
A0A3G1QTS7	Q675L4	33.400	734	794	859	1.036E-126	428
A0A3G1QTS7	H8ZM71	33.800	716	794	852	6.581E-126	426
A0A3G1QTS7	Q38710	33.600	715	794	868	5.684E-125	423
A0A3G1QTS7	H8ZM70	33.500	715	794	844	1.432E-124	422
A0A3G1QTS7	M4HYP3	33.400	735	794	876	1.432E-124	422
A0A3G1QTS7	M4HXW5	33.100	735	794	876	6.675E-124	420
A0A3G1QTS7	H8ZM73	33.400	713	794	867	2.287E-123	418
A0A3G1QTS7	Q947C4	32.500	718	794	873	4.273E-121	411
A0A3G1QTS7	M4HY08	31.500	735	794	868	1.697E-111	383
A0A3G1QTS7	M4HYC8	31.400	735	794	868	3.630E-110	379
A0A3G1QTS7	Q41594	30.700	729	794	862	2.586E-106	368
A0A3G1QTS7	Q9FT37	30.800	729	794	862	2.586E-106	368
A0A3G1QTS7	Q93YA3	30.700	729	794	862	1.192E-105	366
A0A3G1QTS7	G1DGI7	29.700	728	794	750	3.223E-100	349
A0A3G1QTS7	A0A1L6Z3A5	29.900	739	794	814	2.717E-99	347
A0A3G1QTS7	A0A2K9RFZ2	36.000	502	794	589	5.861E-93	328
A0A3G1QTS7	G9MAN7	30.200	733	794	867	1.455E-92	327
A0A3G1QTS7	Q4QSN4	29.600	749	794	815	3.613E-92	325
A0A3G1QTS7	A0AA38CJ97	29.100	735	794	817	4.077E-91	322
A0A3G1QTS7	A0A075FBG7	33.700	548	794	580	4.281E-88	313
A0A3G1QTS7	A0A1W6QDI7	32.800	526	794	626	2.420E-85	305
A0A3G1QTS7	Q38802	35.200	488	794	802	1.995E-84	302
A0A3G1QTS7	C8XPS0	31.500	548	794	595	7.388E-83	297
A0A3G1QTS7	E2IHE0	29.500	658	794	808	1.821E-82	296
A0A3G1QTS7	Q96376	28.900	756	794	870	4.963E-81	292
A0A3G1QTS7	A0A0M4M0T9	29.300	722	794	815	5.476E-80	289
A0A3G1QTS7	A0A0M5L832	29.200	722	794	815	7.392E-80	288
A0A3G1QTS7	A0A1L6Z3A0	28.900	712	794	846	7.392E-80	288
A0A3G1QTS7	A0A1W6QDJ1	27.600	734	794	796	6.027E-79	286
A0A3G1QTS7	G3E4M4	27.400	745	794	794	1.481E-78	284
A0A3G1QTS7	A0A0U3LQ20	32.300	489	794	793	1.998E-78	284
A0A3G1QTS7	A0A075FA51	26.700	739	794	785	1.204E-77	282
A0A3G1QTS7	G3E4M6	31.600	493	794	710	2.191E-77	281
A0A3G1QTS7	A0A1X9IRQ7	26.400	729	794	798	1.318E-76	278
A0A3G1QTS7	Q93YV0	28.300	747	794	877	7.915E-76	276
A0A3G1QTS7	Q6ET36	33.400	489	794	867	1.438E-75	275
A0A3G1QTS7	G3CCC0	26.600	720	794	802	2.613E-75	274
A0A3G1QTS7	A0A2K9RG07	27.900	702	794	800	4.747E-75	274
A0A3G1QTS7	O04408	32.400	487	794	801	6.398E-75	273
A0A3G1QTS7	Q41771	27.300	729	794	824	1.566E-74	272
A0A3G1QTS7	A0A1S5RW73	27.000	739	794	787	2.110E-74	272
A0A3G1QTS7	B8PQ84	27.200	694	794	793	7.532E-73	267
A0A3G1QTS7	A0A0U2D9C5	27.000	758	794	776	1.587E-70	260
A0A3G1QTS7	A0A1D6K6U5	32.100	487	794	825	1.587E-70	260
A0A3G1QTS7	Q6Z5I0	31.500	509	794	800	9.413E-70	258
A0A3G1QTS7	Q5MQ85	31.500	509	794	800	3.081E-69	256
A0A3G1QTS7	A0A2K9RFZ7	29.200	492	794	798	7.493E-69	255
A0A3G1QTS7	G8GJ94	30.400	495	794	575	4.427E-68	252
A0A3G1QTS7	G8GJ96	25.600	754	794	784	3.508E-67	250
A0A3G1QTS7	A0A075FAK4	24.800	748	794	776	6.334E-67	249
A0A3G1QTS7	G8GJ95	25.800	754	794	785	6.334E-67	249
A0A3G1QTS7	Q6E7D7	30.600	519	794	767	2.064E-66	247
A0A3G1QTS7	Q0JF02	30.700	519	794	767	3.725E-66	246
A0A3G1QTS7	A0A1X9ISN9	30.600	457	794	664	1.212E-65	245
A0A3G1QTS7	Q20HU6	29.600	497	794	575	1.026E-48	192
A0A3G1QTS7	O22340	28.400	512	794	637	1.013E-47	189
A0A3G1QTS7	Q84KL4	27.900	512	794	627	1.349E-47	188
A0A3G1QTS7	O64404	27.500	493	794	581	7.492E-47	186
A0A3G1QTS7	Q20HU7	27.000	516	794	634	9.968E-47	186
A0A3G1QTS7	Q84KL3	27.000	512	794	628	2.347E-46	184
A0A3G1QTS7	R9QMW1	27.900	512	794	623	4.152E-46	184
A0A3G1QTS7	Q9M7D1	26.900	512	794	630	5.521E-46	183
A0A3G1QTS7	F2XFA6	27.200	516	794	627	7.343E-46	183
A0A3G1QTS7	R9QMR1	27.100	512	794	628	7.343E-46	183
A0A3G1QTS7	R9QMR0	28.100	511	794	628	1.298E-45	182
A0A3G1QTS7	Q9M7C9	27.200	512	794	637	3.052E-45	181
A0A3G1QTS7	R9QMW2	26.900	512	794	628	4.057E-45	181
A0A3G1QTS7	F2XFA2	27.700	512	794	612	9.527E-45	179
A0A3G1QTS7	C0PT35	27.900	512	794	612	9.527E-45	179
A0A3G1QTS7	Q6XDB5	26.900	512	794	627	9.527E-45	179
A0A3G1QTS7	C7ASI9	27.400	510	794	627	9.527E-45	179
A0A3G1QTS7	F2XF98	28.100	512	794	612	1.683E-44	179
A0A3G1QTS7	R9QMQ9	27.300	512	794	627	1.683E-44	179
A0A3G1QTS7	F1CKI6	27.200	510	794	627	1.683E-44	179
A0A3G1QTS7	F2XFA8	27.500	512	794	627	1.683E-44	179
A0A3G1QTS7	Q84KL5	27.900	490	794	574	5.245E-44	177
A0A3G1QTS7	F2XF95	26.100	512	794	627	5.245E-44	177
A0A3G1QTS7	F2XF96	26.100	512	794	627	5.245E-44	177
A0A3G1QTS7	R9QMR3	26.000	517	794	629	6.969E-44	177
A0A3G1QTS7	R9QMY9	25.800	517	794	629	9.257E-44	176
A0A3G1QTS7	F1CKI8	26.300	510	794	627	2.170E-43	175
A0A3G1QTS7	Q948Z0	26.300	512	794	618	1.190E-42	173
A0A3G1QTS7	F1CKI9	26.300	510	794	627	1.190E-42	173
A0A3G1QTS7	R9QMW8	27.100	512	794	626	1.580E-42	172
A0A3G1QTS7	R9QMR6	27.300	512	794	626	1.580E-42	172
A0A3G1QTS7	O24474	27.000	497	794	627	1.580E-42	172
A0A3G1QTS7	C0PPM5	28.300	497	794	579	2.784E-42	171
A0A3G1QTS7	F2XF99	25.600	510	794	580	2.784E-42	171
A0A3G1QTS7	Q84SM8	26.300	510	794	627	3.695E-42	171
A0A3G1QTS7	Q675L0	27.500	497	794	578	4.905E-42	171
A0A3G1QTS7	C0PPR1	26.900	498	794	626	4.905E-42	171
A0A3G1QTS7	R9QMW4	26.900	512	794	626	4.905E-42	171
A0A3G1QTS7	F2XFA0	27.700	497	794	578	6.510E-42	170
A0A3G1QTS7	F2XFA1	27.000	498	794	624	8.640E-42	170
A0A3G1QTS7	F2XFA4	27.000	498	794	624	8.640E-42	170
A0A3G1QTS7	Q672F7	27.300	513	794	595	2.019E-41	169
A0A3G1QTS7	C0PTH8	26.800	498	794	624	4.716E-41	168
A0A3G1QTS7	Q9M7D0	27.900	501	794	630	1.397E-39	163
A0A3G1QTS7	I6RE61	28.200	443	794	596	3.255E-39	162
A0A3G1QTS7	F1CKJ1	26.800	510	794	627	4.314E-39	161
A0A3G1QTS7	Q5SBP3	26.300	507	794	574	9.549E-38	157
A0A3G1QTS7	G0Y7D1	26.600	511	794	582	9.048E-37	154
A0A3G1QTS7	Q5SBP6	25.600	510	794	546	1.498E-35	150
A0A3G1QTS7	A5Y5L5	25.800	496	794	610	3.475E-35	149
A0A3G1QTS7	H9L9E5	25.300	506	794	556	4.599E-35	148
A0A3G1QTS7	A0A6P6W6H5	27.200	426	794	606	1.066E-34	147
A0A3G1QTS7	Q6USK1	26.100	501	794	567	1.411E-34	147
A0A3G1QTS7	Q8H2B4	26.600	450	794	606	1.867E-34	146
A0A3G1QTS7	D0VMR6	25.200	494	794	547	4.326E-34	145
A0A3G1QTS7	A6XH05	24.400	509	794	591	4.326E-34	145
A0A3G1QTS7	L0HB77	23.000	512	794	597	4.326E-34	145
A0A3G1QTS7	D0VMR8	25.200	494	794	547	5.723E-34	145
A0A3G1QTS7	D0VMR7	25.400	494	794	547	1.002E-33	144
A0A3G1QTS7	G5CV52	24.900	513	794	554	1.753E-33	143
A0A3G1QTS7	O81191	24.700	507	794	591	1.753E-33	143
A0A3G1QTS7	G1JUH1	25.100	505	794	607	3.068E-33	142
A0A3G1QTS7	J7LQ09	27.200	489	794	542	4.058E-33	142
A0A3G1QTS7	H2ELN1	25.600	489	794	522	5.368E-33	141
A0A3G1QTS7	K4LMW2	25.700	505	794	561	5.368E-33	141
A0A3G1QTS7	Q5UB07	25.200	502	794	580	7.100E-33	141
A0A3G1QTS7	Q94G53	25.400	453	794	582	7.100E-33	141
A0A3G1QTS7	L0HAM7	23.900	512	794	603	7.100E-33	141
A0A3G1QTS7	U3LVZ7	25.600	512	794	548	2.873E-32	139
A0A3G1QTS7	A0A7G5KLV0	26.000	509	794	590	2.873E-32	139
A0A3G1QTS7	E2E2N8	25.400	512	794	563	5.023E-32	138
A0A3G1QTS7	Q43714	24.300	548	794	555	1.161E-31	137
A0A3G1QTS7	Q6Q3H3	24.700	510	794	557	1.161E-31	137
A0A3G1QTS7	O23945	26.300	512	794	556	2.684E-31	136
A0A3G1QTS7	A6XH06	25.700	430	794	581	3.549E-31	136
A0A3G1QTS7	K4L9M2	24.600	507	794	561	4.691E-31	135
A0A3G1QTS7	Q9ZUH4	24.100	509	794	591	6.202E-31	135
A0A3G1QTS7	B3TPQ6	25.800	501	794	550	1.433E-30	134
A0A3G1QTS7	A0A7G5KLV1	26.700	425	794	561	2.503E-30	133
A0A3G1QTS7	P59287	23.700	510	794	601	2.503E-30	133
A0A3G1QTS7	P0CJ43	24.700	491	794	589	3.308E-30	132
A0A3G1QTS7	Q5SBP7	25.200	508	794	550	4.373E-30	132
A0A3G1QTS7	B6SCF6	25.200	510	794	563	4.373E-30	132
A0A3G1QTS7	B3TPQ7	25.600	513	794	592	4.373E-30	132
A0A3G1QTS7	B5A434	25.000	515	794	576	7.638E-30	131
A0A3G1QTS7	Q8L5K4	26.000	463	794	600	7.638E-30	131
A0A3G1QTS7	Q5SBP1	24.800	425	794	599	1.010E-29	131
A0A3G1QTS7	Q39761	23.100	555	794	554	1.334E-29	130
A0A3G1QTS7	B6SCF5	25.400	510	794	563	1.334E-29	130
A0A3G1QTS7	E2E2N7	24.400	486	794	555	2.330E-29	130
A0A3G1QTS7	J7LMP2	25.900	502	794	565	2.330E-29	130
A0A3G1QTS7	B6SCF4	26.700	433	794	613	3.079E-29	129
A0A3G1QTS7	I7H727	24.400	533	794	556	4.069E-29	129
A0A3G1QTS7	E2E2N3	22.700	512	794	595	4.069E-29	129
A0A3G1QTS7	E2E2N5	23.900	510	794	554	5.376E-29	128
A0A3G1QTS7	Q39978	25.000	459	794	555	7.104E-29	128
A0A3G1QTS7	E2E2N4	24.000	510	794	554	9.387E-29	128
A0A3G1QTS7	F6M8I0	24.800	515	794	576	1.240E-28	127
A0A3G1QTS7	G5CV45	24.800	439	794	548	2.165E-28	126
A0A3G1QTS7	O65323	24.400	483	794	559	2.165E-28	126
A0A3G1QTS7	J7LH11	27.800	422	794	546	2.861E-28	126
A0A3G1QTS7	Q39760	22.800	555	794	554	2.861E-28	126
A0A3G1QTS7	B2KSJ6	24.000	507	794	560	2.861E-28	126
A0A3G1QTS7	T1RR72	25.300	430	794	594	2.861E-28	126
A0A3G1QTS7	T1RRJ4	25.300	430	794	594	2.861E-28	126
A0A3G1QTS7	T1RRR9	25.300	430	794	594	2.861E-28	126
A0A3G1QTS7	A0A1V0QSF6	24.700	443	794	551	4.993E-28	125
A0A3G1QTS7	A0A348AUW0	23.300	506	794	554	6.596E-28	125
A0A3G1QTS7	A0A7J6HK32	25.900	488	794	556	8.714E-28	124
A0A3G1QTS7	A0A0M3Q1Q3	24.800	433	794	542	1.151E-27	124
A0A3G1QTS7	Q84LG0	24.500	432	794	548	1.151E-27	124
A0A3G1QTS7	J9RLZ7	25.100	495	794	563	1.151E-27	124
A0A3G1QTS7	A0A4Y5QVX6	24.400	494	794	551	1.521E-27	124
A0A3G1QTS7	O49853	23.200	555	794	554	1.521E-27	124
A0A3G1QTS7	A0A348AUV7	23.200	490	794	554	1.521E-27	124
A0A3G1QTS7	P0DI76	23.800	429	794	600	2.009E-27	123
A0A3G1QTS7	P0DI77	23.800	429	794	600	2.009E-27	123
A0A3G1QTS7	A0A348AUW1	23.200	490	794	554	2.654E-27	123
A0A3G1QTS7	A0A1V0E492	21.900	502	794	559	3.505E-27	123
A0A3G1QTS7	A0A167V661	23.200	490	794	554	4.630E-27	122
A0A3G1QTS7	Q84LF0	25.000	432	794	548	6.116E-27	122
A0A3G1QTS7	A0A348AUV5	23.200	490	794	554	6.116E-27	122
A0A3G1QTS7	A0A1V0QSH1	25.700	417	794	594	6.116E-27	122
A0A3G1QTS7	C0KWV4	23.100	441	794	603	6.116E-27	122
A0A3G1QTS7	I6RAQ6	24.800	511	794	547	1.067E-26	121
A0A3G1QTS7	P93665	22.100	508	794	554	1.067E-26	121
A0A3G1QTS7	Q4U3F7	24.000	495	794	559	1.067E-26	121
A0A3G1QTS7	Q40577	23.700	451	794	548	1.409E-26	121
A0A3G1QTS7	Q84LF1	24.000	442	794	548	1.409E-26	121
A0A3G1QTS7	E3W202	25.300	527	794	569	1.409E-26	121
A0A3G1QTS7	E2E2P1	24.000	450	794	601	1.409E-26	121
A0A3G1QTS7	Q9XJ32	25.000	439	794	556	1.861E-26	120
A0A3G1QTS7	A0A1V0QSF3	23.900	510	794	551	2.458E-26	120
A0A3G1QTS7	A0A348AUV9	23.000	490	794	554	2.458E-26	120
A0A3G1QTS7	F8UL80	24.300	495	794	559	2.458E-26	120
A0A3G1QTS7	J9R5V4	24.400	509	794	562	3.247E-26	119
A0A3G1QTS7	F8UL81	24.200	514	794	548	4.288E-26	119
A0A3G1QTS7	A0A1W6GW18	24.400	461	794	546	7.478E-26	118
A0A3G1QTS7	A0A1W6GW32	24.400	461	794	546	1.722E-25	117
A0A3G1QTS7	Q9LRZ6	24.000	441	794	598	3.003E-25	116
A0A3G1QTS7	O64961	23.500	506	794	548	3.965E-25	116
A0A3G1QTS7	A0A4Y5L9K3	22.800	513	794	571	3.965E-25	116
A0A3G1QTS7	G5CV46	23.200	483	794	555	6.913E-25	115
A0A3G1QTS7	A0A1V0QSG6	25.200	496	794	567	9.128E-25	115
A0A3G1QTS7	Q5SBP0	24.100	447	794	601	9.128E-25	115
A0A3G1QTS7	G8H5M7	22.500	506	794	544	1.591E-24	114
A0A3G1QTS7	Q5SBP2	23.600	425	794	598	1.591E-24	114
A0A3G1QTS7	Q9FQ27	22.300	506	794	544	4.835E-24	112
A0A3G1QTS7	B1B1U3	22.900	517	794	548	4.835E-24	112
A0A3G1QTS7	Q0VHD6	23.800	433	794	550	6.384E-24	112
A0A3G1QTS7	A0A0D4D912	24.200	495	794	559	6.384E-24	112
A0A3G1QTS7	Q49SP3	24.300	506	794	552	8.428E-24	111
A0A3G1QTS7	B1B1U4	23.600	475	794	554	1.469E-23	111
A0A3G1QTS7	D5KXD2	24.100	491	794	548	1.939E-23	110
A0A3G1QTS7	A0A1X9IRP7	23.300	436	794	419	2.560E-23	110
A0A3G1QTS7	Q9LLR9	21.800	494	794	547	1.354E-22	108
A0A3G1QTS7	Q84UV0	25.100	536	794	569	2.359E-22	107
A0A3G1QTS7	I6QPS5	23.500	491	794	549	1.247E-21	104
A0A3G1QTS7	Q49SP5	23.300	425	794	554	4.994E-21	102
A0A3G1QTS7	Q49SP7	22.400	487	794	545	1.515E-20	101
A0A3G1QTS7	A0A291LSD6	23.600	495	794	571	2.637E-20	100
A0A3G1QTS7	U3KYL2	21.100	493	794	556	4.592E-20	99
A0A3G1QTS7	Q84UU9	22.600	488	794	611	4.219E-19	96
A0A3G1QTS7	Q94JS8	22.900	508	794	560	1.279E-18	94
A0A3G1QTS7	U3LW50	21.400	507	794	555	6.184E-17	89
A0A3G1QTS7	Q39980	24.600	279	794	350	3.257E-16	87
A0A3G1QTS7	O65435	22.000	483	794	600	5.667E-16	86
A0A3G1QTS7	A0A1U8QHE3	26.100	271	794	979	1.090E-13	78
A0A3G1QTS7	B2DBF1	27.900	252	794	983	2.088E-11	71
A0A3G1QTS7	O13284	26.300	251	794	946	3.988E-09	63
A0A3G1QTS7	S0EA85	29.600	118	794	952	8.309E-05	49
A0A3G1QTS7	Q9UVY5	29.600	118	794	952	8.309E-05	49
P0DSI2	Q68KK0	35.800	310	379	346	5.432E-55	201
P0DSI2	P0CH47	36.200	287	379	337	1.722E-49	184
P0DSI2	P53357	38.600	264	379	303	2.344E-49	184
P0DSI2	Q3ZU95	38.400	249	379	310	1.300E-45	173
P0DSI2	Q9U6W0	36.000	248	379	301	1.519E-44	170
P0DSI2	Q6Q250	32.700	299	379	316	2.807E-44	169
P0DSI2	Q6Q249	35.600	248	379	316	5.186E-44	168
P0DSI2	P49369	36.400	249	379	336	9.580E-44	168
P0DSI2	Q6Q252	32.400	299	379	337	1.302E-43	167
P0DSI2	A2VBC4	36.100	251	379	322	2.405E-43	166
P0DSI2	P51528	35.600	249	379	300	1.514E-42	164
P0DSI2	P0CH87	35.100	260	379	301	3.796E-42	163
P0DSI2	C0HMC9	34.500	246	379	303	3.741E-40	157
P0DSI2	Q06478	34.000	260	379	317	1.724E-39	155
P0DSI2	P0DMB4	33.500	267	379	334	1.077E-38	153
P0DSI2	P0DMB5	33.200	267	379	334	1.461E-38	152
P0DSI2	A0A0M3KKW3	32.800	260	379	300	7.679E-37	147
P0DSI2	P0CH86	30.300	298	379	298	1.823E-34	140
P0DSI2	Q9Y5X9	33.400	214	379	500	2.680E-19	94
P0DSI2	Q9WVG5	33.300	214	379	500	2.770E-18	91
P0DSI2	P97535	29.200	239	379	456	3.706E-18	90
P0DSI2	Q8VBX1	32.800	214	379	493	4.959E-18	90
P0DSI2	Q64425	26.600	275	379	457	6.780E-17	86
P0DSI2	P16233	26.700	263	379	465	6.780E-17	86
P0DSI2	Q5E9H0	28.800	239	379	456	9.061E-17	86
P0DSI2	P00591	28.600	230	379	450	1.211E-16	85
P0DSI2	D7EZN2	28.300	265	379	471	1.618E-16	85
P0DSI2	A5PK46	26.700	269	379	469	3.855E-16	84
P0DSI2	Q8VI78	27.600	239	379	456	6.872E-16	83
P0DSI2	J3RZ81	28.600	267	379	497	9.175E-16	83
P0DSI2	P50903	26.500	248	379	465	1.225E-15	82
P0DSI2	O46559	35.400	159	379	499	1.225E-15	82
P0DSI2	P27657	27.700	224	379	465	3.883E-15	81
P0DSI2	P17892	26.600	260	379	482	3.883E-15	81
P0DSI2	P27656	33.500	162	379	510	3.883E-15	81
P0DSI2	P54318	25.900	279	379	468	1.638E-14	79
P0DSI2	P07867	32.900	162	379	494	2.184E-14	78
P0DSI2	P54317	26.400	228	379	469	3.881E-14	78
P0DSI2	Q5RBQ5	27.600	239	379	456	6.892E-14	77
P0DSI2	P11151	27.400	208	379	478	9.182E-14	76
P0DSI2	Q29524	27.400	208	379	478	9.182E-14	76
P0DSI2	Q53H76	27.600	239	379	456	1.223E-13	76
P0DSI2	Q06000	27.400	208	379	474	1.629E-13	76
P0DSI2	P11150	34.100	159	379	499	1.629E-13	76
P0DSI2	P11153	26.500	208	379	465	2.170E-13	75
P0DSI2	P11152	27.000	208	379	474	2.890E-13	75
P0DSI2	O46647	26.500	208	379	475	3.849E-13	74
P0DSI2	P49060	26.500	208	379	475	3.849E-13	74
P0DSI2	P06858	26.500	208	379	475	3.849E-13	74
P0DSI2	P49923	26.100	208	379	478	3.849E-13	74
P0DSI2	P11602	27.800	226	379	490	3.849E-13	74
P0DSI2	P29183	26.000	260	379	461	9.080E-13	73
P0DSI2	P55031	27.100	181	379	478	1.208E-12	73
P0DSI2	Q17RR3	29.700	200	379	467	2.614E-09	62
A0A2L0VXR5	A0A6S6QJ62	96.800	350	350	350	5.481E-228	700
A0A2L0VXR5	Q54BK1	41.400	279	350	303	1.479E-62	222
A0A2L0VXR5	Q9P885	42.800	263	350	303	2.019E-62	221
A0A2L0VXR5	A0A7D0AGU9	40.200	285	350	303	4.018E-60	214
A0A2L0VXR5	Q92236	36.000	306	350	418	4.018E-60	214
A0A2L0VXR5	A0A348FUE1	36.900	302	350	963	5.485E-60	214
A0A2L0VXR5	P9WEF2	37.100	298	350	419	1.904E-59	213
A0A2L0VXR5	B2DBE9	37.800	294	350	424	2.599E-59	212
A0A2L0VXR5	P24322	38.200	302	350	433	4.842E-59	211
A0A2L0VXR5	H1VQB1	37.300	299	350	322	7.956E-58	208
A0A2L0VXR5	J7FIX8	43.500	252	350	334	2.759E-57	206
A0A2L0VXR5	F9WWF1	37.500	298	350	332	3.765E-57	206
A0A2L0VXR5	A0A3S5XFG0	38.000	303	350	380	7.010E-57	205
A0A2L0VXR5	P56966	38.300	299	350	300	9.566E-57	205
A0A2L0VXR5	P9WEQ2	36.100	327	350	333	9.566E-57	205
A0A2L0VXR5	Q56RZ3	41.100	264	350	334	1.305E-56	204
A0A2L0VXR5	Q56RZ7	41.100	264	350	334	1.305E-56	204
A0A2L0VXR5	Q4WBI4	38.500	300	350	357	1.781E-56	204
A0A2L0VXR5	I1RL14	38.200	301	350	368	3.315E-56	203
A0A2L0VXR5	E9F5E9	36.500	296	350	337	4.524E-56	203
A0A2L0VXR5	A0A858E6N7	34.600	310	350	365	3.979E-55	200
A0A2L0VXR5	A0A1U8QLG8	37.500	299	350	397	3.979E-55	200
A0A2L0VXR5	Q672V6	37.200	290	350	340	2.564E-54	198
A0A2L0VXR5	Q9C446	35.400	329	350	371	2.564E-54	198
A0A2L0VXR5	A0A858E7G0	37.300	269	350	364	4.769E-54	197
A0A2L0VXR5	Q12051	39.100	285	350	335	1.650E-53	195
A0A2L0VXR5	A0A0E3D8M9	36.300	288	350	364	3.069E-53	194
A0A2L0VXR5	A0A140JWS2	38.500	269	350	356	7.785E-53	193
A0A2L0VXR5	Q758K0	39.900	263	350	320	1.062E-52	193
A0A2L0VXR5	A0A0E3D8P4	39.500	252	350	341	5.004E-52	191
A0A2L0VXR5	A0A1V0QSA8	34.800	315	350	339	9.303E-52	190
A0A2L0VXR5	Q6F5E6	36.600	276	350	343	2.358E-51	189
A0A2L0VXR5	A0A8D5M3Y5	34.800	300	350	383	2.063E-50	186
A0A2L0VXR5	A0A8H4CUY8	36.200	301	350	760	3.348E-49	183
A0A2L0VXR5	A0A2Z6AQX6	31.800	334	350	778	2.921E-48	180
A0A2L0VXR5	A0A2Z6AQX7	39.600	219	350	732	8.761E-47	175
A0A2L0VXR5	A0A1Y1C7Q5	32.900	300	350	746	2.214E-46	174
A0A2L0VXR5	F9XLC1	32.900	301	350	361	1.923E-45	171
A0A2L0VXR5	A0A0P0ZEM1	33.100	300	350	714	4.855E-45	170
A0A2L0VXR5	W6JPP9	32.100	335	350	339	8.999E-45	169
A0A2L0VXR5	A0A858E4Y8	33.000	303	350	324	5.728E-44	167
A0A2L0VXR5	S0E627	32.600	290	350	393	5.728E-44	167
A0A2L0VXR5	P9WEP0	39.100	214	350	710	1.061E-43	166
A0A2L0VXR5	P9WER5	33.200	288	350	671	3.641E-43	165
A0A2L0VXR5	K2SUY0	31.700	293	350	698	3.146E-42	162
A0A2L0VXR5	A0A0P0ZD79	33.100	310	350	705	2.713E-41	159
A0A2L0VXR5	A0A1V1FVQ6	33.200	293	350	728	6.825E-41	158
A0A2L0VXR5	B2DBE8	34.500	271	350	389	9.283E-41	158
A0A2L0VXR5	A1C8C3	30.100	358	350	718	7.980E-40	155
A0A2L0VXR5	A0A8K1AY78	32.700	297	350	764	1.475E-39	154
A0A2L0VXR5	W6QAE7	36.000	225	350	742	3.706E-39	153
A0A2L0VXR5	A0A1B4XBK0	31.100	297	350	533	2.336E-38	151
A0A2L0VXR5	M2V8C1	29.900	341	350	721	5.862E-38	149
A0A2L0VXR5	B6HFX8	31.600	297	350	732	7.964E-38	149
A0A2L0VXR5	M2U578	30.700	251	350	704	1.082E-37	149
A0A2L0VXR5	A1DN30	28.300	296	350	764	1.255E-36	145
A0A2L0VXR5	A0A348DU52	29.700	308	350	770	3.627E-35	141
A0A2L0VXR5	C9K2Q3	30.000	263	350	697	1.617E-32	133
A0A2L0VXR5	N4V6D4	28.200	291	350	712	5.460E-32	132
A0A2L0VXR5	A0A2Z6FZ31	29.200	275	350	725	3.382E-31	129
A0A2L0VXR5	A2PZA5	29.900	268	350	719	7.030E-30	125
A0A2L0VXR5	Q9UWR6	27.400	251	350	318	7.412E-20	95
A0A2L0VXR5	O06428	30.100	250	350	335	3.429E-18	90
A0A2L0VXR5	P39464	25.200	216	350	330	8.950E-16	82
A0A2L0VXR5	P95999	23.600	227	350	332	6.869E-15	79
A0A2L0VXR5	Q3IPL1	26.600	238	350	341	9.185E-15	79
A0A2L0VXR5	P0AD57	24.800	225	350	323	1.228E-14	79
A0A2L0VXR5	P0AD58	24.800	225	350	323	1.228E-14	79
A0A2L0VXR5	Q8PW34	25.000	249	350	324	1.228E-14	79
A0A2L0VXR5	P22939	27.000	252	350	299	9.344E-14	76
A0A2L0VXR5	A0A0A7GEY4	26.900	235	350	319	2.225E-13	75
A0A2L0VXR5	P44916	22.900	226	350	329	2.237E-12	72
A0A2L0VXR5	Q653T6	26.400	224	350	430	9.421E-12	70
A0A2L0VXR5	P31114	24.300	257	350	348	1.244E-10	66
A0A2L0VXR5	O24743	24.600	214	350	325	3.903E-10	64
A0A2L0VXR5	O66952	27.800	215	350	262	5.193E-10	64
A0A2L0VXR5	O43091	27.200	221	350	378	9.191E-10	63
A0A2L0VXR5	Q97W92	28.900	203	350	281	1.222E-09	63
A0A2L0VXR5	Q75HZ9	23.400	233	350	403	1.222E-09	63
A0A2L0VXR5	Q0INZ4	22.600	224	350	414	1.222E-09	63
A0A2L0VXR5	Q5HZ00	25.500	206	350	422	5.081E-09	61
A0A2L0VXR5	P55785	25.300	212	350	320	6.753E-09	61
A0A2L0VXR5	Q9LUD9	25.800	226	350	360	6.753E-09	61
A0A2L0VXR5	Q76FS5	22.400	222	350	417	1.193E-08	60
A0A2L0VXR5	Q9LRR0	22.800	261	350	361	2.798E-08	59
A0A2L0VXR5	Q54VJ9	21.800	262	350	456	2.798E-08	59
A0A2L0VXR5	P48368	22.600	252	350	300	3.717E-08	58
A0A2L0VXR5	O50410	25.300	241	350	350	3.717E-08	58
A0A2L0VXR5	Q9LUE1	25.400	229	350	360	4.937E-08	58
A0A2L0VXR5	P80042	25.300	223	350	369	8.707E-08	57
A0A2L0VXR5	O66129	22.400	224	350	325	1.156E-07	57
A0A2L0VXR5	Q9LIA0	25.700	224	350	357	1.156E-07	57
A0A2L0VXR5	B1XJV9	24.800	220	350	302	2.038E-07	56
A0A2L0VXR5	Q43133	26.200	224	350	366	2.038E-07	56
A0A2L0VXR5	O04046	23.500	258	350	376	2.038E-07	56
A0A2L0VXR5	Q45220	27.400	161	350	332	8.395E-07	54
A0A2L0VXR5	Q8K9A0	24.500	218	350	294	1.478E-06	53
A0A2L0VXR5	Q9LHR4	25.200	224	350	360	4.577E-06	51
A0A2L0VXR5	Q5T2R2	24.700	183	350	415	4.577E-06	51
A0A2L0VXR5	Q33DR2	24.100	188	350	409	6.071E-06	51
A0A2L0VXR5	Q8PYS1	17.800	239	350	295	1.068E-05	50
A0A2L0VXR5	P57537	23.700	211	350	282	2.489E-05	49
A0A2L0VXR5	P21684	25.700	225	350	302	4.374E-05	48
A0A2L0VXR5	P55539	25.800	153	350	332	4.374E-05	48
A0A2L0VXR5	P22873	26.600	234	350	307	5.798E-05	48
A0A2L0VXR5	O53507	24.200	201	350	352	1.018E-04	47
A0A5Q0QMX0	W4JX79	45.300	324	372	345	1.861E-95	318
A0A5Q0QMX0	P0DL13	44.100	324	372	345	1.794E-89	301
A0A5Q0QMX0	A0A8H7XMX0	42.900	326	372	344	7.484E-85	287
A0A5Q0QMX0	A0A0D2L718	40.900	325	372	327	1.212E-80	275
A0A5Q0QMX0	A0A8H7XQ49	38.400	332	372	364	8.873E-73	252
A0A5Q0QMX0	A0A8H8CFI5	38.300	333	372	364	1.212E-72	252
A0A5Q0QMX0	A0A8H7XP09	36.800	332	372	361	6.627E-68	238
A0A5Q0QMX0	A0A348B779	36.200	332	372	338	3.139E-62	222
A0A5Q0QMX0	B8PD44	32.800	333	372	336	3.436E-51	189
A0A5Q0QMX0	A8NE23	30.500	334	372	425	1.429E-47	179
A0A5Q0QMX0	A8NU13	30.100	328	372	345	3.604E-39	154
A0A5Q0QMX0	A0A0C3FBR2	27.900	334	372	345	4.367E-33	136
A0A5Q0QMX0	A0A0C9VD04	28.100	327	372	347	8.006E-33	135
A0A5Q0QMX0	A0A1B4XBG5	27.100	330	372	367	7.387E-25	111
A0A5Q0QMX0	S0DX56	26.500	333	372	357	6.803E-22	102
A0A5Q0QMX0	B2J4A4	25.600	313	372	323	2.339E-20	97
A0A5Q0QMX0	A0A1L7VZE7	26.700	346	372	401	1.419E-18	91
A0A5Q0QMX0	A9GK58	24.200	282	372	315	3.409E-18	90
A0A5Q0QMX0	E3VWJ0	25.500	312	372	337	2.718E-15	81
A0A5Q0QMX0	Q82IY4	27.100	266	372	336	6.466E-15	80
A0A5Q0QMX0	D9XD61	22.000	319	372	343	1.151E-14	79
A0A5Q0QMX0	Q55012	24.900	312	372	337	4.861E-14	77
A0A5Q0QMX0	E9E766	24.000	263	372	349	8.052E-10	64
A0A5Q0QMX0	D8RLD3	24.500	300	372	348	2.505E-09	62
A0A5Q0QMX0	B5GW45	27.800	237	372	418	4.415E-09	61
A0A5Q0QMX0	E8W6C7	26.800	143	372	356	1.744E-07	56
A0A6C0WW38	Q9FZN8	96.700	369	369	369	2.622E-234	719
A0A6C0WW38	A0A0S2PM92	93.700	369	369	369	1.329E-227	700
A0A6C0WW38	A0A0S2PMA8	92.900	369	369	369	7.982E-226	695
A0A6C0WW38	A0A0S2PM82	92.600	369	369	368	1.864E-224	691
A0A6C0WW38	Q2HXL9	91.100	363	369	365	7.584E-219	675
A0A6C0WW38	Q2HXI6	89.800	363	369	365	1.457E-215	665
A0A6C0WW38	Q68CM3	87.800	363	369	365	2.859E-209	647
A0A6C0WW38	Q2HXI5	86.700	363	369	365	9.142E-208	643
A0A6C0WW38	A0A061FMF5	53.800	357	369	363	4.920E-117	381
A0A6C0WW38	A0A061FKM4	51.300	360	369	364	1.259E-110	362
A0A6C0WW38	A0A061FKL9	51.500	359	369	367	6.047E-110	360
A0A6C0WW38	A0A061FTC2	51.000	359	369	365	1.254E-107	353
A0A6C0WW38	A0A061FLA2	48.600	359	369	365	5.933E-101	334
A0A6C0WW38	A0A061FBW2	44.200	370	369	373	5.591E-89	299
A0A6C0WW38	A0A061FDP1	43.400	370	369	373	2.392E-87	295
A0A6C0WW38	Q84UB5	43.500	360	369	357	8.885E-82	278
A0A6C0WW38	Q84UB4	43.200	360	369	357	1.215E-81	278
A0A6C0WW38	A0A9E8M4E3	41.100	360	369	370	1.660E-81	278
A0A6C0WW38	A0A9E9KUV1	41.100	360	369	370	7.926E-81	276
A0A6C0WW38	Q9AR07	39.000	382	369	389	1.320E-79	272
A0A6C0WW38	Q9SPV4	40.900	353	369	359	4.105E-78	268
A0A6C0WW38	Q6XMI3	40.200	354	369	379	2.381E-76	263
A0A6C0WW38	Q8RVM0	40.500	339	369	371	2.344E-68	239
A0A6C0WW38	Q9AVK0	40.200	340	369	372	8.149E-68	238
A0A6C0WW38	Q8H0D2	39.400	348	369	384	2.075E-67	237
A0A6C0WW38	A0A096VHY7	39.300	353	369	385	2.833E-67	236
A0A6C0WW38	Q9FYZ9	38.700	357	369	364	9.846E-67	235
A0A6C0WW38	Q4U5S1	38.700	345	369	378	1.836E-66	234
A0A6C0WW38	A4GE70	39.200	348	369	384	1.836E-66	234
A0A6C0WW38	Q8H0D3	39.200	348	369	384	2.506E-66	233
A0A6C0WW38	D9J100	37.600	363	369	379	1.623E-65	231
A0A6C0WW38	B6SU46	35.600	361	369	374	3.872E-62	221
A0A6C0WW38	D9J0Z7	34.900	366	369	382	1.247E-58	211
A0A6C0WW38	D9J101	35.300	376	369	385	2.319E-58	210
A0A6C0WW38	B2KPR3	33.300	329	369	371	3.135E-51	189
A0A6C0WW38	Q9FYC4	34.900	323	369	348	2.003E-50	187
A0A6C0WW38	Q9FLN8	33.100	345	369	386	8.322E-47	176
A0A6C0WW38	Q0J998	33.100	301	369	404	2.483E-43	166
A0A6C0WW38	Q5XF78	30.000	356	369	387	2.131E-42	163
P0DUN1	P0DJN6	84.600	123	123	138	1.241E-73	242
P0DUN1	P86169	83.800	123	123	122	1.133E-72	239
P0DUN1	A0A193CHJ5	83.800	123	123	138	1.133E-72	239
P0DUN1	P62022	83.800	123	123	138	1.133E-72	239
P0DUN1	P62023	83.800	123	123	138	1.133E-72	239
P0DUN1	Q6EER2	83.800	123	123	138	5.496E-72	237
P0DUN1	C0HM14	83.000	123	123	122	1.944E-71	235
P0DUN1	P0CG56	80.600	123	123	122	1.620E-69	230
P0DUN1	P0CAS2	79.000	123	123	122	7.177E-68	225
P0DUN1	P0CAS6	79.000	123	123	122	1.350E-67	224
P0DUN1	P24027	78.200	123	123	138	8.985E-67	222
P0DUN1	P0CAS5	77.400	123	123	122	2.116E-65	218
P0DUN1	P0CAS3	75.000	123	123	122	5.460E-65	217
P0DUN1	P14421	79.000	123	123	122	7.488E-65	216
P0DUN1	P0CAS4	72.500	123	123	122	1.764E-63	213
P0DUN1	P86806	77.000	121	123	122	4.551E-63	211
P0DUN1	C0HJL8	74.100	123	123	122	1.174E-62	210
P0DUN1	P0CAS7	74.100	123	123	121	1.470E-61	207
P0DUN1	P0C942	72.500	123	123	122	9.787E-61	205
P0DUN1	Q1ZY03	73.300	123	123	138	3.464E-60	203
P0DUN1	Q6EER6	75.000	123	123	122	4.750E-60	203
P0DUN1	P0C943	70.900	123	123	122	8.936E-60	202
P0DUN1	P86805	72.900	121	123	122	1.226E-59	201
P0DUN1	Q71QE8	74.100	123	123	138	1.226E-59	201
P0DUN1	Q90W39	72.500	123	123	138	8.160E-59	199
P0DUN1	Q6EER5	72.500	123	123	122	2.888E-58	198
P0DUN1	Q805A2	71.700	123	123	138	2.888E-58	198
P0DUN1	P0DJN7	72.500	123	123	138	1.402E-57	196
P0DUN1	P86974	68.500	123	123	122	9.331E-57	193
P0DUN1	Q6EER4	70.100	123	123	138	1.280E-56	193
P0DUN1	Q6EER3	70.900	123	123	138	2.408E-56	192
P0DUN1	P20474	66.900	123	123	138	1.603E-55	190
P0DUN1	P04417	67.700	123	123	122	1.834E-53	184
P0DUN1	C0HKC3	63.700	123	123	139	2.515E-53	183
P0DUN1	Q6H3C5	66.100	123	123	122	4.731E-53	183
P0DUN1	C0HKC4	63.700	123	123	123	4.731E-53	183
P0DUN1	O42187	66.100	123	123	138	6.489E-53	182
P0DUN1	P14424	66.100	123	123	138	8.900E-53	182
P0DUN1	F8QN54	66.100	123	123	138	8.900E-53	182
P0DUN1	Q90Y77	66.100	123	123	138	8.900E-53	182
P0DUN1	Q8JIG0	65.300	123	123	138	1.674E-52	181
P0DUN1	Q02517	65.300	123	123	138	1.674E-52	181
P0DUN1	P59071	68.000	118	123	121	2.297E-52	181
P0DUN1	A8CG84	68.000	118	123	137	2.297E-52	181
P0DUN1	Q2YHJ2	65.300	123	123	138	5.926E-52	179
P0DUN1	P11407	66.100	123	123	138	8.128E-52	179
P0DUN1	Q2YHJ7	65.300	123	123	138	8.128E-52	179
P0DUN1	P00626	66.100	123	123	138	8.128E-52	179
P0DUN1	P59171	62.000	123	123	138	2.097E-51	178
P0DUN1	P86368	65.500	118	123	121	5.412E-51	177
P0DUN1	P84674	65.500	118	123	121	5.412E-51	177
P0DUN1	P06860	64.500	123	123	122	1.916E-50	175
P0DUN1	C0HJC1	62.900	123	123	122	6.780E-50	173
P0DUN1	Q8JIY9	64.500	123	123	138	6.780E-50	173
P0DUN1	P59265	63.700	123	123	122	2.400E-49	172
P0DUN1	O42190	62.400	124	123	124	3.291E-49	171
P0DUN1	O42189	62.400	124	123	124	4.514E-49	171
P0DUN1	Q91506	62.000	123	123	122	4.123E-48	168
P0DUN1	F8QN53	61.200	123	123	137	5.655E-48	168
P0DUN1	Q92147	60.000	123	123	138	5.655E-48	168
P0DUN1	P84651	59.600	123	123	122	1.064E-47	167
P0DUN1	P86907	58.800	123	123	122	1.064E-47	167
P0DUN1	A8E2V8	54.800	123	123	139	2.002E-47	166
P0DUN1	P0C8M1	72.800	105	123	121	2.746E-47	166
P0DUN1	Q7SID6	55.600	123	123	123	3.766E-47	166
P0DUN1	P81458	58.800	123	123	121	5.165E-47	165
P0DUN1	F8QN51	60.400	123	123	137	5.165E-47	165
P0DUN1	P06859	61.700	122	123	138	5.165E-47	165
P0DUN1	P24293	59.600	123	123	121	9.718E-47	164
P0DUN1	Q2PG83	60.900	122	123	138	1.828E-46	164
P0DUN1	G3DT18	57.200	123	123	138	2.508E-46	163
P0DUN1	Q9I968	60.400	123	123	138	2.508E-46	163
P0DUN1	Q6H3C7	56.400	123	123	139	3.439E-46	163
P0DUN1	Q9PVF2	56.400	123	123	139	3.439E-46	163
P0DUN1	P14420	59.600	123	123	122	4.718E-46	162
P0DUN1	Q8JFG0	59.600	123	123	138	4.718E-46	162
P0DUN1	Q1RP78	59.600	123	123	138	4.718E-46	162
P0DUN1	Q1RP79	59.600	123	123	138	4.718E-46	162
P0DUN1	Q10755	59.600	123	123	122	6.471E-46	162
P0DUN1	P34180	59.600	123	123	137	6.471E-46	162
P0DUN1	P20249	54.800	123	123	122	8.876E-46	162
P0DUN1	A8CG90	58.000	123	123	137	8.876E-46	162
P0DUN1	A8CG78	57.200	123	123	138	8.876E-46	162
P0DUN1	A8CG86	58.000	123	123	138	8.876E-46	162
P0DUN1	A8CG87	57.200	123	123	138	8.876E-46	162
P0DUN1	Q6H3C8	58.400	123	123	138	1.670E-45	161
P0DUN1	Q2YHJ5	56.000	123	123	122	3.142E-45	160
P0DUN1	Q7LZQ4	55.200	124	123	124	3.142E-45	160
P0DUN1	A0A411EZW9	54.800	123	123	138	3.142E-45	160
P0DUN1	Q7T2R1	57.200	123	123	138	3.142E-45	160
P0DUN1	F8QN52	58.800	123	123	138	3.142E-45	160
P0DUN1	P0DKR3	56.400	123	123	122	8.107E-45	159
P0DUN1	P0DKR5	58.000	123	123	122	1.112E-44	158
P0DUN1	P31100	55.600	123	123	138	1.112E-44	158
P0DUN1	P86389	57.900	124	123	124	2.092E-44	158
P0DUN1	Q910A1	58.000	123	123	138	2.092E-44	158
P0DUN1	Q2HZ28	53.200	123	123	138	2.869E-44	157
P0DUN1	P31854	55.600	123	123	138	2.869E-44	157
P0DUN1	P81480	53.200	123	123	122	3.936E-44	157
P0DUN1	Q6H3C6	55.900	117	123	122	3.936E-44	157
P0DUN1	P14418	54.400	124	123	124	3.936E-44	157
P0DUN1	Q6H3C9	55.900	117	123	138	3.936E-44	157
P0DUN1	Q9I8F8	53.200	123	123	122	5.398E-44	156
P0DUN1	P86803	60.000	123	123	121	7.405E-44	156
P0DUN1	C9DPL5	56.400	123	123	122	7.405E-44	156
P0DUN1	Q8QG87	55.600	123	123	138	7.405E-44	156
P0DUN1	C3W4R6	56.400	123	123	138	7.405E-44	156
P0DUN1	P86456	54.000	123	123	121	1.911E-43	155
P0DUN1	P0DJP4	57.200	123	123	122	1.911E-43	155
P0DUN1	P20476	52.400	123	123	138	1.911E-43	155
P0DUN1	Q6H3D0	52.400	123	123	138	1.911E-43	155
P0DUN1	P00622	54.800	123	123	121	2.621E-43	154
P0DUN1	P81478	56.000	123	123	122	3.595E-43	154
P0DUN1	Q910A0	57.200	123	123	138	3.595E-43	154
P0DUN1	P24294	56.400	123	123	121	4.931E-43	154
P0DUN1	Q02471	56.400	123	123	138	4.931E-43	154
P0DUN1	Q2YHJ6	57.600	123	123	138	6.763E-43	153
P0DUN1	P21789	58.100	116	123	120	9.277E-43	153
P0DUN1	Q800C4	53.200	123	123	138	9.277E-43	153
P0DUN1	B6CQR5	55.600	123	123	138	9.277E-43	153
P0DUN1	Q9YGJ7	56.400	123	123	137	2.394E-42	152
P0DUN1	Q800C3	51.600	123	123	138	2.394E-42	152
P0DUN1	Q800C1	51.600	123	123	138	2.394E-42	152
P0DUN1	Q9PVF1	51.600	123	123	126	3.284E-42	151
P0DUN1	P0CAR9	53.600	123	123	137	3.284E-42	151
P0DUN1	P82896	55.200	123	123	122	4.504E-42	151
P0DUN1	Q8AXY1	55.600	123	123	138	4.504E-42	151
P0DUN1	Q90ZZ9	54.000	123	123	138	6.178E-42	151
P0DUN1	Q9PVE9	51.600	123	123	139	6.178E-42	151
P0DUN1	Q9PVF0	50.800	123	123	126	8.473E-42	150
P0DUN1	Q98996	54.800	123	123	138	1.162E-41	150
P0DUN1	Q7ZTA6	51.600	123	123	138	1.162E-41	150
P0DUN1	P00624	52.400	123	123	138	1.162E-41	150
P0DUN1	P00623	51.600	123	123	138	2.187E-41	149
P0DUN1	P59172	52.800	123	123	139	4.114E-41	148
P0DUN1	P59170	52.800	123	123	139	4.114E-41	148
P0DUN1	Q7ZTA7	50.800	123	123	138	5.643E-41	148
P0DUN1	D6MKR0	51.600	123	123	138	5.643E-41	148
P0DUN1	P86804	57.600	123	123	121	1.062E-40	147
P0DUN1	Q7T3T5	53.900	123	123	130	1.062E-40	147
P0DUN1	Q9PWR6	53.200	123	123	138	5.154E-40	145
P0DUN1	P0DJJ8	58.800	117	123	138	7.069E-40	145
P0DUN1	A8CG89	52.300	123	123	138	9.697E-40	144
P0DUN1	A8CG82	51.500	123	123	138	1.824E-39	143
P0DUN1	C7G1G6	57.900	117	123	138	1.824E-39	143
P0DUN1	Q2PG81	54.000	123	123	137	4.300E-38	139
P0DUN1	A8E2V9	53.200	123	123	136	2.088E-37	138
P0DUN1	C0HM79	57.500	112	123	95	5.387E-37	136
P0DUN1	Q7T3S7	50.800	123	123	136	5.387E-37	136
P0DUN1	P00621	50.800	123	123	119	9.256E-36	133
P0DUN1	P31482	50.300	125	123	146	1.270E-35	132
P0DUN1	P0DUN3	48.700	123	123	107	1.741E-35	132
P0DUN1	P00620	50.800	123	123	118	1.741E-35	132
P0DUN1	Q9WVF6	49.200	124	123	144	2.389E-35	132
P0DUN1	P14423	48.800	125	123	146	6.164E-35	130
P0DUN1	Q9NZK7	50.700	123	123	142	1.590E-34	129
P0DUN1	Q9QUL3	50.000	123	123	142	2.992E-34	128
P0DUN1	Q9UNK4	48.400	124	123	145	7.721E-34	127
P0DUN1	D0UGJ0	45.100	123	123	139	1.453E-33	126
P0DUN1	P47711	48.000	125	123	145	1.453E-33	126
P0DUN1	P39877	48.300	116	123	138	7.051E-33	124
P0DUN1	Q56JZ2	47.600	124	123	144	2.279E-31	120
P0DUN1	P0DUN4	48.200	112	123	92	3.126E-31	120
P0DUN1	P84397	44.300	123	123	107	8.065E-31	119
P0DUN1	P0CAS0	45.500	123	123	136	8.065E-31	119
P0DUN1	P51433	45.700	116	123	137	1.010E-29	115
P0DUN1	P48076	42.900	127	123	150	4.902E-29	113
P0DUN1	C0HKB8	45.900	117	123	117	1.982E-26	106
P0DUN1	Q7T2Q4	43.900	120	123	147	4.665E-25	102
P0DUN1	Q8UUH8	43.800	118	123	145	6.397E-25	102
P0DUN1	Q6T179	43.400	119	123	126	8.773E-25	101
P0DUN1	P00613	44.600	118	123	118	1.650E-24	100
P0DUN1	P00611	42.900	118	123	145	1.650E-24	100
P0DUN1	P10116	42.900	118	123	118	3.103E-24	100
P0DUN1	P20255	43.800	118	123	118	5.836E-24	99
P0DUN1	P00612	43.800	118	123	118	1.098E-23	98
P0DUN1	P20253	42.100	118	123	118	2.064E-23	97
P0DUN1	P20254	42.100	118	123	118	2.064E-23	97
P0DUN1	P25498	42.600	119	123	119	2.064E-23	97
P0DUN1	B3EWP6	67.200	60	123	60	2.830E-23	97
P0DUN1	P04056	42.900	118	123	118	3.882E-23	96
P0DUN1	P0CV89	54.400	90	123	61	5.323E-23	96
P0DUN1	P20251	41.300	118	123	118	5.323E-23	96
P0DUN1	P08872	44.600	109	123	144	5.323E-23	96
P0DUN1	Q8UUI0	41.300	118	123	155	5.323E-23	96
P0DUN1	C0HK05	85.400	48	123	47	7.299E-23	96
P0DUN1	P0DP54	39.600	122	123	152	7.299E-23	96
P0DUN1	P00599	42.100	118	123	118	1.001E-22	95
P0DUN1	P00600	42.600	119	123	119	1.001E-22	95
P0DUN1	P08873	42.100	118	123	145	1.373E-22	95
P0DUN1	P20256	42.100	118	123	118	1.882E-22	94
P0DUN1	P20257	44.200	118	123	118	1.882E-22	94
P0DUN1	P15445	42.600	119	123	119	1.882E-22	94
P0DUN1	Q9BZM2	38.700	125	123	168	1.882E-22	94
P0DUN1	P60044	42.100	118	123	126	2.581E-22	94
P0DUN1	P00597	42.600	119	123	146	2.581E-22	94
P0DUN1	P00598	42.600	119	123	146	2.581E-22	94
P0DUN1	Q8UUH9	40.400	118	123	155	2.581E-22	94
P0DUN1	P14615	43.800	117	123	120	4.853E-22	93
P0DUN1	P60045	42.100	118	123	126	4.853E-22	93
P0DUN1	Q45Z28	40.900	124	123	151	6.655E-22	93
P0DUN1	P0DM51	74.500	51	123	50	9.126E-22	93
P0DUN1	P20250	40.000	117	123	117	9.126E-22	93
P0DUN1	P20252	41.300	118	123	118	9.126E-22	93
P0DUN1	P60043	42.600	119	123	126	9.126E-22	93
P0DUN1	Q9PTA6	43.800	115	123	138	9.126E-22	93
P0DUN1	Q9I900	42.600	119	123	146	9.126E-22	93
P0DUN1	Q92086	41.800	119	123	146	9.126E-22	93
P0DUN1	Q91133	42.600	119	123	146	9.126E-22	93
P0DUN1	Q9QXX3	39.100	111	123	151	9.126E-22	93
P0DUN1	Q9I843	42.900	118	123	145	1.251E-21	92
P0DUN1	Q9I845	42.900	118	123	145	1.251E-21	92
P0DUN1	Q9I846	42.900	118	123	145	1.251E-21	92
P0DUN1	P81237	40.900	118	123	118	1.716E-21	92
P0DUN1	Q9PU97	43.800	115	123	137	1.716E-21	92
P0DUN1	Q9I844	42.100	118	123	145	1.716E-21	92
P0DUN1	Q9I847	42.100	118	123	145	1.716E-21	92
P0DUN1	Q45Z25	40.900	124	123	151	1.716E-21	92
P0DUN1	A4FS04	41.800	119	123	119	2.353E-21	91
P0DUN1	Q8UW30	43.400	119	123	146	2.353E-21	91
P0DUN1	Q45Z30	40.900	124	123	151	2.353E-21	91
P0DUN1	Q4VRI5	44.100	117	123	154	2.353E-21	91
P0DUN1	Q9PSN5	40.600	125	123	125	3.226E-21	91
P0DUN1	Q92084	40.900	119	123	146	3.226E-21	91
P0DUN1	Q9QZT3	39.100	111	123	151	3.226E-21	91
P0DUN1	Q8UUI1	42.100	118	123	145	4.424E-21	91
P0DUN1	Q92085	40.100	119	123	146	4.424E-21	91
P0DUN1	Q45Z29	40.900	124	123	151	4.424E-21	91
P0DUN1	Q9I842	42.100	118	123	145	6.066E-21	90
P0DUN1	P20258	39.100	117	123	117	8.318E-21	90
P0DUN1	P20259	40.800	117	123	117	8.318E-21	90
P0DUN1	Q9I837	41.300	118	123	145	8.318E-21	90
P0DUN1	Q9DF52	40.100	118	123	145	8.318E-21	90
P0DUN1	P00601	40.900	119	123	119	1.141E-20	89
P0DUN1	Q6SLM1	41.800	118	123	137	1.141E-20	89
P0DUN1	Q9PUH5	39.600	118	123	145	1.141E-20	89
P0DUN1	Q8UW31	40.600	125	123	152	1.141E-20	89
P0DUN1	P81167	37.700	118	123	118	1.564E-20	89
P0DUN1	P00595	45.500	100	123	119	1.564E-20	89
P0DUN1	Q8JFG2	42.100	125	123	152	1.564E-20	89
P0DUN1	Q9PUH6	39.600	118	123	145	2.144E-20	89
P0DUN1	Q45Z26	40.100	124	123	151	2.144E-20	89
P0DUN1	Q6SLM0	40.900	118	123	137	2.940E-20	88
P0DUN1	Q9PUH9	40.600	120	123	147	2.940E-20	88
P0DUN1	Q6YIJ3	42.100	115	123	137	4.031E-20	88
P0DUN1	Q9PTA5	43.400	115	123	137	4.031E-20	88
P0DUN1	Q3C2C1	37.900	135	123	158	4.031E-20	88
P0DUN1	P81166	37.700	118	123	118	5.527E-20	87
P0DUN1	P00610	41.800	119	123	119	5.527E-20	87
P0DUN1	Q9PTA7	42.100	115	123	133	5.527E-20	87
P0DUN1	Q9PUI0	39.800	120	123	147	5.527E-20	87
P0DUN1	Q8AY48	42.900	115	123	137	7.579E-20	87
P0DUN1	P0C551	40.300	125	123	142	7.579E-20	87
P0DUN1	P23026	40.900	118	123	145	7.579E-20	87
P0DUN1	P00618	42.900	115	123	145	7.579E-20	87
P0DUN1	P0DJ62	62.200	60	123	60	1.039E-19	87
P0DUN1	Q9PTA1	42.900	115	123	145	1.039E-19	87
P0DUN1	P00617	42.900	115	123	147	1.039E-19	87
P0DUN1	Q9PUI1	40.600	118	123	145	3.672E-19	85
P0DUN1	P59359	40.600	118	123	145	3.672E-19	85
P0DUN1	P00604	44.000	99	123	118	5.034E-19	85
P0DUN1	P04054	45.500	120	123	148	5.034E-19	85
P0DUN1	P00602	45.000	99	123	118	6.902E-19	84
P0DUN1	Q75S51	46.300	94	123	147	9.463E-19	84
P0DUN1	P82893	58.800	67	123	70	1.297E-18	83
P0DUN1	P00605	44.000	99	123	118	1.297E-18	83
P0DUN1	F5CPF1	42.100	111	123	142	1.297E-18	83
P0DUN1	Q7T1R0	41.100	114	123	146	1.297E-18	83
P0DUN1	P81236	39.000	119	123	119	1.779E-18	83
P0DUN1	P80966	41.700	124	123	151	1.779E-18	83
P0DUN1	P43434	40.400	123	123	146	3.343E-18	82
P0DUN1	Q3C2C2	37.100	136	123	159	3.343E-18	82
P0DUN1	P00603	44.000	99	123	118	4.583E-18	82
P0DUN1	Q9PUH7	41.500	110	123	144	4.583E-18	82
P0DUN1	Q9PUH8	39.000	120	123	147	8.613E-18	81
P0DUN1	P00609	37.700	119	123	119	1.181E-17	81
P0DUN1	B3A0N3	68.600	50	123	50	3.042E-17	79
P0DUN1	P0C932	62.700	51	123	50	3.042E-17	79
P0DUN1	Q9PUG9	38.400	117	123	144	4.170E-17	79
P0DUN1	Q9PUH0	38.500	119	123	146	4.170E-17	79
P0DUN1	Q9PUH1	37.600	119	123	146	4.170E-17	79
P0DUN1	Q7T1R1	41.700	114	123	146	4.170E-17	79
P0DUN1	Q9PUH4	38.500	119	123	146	5.716E-17	79
P0DUN1	P00608	37.700	119	123	119	7.122E-16	76
P0DUN1	Q9PRG0	39.000	118	123	145	7.122E-16	76
P0DUN1	P0DMH0	64.100	53	123	51	9.762E-16	75
P0DUN1	Q9PUH3	37.700	119	123	146	9.762E-16	75
P0DUN1	Q9PUH2	37.700	119	123	146	1.338E-15	75
P0DUN1	F8J2D2	42.500	100	123	146	1.215E-14	72
P0DUN1	P0CAS9	85.200	34	123	34	4.284E-14	70
P0DUN1	P0DM50	60.000	40	123	40	9.040E-12	64
P0DUN1	P59068	54.700	52	123	57	5.965E-11	61
P0DUN1	Q9PSF9	65.700	38	123	39	2.097E-10	60
P0DUN1	P14422	32.200	118	123	68	1.381E-09	57
P0DUN1	P0DMK1	68.700	32	123	32	1.890E-09	57
P0DUN1	C0HJP9	50.000	54	123	45	1.890E-09	57
P0DUN1	P59067	52.800	52	123	62	2.586E-09	57
P0DUN1	P59070	51.000	48	123	48	9.073E-09	55
P0DUN1	P0DM49	60.000	35	123	35	2.324E-08	54
P0DUN1	P0DM52	54.200	35	123	35	8.140E-08	52
P0DQD1	A6MEY4	93.300	30	30	145	5.435E-16	70
P0DQD1	P14411	83.300	30	30	135	1.131E-12	61
P0DQD1	P00628	80.000	30	30	135	2.942E-12	60
P0DQD1	Q90WA7	80.000	30	30	145	2.942E-12	60
P0DQD1	P00629	80.000	30	30	145	2.942E-12	60
P0DQD1	Q90WA8	73.300	30	30	145	2.740E-11	57
P0DQD1	Q6SLM0	66.600	30	30	137	1.260E-09	52
P0DQD1	P00606	66.600	30	30	145	1.734E-09	52
P0DQD1	Q9DF52	70.000	30	30	145	1.734E-09	52
P0DQD1	P14615	66.600	30	30	120	2.386E-09	51
P0DQD1	Q6SLM1	63.300	30	30	137	1.621E-08	49
P0DQD1	Q8UW31	59.300	32	30	152	5.820E-08	48
P0DQD1	P59067	62.500	32	30	62	8.013E-08	47
P0DQD1	Q7LZQ6	69.200	26	30	31	1.103E-07	47
P0DQD1	P59068	62.500	32	30	57	2.091E-07	46
P0DQD1	P20258	62.500	32	30	117	2.091E-07	46
P0DQD1	P81166	56.600	30	30	118	3.965E-07	45
P0DQD1	Q6SLM2	56.600	30	30	137	3.965E-07	45
P0DQD1	P08873	59.300	32	30	145	1.035E-06	44
P0DQD1	P81167	53.300	30	30	118	3.726E-06	42
P0DQD1	P81237	56.200	32	30	118	7.070E-06	42
P0DQD1	P08872	56.200	32	30	144	7.070E-06	42
P0DQD1	Q9PUH9	56.200	32	30	147	7.070E-06	42
P0DQD1	Q9PUI0	56.200	32	30	147	7.070E-06	42
P0DQD1	P20259	53.100	32	30	117	9.740E-06	41
P0DQD1	P60045	58.000	31	30	126	9.740E-06	41
P0DQD1	Q7T2Q5	56.200	32	30	147	9.740E-06	41
P0DQD1	P20257	50.000	32	30	118	1.342E-05	41
P0DQD1	A4FS04	58.000	31	30	119	1.342E-05	41
P0DQD1	P25498	54.800	31	30	119	1.342E-05	41
P0DQD1	P00600	58.000	31	30	119	1.849E-05	40
P0DQD1	Q9PSN5	56.200	32	30	125	1.849E-05	40
P0DQD1	Q9PUH7	56.200	32	30	144	1.849E-05	40
P0DQD1	P00611	53.100	32	30	145	1.849E-05	40
P0DQD1	Q9PUH5	56.200	32	30	145	1.849E-05	40
P0DQD1	P00597	58.000	31	30	146	1.849E-05	40
P0DQD1	P00598	58.000	31	30	146	1.849E-05	40
P0DQD1	Q92085	61.200	31	30	146	1.849E-05	40
P0DQD1	Q92086	61.200	31	30	146	1.849E-05	40
P0DQD1	Q91133	58.000	31	30	146	1.849E-05	40
P0DQD1	Q45Z25	56.200	32	30	151	1.849E-05	40
P0DQD1	Q45Z26	56.200	32	30	151	1.849E-05	40
P0DQD1	Q45Z28	56.200	32	30	151	1.849E-05	40
P0DQD1	Q45Z29	56.200	32	30	151	1.849E-05	40
P0DQD1	Q45Z30	56.200	32	30	151	1.849E-05	40
P0DQD1	P85060	56.600	30	30	30	2.548E-05	40
P0DQD1	P84736	56.200	32	30	50	2.548E-05	40
P0DQD1	Q9I900	58.000	31	30	146	2.548E-05	40
P0DQD1	Q92084	58.000	31	30	146	2.548E-05	40
P0DQD1	Q6T179	54.800	31	30	126	3.511E-05	40
P0DQD1	Q9PUG7	55.100	29	30	152	3.511E-05	40
P0DQD1	P00595	54.800	31	30	119	4.838E-05	39
P0DQD1	P59070	56.200	32	30	48	6.667E-05	39
P0DQD1	P20252	53.100	32	30	118	6.667E-05	39
P0DQD1	P20254	53.100	32	30	118	6.667E-05	39
P0DQD1	P15445	54.800	31	30	119	6.667E-05	39
P0DQD1	P24644	56.200	32	30	38	9.189E-05	38
P0DQD1	P00601	54.800	31	30	119	9.189E-05	38
P0DQD1	Q9PRG0	53.100	32	30	145	9.189E-05	38
P0DQD1	P59359	53.100	32	30	145	9.189E-05	38
P0DQD1	Q9PUH8	53.100	32	30	147	9.189E-05	38
P0DQD1	P00599	54.800	31	30	118	1.267E-04	38
P0DQD1	P00603	54.800	31	30	118	1.267E-04	38
P0DQD1	P04056	53.100	32	30	118	1.267E-04	38
P0DQD1	P20255	53.100	32	30	118	1.267E-04	38
P0DQD1	P20256	53.100	32	30	118	1.267E-04	38
P0DQD1	P00602	54.800	31	30	118	1.267E-04	38
P0DQD1	P00604	54.800	31	30	118	1.267E-04	38
P0DQD1	P00605	54.800	31	30	118	1.267E-04	38
P0DQD1	Q4VRI5	46.800	32	30	154	1.267E-04	38
P0DQD1	P60043	54.800	31	30	126	1.746E-04	38
P0DQD1	Q910A0	54.800	31	30	138	2.407E-04	37
P0DQD1	P20250	53.100	32	30	117	3.318E-04	37
P0DQD1	P20251	53.100	32	30	118	3.318E-04	37
P0DQD1	Q5G291	51.600	31	30	125	3.318E-04	37
P0DQD1	P0DKU3	55.100	29	30	30	4.575E-04	36
P0DQD1	P0DKU4	55.100	29	30	30	4.575E-04	36
P0DQD1	P24645	53.100	32	30	38	4.575E-04	36
P0DQD1	P00622	50.000	30	30	121	4.575E-04	36
P0DQD1	P20253	46.800	32	30	118	6.308E-04	36
P0DQD1	P10116	46.800	32	30	118	6.308E-04	36
A0A3G1DJL2	Q7S4Z6	58.300	417	419	481	3.844E-155	494
A0A3G1DJL2	Q4WAG4	58.100	390	419	471	2.559E-148	474
A0A3G1DJL2	V6RPN0	57.700	381	419	462	4.812E-145	464
A0A3G1DJL2	P36596	46.400	372	419	460	2.610E-107	355
A0A3G1DJL2	Q9Y753	46.900	373	419	445	6.678E-107	354
A0A3G1DJL2	A0A1D8PI71	45.300	385	419	448	2.721E-99	332
A0A3G1DJL2	P78589	45.300	385	419	448	5.085E-99	331
A0A3G1DJL2	P29704	43.700	390	419	444	2.962E-97	326
A0A3G1DJL2	Q752X9	43.700	379	419	441	1.414E-96	324
A0A3G1DJL2	Q9HGZ6	42.800	394	419	443	3.784E-91	308
A0A3G1DJL2	A0SJQ5	41.600	395	419	467	2.365E-87	297
A0A3G1DJL2	Q92459	42.100	407	419	572	6.029E-87	296
A0A3G1DJL2	Q02769	44.700	329	419	416	2.259E-84	288
A0A3G1DJL2	Q5R6U3	44.700	329	419	417	2.259E-84	288
A0A3G1DJL2	Q32KR6	44.700	329	419	417	3.086E-84	288
A0A3G1DJL2	Q9SDW9	43.000	370	419	461	1.584E-76	265
A0A3G1DJL2	A0A1P7Y0A2	44.100	339	419	415	5.497E-76	264
A0A3G1DJL2	A0A1P7Y0D4	44.100	339	419	415	5.497E-76	264
A0A3G1DJL2	A0A1P7Y0C9	43.800	339	419	391	1.398E-75	263
A0A3G1DJL2	C9E894	43.200	339	419	415	2.295E-74	259
A0A3G1DJL2	P53800	41.000	365	419	411	3.132E-74	259
A0A3G1DJL2	O48666	43.500	339	419	415	3.132E-74	259
A0A3G1DJL2	D2K762	42.900	339	419	415	4.274E-74	258
A0A3G1DJL2	P53799	39.400	368	419	410	7.399E-71	249
A0A3G1DJL2	D0VFU8	40.200	355	419	411	3.494E-70	247
A0A3G1DJL2	G0Y287	37.800	366	419	465	4.766E-70	246
A0A3G1DJL2	A0A142ZC57	38.300	330	419	444	5.236E-66	235
A0A3G1DJL2	Q54DR1	36.400	366	419	416	1.881E-63	227
A0A3G1DJL2	G0Y288	34.500	364	419	383	4.923E-61	220
A0A3G1DJL2	G0Y286	35.500	301	419	403	8.374E-48	181
A0A3G1DJL2	Q2FDU5	24.200	203	419	287	1.817E-04	47
A0A3G1DJL2	Q2FV59	24.200	203	419	287	1.817E-04	47
A0A3G1DJL2	Q7A3E1	24.200	203	419	287	1.817E-04	47
A0A3G1DJL2	Q5HCY8	24.200	203	419	287	1.817E-04	47
A0A3G1DJL2	O07854	24.200	203	419	287	1.817E-04	47
A0A3G1DJL2	Q8NUQ5	24.200	203	419	287	1.817E-04	47
A0A3G1DJL2	A9JQL9	23.700	203	419	287	1.817E-04	47
A0A3G1DJL2	Q6G6B2	24.200	203	419	287	1.817E-04	47
A0A3G1DJL2	Q2YWE7	23.700	203	419	287	5.556E-04	45
A0A348B784	W4JX79	52.200	336	342	345	5.613E-114	370
A0A348B784	P0DL13	51.300	325	342	345	5.659E-108	353
A0A348B784	A0A0D2L718	43.700	319	342	327	2.168E-90	302
A0A348B784	A0A8H7XQ49	42.500	327	342	364	2.115E-84	285
A0A348B784	A0A8H8CFI5	42.200	327	342	364	1.013E-83	283
A0A348B784	A0A8H7XP09	42.000	328	342	361	2.079E-81	276
A0A348B784	A0A8H7XMX0	35.600	322	342	344	1.170E-65	230
A0A348B784	A0A348B779	35.700	325	342	338	3.923E-57	205
A0A348B784	A8NE23	33.500	328	342	425	2.832E-52	191
A0A348B784	B8PD44	32.900	322	342	336	3.548E-49	182
A0A348B784	A8NU13	29.900	321	342	345	8.679E-40	154
A0A348B784	A0A0C3FBR2	29.600	320	342	345	8.670E-36	143
A0A348B784	A0A0C9VD04	28.400	333	342	347	2.951E-35	141
A0A348B784	S0DX56	29.300	320	342	357	4.628E-34	138
A0A348B784	A0A1B4XBG5	28.300	332	342	367	1.854E-27	118
A0A348B784	B2J4A4	26.500	300	342	323	3.457E-24	108
A0A348B784	A7NH01	26.200	300	342	326	5.130E-23	104
A0A348B784	C7PLV2	24.300	300	342	321	9.331E-23	104
A0A348B784	A0A1L7VZE7	25.700	345	342	401	1.370E-21	100
A0A348B784	Q82IY4	25.800	309	342	336	6.540E-20	95
A0A348B784	B5H7H3	24.500	309	342	372	2.278E-18	90
A0A348B784	E3VWJ0	25.300	300	342	337	5.806E-17	86
A0A348B784	Q55012	24.500	300	342	337	1.951E-15	81
A0A348B784	D2B747	23.500	297	342	330	1.148E-13	76
A0A348B784	F0ZLU4	25.700	262	342	377	1.151E-09	63
A0A348B784	A0A1G9UQQ0	22.200	337	342	363	2.712E-09	62
A0A348B784	A0A151ZEA6	22.900	278	342	353	8.268E-08	57
A0A348B784	A0A385AJM2	22.700	263	342	332	3.297E-06	52
A0A348B784	Q7KWU0	22.600	268	342	349	4.374E-06	51
A0A348B784	F4Q7D4	23.800	197	342	338	1.022E-05	50
A0A348B784	D5SK09	23.400	227	342	321	2.384E-05	49
A0A348B784	A0A385AJM4	23.500	193	342	324	2.384E-05	49
A0A455LN84	Q9USJ6	38.600	176	201	200	8.628E-29	117
A0A455LN84	Q07923	33.300	146	201	191	2.005E-22	98
A0A455LN84	P0AGE7	31.500	134	201	188	4.993E-05	46
A0A455LN84	P0AGE8	31.500	134	201	188	4.993E-05	46
A0A2U7XUE3	Q8VZW3	70.100	208	209	209	8.695E-88	287
A0A2U7XUE3	Q2PF16	31.400	203	209	222	8.948E-22	96
A0A2U7XUE3	A7ISP6	29.900	203	209	226	8.948E-22	96
A0A2U7XUE3	Q53B74	29.400	203	209	226	1.220E-21	96
A0A2U7XUE3	A5ANT9	34.300	203	209	234	1.220E-21	96
A0A2U7XUE3	Q565D8	32.100	201	209	221	3.094E-21	95
A0A2U7XUE3	P51117	33.800	203	209	234	3.094E-21	95
A0A2U7XUE3	Q45QI7	31.800	203	209	230	5.751E-21	94
A0A2U7XUE3	Q8LKP9	31.400	203	209	232	5.751E-21	94
A0A2U7XUE3	Q6BEH3	32.100	201	209	217	7.841E-21	94
A0A2U7XUE3	O65333	31.500	202	209	256	7.841E-21	94
A0A2U7XUE3	A5HBK6	31.400	203	209	219	5.029E-20	91
A0A2U7XUE3	A2IBF8	32.300	203	209	227	5.029E-20	91
A0A2U7XUE3	A4F1Q8	29.500	199	209	219	1.273E-19	90
A0A2U7XUE3	Q4AE12	32.000	196	209	237	4.385E-19	89
A0A2U7XUE3	A1E261	30.200	201	209	235	5.973E-19	88
A0A2U7XUE3	Q9LKC3	29.700	208	209	244	1.108E-18	87
A0A2U7XUE3	A1E260	29.900	200	209	235	1.509E-18	87
A0A2U7XUE3	Q8S911	33.300	203	209	243	1.509E-18	87
A0A2U7XUE3	P11651	30.800	203	209	220	3.812E-18	86
A0A2U7XUE3	Q9ZWR1	31.700	205	209	222	3.812E-18	86
A0A2U7XUE3	Q6QHK0	32.100	192	209	226	5.190E-18	85
A0A2U7XUE3	Q4AE11	30.400	203	209	237	5.190E-18	85
A0A2U7XUE3	P11650	30.000	207	209	241	5.190E-18	85
A0A2U7XUE3	O22604	32.800	203	209	241	5.190E-18	85
A0A2U7XUE3	Q33DL3	30.400	192	209	244	9.620E-18	85
A0A2U7XUE3	P41088	30.300	206	209	246	9.620E-18	85
A0A2U7XUE3	Q43754	28.900	207	209	221	1.310E-17	84
A0A2U7XUE3	Q9M5B3	29.500	207	209	241	1.783E-17	84
A0A2U7XUE3	Q42663	29.900	203	209	237	8.323E-17	82
A0A2U7XUE3	Q8H0G1	28.800	204	209	221	7.173E-16	79
A0A2U7XUE3	Q08704	31.800	184	209	231	7.173E-16	79
A0A2U7XUE3	Q8H0G2	28.900	202	209	226	1.545E-14	75
A0A2U7XUE3	Q8H0F6	28.300	208	209	225	3.873E-14	74
A0A2U7XUE3	O22651	28.300	207	209	247	9.701E-14	73
A0A2U7XUE3	Q43056	31.600	207	209	224	2.428E-13	72
A0A2U7XUE3	Q9FKW3	28.200	197	209	223	3.295E-13	71
A0A2U7XUE3	A7ISP5	28.700	184	209	227	3.295E-13	71
A0A2U7XUE3	Q53B75	28.300	183	209	226	1.117E-12	70
A0A2U7XUE3	P28012	30.600	192	209	222	2.788E-12	68
A0A2U7XUE3	Q53B70	28.300	183	209	226	2.788E-12	68
A0A2U7XUE3	A2XNF0	29.600	184	209	233	3.781E-12	68
A0A2U7XUE3	Q84T92	29.600	184	209	233	3.781E-12	68
A0A2U7XUE3	P14298	30.100	206	209	221	5.127E-12	68
A0A2U7XUE3	P28013	30.400	190	209	197	6.951E-12	67
A0A2U7XUE3	Q93XE6	30.000	207	209	218	1.277E-11	66
A0A2U7XUE3	P41089	28.200	191	209	223	2.442E-08	57
A0A2U7XUE3	O81980	29.500	163	209	172	6.004E-08	55
P0DQP6	P59265	87.500	40	39	122	4.318E-19	80
P0DQP6	P06860	87.500	40	39	122	4.318E-19	80
P0DQP6	Q8JIG0	87.500	40	39	138	4.318E-19	80
P0DQP6	Q02517	87.500	40	39	138	4.318E-19	80
P0DQP6	Q90Y77	87.500	40	39	138	4.318E-19	80
P0DQP6	P04417	85.000	40	39	122	2.117E-18	78
P0DQP6	O42187	87.100	39	39	138	1.961E-17	75
P0DQP6	O42190	80.000	40	39	124	2.499E-16	72
P0DQP6	O42189	82.000	39	39	124	3.435E-16	72
P0DQP6	C0HJC1	79.400	39	39	122	3.188E-15	69
P0DQP6	Q8JIY9	75.000	40	39	138	4.383E-15	68
P0DQP6	Q9I968	72.500	40	39	138	4.072E-14	66
P0DQP6	A8CG86	75.000	40	39	138	2.754E-13	63
P0DQP6	P81458	70.000	40	39	121	9.853E-13	62
P0DQP6	Q7T2R1	72.500	40	39	138	9.853E-13	62
P0DQP6	P0CAS4	71.700	39	39	122	6.673E-12	59
P0DQP6	P14421	65.000	40	39	122	1.737E-11	58
P0DQP6	P82893	66.600	39	39	70	2.390E-11	58
P0DQP6	Q56JZ2	66.600	39	39	144	2.390E-11	58
P0DQP6	P0DKR3	70.000	40	39	122	3.288E-11	57
P0DQP6	P86907	62.500	40	39	122	3.288E-11	57
P0DQP6	P31100	70.000	40	39	138	3.288E-11	57
P0DQP6	Q910A0	60.000	40	39	138	4.523E-11	57
P0DQP6	P21789	62.500	40	39	120	6.223E-11	57
P0DQP6	P0CAR9	62.500	40	39	137	6.223E-11	57
P0DQP6	C0HK05	65.000	40	39	47	8.563E-11	56
P0DQP6	P24293	62.500	40	39	121	8.563E-11	56
P0DQP6	C0HM14	65.000	40	39	122	8.563E-11	56
P0DQP6	P86169	65.000	40	39	122	8.563E-11	56
P0DQP6	P0DJN6	65.000	40	39	138	8.563E-11	56
P0DQP6	A0A193CHJ5	65.000	40	39	138	8.563E-11	56
P0DQP6	P62022	65.000	40	39	138	8.563E-11	56
P0DQP6	P62023	65.000	40	39	138	8.563E-11	56
P0DQP6	C0HKC4	60.000	40	39	123	1.178E-10	56
P0DQP6	F8QN54	64.100	39	39	138	1.178E-10	56
P0DQP6	C0HKC3	60.000	40	39	139	1.178E-10	56
P0DQP6	P0CAS2	62.500	40	39	122	1.621E-10	55
P0DQP6	A8CG78	60.000	40	39	138	1.621E-10	55
P0DQP6	A8CG87	60.000	40	39	138	1.621E-10	55
P0DQP6	P18997	75.700	33	39	32	2.231E-10	55
P0DQP6	P0CG56	65.000	40	39	122	2.231E-10	55
P0DQP6	F8QN51	63.800	36	39	137	2.231E-10	55
P0DQP6	Q2YHJ2	64.100	39	39	138	2.231E-10	55
P0DQP6	Q2YHJ7	64.100	39	39	138	2.231E-10	55
P0DQP6	Q9PWR6	60.000	40	39	138	3.069E-10	55
P0DQP6	Q98996	60.000	40	39	138	3.069E-10	55
P0DQP6	P31854	65.000	40	39	138	3.069E-10	55
P0DQP6	P24294	60.000	40	39	121	4.224E-10	54
P0DQP6	F8QN53	60.000	40	39	137	4.224E-10	54
P0DQP6	Q6EER2	62.500	40	39	138	4.224E-10	54
P0DQP6	Q6EER3	62.500	40	39	138	4.224E-10	54
P0DQP6	Q6EER6	62.500	40	39	122	5.813E-10	54
P0DQP6	A8CG90	62.500	40	39	137	5.813E-10	54
P0DQP6	Q92147	58.300	36	39	138	5.813E-10	54
P0DQP6	Q90ZZ9	60.000	40	39	138	5.813E-10	54
P0DQP6	Q910A1	60.000	40	39	138	5.813E-10	54
P0DQP6	P14422	61.100	36	39	68	7.999E-10	53
P0DQP6	P59172	61.100	36	39	139	7.999E-10	53
P0DQP6	P59170	61.100	36	39	139	7.999E-10	53
P0DQP6	Q6EER5	65.000	40	39	122	1.101E-09	53
P0DQP6	Q7T3S7	60.000	40	39	136	1.101E-09	53
P0DQP6	Q6H3C8	57.500	40	39	138	1.101E-09	53
P0DQP6	P11407	61.500	39	39	138	1.101E-09	53
P0DQP6	P14424	61.500	39	39	138	1.101E-09	53
P0DQP6	P00626	61.500	39	39	138	1.101E-09	53
P0DQP6	P47711	62.500	40	39	145	1.101E-09	53
P0DQP6	P31482	60.000	40	39	146	1.101E-09	53
P0DQP6	Q6H3C5	62.800	35	39	122	1.515E-09	53
P0DQP6	P34180	60.000	40	39	137	1.515E-09	53
P0DQP6	B3EWP6	52.500	40	39	60	2.085E-09	52
P0DQP6	P0CAS5	62.500	40	39	122	2.870E-09	52
P0DQP6	P24027	64.100	39	39	138	2.870E-09	52
P0DQP6	P0C932	55.000	40	39	50	3.951E-09	51
P0DQP6	P0CAS3	61.500	39	39	122	3.951E-09	51
P0DQP6	P84651	55.000	40	39	122	3.951E-09	51
P0DQP6	C0HJL8	62.500	40	39	122	3.951E-09	51
P0DQP6	Q90W39	60.000	40	39	138	3.951E-09	51
P0DQP6	P0DJN7	60.000	40	39	138	3.951E-09	51
P0DQP6	Q2YHJ6	57.500	40	39	138	3.951E-09	51
P0DQP6	F8QN52	57.500	40	39	138	5.438E-09	51
P0DQP6	Q6H3C7	58.300	36	39	139	5.438E-09	51
P0DQP6	Q9PVF2	58.300	36	39	139	5.438E-09	51
P0DQP6	Q9UNK4	53.800	39	39	145	5.438E-09	51
P0DQP6	Q805A2	62.500	40	39	138	7.486E-09	51
P0DQP6	Q1ZY03	62.500	40	39	138	7.486E-09	51
P0DQP6	P06859	58.900	39	39	138	7.486E-09	51
P0DQP6	P14423	61.500	39	39	146	7.486E-09	51
P0DQP6	P0CAS6	64.100	39	39	122	1.030E-08	50
P0DQP6	Q71QE8	60.000	40	39	138	1.030E-08	50
P0DQP6	P39877	53.800	39	39	138	1.030E-08	50
P0DQP6	B6CQR5	58.900	39	39	138	1.419E-08	50
P0DQP6	C3W4R6	58.900	39	39	138	1.419E-08	50
P0DQP6	Q91506	55.000	40	39	122	1.953E-08	49
P0DQP6	P51433	53.800	39	39	137	1.953E-08	49
P0DQP6	Q6EER4	57.500	40	39	138	1.953E-08	49
P0DQP6	P0CAS9	61.700	34	39	34	2.689E-08	49
P0DQP6	P59071	58.900	39	39	121	2.689E-08	49
P0DQP6	A8CG84	58.900	39	39	137	2.689E-08	49
P0DQP6	Q2PG83	56.400	39	39	138	2.689E-08	49
P0DQP6	P0DM51	60.000	35	39	50	3.702E-08	49
P0DQP6	P86974	58.900	39	39	122	3.702E-08	49
P0DQP6	P0DJP4	55.000	40	39	122	3.702E-08	49
P0DQP6	Q9YGJ7	60.000	39	39	137	3.702E-08	49
P0DQP6	P48076	55.200	38	39	150	3.702E-08	49
P0DQP6	P0CAS0	57.500	40	39	136	5.097E-08	48
P0DQP6	P81478	50.000	40	39	122	7.018E-08	48
P0DQP6	P82896	50.000	40	39	122	9.664E-08	48
P0DQP6	P0C8M1	60.000	40	39	121	1.331E-07	47
P0DQP6	P0C942	60.600	33	39	122	1.331E-07	47
P0DQP6	P0C943	60.600	33	39	122	1.331E-07	47
P0DQP6	P0DM50	56.400	39	39	40	1.833E-07	47
P0DQP6	P0DJ62	53.800	39	39	60	1.833E-07	47
P0DQP6	P00622	58.300	36	39	121	1.833E-07	47
P0DQP6	P86803	60.500	38	39	121	1.833E-07	47
P0DQP6	Q2YHJ5	53.800	39	39	122	1.833E-07	47
P0DQP6	Q8AXY1	53.800	39	39	138	1.833E-07	47
P0DQP6	C9DPL5	50.000	40	39	122	2.524E-07	46
P0DQP6	P59171	54.200	35	39	138	2.524E-07	46
P0DQP6	P84674	58.900	39	39	121	3.476E-07	46
P0DQP6	P20476	47.500	40	39	138	4.787E-07	46
P0DQP6	Q6H3D0	47.500	40	39	138	4.787E-07	46
P0DQP6	Q9BZM2	45.700	35	39	168	4.787E-07	46
P0DQP6	B3A0N3	57.800	38	39	50	9.083E-07	45
P0DQP6	P0DMH0	51.200	39	39	51	9.083E-07	45
P0DQP6	P20259	54.000	37	39	117	9.083E-07	45
P0DQP6	P86804	57.800	38	39	121	9.083E-07	45
P0DQP6	Q10755	55.000	40	39	122	9.083E-07	45
P0DQP6	P14420	55.000	40	39	122	9.083E-07	45
P0DQP6	P86806	57.800	38	39	122	9.083E-07	45
P0DQP6	Q8JFG0	55.000	40	39	138	9.083E-07	45
P0DQP6	Q8QG87	50.000	40	39	138	9.083E-07	45
P0DQP6	Q1RP78	55.000	40	39	138	9.083E-07	45
P0DQP6	Q1RP79	55.000	40	39	138	9.083E-07	45
P0DQP6	Q6H3C9	51.200	39	39	138	9.083E-07	45
P0DQP6	P0C551	55.500	36	39	142	9.083E-07	45
P0DQP6	Q9WVF6	51.200	39	39	144	9.083E-07	45
P0DQP6	Q8JFG2	54.000	37	39	152	9.083E-07	45
P0DQP6	Q02471	55.000	40	39	138	1.251E-06	44
P0DQP6	P20474	53.800	39	39	138	1.251E-06	44
P0DQP6	D0UGJ0	47.500	40	39	139	1.251E-06	44
P0DQP6	F5CPF1	51.300	37	39	142	1.251E-06	44
P0DQP6	P00620	56.400	38	39	118	1.724E-06	44
P0DQP6	P86456	52.500	39	39	121	1.724E-06	44
P0DQP6	P04416	52.700	36	39	124	1.724E-06	44
P0DQP6	Q2PG81	53.800	39	39	137	1.724E-06	44
P0DQP6	Q2HZ28	48.700	39	39	138	1.724E-06	44
P0DQP6	C7G1G6	56.400	39	39	138	1.724E-06	44
P0DQP6	P0DJJ8	56.400	39	39	138	1.724E-06	44
P0DQP6	Q9DF52	52.700	36	39	145	1.724E-06	44
P0DQP6	P0DM49	55.800	34	39	35	2.375E-06	44
P0DQP6	P00621	56.400	38	39	119	2.375E-06	44
P0DQP6	P86368	56.400	39	39	121	2.375E-06	44
P0DQP6	P20249	46.100	39	39	122	2.375E-06	44
P0DQP6	P86805	55.200	38	39	122	2.375E-06	44
P0DQP6	P86389	50.000	40	39	124	2.375E-06	44
P0DQP6	P14411	52.700	36	39	135	2.375E-06	44
P0DQP6	D6MKR0	51.200	39	39	138	2.375E-06	44
P0DQP6	P08873	51.300	37	39	145	2.375E-06	44
P0DQP6	P04054	52.700	36	39	148	2.375E-06	44
P0DQP6	Q8UUH9	51.300	37	39	155	2.375E-06	44
P0DQP6	P59069	51.300	37	39	46	3.272E-06	43
P0DQP6	C0HM79	52.500	39	39	95	3.272E-06	43
P0DQP6	P14615	52.700	36	39	120	3.272E-06	43
P0DQP6	P00592	52.700	36	39	146	3.272E-06	43
P0DQP6	P81480	45.000	40	39	122	4.508E-06	43
P0DQP6	P0DKR5	52.500	40	39	122	4.508E-06	43
P0DQP6	Q6H3C6	48.500	35	39	122	4.508E-06	43
P0DQP6	Q800C4	48.700	39	39	138	4.508E-06	43
P0DQP6	Q800C1	48.700	39	39	138	4.508E-06	43
P0DQP6	Q7ZTA6	47.500	40	39	138	4.508E-06	43
P0DQP6	Q7ZTA7	48.700	39	39	138	4.508E-06	43
P0DQP6	P00624	48.700	39	39	138	4.508E-06	43
P0DQP6	P04055	52.700	36	39	146	4.508E-06	43
P0DQP6	Q9PUH9	51.300	37	39	147	4.508E-06	43
P0DQP6	P84736	48.600	37	39	50	6.211E-06	42
P0DQP6	P0CV89	57.500	33	39	61	6.211E-06	42
P0DQP6	Q9PUH7	51.300	37	39	144	6.211E-06	42
P0DQP6	Q9PUH5	51.300	37	39	145	6.211E-06	42
P0DQP6	Q9Z0Y2	52.700	36	39	146	6.211E-06	42
P0DQP6	Q9PUI0	51.300	37	39	147	6.211E-06	42
P0DQP6	P0DMK1	54.800	31	39	32	8.559E-06	42
P0DQP6	C0HKB8	52.700	36	39	117	8.559E-06	42
P0DQP6	P00599	47.200	36	39	118	8.559E-06	42
P0DQP6	P00604	47.200	36	39	118	8.559E-06	42
P0DQP6	P00605	47.200	36	39	118	8.559E-06	42
P0DQP6	P25498	47.200	36	39	119	8.559E-06	42
P0DQP6	Q7SID6	48.700	39	39	123	8.559E-06	42
P0DQP6	P14418	48.700	39	39	124	8.559E-06	42
P0DQP6	Q7LZQ4	48.700	39	39	124	8.559E-06	42
P0DQP6	P00606	50.000	36	39	145	8.559E-06	42
P0DQP6	A6MEY4	50.000	36	39	145	8.559E-06	42
P0DQP6	P43434	52.700	36	39	146	8.559E-06	42
P0DQP6	Q9PSN5	51.300	37	39	125	1.179E-05	42
P0DQP6	Q9PUI1	51.300	37	39	145	1.179E-05	42
P0DQP6	Q9PRG0	51.300	37	39	145	1.179E-05	42
P0DQP6	P59359	51.300	37	39	145	1.179E-05	42
P0DQP6	Q9PUH8	51.300	37	39	147	1.179E-05	42
P0DQP6	Q7T2Q5	54.200	35	39	147	1.179E-05	42
P0DQP6	Q45Z25	51.300	37	39	151	1.179E-05	42
P0DQP6	Q45Z26	51.300	37	39	151	1.179E-05	42
P0DQP6	Q45Z28	51.300	37	39	151	1.179E-05	42
P0DQP6	Q45Z29	51.300	37	39	151	1.179E-05	42
P0DQP6	Q45Z30	51.300	37	39	151	1.179E-05	42
P0DQP6	A0A411EZW9	46.100	39	39	138	1.625E-05	41
P0DQP6	P00623	46.100	39	39	138	1.625E-05	41
P0DQP6	P14419	50.000	36	39	123	2.240E-05	41
P0DQP6	Q9PVF1	48.500	35	39	126	2.240E-05	41
P0DQP6	Q9PVE9	48.500	35	39	139	2.240E-05	41
P0DQP6	Q8UUH8	51.300	37	39	145	2.240E-05	41
P0DQP6	P00593	50.000	36	39	145	2.240E-05	41
P0DQP6	Q9DF33	51.300	37	39	146	2.240E-05	41
P0DQP6	Q8UUI0	51.300	37	39	155	2.240E-05	41
P0DQP6	P0DM52	50.000	34	39	35	3.088E-05	40
P0DQP6	P20252	51.300	37	39	118	3.088E-05	40
P0DQP6	P20255	51.300	37	39	118	3.088E-05	40
P0DQP6	P10116	51.300	37	39	118	3.088E-05	40
P0DQP6	P15445	47.200	36	39	119	3.088E-05	40
P0DQP6	P60045	47.200	36	39	126	3.088E-05	40
P0DQP6	Q800C3	48.700	39	39	138	3.088E-05	40
P0DQP6	G3DT18	45.000	40	39	138	3.088E-05	40
P0DQP6	A8E2V8	46.100	39	39	139	3.088E-05	40
P0DQP6	P04056	51.300	37	39	118	4.256E-05	40
P0DQP6	P20256	51.300	37	39	118	4.256E-05	40
P0DQP6	P20254	51.300	37	39	118	4.256E-05	40
P0DQP6	A4FS04	47.200	36	39	119	4.256E-05	40
P0DQP6	P00595	47.200	36	39	119	4.256E-05	40
P0DQP6	Q7M334	50.000	36	39	144	4.256E-05	40
P0DQP6	Q90WA8	50.000	36	39	145	4.256E-05	40
P0DQP6	Q7T1R0	48.600	37	39	146	4.256E-05	40
P0DQP6	P0DP54	51.400	35	39	152	4.256E-05	40
P0DQP6	Q9PSF9	48.500	35	39	39	5.868E-05	40
P0DQP6	P00603	47.000	34	39	118	5.868E-05	40
P0DQP6	P00602	47.000	34	39	118	5.868E-05	40
P0DQP6	Q9PVF0	45.700	35	39	126	5.868E-05	40
P0DQP6	P00628	50.000	36	39	135	5.868E-05	40
P0DQP6	A8E2V9	51.200	39	39	136	5.868E-05	40
P0DQP6	Q90WA7	50.000	36	39	145	5.868E-05	40
P0DQP6	P00629	50.000	36	39	145	5.868E-05	40
P0DQP6	Q4VRI5	65.200	23	39	154	5.868E-05	40
P0DQP6	P59068	48.600	37	39	57	8.089E-05	39
P0DQP6	P20257	48.600	37	39	118	8.089E-05	39
P0DQP6	Q9I8F8	43.500	39	39	122	8.089E-05	39
P0DQP6	Q6SLM0	50.000	36	39	137	8.089E-05	39
P0DQP6	Q9W7J3	52.700	36	39	154	8.089E-05	39
P0DQP6	P0DUN4	42.500	40	39	92	1.115E-04	39
P0DQP6	P00613	51.300	37	39	118	1.115E-04	39
P0DQP6	P60043	47.000	34	39	126	1.115E-04	39
P0DQP6	P00597	44.400	36	39	146	1.115E-04	39
P0DQP6	P00598	44.400	36	39	146	1.115E-04	39
P0DQP6	Q9I900	44.400	36	39	146	1.115E-04	39
P0DQP6	Q45Z42	54.000	37	39	146	1.115E-04	39
P0DQP6	Q91133	44.400	36	39	146	1.115E-04	39
P0DQP6	P00600	44.400	36	39	119	1.538E-04	38
P0DQP6	Q7T3T5	47.500	40	39	130	1.538E-04	38
P0DQP6	A8CG82	47.500	40	39	138	1.538E-04	38
P0DQP6	Q92084	44.400	36	39	146	1.538E-04	38
P0DQP6	Q92086	41.600	36	39	146	1.538E-04	38
P0DQP6	P0DUN3	42.500	40	39	107	2.120E-04	38
P0DQP6	P00614	51.300	37	39	119	2.120E-04	38
P0DQP6	Q6T179	41.600	36	39	126	2.120E-04	38
P0DQP6	A8CG89	47.500	40	39	138	2.120E-04	38
P0DQP6	F5CPF0	44.400	36	39	140	2.120E-04	38
P0DQP6	P08872	48.600	37	39	144	2.120E-04	38
P0DQP6	P23026	51.300	37	39	145	2.120E-04	38
P0DQP6	Q92085	41.600	36	39	146	2.120E-04	38
P0DQP6	P00601	44.400	36	39	119	2.924E-04	38
P0DQP6	Q6SLM1	50.000	36	39	137	2.924E-04	38
P0DQP6	Q9I837	48.600	37	39	145	2.924E-04	38
P0DQP6	Q9I842	48.600	37	39	145	2.924E-04	38
P0DQP6	P00612	48.600	37	39	118	4.033E-04	37
P0DQP6	P00608	48.600	37	39	119	4.033E-04	37
P0DQP6	Q7T2Q4	48.600	37	39	147	4.033E-04	37
P0DQP6	Q8UUH7	45.900	37	39	154	4.033E-04	37
P0DQP6	P59070	48.600	37	39	48	5.562E-04	37
P0DQP6	P20250	48.600	37	39	117	5.562E-04	37
P0DQP6	P20251	48.600	37	39	118	5.562E-04	37
P0DQP6	Q9DF56	45.900	37	39	152	5.562E-04	37
P0DQP6	P81237	48.600	37	39	118	7.672E-04	36
P0DQP6	Q6SLM2	47.200	36	39	137	7.672E-04	36
P0DQP6	Q8UUI3	51.300	37	39	145	7.672E-04	36
P0DQP6	Q8UUI4	51.300	37	39	145	7.672E-04	36
P0DQP6	P19000	51.300	37	39	145	7.672E-04	36
P0DPT7	C1JAR9	60.500	147	147	147	8.852E-58	198
P0DPT7	P00594	41.600	118	147	132	3.223E-24	101
P0DPT7	Q9YGJ7	43.800	114	147	137	2.130E-23	98
P0DPT7	D6MKR0	45.200	114	147	138	2.917E-23	98
P0DPT7	P00623	44.300	114	147	138	2.917E-23	98
P0DPT7	Q800C3	41.800	116	147	138	3.996E-23	98
P0DPT7	P81236	46.000	89	147	119	1.027E-22	96
P0DPT7	P21789	44.300	114	147	120	1.027E-22	96
P0DPT7	P43434	40.400	134	147	146	1.926E-22	96
P0DPT7	Q800C1	41.000	116	147	138	3.614E-22	95
P0DPT7	Q910A0	48.400	95	147	138	3.614E-22	95
P0DPT7	Q7M334	37.900	122	147	144	3.614E-22	95
P0DPT7	P00592	38.700	122	147	146	3.614E-22	95
P0DPT7	Q9Z0Y2	38.700	122	147	146	3.614E-22	95
P0DPT7	P24293	48.400	95	147	121	4.950E-22	94
P0DPT7	P00624	42.600	114	147	138	4.950E-22	94
P0DPT7	F8QN53	48.400	95	147	137	6.779E-22	94
P0DPT7	P31482	38.200	114	147	146	6.779E-22	94
P0DPT7	P34180	44.300	114	147	137	9.284E-22	94
P0DPT7	A8CG90	44.200	104	147	137	1.271E-21	93
P0DPT7	P81237	47.100	89	147	118	1.741E-21	93
P0DPT7	Q800C4	42.600	114	147	138	1.741E-21	93
P0DPT7	Q02471	46.300	95	147	138	1.741E-21	93
P0DPT7	P20250	41.300	111	147	117	2.385E-21	93
P0DPT7	P20251	41.300	111	147	118	2.385E-21	93
P0DPT7	P04416	40.000	99	147	124	3.266E-21	92
P0DPT7	Q7T3T5	46.800	96	147	130	3.266E-21	92
P0DPT7	Q90ZZ9	43.100	95	147	138	3.266E-21	92
P0DPT7	Q7ZTA6	42.600	114	147	138	3.266E-21	92
P0DPT7	Q7ZTA7	42.600	114	147	138	3.266E-21	92
P0DPT7	F8QN51	47.300	95	147	137	4.472E-21	92
P0DPT7	P14420	46.300	95	147	122	6.124E-21	91
P0DPT7	Q7T3S7	44.200	95	147	136	6.124E-21	91
P0DPT7	Q8JFG0	46.300	95	147	138	6.124E-21	91
P0DPT7	Q6H3C9	43.200	110	147	138	6.124E-21	91
P0DPT7	C3W4R6	47.800	92	147	138	8.386E-21	91
P0DPT7	Q1RP79	46.300	95	147	138	8.386E-21	91
P0DPT7	P04055	38.200	126	147	146	8.386E-21	91
P0DPT7	P06596	35.400	138	147	146	8.386E-21	91
P0DPT7	Q6H3C6	43.200	110	147	122	1.148E-20	91
P0DPT7	Q1RP78	46.300	95	147	138	1.148E-20	91
P0DPT7	P20252	41.900	103	147	118	1.573E-20	90
P0DPT7	Q10755	46.300	95	147	122	1.573E-20	90
P0DPT7	Q7T2R1	37.700	127	147	138	2.153E-20	90
P0DPT7	P47711	40.000	105	147	145	2.153E-20	90
P0DPT7	P00612	39.100	112	147	118	2.948E-20	89
P0DPT7	Q6SLM1	40.100	106	147	137	2.948E-20	89
P0DPT7	Q910A1	46.700	92	147	138	2.948E-20	89
P0DPT7	A0A411EZW9	40.300	113	147	138	2.948E-20	89
P0DPT7	F5CPF0	39.200	106	147	140	2.948E-20	89
P0DPT7	Q9I900	40.600	113	147	146	2.948E-20	89
P0DPT7	Q3C2C1	43.300	106	147	158	2.948E-20	89
P0DPT7	P00613	38.700	113	147	118	4.037E-20	89
P0DPT7	Q9PUH5	39.500	119	147	145	4.037E-20	89
P0DPT7	Q9PUH8	39.400	106	147	147	4.037E-20	89
P0DPT7	P04054	37.500	112	147	148	4.037E-20	89
P0DPT7	Q7LZQ4	41.900	111	147	124	5.528E-20	89
P0DPT7	A8CG86	41.500	101	147	138	5.528E-20	89
P0DPT7	F8QN52	46.700	92	147	138	5.528E-20	89
P0DPT7	P39877	38.600	101	147	138	5.528E-20	89
P0DPT7	P20258	42.800	103	147	117	7.569E-20	88
P0DPT7	Q7SID6	41.200	113	147	123	7.569E-20	88
P0DPT7	P51433	34.600	129	147	137	7.569E-20	88
P0DPT7	Q75S48	37.900	121	147	152	7.569E-20	88
P0DPT7	P20256	42.800	103	147	118	1.036E-19	88
P0DPT7	P0DKR5	45.200	95	147	122	1.036E-19	88
P0DPT7	B6CQR5	46.700	92	147	138	1.036E-19	88
P0DPT7	P00593	38.000	99	147	145	1.036E-19	88
P0DPT7	Q9PUH1	37.900	119	147	146	1.036E-19	88
P0DPT7	Q92086	39.800	113	147	146	1.036E-19	88
P0DPT7	P20254	41.900	103	147	118	1.419E-19	87
P0DPT7	P00600	42.200	105	147	119	1.419E-19	87
P0DPT7	Q9PVF1	42.900	113	147	126	1.419E-19	87
P0DPT7	Q6YNQ0	37.500	109	147	137	1.419E-19	87
P0DPT7	Q9PWR6	47.800	92	147	138	1.419E-19	87
P0DPT7	Q98996	47.800	92	147	138	1.419E-19	87
P0DPT7	Q9PUG9	39.800	106	147	144	1.419E-19	87
P0DPT7	Q45Z42	44.400	105	147	146	1.419E-19	87
P0DPT7	Q75S51	37.500	109	147	147	1.419E-19	87
P0DPT7	P00619	37.500	109	147	147	1.419E-19	87
P0DPT7	P14419	38.000	99	147	123	1.942E-19	87
P0DPT7	P14418	41.900	111	147	124	1.942E-19	87
P0DPT7	A8CG78	46.700	92	147	138	1.942E-19	87
P0DPT7	A8CG87	46.700	92	147	138	1.942E-19	87
P0DPT7	F8QN54	42.600	114	147	138	1.942E-19	87
P0DPT7	Q9PVE9	44.100	110	147	139	1.942E-19	87
P0DPT7	P04056	42.800	103	147	118	2.659E-19	87
P0DPT7	P0DKR3	42.500	101	147	122	2.659E-19	87
P0DPT7	Q6YIJ3	37.500	109	147	137	2.659E-19	87
P0DPT7	P59171	40.800	114	147	138	2.659E-19	87
P0DPT7	G3DT18	43.100	95	147	138	2.659E-19	87
P0DPT7	P31854	37.500	133	147	138	2.659E-19	87
P0DPT7	A8CG89	43.700	96	147	138	2.659E-19	87
P0DPT7	P08872	38.900	113	147	144	2.659E-19	87
P0DPT7	Q9PTA1	37.500	109	147	145	2.659E-19	87
P0DPT7	Q7T1R1	35.200	120	147	146	2.659E-19	87
P0DPT7	Q8QFW3	38.300	109	147	147	2.659E-19	87
P0DPT7	Q8QFW4	36.600	109	147	147	2.659E-19	87
P0DPT7	P00617	37.500	109	147	147	2.659E-19	87
P0DPT7	Q7T2Q4	41.100	114	147	147	2.659E-19	87
P0DPT7	Q45Z28	36.400	126	147	151	2.659E-19	87
P0DPT7	P59071	41.700	114	147	121	3.641E-19	86
P0DPT7	P24294	46.700	92	147	121	3.641E-19	86
P0DPT7	P60045	39.800	113	147	126	3.641E-19	86
P0DPT7	Q9PVF0	42.100	113	147	126	3.641E-19	86
P0DPT7	A8CG84	41.700	114	147	137	3.641E-19	86
P0DPT7	A8CG82	43.700	96	147	138	3.641E-19	86
P0DPT7	P31100	42.500	101	147	138	3.641E-19	86
P0DPT7	Q9PUH7	38.600	114	147	144	3.641E-19	86
P0DPT7	P20255	42.800	103	147	118	4.984E-19	86
P0DPT7	P00601	42.200	105	147	119	4.984E-19	86
P0DPT7	Q9PTA5	42.200	89	147	137	4.984E-19	86
P0DPT7	Q9PUH9	39.400	106	147	147	4.984E-19	86
P0DPT7	Q9PTA7	37.500	109	147	133	6.824E-19	85
P0DPT7	Q9PUH6	37.900	119	147	145	6.824E-19	85
P0DPT7	Q9PUI1	38.300	115	147	145	6.824E-19	85
P0DPT7	Q7T1R0	35.400	120	147	146	6.824E-19	85
P0DPT7	Q9PUI0	38.500	106	147	147	6.824E-19	85
P0DPT7	Q45Z29	36.400	126	147	151	6.824E-19	85
P0DPT7	Q45Z30	36.400	126	147	151	6.824E-19	85
P0DPT7	P00610	38.800	100	147	119	9.341E-19	85
P0DPT7	Q8AY48	36.600	109	147	137	9.341E-19	85
P0DPT7	P20474	40.000	114	147	138	9.341E-19	85
P0DPT7	P14424	42.600	114	147	138	9.341E-19	85
P0DPT7	P59172	41.000	95	147	139	9.341E-19	85
P0DPT7	P59170	41.000	95	147	139	9.341E-19	85
P0DPT7	Q45Z25	36.400	126	147	151	9.341E-19	85
P0DPT7	P20249	43.400	114	147	122	1.279E-18	85
P0DPT7	P11407	42.600	114	147	138	1.279E-18	85
P0DPT7	P00626	42.600	114	147	138	1.279E-18	85
P0DPT7	Q9PTA6	42.200	89	147	138	1.279E-18	85
P0DPT7	P00629	40.500	106	147	145	1.279E-18	85
P0DPT7	Q9I843	41.100	118	147	145	1.279E-18	85
P0DPT7	Q9I845	41.100	118	147	145	1.279E-18	85
P0DPT7	Q9I846	41.100	118	147	145	1.279E-18	85
P0DPT7	Q8UW30	38.700	108	147	146	1.279E-18	85
P0DPT7	Q8AXW7	33.800	130	147	146	1.279E-18	85
P0DPT7	Q91506	42.900	106	147	122	1.750E-18	84
P0DPT7	P81478	42.600	114	147	122	1.750E-18	84
P0DPT7	Q9I968	41.300	115	147	138	1.750E-18	84
P0DPT7	P00618	36.600	109	147	145	1.750E-18	84
P0DPT7	P59359	37.500	115	147	145	1.750E-18	84
P0DPT7	Q9I844	40.300	118	147	145	1.750E-18	84
P0DPT7	Q92085	38.100	113	147	146	1.750E-18	84
P0DPT7	Q45Z26	36.400	126	147	151	1.750E-18	84
P0DPT7	Q4VRI5	37.000	108	147	154	1.750E-18	84
P0DPT7	P14615	38.400	103	147	120	2.396E-18	84
P0DPT7	P81480	41.700	114	147	122	2.396E-18	84
P0DPT7	Q9PU97	37.500	109	147	137	2.396E-18	84
P0DPT7	A8E2V8	41.900	111	147	139	2.396E-18	84
P0DPT7	Q9DF52	40.900	106	147	145	2.396E-18	84
P0DPT7	Q9I842	41.100	118	147	145	2.396E-18	84
P0DPT7	Q9I847	40.300	118	147	145	2.396E-18	84
P0DPT7	Q9PUH2	37.000	119	147	146	2.396E-18	84
P0DPT7	Q92084	38.100	113	147	146	2.396E-18	84
P0DPT7	P86456	39.400	114	147	121	3.280E-18	83
P0DPT7	P60044	37.900	104	147	126	3.280E-18	83
P0DPT7	P20476	42.100	113	147	138	3.280E-18	83
P0DPT7	Q6H3D0	42.100	113	147	138	3.280E-18	83
P0DPT7	Q9PUH0	39.800	106	147	146	3.280E-18	83
P0DPT7	Q8JFG2	36.200	115	147	152	3.280E-18	83
P0DPT7	P00622	38.700	111	147	121	4.489E-18	83
P0DPT7	P81458	38.200	114	147	121	4.489E-18	83
P0DPT7	Q2PG83	43.600	102	147	138	4.489E-18	83
P0DPT7	Q9I837	40.300	118	147	145	4.489E-18	83
P0DPT7	Q2YHJ5	40.800	114	147	122	6.145E-18	83
P0DPT7	Q9PSN5	37.200	102	147	125	6.145E-18	83
P0DPT7	P60043	39.000	101	147	126	6.145E-18	83
P0DPT7	Q6SLM0	39.200	106	147	137	6.145E-18	83
P0DPT7	Q8UUI4	39.800	113	147	145	6.145E-18	83
P0DPT7	Q90WA8	39.000	131	147	145	6.145E-18	83
P0DPT7	P08873	36.700	130	147	145	6.145E-18	83
P0DPT7	P19000	39.800	113	147	145	6.145E-18	83
P0DPT7	Q9DF33	47.600	85	147	146	6.145E-18	83
P0DPT7	P20253	43.500	85	147	118	8.411E-18	82
P0DPT7	P86389	39.500	96	147	124	8.411E-18	82
P0DPT7	P14411	37.300	106	147	135	8.411E-18	82
P0DPT7	P0CAR9	43.100	91	147	137	8.411E-18	82
P0DPT7	Q6H3C7	40.500	110	147	139	8.411E-18	82
P0DPT7	Q9PVF2	40.500	110	147	139	8.411E-18	82
P0DPT7	C0HKC3	43.900	91	147	139	8.411E-18	82
P0DPT7	Q8UUI3	38.900	113	147	145	8.411E-18	82
P0DPT7	P00597	39.200	105	147	146	8.411E-18	82
P0DPT7	P00598	39.200	105	147	146	8.411E-18	82
P0DPT7	Q8UW31	34.600	124	147	152	8.411E-18	82
P0DPT7	P00609	36.000	100	147	119	1.151E-17	82
P0DPT7	P15445	39.000	101	147	119	1.151E-17	82
P0DPT7	Q6T179	38.100	113	147	126	1.151E-17	82
P0DPT7	F8J2D2	37.000	106	147	146	1.151E-17	82
P0DPT7	P00605	38.500	106	147	118	1.575E-17	81
P0DPT7	Q6SLM2	38.300	106	147	137	1.575E-17	81
P0DPT7	Q2HZ28	40.000	114	147	138	1.575E-17	81
P0DPT7	Q8QG87	41.600	96	147	138	1.575E-17	81
P0DPT7	P0C551	38.600	88	147	142	1.575E-17	81
P0DPT7	P00606	36.900	116	147	145	1.575E-17	81
P0DPT7	Q9QZT3	39.000	100	147	151	1.575E-17	81
P0DPT7	P0DY42	37.300	115	147	162	1.575E-17	81
P0DPT7	P00620	41.600	96	147	118	2.156E-17	81
P0DPT7	C9DPL5	40.600	96	147	122	2.156E-17	81
P0DPT7	C0HKC4	42.800	91	147	123	2.156E-17	81
P0DPT7	Q9PUH3	36.200	119	147	146	2.156E-17	81
P0DPT7	Q9PUH4	35.400	119	147	146	2.156E-17	81
P0DPT7	Q7T2Q5	41.200	106	147	147	2.156E-17	81
P0DPT7	A4FS04	40.400	93	147	119	2.951E-17	81
P0DPT7	Q90WA7	38.600	106	147	145	2.951E-17	81
P0DPT7	Q9I8F8	39.100	114	147	122	4.038E-17	80
P0DPT7	P00628	38.600	106	147	135	4.038E-17	80
P0DPT7	C1IC46	39.500	85	147	137	4.038E-17	80
P0DPT7	Q8JIY9	40.100	111	147	138	4.038E-17	80
P0DPT7	P00604	37.600	106	147	118	5.526E-17	80
P0DPT7	P00614	42.400	103	147	119	5.526E-17	80
P0DPT7	Q8AXY1	39.500	96	147	138	5.526E-17	80
P0DPT7	Q6EER3	38.600	101	147	138	5.526E-17	80
P0DPT7	Q8UUH8	36.200	119	147	145	5.526E-17	80
P0DPT7	Q9QXX3	40.400	89	147	151	5.526E-17	80
P0DPT7	P00599	40.900	105	147	118	7.563E-17	79
P0DPT7	P00621	40.600	96	147	119	7.563E-17	79
P0DPT7	P06859	41.700	102	147	138	7.563E-17	79
P0DPT7	Q91133	38.300	105	147	146	7.563E-17	79
P0DPT7	C0HKB8	36.500	103	147	117	1.035E-16	79
P0DPT7	P00603	39.700	93	147	118	1.035E-16	79
P0DPT7	P0DJP4	40.000	114	147	122	1.035E-16	79
P0DPT7	Q90251	40.000	89	147	137	1.035E-16	79
P0DPT7	P20257	39.000	103	147	118	1.416E-16	79
P0DPT7	P25498	37.200	93	147	119	1.416E-16	79
P0DPT7	P86368	40.000	114	147	121	1.416E-16	79
P0DPT7	P84674	40.000	114	147	121	1.416E-16	79
P0DPT7	P86974	41.000	95	147	122	1.416E-16	79
P0DPT7	Q2YHJ2	38.200	114	147	138	1.416E-16	79
P0DPT7	Q2YHJ7	38.200	114	147	138	1.416E-16	79
P0DPT7	Q8UUI1	35.600	125	147	145	1.416E-16	79
P0DPT7	P80966	38.100	97	147	151	1.416E-16	79
P0DPT7	P00602	39.700	93	147	118	1.938E-16	78
P0DPT7	D2X8K2	34.500	110	147	119	1.938E-16	78
P0DPT7	Q6H3C8	43.100	95	147	138	1.938E-16	78
P0DPT7	A6MEY4	36.800	131	147	145	1.938E-16	78
P0DPT7	C1IC45	39.500	85	147	137	2.651E-16	78
P0DPT7	P00611	37.300	118	147	145	2.651E-16	78
P0DPT7	P20146	37.300	105	147	145	3.628E-16	78
P0DPT7	Q9PRG0	36.000	117	147	145	3.628E-16	78
P0DPT7	P00595	38.200	93	147	119	4.963E-16	77
P0DPT7	Q6H3C5	38.200	114	147	122	4.963E-16	77
P0DPT7	Q9W7J3	36.100	108	147	154	4.963E-16	77
P0DPT7	P82896	40.000	95	147	122	6.790E-16	77
P0DPT7	O42190	43.400	92	147	124	6.790E-16	77
P0DPT7	Q92147	44.200	95	147	138	6.790E-16	77
P0DPT7	Q8JIG0	43.100	95	147	138	6.790E-16	77
P0DPT7	P20259	41.100	85	147	117	9.290E-16	76
P0DPT7	Q8UUI0	34.600	119	147	155	9.290E-16	76
P0DPT7	Q2YHJ6	36.500	111	147	138	1.739E-15	76
P0DPT7	Q8UUH9	35.200	130	147	155	1.739E-15	76
P0DPT7	P84651	42.100	95	147	122	2.378E-15	75
P0DPT7	Q802I1	38.500	83	147	142	2.378E-15	75
P0DPT7	P10116	37.700	103	147	118	3.253E-15	75
P0DPT7	P00608	36.000	100	147	119	4.450E-15	74
P0DPT7	Q9PUG7	36.800	95	147	152	4.450E-15	74
P0DPT7	P81167	36.500	103	147	118	6.086E-15	74
P0DPT7	Q90W39	36.800	95	147	138	6.086E-15	74
P0DPT7	Q71QE8	40.000	95	147	138	8.325E-15	74
P0DPT7	P48076	36.200	99	147	150	8.325E-15	74
P0DPT7	P86907	41.000	95	147	122	1.139E-14	73
P0DPT7	Q6EER6	36.600	101	147	122	1.557E-14	73
P0DPT7	P24027	38.900	95	147	138	1.557E-14	73
P0DPT7	Q805A2	35.700	95	147	138	1.557E-14	73
P0DPT7	Q8UUH7	34.000	128	147	154	1.557E-14	73
P0DPT7	P81166	37.800	102	147	118	2.130E-14	72
P0DPT7	P0CAS0	42.500	87	147	136	2.130E-14	72
P0DPT7	Q6EER4	36.800	95	147	138	2.130E-14	72
P0DPT7	Q8WS88	35.800	92	147	156	2.130E-14	72
P0DPT7	P0DUN3	42.500	87	147	107	2.912E-14	72
P0DPT7	P0DJN7	36.800	95	147	138	2.912E-14	72
P0DPT7	C0HJC1	39.100	114	147	122	3.982E-14	72
P0DPT7	F5CPF1	35.800	115	147	142	3.982E-14	72
P0DPT7	P23026	40.000	90	147	145	3.982E-14	72
P0DPT7	P0DUN4	39.000	87	147	92	1.018E-13	70
P0DPT7	C0HM79	38.700	91	147	95	1.018E-13	70
P0DPT7	P0CAS5	37.800	95	147	122	1.018E-13	70
P0DPT7	P0CG56	37.800	95	147	122	1.392E-13	70
P0DPT7	P86169	37.800	95	147	122	2.601E-13	69
P0DPT7	Q6EER5	35.700	95	147	122	2.601E-13	69
P0DPT7	P0DJN6	37.800	95	147	138	2.601E-13	69
P0DPT7	A0A193CHJ5	37.800	95	147	138	2.601E-13	69
P0DPT7	P62022	37.800	95	147	138	2.601E-13	69
P0DPT7	P62023	37.800	95	147	138	2.601E-13	69
P0DPT7	C0HM14	37.800	95	147	122	3.556E-13	69
P0DPT7	P0CAS2	37.800	95	147	122	3.556E-13	69
P0DPT7	P0CAS3	36.800	95	147	122	1.241E-12	67
P0DPT7	Q6EER2	36.800	95	147	138	1.696E-12	67
P0DPT7	Q1ZY03	34.700	95	147	138	2.318E-12	66
P0DPT7	Q3C2C2	34.200	104	147	159	2.318E-12	66
P0DPT7	C0HJL8	34.200	105	147	122	4.329E-12	66
P0DPT7	Q8AY47	40.500	76	147	139	4.329E-12	66
P0DPT7	P0CAS4	36.300	99	147	122	8.082E-12	65
P0DPT7	D0UGJ0	40.000	94	147	139	1.104E-11	64
P0DPT7	P59068	70.900	31	147	57	7.171E-11	62
P0DPT7	P59067	51.100	45	147	62	3.001E-09	57
P0DPT7	P59070	52.000	48	147	48	5.585E-09	57
P0DPT7	P0DJ62	62.800	35	147	60	1.417E-08	55
P0DPT7	B3EWP6	64.700	34	147	60	6.676E-08	53
P0DPT7	P84736	66.600	30	147	50	9.099E-08	53
P0DUE0	A0A381HAP5	27.700	310	316	314	2.693E-35	140
P0DUE0	A0A1G6LGU2	28.200	304	316	312	2.318E-34	138
P0DUE0	A0A5D0EMF2	27.000	312	316	317	1.056E-29	124
P0DUE0	A0A0J5WTU0	35.400	122	316	303	1.454E-14	78
P0DUE0	P0DV41	32.000	145	316	308	1.950E-14	78
P0DUE0	P0DV29	35.400	122	316	303	2.034E-13	74
A0A345BJN1	A0AAN4PAE6	43.300	679	723	722	2.181E-156	512
A0A345BJN1	P9WEN6	41.700	680	723	703	2.741E-143	474
A0A345BJN1	A0A4Y6HUI7	40.200	683	723	743	2.054E-136	454
A0A345BJN1	A0A0A7AAW9	39.300	686	723	724	2.932E-134	447
A0A345BJN1	A0A4Y6HUD7	38.000	663	723	747	1.855E-126	424
A0A345BJN1	X2BTY5	37.800	688	723	719	1.618E-125	422
A0A345BJN1	P11544	40.200	666	723	716	1.266E-121	410
A0A345BJN1	P10248	39.000	682	723	713	1.540E-118	401
A0A345BJN1	O93967	37.900	691	723	740	5.292E-118	400
A0A345BJN1	Q96V77	37.000	687	723	724	1.637E-112	383
A0A345BJN1	P52777	39.600	526	723	754	4.027E-94	329
A0A345BJN1	P27991	39.200	517	723	713	1.124E-90	319
A0A345BJN1	P19142	38.300	517	723	712	2.068E-90	318
A0A345BJN1	P45734	38.400	527	723	725	3.805E-90	317
A0A345BJN1	P25872	38.700	517	723	715	5.161E-90	317
A0A345BJN1	A0A2H5AIY6	38.700	517	723	686	9.492E-90	316
A0A345BJN1	P45730	38.200	517	723	715	1.746E-89	315
A0A345BJN1	P45725	38.600	510	723	694	2.367E-89	315
A0A345BJN1	Q50EX7	39.000	517	723	718	8.005E-89	313
A0A345BJN1	P27990	39.000	517	723	725	8.005E-89	313
A0A345BJN1	O49836	38.900	509	723	705	1.472E-88	312
A0A345BJN1	O23924	37.700	527	723	713	1.472E-88	312
A0A345BJN1	P45732	38.500	517	723	715	1.472E-88	312
A0A345BJN1	P45733	38.800	517	723	712	4.972E-88	311
A0A345BJN1	P35513	38.900	517	723	712	6.741E-88	310
A0A345BJN1	P45726	38.400	517	723	714	6.741E-88	310
A0A345BJN1	Q9SMK9	37.800	527	723	718	6.741E-88	310
A0A345BJN1	A0A2H5AIW0	38.300	517	723	708	1.239E-87	310
A0A345BJN1	Q01861	38.200	527	723	723	1.239E-87	310
A0A345BJN1	O49835	37.800	526	723	710	1.679E-87	309
A0A345BJN1	O64963	37.600	517	723	717	3.086E-87	308
A0A345BJN1	P45728	37.700	517	723	716	4.183E-87	308
A0A345BJN1	P26600	37.900	517	723	721	5.670E-87	308
A0A345BJN1	Q42667	37.500	526	723	722	5.670E-87	308
A0A345BJN1	P0DO55	37.100	517	723	722	7.685E-87	307
A0A345BJN1	P35511	37.700	517	723	704	1.042E-86	307
A0A345BJN1	O23865	37.600	517	723	708	1.042E-86	307
A0A345BJN1	P31426	37.700	517	723	590	1.412E-86	306
A0A345BJN1	Q42858	35.800	614	723	708	1.913E-86	306
A0A345BJN1	O04058	37.600	517	723	667	3.514E-86	305
A0A345BJN1	P45729	36.900	517	723	718	6.453E-86	304
A0A345BJN1	Q9M568	37.300	513	723	710	2.176E-85	303
A0A345BJN1	Q43210	39.200	479	723	700	3.994E-85	302
A0A345BJN1	Q04593	37.800	517	723	724	3.994E-85	302
A0A345BJN1	P35510	36.800	517	723	725	7.332E-85	301
A0A345BJN1	Q8VXG7	38.600	518	723	703	9.933E-85	301
A0A345BJN1	P45724	36.500	527	723	717	9.933E-85	301
A0A345BJN1	P31425	37.400	521	723	720	1.346E-84	301
A0A345BJN1	Q68G84	37.900	509	723	687	3.345E-84	299
A0A345BJN1	Q0DZE0	38.900	488	723	713	3.345E-84	299
A0A345BJN1	Q6GZ04	37.700	509	723	698	8.314E-84	298
A0A345BJN1	Q42609	36.800	527	723	703	8.314E-84	298
A0A345BJN1	Q43052	36.800	517	723	710	5.800E-82	293
A0A345BJN1	P19143	34.800	635	723	710	2.637E-81	291
A0A345BJN1	P45731	36.600	517	723	682	2.195E-80	288
A0A345BJN1	P45727	38.900	469	723	620	1.824E-79	285
A0A345BJN1	Q40910	40.000	413	723	571	3.462E-76	275
A0A345BJN1	P07218	40.500	352	723	506	1.402E-59	225
A0A345BJN1	Q3M5Z3	32.100	481	723	567	3.274E-54	208
A0A345BJN1	B2J528	30.900	482	723	569	2.542E-53	205
A0A345BJN1	P45735	41.600	251	723	416	9.445E-46	182
A0A345BJN1	Q89GV3	28.900	502	723	519	1.234E-41	169
A0A345BJN1	Q8GMG0	29.700	525	723	539	2.187E-41	168
A0A345BJN1	Q92195	57.000	142	723	142	3.873E-41	167
A0A345BJN1	A4YNK7	28.200	497	723	515	1.581E-39	162
A0A345BJN1	A4IK90	29.800	409	723	504	2.102E-39	162
A0A345BJN1	Q7P188	28.400	532	723	510	6.562E-39	160
A0A345BJN1	Q5FRR8	29.300	505	723	515	8.721E-39	160
A0A345BJN1	A5EQB7	28.300	491	723	515	2.719E-38	158
A0A345BJN1	A3CL24	29.200	488	723	513	1.125E-37	156
A0A345BJN1	Q5L310	28.900	407	723	504	1.985E-37	155
A0A345BJN1	A1TRE4	27.600	526	723	512	1.985E-37	155
A0A345BJN1	A8AZ70	28.800	488	723	513	1.985E-37	155
A0A345BJN1	Q9KBE6	27.400	522	723	511	2.636E-37	155
A0A345BJN1	P58083	28.300	488	723	513	3.500E-37	154
A0A345BJN1	Q8NZ46	28.300	488	723	513	4.647E-37	154
A0A345BJN1	Q3J289	28.400	485	723	507	6.171E-37	154
A0A345BJN1	B6IWC6	29.100	486	723	509	6.171E-37	154
A0A345BJN1	Q5X9K4	28.300	488	723	513	6.171E-37	154
A0A345BJN1	B5XIY2	28.500	488	723	513	6.171E-37	154
A0A345BJN1	A3PK23	28.600	485	723	507	8.193E-37	153
A0A345BJN1	Q9RZ06	29.600	397	723	524	1.088E-36	153
A0A345BJN1	Q1D6R1	30.100	411	723	508	1.444E-36	153
A0A345BJN1	Q9KSQ4	28.100	506	723	511	1.444E-36	153
A0A345BJN1	A2RGS5	28.300	488	723	513	1.444E-36	153
A0A345BJN1	Q93TX3	29.400	411	723	510	2.544E-36	152
A0A345BJN1	Q8DA21	27.700	506	723	513	2.544E-36	152
A0A345BJN1	Q2IIV4	29.600	397	723	508	3.377E-36	151
A0A345BJN1	Q1Q9E4	30.700	387	723	520	3.377E-36	151
A0A345BJN1	B9KSW6	28.400	485	723	507	4.481E-36	151
A0A345BJN1	P0DB75	28.100	488	723	513	4.481E-36	151
A0A345BJN1	C1CWB4	29.200	397	723	499	5.947E-36	151
A0A345BJN1	Q8Z896	28.200	503	723	506	7.892E-36	150
A0A345BJN1	Q8RBH4	25.100	484	723	508	7.892E-36	150
A0A345BJN1	Q7MK58	27.900	496	723	513	7.892E-36	150
A0A345BJN1	B1KP55	31.000	399	723	510	1.047E-35	150
A0A345BJN1	Q87Q77	27.500	507	723	511	1.047E-35	150
A0A345BJN1	A1STQ3	27.600	533	723	510	2.446E-35	149
A0A345BJN1	A9H863	29.800	376	723	515	2.446E-35	149
A0A345BJN1	Q8ZQQ9	28.200	503	723	506	3.245E-35	148
A0A345BJN1	B4SZJ4	28.200	503	723	506	3.245E-35	148
A0A345BJN1	A9AGP7	30.400	468	723	506	3.245E-35	148
A0A345BJN1	C0PWX9	28.200	503	723	506	3.245E-35	148
A0A345BJN1	B4TC45	28.200	503	723	506	3.245E-35	148
A0A345BJN1	B5FP58	28.200	503	723	506	3.245E-35	148
A0A345BJN1	B5R758	28.200	503	723	506	3.245E-35	148
A0A345BJN1	B5QX62	28.200	503	723	506	3.245E-35	148
A0A345BJN1	Q63SH6	29.400	468	723	507	4.304E-35	148
A0A345BJN1	Q62LJ6	29.400	468	723	507	4.304E-35	148
A0A345BJN1	A3NBH0	29.400	468	723	507	4.304E-35	148
A0A345BJN1	A2SA96	29.400	468	723	507	4.304E-35	148
A0A345BJN1	A3MLT7	29.400	468	723	507	4.304E-35	148
A0A345BJN1	A3NXA3	29.400	468	723	507	4.304E-35	148
A0A345BJN1	A4JG46	29.900	468	723	507	7.573E-35	147
A0A345BJN1	B4UC43	29.300	397	723	508	7.573E-35	147
A0A345BJN1	P58082	30.600	370	723	509	7.573E-35	147
A0A345BJN1	B8H2S1	30.600	370	723	513	7.573E-35	147
A0A345BJN1	B8J950	29.300	397	723	508	1.004E-34	147
A0A345BJN1	Q7NCB3	30.000	401	723	514	1.004E-34	147
A0A345BJN1	B1YT80	29.800	475	723	507	1.332E-34	146
A0A345BJN1	B5XZ79	28.100	522	723	508	1.332E-34	146
A0A345BJN1	A9MJE9	27.600	529	723	506	1.767E-34	146
A0A345BJN1	B2T2Y2	28.600	468	723	507	1.767E-34	146
A0A345BJN1	Q556V9	28.200	482	723	529	1.767E-34	146
A0A345BJN1	Q57RG6	27.500	503	723	506	2.343E-34	145
A0A345BJN1	B4EDX5	29.700	468	723	507	2.343E-34	145
A0A345BJN1	A5FZB9	32.100	353	723	508	3.106E-34	145
A0A345BJN1	A7ZAE4	29.100	379	723	512	3.106E-34	145
A0A345BJN1	Q5PG61	27.800	503	723	506	4.119E-34	145
A0A345BJN1	B5BC34	27.800	503	723	506	4.119E-34	145
A0A345BJN1	A5WDR1	27.600	538	723	519	4.119E-34	145
A0A345BJN1	B1JV50	29.700	468	723	507	5.461E-34	144
A0A345BJN1	A0K8U6	29.700	468	723	507	5.461E-34	144
A0A345BJN1	Q0BDK6	28.400	512	723	507	7.240E-34	144
A0A345BJN1	A1JSW6	28.500	509	723	507	7.240E-34	144
A0A345BJN1	A7GR00	28.900	375	723	505	9.598E-34	143
A0A345BJN1	Q8EKJ4	30.500	399	723	513	9.598E-34	143
A0A345BJN1	P10944	25.600	493	723	508	1.687E-33	143
A0A345BJN1	Q8ZA10	28.200	509	723	510	1.687E-33	143
A0A345BJN1	A9VPT8	28.200	377	723	505	2.236E-33	142
A0A345BJN1	Q664B8	28.000	509	723	510	2.236E-33	142
A0A345BJN1	A6TSX0	25.400	409	723	507	2.963E-33	142
A0A345BJN1	Q733H8	27.900	377	723	505	5.205E-33	141
A0A345BJN1	B5ETN1	28.200	481	723	510	5.205E-33	141
A0A345BJN1	Q6AKP3	27.100	500	723	512	5.205E-33	141
A0A345BJN1	Q5LRD8	26.000	474	723	512	5.205E-33	141
A0A345BJN1	B8II08	28.700	531	723	515	5.205E-33	141
A0A345BJN1	P21310	28.200	503	723	510	6.898E-33	141
A0A345BJN1	B7HKJ1	27.700	377	723	505	9.140E-33	140
A0A345BJN1	C1EN93	27.700	377	723	505	9.140E-33	140
A0A345BJN1	B7JI80	27.700	377	723	505	9.140E-33	140
A0A345BJN1	B9IUH0	27.700	377	723	505	9.140E-33	140
A0A345BJN1	A8MF64	28.200	371	723	507	9.140E-33	140
A0A345BJN1	C3L982	27.700	377	723	505	1.211E-32	140
A0A345BJN1	C3P4M2	27.700	377	723	505	1.211E-32	140
A0A345BJN1	Q0AP92	27.900	504	723	507	1.211E-32	140
A0A345BJN1	Q87UM1	27.100	520	723	515	1.211E-32	140
A0A345BJN1	Q73Q56	27.400	403	723	507	1.605E-32	139
A0A345BJN1	Q2RUU3	26.600	516	723	514	1.605E-32	139
A0A345BJN1	A6T6L1	27.500	501	723	508	2.126E-32	139
A0A345BJN1	B7ISJ2	27.400	377	723	505	2.817E-32	139
A0A345BJN1	B7HCD0	27.400	377	723	506	2.817E-32	139
A0A345BJN1	A4W8B5	27.200	516	723	506	2.817E-32	139
A0A345BJN1	Q81AC6	27.400	377	723	506	2.817E-32	139
A0A345BJN1	B7V3J1	26.400	507	723	509	3.732E-32	138
A0A345BJN1	Q9HU85	26.400	507	723	509	3.732E-32	138
A0A345BJN1	Q54JI7	27.000	492	723	539	3.732E-32	138
A0A345BJN1	Q02ER8	26.400	507	723	509	4.944E-32	138
A0A345BJN1	Q637H8	27.900	377	723	505	8.675E-32	137
A0A345BJN1	B2A3D9	26.000	488	723	507	8.675E-32	137
A0A345BJN1	Q9HLI6	26.700	409	723	496	1.149E-31	137
A0A345BJN1	Q88CZ7	27.900	503	723	510	1.149E-31	137
A0A345BJN1	Q5E0C6	26.800	537	723	510	1.522E-31	136
A0A345BJN1	B8ZV93	27.200	480	723	526	1.522E-31	136
A0A345BJN1	B8ZV94	27.200	480	723	526	1.522E-31	136
A0A345BJN1	Q162E2	25.000	498	723	513	2.016E-31	136
A0A345BJN1	A8HA91	30.800	376	723	510	2.670E-31	136
A0A345BJN1	Q6LQ56	26.300	537	723	510	2.670E-31	136
A0A345BJN1	Q978N8	28.400	357	723	495	3.535E-31	135
A0A345BJN1	Q8VMR3	27.500	531	723	512	6.199E-31	134
A0A345BJN1	A8G1S5	31.200	373	723	510	1.087E-30	134
A0A345BJN1	Q7N296	29.000	383	723	514	1.087E-30	134
A0A345BJN1	Q6GKT7	26.400	409	723	504	1.439E-30	133
A0A345BJN1	Q891Q1	26.600	494	723	514	1.439E-30	133
A0A345BJN1	Q11E18	25.500	486	723	511	1.905E-30	133
A0A345BJN1	B0UQ15	31.500	353	723	513	1.905E-30	133
A0A345BJN1	Q5WAZ6	24.700	498	723	500	2.522E-30	132
A0A345BJN1	B8CGY5	28.500	504	723	510	3.339E-30	132
A0A345BJN1	Q15X40	28.200	389	723	509	4.420E-30	132
A0A345BJN1	B4RED8	26.900	498	723	511	4.420E-30	132
A0A345BJN1	A9GFW6	27.400	427	723	514	4.420E-30	132
A0A345BJN1	Q9HQD5	28.000	405	723	525	4.420E-30	132
A0A345BJN1	B0R544	28.000	405	723	525	4.420E-30	132
A0A345BJN1	Q8RDU4	26.700	403	723	511	5.850E-30	131
A0A345BJN1	Q82I33	29.100	512	723	512	5.850E-30	131
A0A345BJN1	Q0VZ68	29.200	480	723	531	5.850E-30	131
A0A345BJN1	Q5HJY8	25.400	409	723	504	7.744E-30	131
A0A345BJN1	Q2G2P7	25.400	409	723	504	7.744E-30	131
A0A345BJN1	A6QD47	25.400	409	723	504	7.744E-30	131
A0A345BJN1	Q2FKP8	25.400	409	723	504	7.744E-30	131
A0A345BJN1	A8YYT1	25.400	409	723	504	7.744E-30	131
A0A345BJN1	A5INP9	25.400	409	723	504	1.025E-29	130
A0A345BJN1	A6TXF8	25.400	409	723	504	1.025E-29	130
A0A345BJN1	Q2YUR3	25.400	409	723	504	1.025E-29	130
A0A345BJN1	P64415	25.400	409	723	504	1.025E-29	130
A0A345BJN1	P64416	25.400	409	723	504	1.025E-29	130
A0A345BJN1	P42357	28.000	488	723	657	1.025E-29	130
A0A345BJN1	Q3KJE6	28.200	409	723	510	1.357E-29	130
A0A345BJN1	Q6GD82	25.200	409	723	504	3.145E-29	129
A0A345BJN1	Q8NYY3	25.200	409	723	504	3.145E-29	129
A0A345BJN1	A7YWP4	27.000	488	723	657	3.145E-29	129
A0A345BJN1	Q5WWW8	25.700	498	723	506	4.161E-29	128
A0A345BJN1	Q983I0	27.800	371	723	513	4.161E-29	128
A0A345BJN1	A9IVW5	26.400	475	723	512	7.286E-29	128
A0A345BJN1	Q8RFC2	25.100	460	723	516	9.641E-29	127
A0A345BJN1	Q5ZVR0	26.300	501	723	506	1.688E-28	126
A0A345BJN1	Q6FZP9	25.700	476	723	512	1.688E-28	126
A0A345BJN1	Q1IRT8	26.800	407	723	516	1.688E-28	126
A0A345BJN1	P21213	27.600	488	723	657	1.688E-28	126
A0A345BJN1	Q5X5I5	26.000	472	723	506	2.233E-28	126
A0A345BJN1	Q6G3U8	25.600	489	723	512	2.233E-28	126
A0A345BJN1	Q0BZK2	27.600	370	723	513	2.233E-28	126
A0A345BJN1	Q1GSH0	29.800	353	723	509	2.954E-28	126
A0A345BJN1	Q9KWE4	25.200	483	723	511	2.954E-28	126
A0A345BJN1	Q9EWW1	28.400	480	723	512	9.045E-28	124
A0A345BJN1	P35492	27.200	488	723	657	9.045E-28	124
A0A345BJN1	Q8U8Z7	25.000	483	723	514	1.196E-27	124
A0A345BJN1	A5IBM2	26.100	501	723	505	1.582E-27	123
A0A345BJN1	A9WHT8	27.800	405	723	523	1.582E-27	123
A0A345BJN1	B9LLY0	27.800	405	723	523	1.582E-27	123
A0A345BJN1	A5VVJ6	24.600	510	723	511	3.661E-27	122
A0A345BJN1	B9E7E0	25.000	405	723	500	4.842E-27	122
A0A345BJN1	A9WVU3	23.800	510	723	511	4.842E-27	122
A0A345BJN1	P24221	28.400	512	723	514	4.842E-27	122
A0A345BJN1	Q579E8	24.000	510	723	511	6.403E-27	121
A0A345BJN1	Q2YIL6	24.000	510	723	511	6.403E-27	121
A0A345BJN1	Q4A173	26.500	379	723	499	1.120E-26	121
A0A345BJN1	O31197	24.700	481	723	511	1.481E-26	120
A0A345BJN1	Q8FVB4	25.500	384	723	511	1.958E-26	120
A0A345BJN1	Q4UTB9	30.000	353	723	513	1.958E-26	120
A0A345BJN1	Q8PAA7	30.000	353	723	513	1.958E-26	120
A0A345BJN1	B0RUX3	30.000	353	723	513	1.958E-26	120
A0A345BJN1	Q8YD09	23.800	510	723	925	4.525E-26	119
A0A345BJN1	A6WYU8	26.500	388	723	511	1.046E-25	117
A0A345BJN1	B9K288	24.900	505	723	512	1.827E-25	117
A0A345BJN1	Q20502	25.200	454	723	677	1.288E-24	114
A0A2I7G3B3	P25141	44.400	381	379	382	2.446E-95	318
A0A2I7G3B3	A1L4Y2	44.500	370	379	394	6.858E-93	311
A0A2I7G3B3	Q0DWH1	43.200	372	379	381	9.380E-93	311
A0A2I7G3B3	Q9SK87	42.100	372	379	386	9.380E-93	311
A0A2I7G3B3	A2XAZ3	42.900	372	379	381	2.399E-92	310
A0A2I7G3B3	P14674	42.700	379	379	380	4.487E-92	309
A0A2I7G3B3	P06525	42.700	372	379	379	8.392E-92	308
A0A2I7G3B3	P14673	42.700	379	379	380	8.392E-92	308
A0A2I7G3B3	P80572	43.900	366	379	378	1.148E-91	308
A0A2I7G3B3	P14675	42.400	379	379	380	2.146E-91	307
A0A2I7G3B3	P28032	43.300	376	379	380	2.146E-91	307
A0A2I7G3B3	Q9FH04	40.900	366	379	390	5.488E-91	306
A0A2I7G3B3	P48977	42.700	379	379	380	7.505E-91	305
A0A2I7G3B3	P17648	42.400	379	379	380	1.026E-90	305
A0A2I7G3B3	P14219	42.100	372	379	379	1.403E-90	304
A0A2I7G3B3	P00333	42.100	372	379	379	4.907E-90	303
A0A2I7G3B3	P93629	42.500	366	379	381	4.907E-90	303
A0A2I7G3B3	Q96533	42.100	370	379	379	6.710E-90	302
A0A2I7G3B3	Q0V7W6	42.400	359	379	389	3.208E-89	301
A0A2I7G3B3	P11766	42.500	370	379	374	5.998E-89	300
A0A2I7G3B3	Q8VZ49	41.700	373	379	380	5.998E-89	300
A0A2I7G3B3	Q2R8Z5	41.900	372	379	379	1.121E-88	299
A0A2I7G3B3	Q75ZX4	41.900	372	379	379	1.121E-88	299
A0A2I7G3B3	Q0ITW7	41.600	372	379	379	1.533E-88	299
A0A2I7G3B3	P19854	42.500	370	379	374	2.096E-88	298
A0A2I7G3B3	P32771	42.600	372	379	386	2.096E-88	298
A0A2I7G3B3	P05336	42.100	372	379	379	5.358E-88	297
A0A2I7G3B3	P13603	41.900	379	379	380	5.358E-88	297
A0A2I7G3B3	P81601	41.300	368	379	375	7.327E-88	297
A0A2I7G3B3	P28474	42.100	366	379	374	1.873E-87	295
A0A2I7G3B3	P10848	41.600	372	379	379	3.500E-87	295
A0A2I7G3B3	Q3ZC42	41.800	369	379	374	6.543E-87	294
A0A2I7G3B3	P79896	41.300	371	379	376	8.946E-87	293
A0A2I7G3B3	P12886	41.100	379	379	380	1.672E-86	293
A0A2I7G3B3	O19053	42.600	369	379	374	5.841E-86	291
A0A2I7G3B3	P81431	39.600	367	379	378	5.841E-86	291
A0A2I7G3B3	P81600	41.000	371	379	375	1.092E-85	290
A0A2I7G3B3	P86884	41.300	371	379	376	3.813E-85	289
A0A2I7G3B3	P80467	40.500	371	379	373	1.332E-84	287
A0A2I7G3B3	P10847	42.200	369	379	373	4.146E-83	283
A0A2I7G3B3	P46415	40.200	379	379	379	1.059E-82	282
A0A2I7G3B3	Q54TC2	41.700	372	379	379	1.447E-82	281
A0A2I7G3B3	P80512	41.300	371	379	375	2.704E-82	280
A0A2I7G3B3	P9WEE4	41.000	375	379	383	6.150E-81	276
A0A2I7G3B3	P0CL53	41.000	375	379	383	6.150E-81	276
A0A2I7G3B3	P86885	41.600	371	379	374	8.405E-81	276
A0A2I7G3B3	Q8LEB2	36.900	376	379	381	2.145E-80	275
A0A2I7G3B3	P80468	39.500	362	379	379	4.007E-80	274
A0A2I7G3B3	Q06099	40.900	370	379	381	5.476E-80	274
A0A2I7G3B3	P80360	40.200	359	379	376	7.483E-80	273
A0A2I7G3B3	Q17335	38.600	382	379	384	1.910E-79	272
A0A2I7G3B3	P25406	39.500	371	379	375	2.610E-79	272
A0A2I7G3B3	P14139	40.100	371	379	375	2.610E-79	272
A0A2I7G3B3	P80222	39.800	371	379	374	4.873E-79	271
A0A2I7G3B3	P45382	39.200	367	379	375	4.873E-79	271
A0A2I7G3B3	O74685	39.500	370	379	379	4.873E-79	271
A0A2I7G3B3	P00326	40.800	371	379	375	9.100E-79	270
A0A2I7G3B3	P28469	39.500	371	379	375	1.243E-78	270
A0A2I7G3B3	P00325	40.500	371	379	375	1.699E-78	269
A0A2I7G3B3	P26325	37.700	372	379	375	2.322E-78	269
A0A2I7G3B3	P73138	38.800	367	379	369	5.923E-78	268
A0A2I7G3B3	P00328	38.800	371	379	374	5.923E-78	268
A0A2I7G3B3	P72324	38.600	373	379	376	8.094E-78	267
A0A2I7G3B3	P00327	39.200	371	379	375	1.106E-77	267
A0A2I7G3B3	P07327	40.100	371	379	375	1.106E-77	267
A0A2I7G3B3	Q5R1W2	40.200	371	379	375	1.106E-77	267
A0A2I7G3B3	Q64563	37.500	371	379	377	1.106E-77	267
A0A2I7G3B3	P41682	39.100	371	379	374	1.511E-77	267
A0A2I7G3B3	Q5RBP7	39.500	371	379	375	2.065E-77	266
A0A2I7G3B3	A1A835	38.200	367	379	369	3.854E-77	265
A0A2I7G3B3	Q0TKS7	38.200	367	379	369	3.854E-77	265
A0A2I7G3B3	Q03505	39.300	371	379	375	3.854E-77	265
A0A2I7G3B3	A7ZIA4	38.200	367	379	369	5.266E-77	265
A0A2I7G3B3	Q3Z550	38.200	367	379	369	5.266E-77	265
A0A2I7G3B3	A7ZX04	38.200	367	379	369	5.266E-77	265
A0A2I7G3B3	Q8X5J4	38.200	367	379	369	5.266E-77	265
A0A2I7G3B3	Q5R7Z8	38.100	372	379	375	7.195E-77	265
A0A2I7G3B3	P28332	39.300	363	379	368	9.830E-77	264
A0A2I7G3B3	P25437	38.200	367	379	369	9.830E-77	264
A0A2I7G3B3	P06757	39.800	371	379	376	1.835E-76	263
A0A2I7G3B3	B1LIP1	38.000	367	379	369	4.679E-76	262
A0A2I7G3B3	Q8FKG1	38.000	367	379	369	4.679E-76	262
A0A2I7G3B3	Q9QYY9	37.200	371	379	377	6.393E-76	262
A0A2I7G3B3	P80338	38.500	371	379	374	1.193E-75	261
A0A2I7G3B3	O74540	39.500	370	379	380	1.630E-75	261
A0A2I7G3B3	P41680	39.200	371	379	375	2.227E-75	260
A0A2I7G3B3	P08319	38.900	374	379	380	5.677E-75	259
A0A2I7G3B3	P19631	38.300	366	379	375	7.755E-75	259
A0A2I7G3B3	P49645	38.200	371	379	375	1.447E-74	258
A0A2I7G3B3	O46650	38.600	371	379	379	2.700E-74	257
A0A2I7G3B3	O46649	38.600	373	379	379	5.039E-74	256
A0A2I7G3B3	P78870	38.300	371	379	378	6.883E-74	256
A0A2I7G3B3	P39450	38.000	367	379	369	9.401E-74	256
A0A2I7G3B3	P44557	37.400	367	379	378	1.754E-73	255
A0A2I7G3B3	P41681	37.600	366	379	375	2.276E-70	246
A0A2I7G3B3	Q9Z2M2	37.800	371	379	375	1.080E-69	244
A0A2I7G3B3	O57380	39.100	365	379	373	1.475E-69	243
A0A2I7G3B3	Q64413	37.000	371	379	375	3.755E-69	242
A0A2I7G3B3	Q64415	37.000	371	379	375	5.127E-69	242
A0A2I7G3B3	P86883	38.100	371	379	375	7.000E-69	241
A0A2I7G3B3	P93243	35.500	415	379	422	1.305E-68	241
A0A2I7G3B3	Q5XI95	36.400	366	379	376	2.432E-68	240
A0A2I7G3B3	Q07264	40.700	293	379	293	3.751E-64	228
A0A2I7G3B3	A4YGN0	32.100	365	379	360	1.768E-45	173
A0A2I7G3B3	P80175	30.600	356	379	371	2.807E-44	169
A0A2I7G3B3	H1ZV38	31.300	375	379	373	1.756E-41	161
A0A2I7G3B3	Q7U1B9	30.100	353	379	375	3.741E-40	157
A0A2I7G3B3	P9WQC7	30.100	353	379	375	3.741E-40	157
A0A2I7G3B3	P9WQC6	30.100	353	379	375	3.741E-40	157
A0A2I7G3B3	P9WQB9	29.800	355	379	368	5.079E-40	156
A0A2I7G3B3	P9WQB8	29.800	355	379	368	5.079E-40	156
A0A2I7G3B3	P39849	30.200	339	379	366	3.176E-39	154
A0A2I7G3B3	P80094	28.300	362	379	360	5.849E-39	153
A0A2I7G3B3	P33010	33.200	289	379	319	7.760E-32	132
A0A2I7G3B3	P30350	35.400	184	379	185	4.333E-29	124
A0A2I7G3B3	P12311	29.100	357	379	337	1.067E-28	123
A0A2I7G3B3	Q8GIX7	28.900	357	379	338	4.777E-28	121
A0A2I7G3B3	P42328	28.100	357	379	339	1.284E-26	116
A0A2I7G3B3	P20368	29.300	321	379	337	2.532E-25	112
A0A2I7G3B3	P42327	27.800	357	379	339	4.592E-25	111
A0A2I7G3B3	O31186	27.900	356	379	340	6.654E-24	108
A0A2I7G3B3	P0DO83	29.800	291	379	372	3.115E-22	103
A0A2I7G3B3	Q7A742	26.300	357	379	336	7.548E-22	102
A0A2I7G3B3	Q5HI63	26.400	353	379	336	3.291E-21	100
A0A2I7G3B3	Q6GJ63	26.400	353	379	336	3.291E-21	100
A0A2I7G3B3	Q2FJ31	26.400	353	379	336	3.291E-21	100
A0A2I7G3B3	Q8NXU1	26.400	353	379	336	3.291E-21	100
A0A2I7G3B3	Q6GBM4	26.400	353	379	336	3.291E-21	100
A0A2I7G3B3	Q2G0G1	26.400	353	379	336	3.291E-21	100
A0A2I7G3B3	Q2YSX0	26.400	353	379	336	3.291E-21	100
A0A2I7G3B3	Q38707	27.700	296	379	365	2.574E-20	97
A0A2I7G3B3	P0DXF9	29.200	291	379	372	2.574E-20	97
A0A2I7G3B3	Q43138	29.200	296	379	363	2.001E-19	94
A0A2I7G3B3	Q6V4H0	27.900	296	379	360	2.680E-19	94
A0A2I7G3B3	Q40976	23.800	334	379	357	3.591E-19	93
A0A2I7G3B3	A0Q5K3	25.600	355	379	351	4.809E-19	93
A0A2I7G3B3	A7NDM9	26.200	342	379	351	6.441E-19	93
A0A2I7G3B3	Q0BKV5	26.200	342	379	351	6.441E-19	93
A0A2I7G3B3	Q5NGW4	26.200	342	379	351	6.441E-19	93
A0A2I7G3B3	Q2A282	26.200	342	379	351	6.441E-19	93
A0A2I7G3B3	P93257	24.900	331	379	361	6.441E-19	93
A0A2I7G3B3	Q06004	24.700	365	379	353	1.546E-18	91
A0A2I7G3B3	O65621	25.900	310	379	363	1.546E-18	91
A0A2I7G3B3	O07737	26.300	307	379	384	1.546E-18	91
A0A2I7G3B3	B2SDJ2	25.900	342	379	351	2.069E-18	91
A0A2I7G3B3	O82035	23.300	334	379	357	2.069E-18	91
A0A2I7G3B3	Q08350	23.300	334	379	357	2.069E-18	91
A0A2I7G3B3	Q02971	26.900	296	379	357	2.770E-18	91
A0A2I7G3B3	B0TYR8	25.700	342	379	351	3.706E-18	90
A0A2I7G3B3	P30360	24.900	334	379	357	3.706E-18	90
A0A2I7G3B3	Q5HRD6	25.800	357	379	340	4.959E-18	90
A0A2I7G3B3	P0DXJ3	26.500	296	379	360	6.635E-18	89
A0A2I7G3B3	P42734	25.200	334	379	360	6.635E-18	89
A0A2I7G3B3	P30359	24.900	334	379	357	1.588E-17	88
A0A2I7G3B3	Q8H859	23.900	337	379	354	2.123E-17	88
A0A2I7G3B3	P75691	25.000	338	379	349	6.780E-17	86
A0A2I7G3B3	Q02972	25.400	296	379	359	9.061E-17	86
A0A2I7G3B3	P39451	25.100	299	379	336	1.211E-16	85
A0A2I7G3B3	P42754	25.200	310	379	337	1.211E-16	85
A0A2I7G3B3	A0A0U4AHM6	27.100	296	379	360	1.211E-16	85
A0A2I7G3B3	P0CH36	27.700	310	379	349	1.618E-16	85
A0A2I7G3B3	Q9ZRF1	26.300	296	379	359	1.618E-16	85
A0A2I7G3B3	A0A5B8XAH0	23.800	334	379	375	1.618E-16	85
A0A2I7G3B3	P00332	28.500	244	379	350	2.886E-16	84
A0A2I7G3B3	Q6ERW9	23.800	337	379	436	2.886E-16	84
A0A2I7G3B3	O82515	25.900	324	379	359	5.147E-16	83
A0A2I7G3B3	A0A1B1FHP3	26.900	334	379	365	5.147E-16	83
A0A2I7G3B3	P48523	23.300	336	379	365	6.872E-16	83
A0A2I7G3B3	P9WQC5	26.300	316	379	346	1.225E-15	82
A0A2I7G3B3	P9WQC4	26.300	316	379	346	1.225E-15	82
A0A2I7G3B3	P0A4X1	26.300	316	379	346	1.225E-15	82
A0A2I7G3B3	Q8KQL2	24.500	344	379	352	1.225E-15	82
A0A2I7G3B3	O45687	24.700	355	379	351	2.181E-15	81
A0A2I7G3B3	Q2KNL5	23.100	334	379	357	2.181E-15	81
A0A2I7G3B3	A0A5B8X8Z0	26.600	296	379	365	2.181E-15	81
A0A2I7G3B3	P31657	23.700	334	379	357	2.911E-15	81
A0A2I7G3B3	O22380	23.100	336	379	361	2.911E-15	81
A0A2I7G3B3	B5LAT8	23.400	334	379	357	3.883E-15	81
A0A2I7G3B3	O82056	23.500	334	379	365	5.180E-15	80
A0A2I7G3B3	Q8U259	25.400	349	379	348	6.910E-15	80
A0A2I7G3B3	Q6ERW5	25.100	290	379	362	6.910E-15	80
A0A2I7G3B3	Q6ERW7	25.600	337	379	439	6.910E-15	80
A0A2I7G3B3	Q9KL62	22.100	350	379	343	9.215E-15	79
A0A2I7G3B3	A5F0N6	22.100	350	379	343	9.215E-15	79
A0A2I7G3B3	C3LWF0	22.100	350	379	343	9.215E-15	79
A0A2I7G3B3	O58389	25.700	349	379	348	1.229E-14	79
A0A2I7G3B3	Q2R114	23.300	337	379	354	1.229E-14	79
A0A2I7G3B3	Q9UYX0	25.600	349	379	348	1.638E-14	79
A0A2I7G3B3	A6WUG6	22.200	350	379	341	3.881E-14	78
A0A2I7G3B3	A9KWY0	22.200	350	379	341	3.881E-14	78
A0A2I7G3B3	A3CYN0	22.200	350	379	341	3.881E-14	78
A0A2I7G3B3	Q8D442	22.300	351	379	343	3.881E-14	78
A0A2I7G3B3	Q6ERX1	24.200	290	379	359	3.881E-14	78
A0A2I7G3B3	Q7MY48	22.100	343	379	341	5.172E-14	77
A0A2I7G3B3	P59410	21.200	351	379	343	5.172E-14	77
A0A2I7G3B3	A7MID0	22.400	343	379	341	6.892E-14	77
A0A2I7G3B3	B5ETJ6	22.400	342	379	343	6.892E-14	77
A0A2I7G3B3	A1SVW5	22.800	346	379	344	6.892E-14	77
A0A2I7G3B3	A4YCC5	22.200	350	379	341	9.182E-14	76
A0A2I7G3B3	A0A0U4BHM2	25.200	294	379	363	9.182E-14	76
A0A2I7G3B3	Q0HDA3	22.200	350	379	341	1.223E-13	76
A0A2I7G3B3	A0L2Q3	22.200	350	379	341	1.223E-13	76
A0A2I7G3B3	P50381	27.900	252	379	347	1.223E-13	76
A0A2I7G3B3	Q0HPI5	22.200	350	379	341	1.629E-13	76
A0A2I7G3B3	B1LK55	22.600	343	379	341	2.170E-13	75
A0A2I7G3B3	Q1R4X4	22.600	343	379	341	2.170E-13	75
A0A2I7G3B3	A8A681	22.600	343	379	341	2.170E-13	75
A0A2I7G3B3	A9MVL0	22.400	343	379	341	2.170E-13	75
A0A2I7G3B3	Q57IC5	22.400	343	379	341	2.170E-13	75
A0A2I7G3B3	B4T9A1	22.400	343	379	341	2.170E-13	75
A0A2I7G3B3	P59409	22.600	343	379	341	2.170E-13	75
A0A2I7G3B3	B7N1S0	22.600	343	379	341	2.170E-13	75
A0A2I7G3B3	B7L742	22.600	343	379	341	2.170E-13	75
A0A2I7G3B3	B7M4A3	22.600	343	379	341	2.170E-13	75
A0A2I7G3B3	C0Q1V0	22.400	343	379	341	2.170E-13	75
A0A2I7G3B3	Q5PC07	22.400	343	379	341	2.170E-13	75
A0A2I7G3B3	B2U5D5	22.600	343	379	341	2.170E-13	75
A0A2I7G3B3	A1AHF3	22.600	343	379	341	2.170E-13	75
A0A2I7G3B3	Q8FCA2	22.600	343	379	341	2.170E-13	75
A0A2I7G3B3	B7MFI0	22.600	343	379	341	2.170E-13	75
A0A2I7G3B3	B5FLI6	22.400	343	379	341	2.170E-13	75
A0A2I7G3B3	B5BHZ1	22.400	343	379	341	2.170E-13	75
A0A2I7G3B3	B6I3J6	22.600	343	379	341	2.170E-13	75
A0A2I7G3B3	B7NPC5	22.600	343	379	341	2.170E-13	75
A0A2I7G3B3	B4SXB9	22.400	343	379	341	2.170E-13	75
A0A2I7G3B3	Q8ZL52	22.400	343	379	341	2.170E-13	75
A0A2I7G3B3	A1RE07	22.000	350	379	341	2.170E-13	75
A0A2I7G3B3	B5EXC3	22.400	343	379	341	2.170E-13	75
A0A2I7G3B3	B7NES3	22.600	343	379	341	2.170E-13	75
A0A2I7G3B3	B4TZV9	22.400	343	379	341	2.170E-13	75
A0A2I7G3B3	B5R5E1	22.400	343	379	341	2.170E-13	75
A0A2I7G3B3	Q0SYE5	22.600	343	379	341	2.170E-13	75
A0A2I7G3B3	B1IZH4	22.600	343	379	341	2.170E-13	75
A0A2I7G3B3	Q31V06	22.600	343	379	341	2.170E-13	75
A0A2I7G3B3	Q8E8J1	22.000	350	379	341	2.890E-13	75
A0A2I7G3B3	A1S1Q3	21.700	350	379	341	2.890E-13	75
A0A2I7G3B3	Q3YVY1	22.100	343	379	341	2.890E-13	75
A0A2I7G3B3	B7LVH6	22.100	343	379	341	2.890E-13	75
A0A2I7G3B3	Q6LRD9	21.700	351	379	343	2.890E-13	75
A0A2I7G3B3	Q96XE0	26.700	252	379	347	2.890E-13	75
A0A2I7G3B3	P07754	28.600	255	379	352	2.890E-13	75
A0A2I7G3B3	P31656	23.300	334	379	358	2.890E-13	75
A0A2I7G3B3	A8GLC6	22.300	343	379	341	3.849E-13	74
A0A2I7G3B3	Q5E0F9	22.100	342	379	343	3.849E-13	74
A0A2I7G3B3	O49482	22.900	334	379	357	3.849E-13	74
A0A2I7G3B3	C4ZXK8	22.300	343	379	341	5.124E-13	74
A0A2I7G3B3	B1X950	22.300	343	379	341	5.124E-13	74
A0A2I7G3B3	P07913	22.300	343	379	341	5.124E-13	74
A0A2I7G3B3	A0A072VPZ8	23.300	334	379	358	5.124E-13	74
A0A2I7G3B3	A6TFL2	22.300	343	379	341	6.821E-13	74
A0A2I7G3B3	Q48AM4	21.900	350	379	341	6.821E-13	74
A0A2I7G3B3	A4W529	22.100	343	379	341	6.821E-13	74
A0A2I7G3B3	A3QJC8	22.000	350	379	341	9.080E-13	73
A0A2I7G3B3	B5RGH0	22.400	343	379	341	9.080E-13	73
A0A2I7G3B3	Q8XEJ1	22.600	343	379	341	9.080E-13	73
A0A2I7G3B3	Q07W50	21.700	350	379	341	9.080E-13	73
A0A2I7G3B3	Q329N8	22.600	343	379	341	9.080E-13	73
A0A2I7G3B3	B5YWB7	22.600	343	379	341	9.080E-13	73
A0A2I7G3B3	B6ESA4	21.200	343	379	343	9.080E-13	73
A0A2I7G3B3	O13309	25.300	313	379	348	9.080E-13	73
A0A2I7G3B3	A8ARK6	21.800	343	379	341	1.208E-12	73
A0A2I7G3B3	P39462	26.300	252	379	347	1.208E-12	73
A0A2I7G3B3	A0A9E7LUR3	24.600	327	379	364	1.208E-12	73
A0A2I7G3B3	A9MKQ8	22.100	343	379	341	1.608E-12	72
A0A2I7G3B3	A1JHX8	22.000	343	379	341	1.608E-12	72
A0A2I7G3B3	B5XTI4	22.000	343	379	341	2.140E-12	72
A0A2I7G3B3	A4SHB7	21.500	343	379	342	2.140E-12	72
A0A2I7G3B3	A8GYP8	22.000	350	379	341	2.847E-12	72
A0A2I7G3B3	B1JQW2	21.700	343	379	341	6.702E-12	70
A0A2I7G3B3	A7FCU5	21.700	343	379	341	6.702E-12	70
A0A2I7G3B3	A4TSC6	21.700	343	379	341	6.702E-12	70
A0A2I7G3B3	A9R685	21.700	343	379	341	6.702E-12	70
A0A2I7G3B3	B4F134	21.300	342	379	341	6.702E-12	70
A0A2I7G3B3	Q8ZJN2	21.700	343	379	341	6.702E-12	70
A0A2I7G3B3	Q1C278	21.700	343	379	341	6.702E-12	70
A0A2I7G3B3	Q1CD13	21.700	343	379	341	6.702E-12	70
A0A2I7G3B3	Q66GC5	21.700	343	379	341	6.702E-12	70
A0A2I7G3B3	A8FPE0	21.400	350	379	341	1.576E-11	69
A0A2I7G3B3	Q17334	25.800	300	379	349	4.921E-11	68
A0A2I7G3B3	Q82MN2	24.800	284	379	342	6.539E-11	67
A0A2I7G3B3	P0DXJ1	24.600	327	379	365	6.539E-11	67
A0A2I7G3B3	P38113	24.300	361	379	351	8.690E-11	67
A0A2I7G3B3	Q6XQ67	24.300	361	379	351	8.690E-11	67
A0A2I7G3B3	Q02BT1	22.800	368	379	341	1.534E-10	66
A0A2I7G3B3	E1ACQ9	25.100	302	379	339	2.707E-10	65
A0A2I7G3B3	Q59545	23.800	333	379	338	4.774E-10	64
A0A2I7G3B3	Q10PS6	22.900	334	379	362	8.418E-10	64
A0A2I7G3B3	Q97UH6	30.500	157	379	368	1.970E-09	63
A0A2I7G3B3	P74721	28.400	174	379	336	8.108E-09	61
A0A2I7G3B3	P09347	23.300	312	379	361	1.076E-08	60
A0A2I7G3B3	P22144	24.900	342	379	363	5.859E-08	58
A0A2I7G3B3	Q5FA46	23.400	340	379	354	3.182E-07	55
A0A2I7G3B3	Q6L1C8	33.600	103	379	352	1.301E-06	53
A0A2I7G3B3	A4YGA7	30.300	115	379	358	1.235E-05	50
A0A2I7G3B3	O93715	29.200	124	379	366	1.168E-04	47
A0A2I7G3B3	Q7LYI9	29.200	124	379	366	1.168E-04	47
A0A5C2A2T2	Q9TWL9	46.500	73	178	77	4.533E-17	81
A0A2K9RFY0	H6VLG5	76.400	798	789	811	0.000E+00	1246
A0A2K9RFY0	A0A1Z3GC64	78.500	791	789	794	0.000E+00	1242
A0A2K9RFY0	A0A075FBT3	78.200	762	789	756	0.000E+00	1224
A0A2K9RFY0	A0A5P8DI06	70.200	789	789	797	0.000E+00	1114
A0A2K9RFY0	A0A1Z3GBK8	68.400	791	789	806	0.000E+00	1088
A0A2K9RFY0	B9T625	60.800	733	789	738	4.600E-290	904
A0A2K9RFY0	Q9XEI0	55.400	743	789	784	1.397E-270	847
A0A2K9RFY0	Q9XEH9	55.300	743	789	784	1.542E-268	841
A0A2K9RFY0	Q39548	53.300	761	789	789	3.869E-262	823
A0A2K9RFY0	Q9SAK2	54.100	771	789	785	9.793E-259	813
A0A2K9RFY0	Q0JA82	49.900	744	789	756	2.631E-230	730
A0A2K9RFY0	B9SIM2	46.700	788	789	778	1.098E-225	717
A0A2K9RFY0	B9SIM3	48.000	738	789	774	1.272E-218	696
A0A2K9RFY0	B9SIL7	45.400	737	789	778	6.744E-208	665
A0A2K9RFY0	Q0JA81	44.900	762	789	819	1.371E-197	635
A0A2K9RFY0	Q0E088	43.800	750	789	829	1.371E-197	635
A0A2K9RFY0	Q66QH3	42.800	789	789	840	1.219E-196	632
A0A2K9RFY0	Q0JEZ8	42.600	789	789	842	2.276E-196	632
A0A2K9RFY0	Q2QQJ5	42.200	742	789	815	3.799E-182	590
A0A2K9RFY0	Q6Z5J6	41.100	749	789	821	3.365E-181	587
A0A2K9RFY0	A4KAG7	40.800	749	789	821	2.980E-180	585
A0A2K9RFY0	A4KAG8	42.100	747	789	821	2.980E-180	585
A0A2K9RFY0	Q6BDZ9	41.700	760	789	822	6.355E-176	572
A0A2K9RFY0	A0A1D6KUI6	42.000	731	789	848	2.665E-174	567
A0A2K9RFY0	G3CCC1	40.200	753	789	792	6.386E-171	557
A0A2K9RFY0	Q1AHB2	41.200	754	789	816	3.218E-168	550
A0A2K9RFY0	C1K5M3	39.100	781	789	778	1.329E-161	530
A0A2K9RFY0	B8XA41	39.400	742	789	777	1.235E-158	522
A0A2K9RFY0	Q84ZW8	50.300	508	789	590	3.352E-149	494
A0A2K9RFY0	A5A8G0	35.500	731	789	881	1.312E-142	475
A0A2K9RFY0	M4HYP3	33.200	766	789	876	1.652E-126	427
A0A2K9RFY0	M4HXW5	33.200	766	789	876	4.163E-126	426
A0A2K9RFY0	Q675L4	32.700	772	789	859	9.069E-125	422
A0A2K9RFY0	F2XFB2	32.700	772	789	859	9.069E-125	422
A0A2K9RFY0	Q675L5	33.000	772	789	867	1.679E-124	421
A0A2K9RFY0	Q38710	34.100	734	789	868	4.230E-124	420
A0A2K9RFY0	J9QS23	34.000	740	789	739	5.756E-124	420
A0A2K9RFY0	J9R388	34.000	740	789	740	5.756E-124	420
A0A2K9RFY0	H8ZM71	34.500	735	789	852	5.756E-124	420
A0A2K9RFY0	H8ZM73	32.500	751	789	867	5.756E-124	420
A0A2K9RFY0	Q50EK2	32.600	772	789	850	2.684E-123	418
A0A2K9RFY0	M4HXU6	32.500	772	789	857	4.968E-123	417
A0A2K9RFY0	M4HY05	32.500	772	789	857	6.759E-123	417
A0A2K9RFY0	H8ZM70	33.700	734	789	844	1.251E-122	416
A0A2K9RFY0	M4HYC6	32.500	772	789	850	3.150E-122	415
A0A2K9RFY0	Q947C4	32.600	737	789	873	2.715E-121	412
A0A2K9RFY0	M4HY08	32.300	735	789	868	1.488E-113	389
A0A2K9RFY0	M4HYC8	32.100	735	789	868	1.730E-112	386
A0A2K9RFY0	Q41594	30.300	744	789	862	1.229E-106	368
A0A2K9RFY0	Q93YA3	30.300	744	789	862	1.418E-105	365
A0A2K9RFY0	Q9FT37	30.300	744	789	862	1.418E-105	365
A0A2K9RFY0	G1DGI7	30.200	746	789	750	4.697E-103	358
A0A2K9RFY0	A0A1L6Z3A5	31.800	718	789	814	1.173E-102	357
A0A2K9RFY0	Q4QSN4	30.700	732	789	815	2.504E-94	332
A0A2K9RFY0	A0A075FBG7	35.300	513	789	580	1.142E-93	330
A0A2K9RFY0	G9MAN7	31.700	721	789	867	1.142E-93	330
A0A2K9RFY0	A0A2K9RFZ2	35.100	516	789	589	5.893E-92	325
A0A2K9RFY0	A0AA38CJ97	29.500	741	789	817	3.026E-90	319
A0A2K9RFY0	A0A1W6QDI7	32.400	566	789	626	4.806E-86	307
A0A2K9RFY0	Q96376	29.600	753	789	870	1.793E-84	302
A0A2K9RFY0	Q93YV0	29.100	747	789	877	6.654E-83	297
A0A2K9RFY0	Q38802	35.000	509	789	802	1.641E-82	296
A0A2K9RFY0	E2IHE0	29.100	724	789	808	5.466E-82	295
A0A2K9RFY0	A0A1L6Z3A0	29.100	713	789	846	1.819E-81	293
A0A2K9RFY0	C8XPS0	31.500	519	789	595	1.219E-79	287
A0A2K9RFY0	A0A0M5L832	29.800	718	789	815	3.298E-78	283
A0A2K9RFY0	A0A0M4M0T9	29.800	718	789	815	1.093E-77	282
A0A2K9RFY0	A0A0U3LQ20	33.100	489	789	793	2.594E-74	271
A0A2K9RFY0	G3E4M4	27.300	751	789	794	8.554E-74	270
A0A2K9RFY0	A0A1W6QDJ1	27.100	751	789	796	2.819E-73	268
A0A2K9RFY0	O04408	33.400	495	789	801	3.797E-73	268
A0A2K9RFY0	A0A075FA51	26.400	764	789	785	6.891E-73	267
A0A2K9RFY0	A0A1X9IRQ7	26.600	727	789	798	6.891E-73	267
A0A2K9RFY0	G3E4M6	32.000	493	789	710	2.268E-72	265
A0A2K9RFY0	A0A2K9RG07	29.500	670	789	800	2.451E-71	262
A0A2K9RFY0	Q6ET36	33.100	503	789	867	4.441E-71	261
A0A2K9RFY0	G3CCC0	26.400	711	789	802	1.962E-70	259
A0A2K9RFY0	B8PQ84	27.300	726	789	793	8.657E-70	258
A0A2K9RFY0	Q41771	27.500	731	789	824	1.165E-69	257
A0A2K9RFY0	A0A1S5RW73	34.500	484	789	787	1.567E-69	257
A0A2K9RFY0	G8GJ94	30.500	494	789	575	2.108E-69	256
A0A2K9RFY0	A0A1D6K6U5	32.400	487	789	825	9.925E-68	251
A0A2K9RFY0	G8GJ96	26.000	742	789	784	3.241E-67	250
A0A2K9RFY0	G8GJ95	26.000	742	789	785	5.855E-67	249
A0A2K9RFY0	A0A2K9RFZ7	29.900	503	789	798	3.448E-66	246
A0A2K9RFY0	A0A0U2D9C5	32.200	522	789	776	4.632E-66	246
A0A2K9RFY0	A0A075FAK4	25.400	707	789	776	9.819E-63	236
A0A2K9RFY0	Q6E7D7	31.800	521	789	767	7.670E-62	233
A0A2K9RFY0	Q0JF02	31.600	521	789	767	1.379E-61	232
A0A2K9RFY0	Q6Z5I0	31.900	489	789	800	5.974E-61	230
A0A2K9RFY0	Q5MQ85	31.900	489	789	800	5.974E-61	230
A0A2K9RFY0	A0A1X9ISN9	30.800	457	789	664	1.439E-60	229
A0A2K9RFY0	Q9M7D1	28.000	511	789	630	9.878E-52	201
A0A2K9RFY0	Q20HU6	29.800	507	789	575	1.321E-50	198
A0A2K9RFY0	O64404	28.900	510	789	581	1.761E-50	198
A0A2K9RFY0	C0PPM5	29.300	509	789	579	4.174E-50	196
A0A2K9RFY0	O22340	28.000	541	789	637	7.417E-50	196
A0A2K9RFY0	Q84KL4	28.300	511	789	627	9.886E-50	195
A0A2K9RFY0	F2XFA0	28.800	509	789	578	1.318E-49	195
A0A2K9RFY0	Q675L0	28.600	509	789	578	1.318E-49	195
A0A2K9RFY0	Q672F7	28.500	511	789	595	2.340E-49	194
A0A2K9RFY0	R9QMR0	28.800	511	789	628	9.826E-49	192
A0A2K9RFY0	Q50L36	29.300	501	789	595	1.309E-48	192
A0A2K9RFY0	R9QMY8	26.200	515	789	619	1.744E-48	191
A0A2K9RFY0	R9QMW1	28.300	511	789	623	1.744E-48	191
A0A2K9RFY0	C7ASI9	29.000	509	789	627	2.322E-48	191
A0A2K9RFY0	R9QMW8	27.700	511	789	626	5.485E-48	190
A0A2K9RFY0	R9QMR6	27.900	511	789	626	5.485E-48	190
A0A2K9RFY0	F1CKI8	27.500	511	789	627	7.304E-48	189
A0A2K9RFY0	Q9M7C9	27.500	541	789	637	9.726E-48	189
A0A2K9RFY0	Q7XAS7	28.600	501	789	595	1.724E-47	188
A0A2K9RFY0	Q20HU7	26.800	516	789	634	1.724E-47	188
A0A2K9RFY0	R9QMR4	26.100	511	789	621	2.295E-47	188
A0A2K9RFY0	R9QMQ9	27.900	511	789	627	2.295E-47	188
A0A2K9RFY0	R9QMW7	26.100	511	789	621	3.055E-47	187
A0A2K9RFY0	F1CKI9	27.500	511	789	627	3.055E-47	187
A0A2K9RFY0	F1CKI6	28.700	509	789	627	4.066E-47	187
A0A2K9RFY0	Q9AR86	28.400	501	789	595	5.412E-47	186
A0A2K9RFY0	F2XFA6	27.000	515	789	627	9.586E-47	186
A0A2K9RFY0	F2XFA8	27.200	511	789	627	1.276E-46	185
A0A2K9RFY0	R9QMW4	27.500	511	789	626	1.697E-46	185
A0A2K9RFY0	Q6XDB5	27.300	511	789	627	2.258E-46	184
A0A2K9RFY0	R9QMR1	27.100	511	789	628	2.258E-46	184
A0A2K9RFY0	R9QMR3	27.500	516	789	629	3.005E-46	184
A0A2K9RFY0	Q948Z0	27.100	511	789	618	3.997E-46	184
A0A2K9RFY0	R9QMW3	25.800	511	789	624	3.997E-46	184
A0A2K9RFY0	Q84SM8	26.900	509	789	627	3.997E-46	184
A0A2K9RFY0	F2XF98	27.700	511	789	612	5.317E-46	183
A0A2K9RFY0	R9QMY9	27.100	516	789	629	5.317E-46	183
A0A2K9RFY0	Q84KL3	26.800	511	789	628	7.073E-46	183
A0A2K9RFY0	C0PT35	27.700	511	789	612	9.408E-46	183
A0A2K9RFY0	Q84KL5	27.800	505	789	574	1.664E-45	182
A0A2K9RFY0	F2XFA2	27.500	511	789	612	2.213E-45	181
A0A2K9RFY0	R9QMW2	26.900	511	789	628	2.213E-45	181
A0A2K9RFY0	F2XF95	26.700	511	789	627	2.943E-45	181
A0A2K9RFY0	F2XF96	26.700	511	789	627	2.943E-45	181
A0A2K9RFY0	O24474	27.300	507	789	627	6.917E-45	180
A0A2K9RFY0	Q5UB07	27.900	501	789	580	1.222E-44	179
A0A2K9RFY0	F2XF99	26.200	495	789	580	2.160E-44	178
A0A2K9RFY0	R9QMR5	26.700	516	789	626	8.951E-44	176
A0A2K9RFY0	F2XFA1	27.100	497	789	624	1.189E-43	176
A0A2K9RFY0	F2XFA4	27.100	497	789	624	1.189E-43	176
A0A2K9RFY0	Q6PWU2	28.000	493	789	590	1.580E-43	175
A0A2K9RFY0	F1CKJ1	27.600	511	789	627	2.099E-43	175
A0A2K9RFY0	C0PPR1	26.500	515	789	626	2.788E-43	175
A0A2K9RFY0	R9QMZ0	25.800	516	789	616	6.534E-43	173
A0A2K9RFY0	C0PTH8	26.900	497	789	624	6.534E-43	173
A0A2K9RFY0	Q9M7D0	27.800	497	789	630	1.152E-42	173
A0A2K9RFY0	I6RE61	27.500	441	789	596	1.530E-42	172
A0A2K9RFY0	L0HB77	24.600	511	789	597	2.032E-42	172
A0A2K9RFY0	G0Y7D3	27.300	500	789	580	6.314E-42	170
A0A2K9RFY0	A5Y5L5	27.000	489	789	610	6.314E-42	170
A0A2K9RFY0	Q93X23	27.800	452	789	597	3.452E-41	168
A0A2K9RFY0	G0Y7D1	27.700	513	789	582	8.064E-41	167
A0A2K9RFY0	H9L9E5	26.600	492	789	556	3.169E-39	162
A0A2K9RFY0	J7LQ09	27.300	507	789	542	4.202E-39	161
A0A2K9RFY0	H2ELN1	26.700	488	789	522	1.720E-38	159
A0A2K9RFY0	L0HAM7	24.800	520	789	603	3.021E-38	158
A0A2K9RFY0	Q5SBP6	26.200	509	789	546	4.004E-38	158
A0A2K9RFY0	Q2XSC4	27.300	504	789	538	7.032E-38	157
A0A2K9RFY0	Q94G53	26.500	501	789	582	9.318E-38	157
A0A2K9RFY0	A0A7G5KLV3	26.700	500	789	586	9.318E-38	157
A0A2K9RFY0	Q8H2B4	26.300	451	789	606	1.235E-37	156
A0A2K9RFY0	G5CV52	24.000	556	789	554	1.636E-37	156
A0A2K9RFY0	Q8L5K3	24.800	516	789	606	1.636E-37	156
A0A2K9RFY0	Q9ZUH4	25.600	507	789	591	2.167E-37	156
A0A2K9RFY0	A0A1V0QSH1	27.100	507	789	594	2.871E-37	155
A0A2K9RFY0	Q8L5K4	26.300	503	789	600	2.871E-37	155
A0A2K9RFY0	A0A7G5KLV0	27.200	508	789	590	3.803E-37	155
A0A2K9RFY0	P0DI76	23.700	576	789	600	3.803E-37	155
A0A2K9RFY0	P0DI77	23.700	576	789	600	3.803E-37	155
A0A2K9RFY0	A0A7G5KLV1	25.600	497	789	561	5.038E-37	154
A0A2K9RFY0	E2E2N8	26.300	511	789	563	8.840E-37	154
A0A2K9RFY0	T1RR72	26.400	509	789	594	1.171E-36	153
A0A2K9RFY0	T1RRJ4	26.400	509	789	594	1.171E-36	153
A0A2K9RFY0	T1RRR9	26.400	509	789	594	1.171E-36	153
A0A2K9RFY0	E2E2N3	24.200	520	789	595	1.171E-36	153
A0A2K9RFY0	A0A6P6W6H5	27.300	438	789	606	1.171E-36	153
A0A2K9RFY0	E2E2P1	25.500	511	789	601	1.551E-36	153
A0A2K9RFY0	Q84LB2	25.500	497	789	576	2.720E-36	152
A0A2K9RFY0	I7GPX8	26.700	449	789	595	2.720E-36	152
A0A2K9RFY0	A4FVP2	26.500	500	789	565	4.770E-36	151
A0A2K9RFY0	A6XH06	26.000	467	789	581	4.770E-36	151
A0A2K9RFY0	W6HUT3	26.500	505	789	593	4.770E-36	151
A0A2K9RFY0	K4LMW2	25.300	504	789	561	6.316E-36	151
A0A2K9RFY0	Q9SPN1	27.500	501	789	583	6.316E-36	151
A0A2K9RFY0	Q5SBP4	25.100	492	789	541	1.107E-35	150
A0A2K9RFY0	U3LVZ7	26.400	511	789	548	1.107E-35	150
A0A2K9RFY0	R4YXW8	28.300	454	789	572	1.941E-35	149
A0A2K9RFY0	Q5SBP3	25.200	505	789	574	1.941E-35	149
A0A2K9RFY0	G1JUH1	25.700	503	789	607	2.569E-35	149
A0A2K9RFY0	B6SCF4	27.300	505	789	613	2.569E-35	149
A0A2K9RFY0	Q6USK1	26.600	492	789	567	3.401E-35	149
A0A2K9RFY0	A0A1V0QSG1	26.400	503	789	640	3.401E-35	149
A0A2K9RFY0	O81193	26.200	456	789	590	5.960E-35	148
A0A2K9RFY0	Q8SA63	24.000	546	789	548	7.888E-35	147
A0A2K9RFY0	Q5SBP7	26.400	485	789	550	7.888E-35	147
A0A2K9RFY0	P0CJ43	25.000	507	789	589	7.888E-35	147
A0A2K9RFY0	A0A348AUV7	24.600	495	789	554	1.044E-34	147
A0A2K9RFY0	E3W203	27.600	513	789	569	1.044E-34	147
A0A2K9RFY0	E3W204	27.400	513	789	569	1.044E-34	147
A0A2K9RFY0	D0VMR6	25.200	499	789	547	1.829E-34	146
A0A2K9RFY0	D0VMR7	25.400	499	789	547	1.829E-34	146
A0A2K9RFY0	E2E2N4	24.700	528	789	554	1.829E-34	146
A0A2K9RFY0	D0VMR8	25.200	499	789	547	2.420E-34	146
A0A2K9RFY0	K4L9M2	24.700	488	789	561	2.420E-34	146
A0A2K9RFY0	A0A1V0QSF4	27.500	492	789	615	2.420E-34	146
A0A2K9RFY0	E3W202	27.400	513	789	569	3.203E-34	145
A0A2K9RFY0	F8UL81	24.400	546	789	548	4.239E-34	145
A0A2K9RFY0	B3TPQ6	25.000	511	789	550	4.239E-34	145
A0A2K9RFY0	A0A348AUW0	24.500	494	789	554	4.239E-34	145
A0A2K9RFY0	A0A167V661	24.400	495	789	554	4.239E-34	145
A0A2K9RFY0	A0A1V0QSH2	26.000	493	789	561	4.239E-34	145
A0A2K9RFY0	B3TPQ7	26.300	487	789	592	4.239E-34	145
A0A2K9RFY0	Q5SBP1	25.700	491	789	599	4.239E-34	145
A0A2K9RFY0	Q84LF0	24.900	548	789	548	5.609E-34	145
A0A2K9RFY0	A0A348AUV5	24.400	495	789	554	5.609E-34	145
A0A2K9RFY0	I6RAQ6	25.500	501	789	547	7.422E-34	144
A0A2K9RFY0	A0A348AUW1	24.300	495	789	554	7.422E-34	144
A0A2K9RFY0	Q9SPN0	26.400	501	789	567	9.820E-34	144
A0A2K9RFY0	Q9LRZ6	22.900	576	789	598	9.820E-34	144
A0A2K9RFY0	Q84LG0	25.000	494	789	548	2.274E-33	143
A0A2K9RFY0	A7IZZ2	25.600	493	789	615	2.274E-33	143
A0A2K9RFY0	A0A1V0QSF8	25.700	503	789	632	3.009E-33	142
A0A2K9RFY0	E2E2N5	24.600	509	789	554	3.980E-33	142
A0A2K9RFY0	A0A4Y5QVX6	24.700	490	789	551	5.266E-33	141
A0A2K9RFY0	A0A4Y5QWK5	25.300	504	789	633	5.266E-33	141
A0A2K9RFY0	J7LH11	26.500	513	789	546	6.965E-33	141
A0A2K9RFY0	Q40577	24.500	540	789	548	6.965E-33	141
A0A2K9RFY0	O65323	25.000	502	789	559	6.965E-33	141
A0A2K9RFY0	B9RXW0	24.100	497	789	564	6.965E-33	141
A0A2K9RFY0	D0UZK2	23.500	495	789	548	9.214E-33	141
A0A2K9RFY0	Q84LF1	25.000	494	789	548	9.214E-33	141
A0A2K9RFY0	A0A348AUV9	24.000	495	789	554	1.219E-32	140
A0A2K9RFY0	Q9XJ32	24.400	498	789	556	1.219E-32	140
A0A2K9RFY0	Q6Q3H3	24.000	493	789	557	2.820E-32	139
A0A2K9RFY0	A0A1V0QSF3	24.500	489	789	551	3.729E-32	139
A0A2K9RFY0	A0A1V0E492	23.500	490	789	559	3.729E-32	139
A0A2K9RFY0	I7H727	23.600	489	789	556	1.141E-31	137
A0A2K9RFY0	Q39978	24.300	498	789	555	1.508E-31	137
A0A2K9RFY0	B2KSJ6	23.500	489	789	560	1.508E-31	137
A0A2K9RFY0	P59287	24.500	501	789	601	1.508E-31	137
A0A2K9RFY0	A0A4Y5L9K3	22.900	512	789	571	1.994E-31	136
A0A2K9RFY0	A0A0M3Q1Q3	25.800	456	789	542	3.486E-31	136
A0A2K9RFY0	Q308N0	26.400	451	789	603	3.486E-31	136
A0A2K9RFY0	G5CV46	23.700	498	789	555	4.610E-31	135
A0A2K9RFY0	C0KWV4	26.100	451	789	603	6.094E-31	135
A0A2K9RFY0	Q4JHG3	26.400	451	789	603	6.094E-31	135
A0A2K9RFY0	A0A1V0QSF6	25.400	451	789	551	8.057E-31	134
A0A2K9RFY0	B9S9Z3	24.800	505	789	558	8.057E-31	134
A0A2K9RFY0	J9RLZ7	25.000	492	789	563	1.408E-30	134
A0A2K9RFY0	O81191	24.100	508	789	591	1.408E-30	134
A0A2K9RFY0	Q9LLR9	22.500	502	789	547	1.862E-30	133
A0A2K9RFY0	A6XH05	24.100	496	789	591	2.461E-30	133
A0A2K9RFY0	Q43714	24.700	493	789	555	3.253E-30	132
A0A2K9RFY0	A7IZZ1	26.400	492	789	623	5.684E-30	132
A0A2K9RFY0	Q5SBP2	24.900	491	789	598	7.512E-30	131
A0A2K9RFY0	O81192	24.800	504	789	598	1.734E-29	130
A0A2K9RFY0	A0A1W6GW18	24.700	501	789	546	3.029E-29	129
A0A2K9RFY0	Q39761	23.700	489	789	554	4.003E-29	129
A0A2K9RFY0	Q49SP5	22.900	497	789	554	4.003E-29	129
A0A2K9RFY0	A0A1W6GW32	24.700	501	789	546	5.291E-29	128
A0A2K9RFY0	Q39760	23.200	489	789	554	1.221E-28	127
A0A2K9RFY0	Q5SBP0	24.600	448	789	601	1.613E-28	127
A0A2K9RFY0	O49853	24.400	489	789	554	4.917E-28	125
A0A2K9RFY0	J9R5V4	24.100	489	789	562	4.917E-28	125
A0A2K9RFY0	O23945	25.600	489	789	556	1.134E-27	124
A0A2K9RFY0	W0FFD7	23.600	527	789	559	1.498E-27	124
A0A2K9RFY0	P93665	23.100	490	789	554	2.614E-27	123
A0A2K9RFY0	B2KSJ5	24.100	506	789	571	2.614E-27	123
A0A2K9RFY0	Q49SP6	24.800	527	789	554	3.453E-27	123
A0A2K9RFY0	Q49SP4	24.400	497	789	545	4.562E-27	122
A0A2K9RFY0	U3KYL2	22.600	505	789	556	4.227E-26	119
A0A2K9RFY0	G8H5M7	22.900	505	789	544	5.582E-26	119
A0A2K9RFY0	Q9FQ27	22.900	505	789	544	5.582E-26	119
A0A2K9RFY0	I6QPS5	24.300	498	789	549	9.737E-26	118
A0A2K9RFY0	Q29VN2	25.100	443	789	581	2.243E-25	117
A0A2K9RFY0	A0A291LSD6	24.100	527	789	571	3.911E-25	116
A0A2K9RFY0	P0CV95	22.900	523	789	578	2.073E-24	113
A0A2K9RFY0	Q49SP3	24.800	499	789	552	4.771E-24	112
A0A2K9RFY0	A0A142BX70	22.500	491	789	548	6.300E-24	112
A0A2K9RFY0	O64961	22.600	505	789	548	1.098E-23	111
A0A2K9RFY0	Q84UU9	24.200	487	789	611	1.098E-23	111
A0A2K9RFY0	A0A1L2D3T3	22.100	494	789	563	1.450E-23	111
A0A2K9RFY0	Q94JS8	23.600	507	789	560	1.914E-23	110
A0A2K9RFY0	C5YHH7	23.400	498	789	541	4.403E-23	109
A0A2K9RFY0	P0CV96	22.500	523	789	580	7.674E-23	108
A0A2K9RFY0	Q84ND0	25.000	500	789	581	7.674E-23	108
A0A2K9RFY0	Q84NC9	25.000	500	789	584	7.674E-23	108
A0A2K9RFY0	P0CV94	22.800	558	789	519	1.337E-22	108
A0A2K9RFY0	U3LW50	22.500	506	789	555	4.934E-21	102
A0A2K9RFY0	A0A1X9IRP7	21.800	459	789	419	8.594E-21	102
A0A2K9RFY0	S0EA85	28.000	198	789	952	3.952E-06	53
A0A2K9RFY0	Q9UVY5	28.000	198	789	952	3.952E-06	53
A0A348B782	A8NE23	47.100	339	340	425	3.394E-92	307
A0A348B782	A0A348B779	45.100	326	340	338	1.166E-85	288
A0A348B782	B8PD44	36.200	331	340	336	5.303E-60	214
A0A348B782	W4JX79	33.000	324	340	345	4.728E-47	176
A0A348B782	A8NU13	34.900	329	340	345	7.655E-46	172
A0A348B782	P0DL13	31.300	329	340	345	3.592E-45	170
A0A348B782	A0A0D2L718	28.100	328	340	327	5.934E-42	161
A0A348B782	A0A0C3FBR2	31.900	309	340	345	7.063E-39	152
A0A348B782	A0A0C9VD04	29.300	337	340	347	2.061E-35	141
A0A348B782	A7NH01	29.900	293	340	326	1.717E-32	133
A0A348B782	A0A8H7XQ49	26.200	329	340	364	1.070E-31	130
A0A348B782	A0A8H8CFI5	26.200	329	340	364	3.618E-31	129
A0A348B782	A0A8H7XMX0	25.900	326	340	344	4.905E-31	128
A0A348B782	A0A8H7XP09	26.400	328	340	361	6.651E-31	128
A0A348B782	A9GK58	28.000	303	340	315	1.884E-29	124
A0A348B782	S0DX56	27.500	320	340	357	1.472E-26	115
A0A348B782	B2J4A4	25.000	310	340	323	1.350E-24	109
A0A348B782	A0A1L7VZE7	27.500	343	340	401	8.995E-23	104
A0A348B782	C7PLV2	25.800	310	340	321	1.213E-22	103
A0A348B782	B5H7H3	28.200	308	340	372	2.975E-22	102
A0A348B782	D2B747	26.800	298	340	330	2.598E-20	96
A0A348B782	A0A1B4XBG5	27.000	335	340	367	2.598E-20	96
A0A348B782	Q9X839	26.700	328	340	726	6.779E-19	92
A0A348B782	E4MYY0	27.500	313	340	338	1.829E-16	84
A0A348B782	A0A0B4G3Q7	27.700	297	340	342	4.571E-15	80
A0A348B782	E9E766	24.600	314	340	349	8.403E-14	76
A0A348B782	A0A1G9UQQ0	24.600	307	340	363	2.714E-12	71
A0A348B782	E4N7E5	26.900	289	340	320	3.630E-11	68
A0A348B782	K2SUY0	24.600	307	340	698	8.596E-11	66
A0A348B782	B5HDJ6	23.900	290	340	365	1.145E-10	66
A0A348B782	A0A0B4IF96	24.000	289	340	355	2.708E-10	65
A0A348B782	A0A0B4FWC3	24.000	289	340	332	8.513E-10	63
A0A348B782	Q9F1V8	27.300	180	340	437	2.541E-07	55
A0A348B782	B5GRC8	28.600	217	340	343	7.293E-05	48
A0A348B782	E8W6C7	20.500	290	340	356	1.282E-04	47
A0A348B782	A0A8K1AY78	22.500	145	340	764	5.247E-04	45
P9WEW2	W4JX79	70.900	344	369	345	6.384E-166	522
P9WEW2	P0DL13	68.000	344	369	345	2.319E-159	503
P9WEW2	A0A0D2L718	51.700	323	369	327	1.136E-112	368
P9WEW2	A0A8H7XQ49	43.100	333	369	364	2.139E-86	292
P9WEW2	A0A8H8CFI5	41.400	359	369	364	1.022E-85	290
P9WEW2	A0A8H7XP09	42.200	328	369	361	1.805E-79	272
P9WEW2	A0A348B779	39.900	326	369	338	6.277E-71	247
P9WEW2	A0A8H7XMX0	36.200	326	369	344	2.344E-68	239
P9WEW2	B8PD44	33.500	331	369	336	2.036E-57	207
P9WEW2	A8NE23	34.900	330	369	425	6.437E-54	197
P9WEW2	A0A0C3FBR2	32.300	333	369	345	5.984E-49	183
P9WEW2	A8NU13	30.300	333	369	345	8.322E-47	176
P9WEW2	A0A0C9VD04	28.900	331	369	347	6.241E-43	165
P9WEW2	A0A1B4XBG5	26.800	334	369	367	1.596E-28	122
P9WEW2	B2J4A4	27.300	312	369	323	9.686E-28	119
P9WEW2	S0DX56	24.600	318	369	357	1.576E-25	113
P9WEW2	A0A1L7VZE7	23.900	344	369	401	2.848E-21	100
P9WEW2	E3VWJ0	28.200	306	369	337	2.596E-16	84
P9WEW2	Q55012	27.900	306	369	337	3.470E-16	84
P9WEW2	G2P5T1	24.800	344	369	384	4.638E-16	83
P9WEW2	A0A291SJC7	25.000	345	369	395	4.703E-15	80
P9WEW2	B5H7H3	22.600	309	369	372	1.493E-14	79
P9WEW2	Q82IY4	25.700	306	369	336	1.121E-13	76
P9WEW2	Q7KWU0	21.900	283	369	349	1.851E-09	63
C0HLV0	Q66NB7	70.300	27	27	386	3.326E-07	45
P9WEX3	H1VQB1	68.900	294	332	322	7.030E-136	433
P9WEX3	I1RL14	74.800	270	332	368	3.390E-135	431
P9WEX3	E9F5E9	67.700	295	332	337	1.095E-130	418
P9WEX3	Q4WBI4	63.800	313	332	357	3.855E-130	417
P9WEX3	P9WEQ2	65.800	287	332	333	6.703E-123	396
P9WEX3	Q672V6	63.900	286	332	340	1.556E-121	392
P9WEX3	A0A8D5M3Y5	61.000	303	332	383	6.840E-117	378
P9WEX3	A0A3S5XFG0	60.900	287	332	380	2.686E-114	371
P9WEX3	A0A0E3D8M9	64.600	269	332	364	6.897E-114	370
P9WEX3	A0A0E3D8P4	60.400	291	332	341	6.227E-113	367
P9WEX3	A0A140JWS2	62.800	269	332	356	6.946E-111	361
P9WEX3	J7FIX8	64.600	263	332	334	4.578E-110	359
P9WEX3	Q9C446	62.100	272	332	371	1.452E-108	354
P9WEX3	P24322	59.100	274	332	433	9.566E-108	352
P9WEX3	Q56RZ3	60.400	263	332	334	4.151E-106	347
P9WEX3	Q56RZ7	60.400	263	332	334	4.151E-106	347
P9WEX3	Q92236	55.200	276	332	418	2.742E-102	336
P9WEX3	A0A348FUE1	58.700	262	332	963	4.630E-101	332
P9WEX3	P9WEF2	56.300	277	332	419	3.047E-100	330
P9WEX3	Q9P885	56.300	266	332	303	6.340E-98	323
P9WEX3	Q6F5E6	55.800	267	332	343	7.033E-96	317
P9WEX3	P56966	57.000	268	332	300	1.318E-95	317
P9WEX3	B2DBE9	54.400	299	332	424	1.318E-95	317
P9WEX3	A0A7D0AGU9	53.700	281	332	303	9.596E-93	308
P9WEX3	A0A858E6N7	54.400	274	332	365	9.596E-93	308
P9WEX3	A0A858E7G0	57.200	261	332	364	1.181E-91	305
P9WEX3	F9WWF1	51.000	276	332	332	3.347E-89	298
P9WEX3	Q54BK1	52.100	253	332	303	2.151E-82	278
P9WEX3	A0A1V0QSA8	46.900	281	332	339	1.898E-78	267
P9WEX3	A0A1U8QLG8	46.400	269	332	397	3.550E-78	266
P9WEX3	Q758K0	43.800	292	332	320	1.623E-71	247
P9WEX3	A0A858E4Y8	46.500	259	332	324	1.767E-69	241
P9WEX3	A0A0P0ZEM1	41.800	290	332	714	4.512E-69	240
P9WEX3	Q12051	43.300	285	332	335	1.404E-67	235
P9WEX3	A0A8K1AY78	41.400	275	332	764	3.584E-67	234
P9WEX3	A0A2Z6AQX7	39.400	294	332	732	4.899E-67	234
P9WEX3	A0A8H4CUY8	43.800	283	332	760	1.251E-66	233
P9WEX3	P9WEP0	39.300	314	332	710	1.522E-65	229
P9WEX3	K2SUY0	41.700	281	332	698	2.079E-65	229
P9WEX3	F9XLC1	44.100	271	332	361	7.250E-65	228
P9WEX3	A0A2Z6AQX6	42.300	261	332	778	9.907E-65	227
P9WEX3	A1DN30	42.300	268	332	764	8.809E-64	224
P9WEX3	A1C8C3	39.600	284	332	718	1.772E-61	218
P9WEX3	A0A1Y1C7Q5	43.000	251	332	746	2.421E-61	217
P9WEX3	W6QAE7	46.100	259	332	742	6.171E-61	216
P9WEX3	A0A0P0ZD79	39.400	265	332	705	5.473E-60	213
P9WEX3	A0A2Z6FZ31	40.900	271	332	725	1.904E-59	212
P9WEX3	B6HFX8	45.800	261	332	732	1.904E-59	212
P9WEX3	P9WER5	43.900	232	332	671	8.010E-58	207
P9WEX3	S0E627	42.900	234	332	393	2.784E-57	205
P9WEX3	A0A348DU52	41.900	278	332	770	1.321E-56	203
P9WEX3	A0A6S6QJ62	37.500	281	332	350	3.362E-56	202
P9WEX3	A2PZA5	37.100	301	332	719	3.362E-56	202
P9WEX3	M2U578	41.000	256	332	704	6.265E-56	201
P9WEX3	A0A1V1FVQ6	40.700	265	332	728	8.553E-56	201
P9WEX3	M2V8C1	39.100	273	332	721	1.168E-55	201
P9WEX3	A0A1B4XBK0	40.500	286	332	533	4.883E-54	196
P9WEX3	N4V6D4	38.700	276	332	712	1.094E-52	192
P9WEX3	W6JPP9	40.300	249	332	339	1.493E-52	192
P9WEX3	C9K2Q3	36.100	271	332	697	3.080E-48	179
P9WEX3	B2DBE8	36.100	282	332	389	5.013E-47	175
P9WEX3	P39464	27.900	253	332	330	3.058E-20	96
P9WEX3	P95999	28.900	241	332	332	4.119E-20	95
P9WEX3	P0AD57	24.700	285	332	323	1.006E-19	94
P9WEX3	P0AD58	24.700	285	332	323	1.006E-19	94
P9WEX3	Q9UWR6	25.400	241	332	318	1.551E-17	87
P9WEX3	Q3IPL1	26.200	306	332	341	6.781E-17	85
P9WEX3	O24743	27.100	217	332	325	1.640E-16	84
P9WEX3	Q8PW34	29.200	221	332	324	5.547E-15	79
P9WEX3	P44916	27.100	199	332	329	5.547E-15	79
P9WEX3	O66129	26.500	245	332	325	7.432E-15	79
P9WEX3	O06428	25.200	224	332	335	9.956E-15	79
P9WEX3	A0A0A7GEY4	28.000	233	332	319	2.391E-14	78
P9WEX3	P55785	23.100	268	332	320	4.397E-13	74
P9WEX3	Q08291	26.300	255	332	297	1.875E-12	72
P9WEX3	O04046	28.300	239	332	376	2.505E-12	71
P9WEX3	Q9LJY2	27.600	242	332	344	4.469E-12	70
P9WEX3	Q75HZ9	23.500	222	332	403	4.469E-12	70
P9WEX3	P22939	27.100	218	332	299	1.420E-11	69
P9WEX3	P31114	22.500	242	332	348	2.529E-11	68
P9WEX3	Q0INZ4	21.900	230	332	414	2.529E-11	68
P9WEX3	Q76FS5	23.200	229	332	417	2.529E-11	68
P9WEX3	Q54VJ9	24.500	271	332	456	3.374E-11	68
P9WEX3	Q9SLG2	27.800	239	332	372	3.372E-10	64
P9WEX3	O22043	25.200	234	332	336	1.062E-09	63
P9WEX3	Q42698	24.600	239	332	357	4.447E-09	61
P9WEX3	Q94ID7	28.200	239	332	370	4.447E-09	61
P9WEX3	O43091	23.300	247	332	378	4.447E-09	61
P9WEX3	Q8K9A0	23.800	229	332	294	5.920E-09	61
P9WEX3	P80042	24.500	271	332	369	1.395E-08	59
P9WEX3	P34802	27.100	245	332	371	1.395E-08	59
P9WEX3	Q9LUD9	23.800	242	332	360	1.856E-08	59
P9WEX3	Q9LRR0	23.800	243	332	361	2.469E-08	59
P9WEX3	Q9LUE1	25.500	242	332	360	3.284E-08	58
P9WEX3	Q43133	25.900	242	332	366	3.284E-08	58
P9WEX3	P55539	26.700	227	332	332	4.367E-08	58
P9WEX3	Q9ZU77	26.000	240	332	347	5.807E-08	57
P9WEX3	O14230	26.400	263	332	347	1.026E-07	57
P9WEX3	P57537	24.400	218	332	282	2.410E-07	55
P9WEX3	Q8PYS1	25.000	153	332	295	4.256E-07	55
P9WEX3	O53507	24.300	288	332	352	4.256E-07	55
P9WEX3	Q5HZ00	20.700	278	332	422	4.256E-07	55
P9WEX3	Q97W92	26.100	160	332	281	7.512E-07	54
P9WEX3	D7PHZ5	25.500	224	332	349	7.512E-07	54
P9WEX3	Q653T6	19.700	234	332	430	1.325E-06	53
P9WEX3	O66126	25.500	182	332	291	2.337E-06	52
P9WEX3	Q45220	25.700	216	332	332	3.104E-06	52
P9WEX3	O66952	29.100	191	332	262	4.121E-06	51
P9WEX3	Q9LIA0	23.100	222	332	357	4.121E-06	51
P9WEX3	Q9LHR4	22.200	222	332	360	9.639E-06	50
P9WEX3	A0A0U3BRC5	25.200	241	332	364	9.639E-06	50
P9WEX3	P14324	25.700	254	332	419	9.639E-06	50
P9WEX3	Q5T2R2	21.200	224	332	415	1.279E-05	50
P9WEX3	P05369	24.200	269	332	353	2.253E-05	49
P9WEX3	Q33DR2	20.700	224	332	409	3.966E-05	48
P9WEX3	P22873	25.100	199	332	307	5.262E-05	48
P9WEX3	Q8WMY2	24.500	254	332	353	6.980E-05	48
P9WEX3	P21684	23.500	224	332	302	1.228E-04	47
P9WEX3	O59703	24.400	220	332	351	2.864E-04	46
P9WEX3	A0A7J6HWR9	25.700	198	332	340	6.674E-04	44
P9WEX3	A0A343W970	25.000	249	332	405	8.848E-04	44
A0A2T5Y4G4	A0A5D0EMF2	29.800	308	323	317	2.404E-33	135
A0A2T5Y4G4	A0A381HAP5	30.500	306	323	314	9.480E-32	130
A0A2T5Y4G4	A0A1G6LGU2	28.700	322	323	312	8.057E-31	127
A0A2T5Y4G4	A0A0J5WTU0	28.900	152	323	303	2.216E-13	74
A0A2T5Y4G4	P0DV41	34.200	146	323	308	2.275E-12	71
A0A2T5Y4G4	P0DV29	31.700	126	323	303	7.356E-11	66
A0A6G9KIF9	P0DUR8	46.800	399	410	440	7.878E-106	350
A0A6G9KIF9	A0A2I2F272	42.800	397	410	405	1.007E-96	324
A0A6G9KIF9	Q0CG33	45.800	356	410	375	4.017E-89	302
A0A6G9KIF9	Q9ERD9	32.500	404	410	407	1.045E-50	189
A0A6G9KIF9	P28776	32.500	404	410	407	7.693E-49	184
A0A6G9KIF9	P14902	31.000	390	410	403	6.509E-46	175
A0A2I6PJ05	Q92236	65.200	377	384	418	3.890E-167	526
A0A2I6PJ05	P24322	66.600	382	384	433	2.103E-164	518
A0A2I6PJ05	P9WEF2	57.300	359	384	419	3.908E-136	437
A0A2I6PJ05	A0A348FUE1	56.800	342	384	963	5.424E-124	402
A0A2I6PJ05	Q6F5E6	56.000	329	384	343	1.016E-120	392
A0A2I6PJ05	B2DBE9	53.900	347	384	424	1.904E-120	391
A0A2I6PJ05	Q4WBI4	59.500	308	384	357	3.560E-117	382
A0A2I6PJ05	Q672V6	60.700	285	384	340	3.203E-116	379
A0A2I6PJ05	P9WEQ2	62.100	283	384	333	2.867E-112	368
A0A2I6PJ05	A0A3S5XFG0	58.100	292	384	380	3.500E-108	356
A0A2I6PJ05	H1VQB1	56.200	295	384	322	6.553E-108	355
A0A2I6PJ05	A0A8D5M3Y5	55.500	311	384	383	6.553E-108	355
A0A2I6PJ05	I1RL14	57.300	291	384	368	3.143E-107	353
A0A2I6PJ05	F9WWF1	57.600	292	384	332	1.090E-103	343
A0A2I6PJ05	Q56RZ3	55.500	290	384	334	2.040E-103	342
A0A2I6PJ05	Q56RZ7	55.500	290	384	334	2.040E-103	342
A0A2I6PJ05	E9F5E9	56.500	292	384	337	2.791E-103	342
A0A2I6PJ05	Q9P885	58.900	263	384	303	2.503E-102	339
A0A2I6PJ05	Q9C446	54.200	291	384	371	3.071E-101	336
A0A2I6PJ05	A0A858E6N7	52.200	333	384	365	1.471E-100	334
A0A2I6PJ05	J7FIX8	56.600	277	384	334	2.013E-100	333
A0A2I6PJ05	A0A858E7G0	52.800	332	384	364	5.152E-100	332
A0A2I6PJ05	A0A0E3D8M9	53.100	288	384	364	8.639E-99	329
A0A2I6PJ05	P56966	51.700	290	384	300	1.039E-94	317
A0A2I6PJ05	A0A0E3D8P4	52.000	286	384	341	1.271E-93	314
A0A2I6PJ05	A0A140JWS2	51.300	290	384	356	1.271E-93	314
A0A2I6PJ05	A0A7D0AGU9	50.900	265	384	303	3.464E-88	298
A0A2I6PJ05	A0A1V0QSA8	47.500	318	384	339	4.228E-87	295
A0A2I6PJ05	Q54BK1	51.300	267	384	303	1.477E-86	293
A0A2I6PJ05	A0A1U8QLG8	48.100	276	384	397	6.077E-82	280
A0A2I6PJ05	A0A858E4Y8	43.900	284	384	324	9.273E-75	259
A0A2I6PJ05	Q758K0	42.300	281	384	320	8.812E-72	250
A0A2I6PJ05	P9WEP0	44.200	285	384	710	1.065E-70	247
A0A2I6PJ05	A0A0P0ZEM1	44.600	280	384	714	1.985E-70	246
A0A2I6PJ05	A0A8K1AY78	40.700	306	384	764	9.416E-70	244
A0A2I6PJ05	A0A2Z6AQX7	43.100	283	384	732	1.286E-69	244
A0A2I6PJ05	K2SUY0	42.100	282	384	698	4.465E-69	242
A0A2I6PJ05	A0A2Z6AQX6	40.800	295	384	778	4.465E-69	242
A0A2I6PJ05	Q12051	40.200	308	384	335	8.321E-69	241
A0A2I6PJ05	F9XLC1	40.300	326	384	361	8.321E-69	241
A0A2I6PJ05	A1DN30	41.400	294	384	764	5.384E-68	239
A0A2I6PJ05	A0A8H4CUY8	44.800	263	384	760	1.208E-66	235
A0A2I6PJ05	A0A0P0ZD79	36.200	339	384	705	5.038E-65	230
A0A2I6PJ05	A0A1Y1C7Q5	40.200	291	384	746	1.280E-64	229
A0A2I6PJ05	M2V8C1	42.400	283	384	721	1.746E-64	229
A0A2I6PJ05	A1C8C3	42.300	285	384	718	1.126E-63	226
A0A2I6PJ05	S0E627	38.000	292	384	393	2.208E-61	220
A0A2I6PJ05	B6HFX8	38.100	342	384	732	2.208E-61	220
A0A2I6PJ05	W6JPP9	38.400	335	384	339	4.106E-61	219
A0A2I6PJ05	A0A1V1FVQ6	39.100	304	384	728	1.042E-60	218
A0A2I6PJ05	M2U578	39.800	276	384	704	4.912E-60	216
A0A2I6PJ05	W6QAE7	44.100	262	384	742	4.912E-60	216
A0A2I6PJ05	A0A6S6QJ62	37.500	302	384	350	1.698E-59	214
A0A2I6PJ05	B2DBE8	37.600	303	384	389	2.763E-58	211
A0A2I6PJ05	A0A348DU52	35.700	347	384	770	1.773E-57	208
A0A2I6PJ05	A0A1B4XBK0	35.100	347	384	533	2.416E-57	208
A0A2I6PJ05	N4V6D4	39.100	276	384	712	3.293E-57	207
A0A2I6PJ05	P9WER5	37.300	297	384	671	8.338E-57	206
A0A2I6PJ05	A2PZA5	36.100	308	384	719	2.111E-56	205
A0A2I6PJ05	A0A2Z6FZ31	37.400	254	384	725	3.622E-51	190
A0A2I6PJ05	C9K2Q3	35.000	271	384	697	2.749E-47	178
A0A2I6PJ05	P39464	25.400	277	384	330	2.852E-19	94
A0A2I6PJ05	Q8PW34	26.800	230	384	324	3.818E-19	93
A0A2I6PJ05	Q9UWR6	25.000	272	384	318	5.112E-19	93
A0A2I6PJ05	P95999	25.800	272	384	332	5.251E-18	90
A0A2I6PJ05	P0AD57	27.500	227	384	323	1.255E-17	89
A0A2I6PJ05	P0AD58	27.500	227	384	323	1.255E-17	89
A0A2I6PJ05	Q3IPL1	24.900	309	384	341	2.997E-17	87
A0A2I6PJ05	O06428	27.800	270	384	335	1.275E-16	85
A0A2I6PJ05	Q5HZ00	24.000	311	384	422	7.189E-14	77
A0A2I6PJ05	P44916	29.500	173	384	329	2.260E-13	75
A0A2I6PJ05	Q76FS5	24.400	269	384	417	2.260E-13	75
A0A2I6PJ05	Q75HZ9	24.300	259	384	403	5.330E-13	74
A0A2I6PJ05	A0A0A7GEY4	24.400	236	384	319	9.437E-13	73
A0A2I6PJ05	Q0INZ4	25.000	251	384	414	9.437E-13	73
A0A2I6PJ05	O24743	26.200	225	384	325	1.256E-12	73
A0A2I6PJ05	P31114	20.800	269	384	348	1.256E-12	73
A0A2I6PJ05	P55785	21.500	262	384	320	3.830E-11	68
A0A2I6PJ05	Q653T6	22.300	322	384	430	3.830E-11	68
A0A2I6PJ05	Q5T2R2	25.200	262	384	415	1.193E-10	66
A0A2I6PJ05	O66129	24.000	245	384	325	1.584E-10	66
A0A2I6PJ05	Q54VJ9	25.000	279	384	456	2.104E-10	66
A0A2I6PJ05	Q97W92	25.400	239	384	281	6.539E-10	64
A0A2I6PJ05	O43091	25.500	186	384	378	1.529E-09	63
A0A2I6PJ05	Q33DR2	24.400	244	384	409	2.693E-09	62
A0A2I6PJ05	Q9LJY2	28.600	197	384	344	6.289E-09	61
A0A2I6PJ05	P22939	26.600	211	384	299	8.343E-09	61
A0A2I6PJ05	Q08291	25.500	212	384	297	1.058E-07	57
A0A2I6PJ05	Q9SLG2	27.200	206	384	372	1.058E-07	57
A0A2I6PJ05	O66952	24.300	222	384	262	2.463E-07	56
A0A2I6PJ05	O22043	29.200	182	384	336	4.327E-07	55
A0A2I6PJ05	Q8PYS1	27.800	138	384	295	5.733E-07	55
A0A2I6PJ05	Q45220	32.000	103	384	332	7.597E-07	54
A0A2I6PJ05	P14324	26.300	252	384	419	1.007E-06	54
A0A2I6PJ05	P55539	32.000	103	384	332	1.334E-06	53
A0A2I6PJ05	O04046	28.400	177	384	376	1.767E-06	53
A0A2I6PJ05	Q9LUD9	27.400	180	384	360	3.101E-06	52
A0A2I6PJ05	Q9LUE1	27.400	180	384	360	3.101E-06	52
A0A2I6PJ05	P80042	27.100	216	384	369	3.101E-06	52
A0A2I6PJ05	P34802	25.100	198	384	371	5.440E-06	51
A0A2I6PJ05	P22873	27.000	193	384	307	2.216E-05	49
A0A2I6PJ05	A0A1D8PH78	26.100	246	384	351	2.216E-05	49
A0A2I6PJ05	P21684	30.200	181	384	302	2.934E-05	49
A0A2I6PJ05	V6RG22	26.600	235	384	347	3.885E-05	49
A0A2I6PJ05	Q8WMY2	25.700	225	384	353	5.144E-05	48
A0A2I6PJ05	Q92235	26.200	249	384	347	6.810E-05	48
A0A2I6PJ05	Q9LRR0	25.800	180	384	361	1.194E-04	47
A0A2I6PJ05	Q9ZU77	28.300	178	384	347	2.091E-04	46
A0A2I6PJ05	O14230	23.900	273	384	347	2.091E-04	46
A0A2I6PJ05	Q42698	27.000	177	384	357	2.091E-04	46
A0A2I6PJ05	Q9LHR4	25.800	180	384	360	2.768E-04	46
A0A2I6PJ05	P05369	24.700	252	384	353	3.663E-04	46
A0A2I6PJ05	A0A7J6HWR9	26.700	214	384	340	4.849E-04	45
A0A2I6PJ05	O59703	24.100	246	384	351	4.849E-04	45
A0A2I6PJ05	Q94ID7	25.200	194	384	370	6.417E-04	45
C0HLL3	P0CH47	91.400	304	304	337	7.644E-195	602
C0HLL3	P53357	81.200	304	304	303	9.357E-171	532
C0HLL3	P0CH87	70.200	299	304	301	1.319E-138	439
C0HLL3	P0DMB4	68.200	299	304	334	8.897E-135	428
C0HLL3	P0DMB5	67.500	299	304	334	3.135E-134	427
C0HLL3	A0A0M3KKW3	68.200	299	304	300	2.841E-133	424
C0HLL3	Q06478	65.800	299	304	317	1.879E-132	422
C0HLL3	Q3ZU95	62.100	301	304	310	2.668E-126	404
C0HLL3	P49369	62.400	301	304	336	1.764E-125	402
C0HLL3	P51528	62.100	301	304	300	2.416E-125	401
C0HLL3	A2VBC4	58.600	305	304	322	5.176E-120	386
C0HLL3	Q9U6W0	57.300	301	304	301	6.605E-113	365
C0HLL3	P0CH86	56.000	300	304	298	3.225E-109	355
C0HLL3	C0HMC9	54.300	304	304	303	5.469E-108	351
C0HLL3	Q6Q252	54.000	304	304	337	5.469E-108	351
C0HLL3	Q6Q250	53.700	304	304	316	2.635E-107	349
C0HLL3	Q6Q249	53.700	304	304	316	1.270E-106	347
C0HLL3	Q68KK0	37.400	210	304	346	3.452E-37	145
C0HLL3	Q9Y5X9	31.800	263	304	500	2.274E-30	125
C0HLL3	Q9WVG5	31.100	263	304	500	4.199E-30	124
C0HLL3	P16233	30.200	278	304	465	7.750E-30	124
C0HLL3	Q8VBX1	30.400	263	304	493	7.750E-30	124
C0HLL3	P50903	28.000	300	304	465	2.639E-29	122
C0HLL3	A5PK46	30.800	255	304	469	6.610E-29	121
C0HLL3	Q5E9H0	32.700	251	304	456	1.655E-28	120
C0HLL3	P54318	28.500	288	304	468	1.655E-28	120
C0HLL3	P17892	29.100	288	304	482	1.655E-28	120
C0HLL3	P00591	29.200	278	304	450	2.247E-28	119
C0HLL3	P54317	28.500	281	304	469	2.247E-28	119
C0HLL3	Q64425	28.200	285	304	457	5.621E-28	118
C0HLL3	P97535	32.200	288	304	456	7.629E-28	118
C0HLL3	P27657	29.500	292	304	465	7.629E-28	118
C0HLL3	D7EZN2	29.200	276	304	471	7.629E-28	118
C0HLL3	J3RZ81	30.600	264	304	497	1.405E-27	117
C0HLL3	Q8VI78	31.400	271	304	456	8.770E-27	115
C0HLL3	P11153	28.200	267	304	465	1.190E-26	114
C0HLL3	O46559	27.600	309	304	499	1.190E-26	114
C0HLL3	O46647	28.600	267	304	475	2.189E-26	113
C0HLL3	P11151	28.600	267	304	478	2.968E-26	113
C0HLL3	Q29524	28.600	267	304	478	2.968E-26	113
C0HLL3	Q17RR3	32.700	226	304	467	4.025E-26	113
C0HLL3	P11150	28.900	271	304	499	4.025E-26	113
C0HLL3	P29183	27.200	285	304	461	7.402E-26	112
C0HLL3	P49060	28.200	267	304	475	7.402E-26	112
C0HLL3	P06858	28.200	267	304	475	7.402E-26	112
C0HLL3	P07867	28.200	271	304	494	7.402E-26	112
C0HLL3	Q06000	28.900	267	304	474	1.004E-25	111
C0HLL3	P27656	27.900	271	304	510	1.361E-25	111
C0HLL3	P11152	28.200	267	304	474	4.593E-25	109
C0HLL3	P55031	29.200	266	304	478	4.593E-25	109
C0HLL3	Q53H76	31.400	251	304	456	6.225E-25	109
C0HLL3	Q5RBQ5	31.400	251	304	456	1.549E-24	108
C0HLL3	P11602	29.000	278	304	490	1.549E-24	108
C0HLL3	P49923	27.500	267	304	478	5.215E-24	106
A0A5P8DHZ6	G8GJ96	69.800	797	800	784	0.000E+00	1163
A0A5P8DHZ6	G8GJ95	69.700	797	800	785	0.000E+00	1163
A0A5P8DHZ6	A0A1X9IRQ7	65.500	800	800	798	0.000E+00	1084
A0A5P8DHZ6	B8PQ84	64.000	799	800	793	0.000E+00	1066
A0A5P8DHZ6	A0A2K9RFZ7	59.400	800	800	798	2.603E-310	963
A0A5P8DHZ6	A0A075FA51	58.900	800	800	785	5.992E-303	942
A0A5P8DHZ6	A0A075FAK4	53.600	799	800	776	5.614E-270	846
A0A5P8DHZ6	A0A1X9IRP7	95.900	421	800	419	2.390E-265	833
A0A5P8DHZ6	G3CCC0	48.900	704	800	802	1.785E-220	702
A0A5P8DHZ6	A0A0M4M0T9	46.000	722	800	815	3.292E-209	670
A0A5P8DHZ6	A0A0U3LQ20	47.700	704	800	793	4.498E-209	669
A0A5P8DHZ6	A0A0M5L832	45.900	722	800	815	4.006E-208	666
A0A5P8DHZ6	G3E4M6	46.600	710	800	710	5.930E-206	660
A0A5P8DHZ6	E2IHE0	45.900	712	800	808	3.852E-197	634
A0A5P8DHZ6	O04408	41.500	752	800	801	9.400E-194	625
A0A5P8DHZ6	Q38802	44.400	709	800	802	1.382E-191	618
A0A5P8DHZ6	A0A2K9RG07	43.500	710	800	800	1.226E-190	616
A0A5P8DHZ6	A0A1W6QDJ1	43.700	704	800	796	2.458E-188	609
A0A5P8DHZ6	A0A0U2D9C5	44.200	719	800	776	1.035E-186	604
A0A5P8DHZ6	G3E4M4	43.600	701	800	794	1.035E-186	604
A0A5P8DHZ6	A0A1S5RW73	43.600	719	800	787	3.602E-186	602
A0A5P8DHZ6	A0A1X9ISN9	45.400	663	800	664	8.130E-185	599
A0A5P8DHZ6	Q6ET36	40.200	741	800	867	3.459E-178	579
A0A5P8DHZ6	Q41771	39.900	730	800	824	1.864E-173	565
A0A5P8DHZ6	A0A1D6K6U5	37.700	760	800	825	1.200E-167	548
A0A5P8DHZ6	Q6E7D7	40.400	705	800	767	2.686E-166	544
A0A5P8DHZ6	Q0JF02	40.000	705	800	767	6.011E-165	541
A0A5P8DHZ6	Q5MQ85	39.000	696	800	800	6.209E-158	520
A0A5P8DHZ6	Q6Z5I0	39.000	696	800	800	2.149E-157	518
A0A5P8DHZ6	A5A8G0	38.300	650	800	881	2.545E-142	474
A0A5P8DHZ6	J9R388	41.600	591	800	740	7.647E-141	470
A0A5P8DHZ6	J9QS23	41.600	591	800	739	6.661E-140	467
A0A5P8DHZ6	Q50EK2	40.500	531	800	850	2.114E-134	451
A0A5P8DHZ6	M4HY05	40.500	531	800	857	3.921E-134	450
A0A5P8DHZ6	Q947C4	38.100	591	800	873	3.921E-134	450
A0A5P8DHZ6	M4HXU6	40.500	531	800	857	5.339E-134	450
A0A5P8DHZ6	M4HYC6	40.500	531	800	850	1.835E-133	448
A0A5P8DHZ6	H8ZM73	36.000	658	800	867	8.588E-133	446
A0A5P8DHZ6	Q38710	38.300	585	800	868	1.592E-132	445
A0A5P8DHZ6	Q675L5	41.400	517	800	867	2.951E-132	445
A0A5P8DHZ6	H8ZM70	38.300	585	800	844	4.017E-132	444
A0A5P8DHZ6	F2XFB2	41.200	517	800	859	4.017E-132	444
A0A5P8DHZ6	Q675L4	41.000	517	800	859	7.446E-132	443
A0A5P8DHZ6	H8ZM71	40.600	517	800	852	4.740E-131	441
A0A5P8DHZ6	G1DGI7	40.400	498	800	750	8.039E-122	414
A0A5P8DHZ6	M4HXW5	39.200	502	800	876	1.284E-118	404
A0A5P8DHZ6	M4HYP3	39.200	502	800	876	1.284E-118	404
A0A5P8DHZ6	M4HYC8	38.100	515	800	868	5.099E-115	394
A0A5P8DHZ6	M4HY08	38.100	515	800	868	1.739E-114	392
A0A5P8DHZ6	G9MAN7	39.600	498	800	867	1.725E-112	386
A0A5P8DHZ6	A0A1L6Z3A5	36.100	512	800	814	1.427E-107	372
A0A5P8DHZ6	Q41594	37.700	499	800	862	1.000E-103	360
A0A5P8DHZ6	Q9FT37	37.300	499	800	862	6.236E-103	358
A0A5P8DHZ6	Q93YA3	37.300	499	800	862	2.111E-102	356
A0A5P8DHZ6	Q4QSN4	35.700	506	800	815	3.019E-97	341
A0A5P8DHZ6	A0A1L6Z3A0	32.600	503	800	846	9.143E-79	285
A0A5P8DHZ6	A0AA38CJ97	32.800	499	800	817	6.021E-77	280
A0A5P8DHZ6	B9T625	32.100	500	800	738	1.607E-75	275
A0A5P8DHZ6	Q39548	30.800	501	800	789	7.729E-70	258
A0A5P8DHZ6	A0A1Z3GC64	26.700	640	800	794	1.398E-69	257
A0A5P8DHZ6	Q9SAK2	27.500	727	800	785	6.143E-69	255
A0A5P8DHZ6	B9SIM2	29.700	501	800	778	2.134E-67	250
A0A5P8DHZ6	B9SIM3	30.400	510	800	774	1.685E-66	248
A0A5P8DHZ6	B9SIL7	29.800	508	800	778	1.685E-66	248
A0A5P8DHZ6	H6VLG5	28.500	489	800	811	1.326E-65	245
A0A5P8DHZ6	A0A075FBT3	30.100	498	800	756	4.308E-65	243
A0A5P8DHZ6	Q9XEH9	31.400	496	800	784	1.398E-64	242
A0A5P8DHZ6	Q9XEI0	31.600	496	800	784	2.517E-64	241
A0A5P8DHZ6	A0A5P8DI06	29.500	504	800	797	1.468E-63	239
A0A5P8DHZ6	G3CCC1	27.600	518	800	792	3.542E-63	237
A0A5P8DHZ6	Q0JA82	29.100	501	800	756	1.536E-62	235
A0A5P8DHZ6	A0A1Z3GBK8	27.700	548	800	806	2.059E-62	235
A0A5P8DHZ6	B8XA41	26.400	716	800	777	3.702E-62	234
A0A5P8DHZ6	C1K5M3	26.300	717	800	778	1.195E-61	233
A0A5P8DHZ6	Q2QQJ5	25.800	759	800	815	2.876E-61	231
A0A5P8DHZ6	Q0JEZ8	29.300	505	800	842	2.228E-60	229
A0A5P8DHZ6	Q66QH3	29.100	505	800	840	5.352E-60	228
A0A5P8DHZ6	Q6Z5J6	26.300	642	800	821	1.861E-56	216
A0A5P8DHZ6	Q0E088	28.200	501	800	829	2.487E-56	216
A0A5P8DHZ6	A0A1D6KUI6	26.800	497	800	848	3.382E-55	213
A0A5P8DHZ6	Q0JA81	25.400	551	800	819	1.438E-54	211
A0A5P8DHZ6	A4KAG7	27.000	496	800	821	2.589E-53	207
A0A5P8DHZ6	A4KAG8	28.700	498	800	821	4.629E-51	199
A0A5P8DHZ6	Q6BDZ9	26.600	486	800	822	4.608E-50	196
A0A5P8DHZ6	Q1AHB2	25.500	489	800	816	7.988E-48	189
A0A5P8DHZ6	Q96376	25.500	655	800	870	5.624E-45	180
A0A5P8DHZ6	Q93YV0	24.800	648	800	877	1.510E-40	166
A0A5P8DHZ6	O24474	33.200	262	800	627	1.911E-39	162
A0A5P8DHZ6	R9QMR3	28.500	363	800	629	1.035E-38	160
A0A5P8DHZ6	R9QMY9	28.400	347	800	629	1.035E-38	160
A0A5P8DHZ6	Q20HU6	33.400	286	800	575	3.191E-38	158
A0A5P8DHZ6	Q20HU7	30.700	263	800	634	5.601E-38	158
A0A5P8DHZ6	F2XF96	31.900	269	800	627	7.419E-38	157
A0A5P8DHZ6	O64404	31.800	280	800	581	1.724E-37	156
A0A5P8DHZ6	Q9M7D1	31.900	263	800	630	3.024E-37	155
A0A5P8DHZ6	F2XF95	31.500	269	800	627	4.005E-37	155
A0A5P8DHZ6	Q6XDB5	31.500	269	800	627	5.303E-37	154
A0A5P8DHZ6	F2XFA8	31.500	269	800	627	5.303E-37	154
A0A5P8DHZ6	Q9M7C9	31.800	289	800	637	1.231E-36	153
A0A5P8DHZ6	F2XFA0	29.500	315	800	578	3.783E-36	152
A0A5P8DHZ6	F1CKI8	30.200	306	800	627	3.783E-36	152
A0A5P8DHZ6	F1CKI9	30.500	306	800	627	5.008E-36	151
A0A5P8DHZ6	F2XFA1	33.200	262	800	624	6.629E-36	151
A0A5P8DHZ6	F2XFA4	33.200	262	800	624	6.629E-36	151
A0A5P8DHZ6	Q675L0	28.300	315	800	578	1.537E-35	150
A0A5P8DHZ6	C0PPM5	29.100	335	800	579	2.035E-35	149
A0A5P8DHZ6	Q84KL3	31.400	270	800	628	2.035E-35	149
A0A5P8DHZ6	F1CKJ1	30.200	306	800	627	2.693E-35	149
A0A5P8DHZ6	C0PTH8	32.800	262	800	624	3.564E-35	149
A0A5P8DHZ6	O22340	28.000	347	800	637	4.716E-35	148
A0A5P8DHZ6	Q84SM8	30.900	262	800	627	6.241E-35	148
A0A5P8DHZ6	R9QMW4	30.900	267	800	626	1.913E-34	146
A0A5P8DHZ6	R9QMR1	30.700	270	800	628	3.349E-34	145
A0A5P8DHZ6	R9QMW1	32.500	262	800	623	7.753E-34	144
A0A5P8DHZ6	R9QMW2	31.100	270	800	628	7.753E-34	144
A0A5P8DHZ6	R9QMQ9	32.500	262	800	627	1.357E-33	143
A0A5P8DHZ6	R9QMW8	29.600	263	800	626	2.373E-33	143
A0A5P8DHZ6	R9QMR6	29.600	263	800	626	2.373E-33	143
A0A5P8DHZ6	R9QMY8	27.600	342	800	619	3.139E-33	142
A0A5P8DHZ6	C0PPR1	27.800	294	800	626	3.139E-33	142
A0A5P8DHZ6	R9QMR5	30.000	262	800	626	5.491E-33	141
A0A5P8DHZ6	R9QMR0	32.300	261	800	628	5.491E-33	141
A0A5P8DHZ6	C0PT35	29.300	262	800	612	7.261E-33	141
A0A5P8DHZ6	F2XFA6	30.400	262	800	627	9.603E-33	141
A0A5P8DHZ6	Q9M7D0	28.400	338	800	630	1.270E-32	140
A0A5P8DHZ6	F2XFA2	29.300	262	800	612	1.679E-32	140
A0A5P8DHZ6	R9QMZ0	28.800	286	800	616	1.679E-32	140
A0A5P8DHZ6	Q948Z0	31.100	262	800	618	2.936E-32	139
A0A5P8DHZ6	F2XF98	29.000	262	800	612	3.882E-32	139
A0A5P8DHZ6	Q84KL4	31.200	262	800	627	6.787E-32	138
A0A5P8DHZ6	O50406	31.800	332	800	501	8.973E-32	138
A0A5P8DHZ6	R9QMR4	29.700	262	800	621	8.973E-32	138
A0A5P8DHZ6	R9QMW7	29.700	262	800	621	8.973E-32	138
A0A5P8DHZ6	C7ASI9	29.000	282	800	627	3.623E-31	136
A0A5P8DHZ6	F1CKI6	29.400	282	800	627	4.789E-31	135
A0A5P8DHZ6	Q84KL5	30.100	258	800	574	6.331E-31	135
A0A5P8DHZ6	R9QMW3	29.200	262	800	624	1.932E-30	133
A0A5P8DHZ6	F2XF99	29.600	262	800	580	3.138E-29	129
A0A5P8DHZ6	B2DBF1	26.100	402	800	983	7.604E-26	118
A0A5P8DHZ6	A0A348FUE1	24.100	380	800	963	1.617E-24	114
A0A5P8DHZ6	Q6PWU2	27.600	341	800	590	1.969E-23	110
A0A5P8DHZ6	A0A075FBG7	24.300	403	800	580	2.599E-23	110
A0A5P8DHZ6	B2KSJ6	26.500	333	800	560	4.529E-23	109
A0A5P8DHZ6	B2KSJ5	26.400	290	800	571	4.529E-23	109
A0A5P8DHZ6	Q49SP5	27.200	317	800	554	5.978E-23	109
A0A5P8DHZ6	A0A4Y5QVX6	25.100	333	800	551	1.375E-22	108
A0A5P8DHZ6	A0A1V0QSF6	25.700	325	800	551	1.375E-22	108
A0A5P8DHZ6	Q39978	27.300	259	800	555	2.395E-22	107
A0A5P8DHZ6	Q84LF0	27.000	294	800	548	3.161E-22	106
A0A5P8DHZ6	Q84LF1	26.300	294	800	548	3.161E-22	106
A0A5P8DHZ6	Q93X23	26.600	339	800	597	3.161E-22	106
A0A5P8DHZ6	I6RAQ6	29.800	254	800	547	7.266E-22	105
A0A5P8DHZ6	A0A2K9RFZ2	24.500	352	800	589	9.589E-22	105
A0A5P8DHZ6	G5CV46	27.600	259	800	555	1.670E-21	104
A0A5P8DHZ6	Q4JHG3	30.400	249	800	603	1.670E-21	104
A0A5P8DHZ6	Q84LG0	26.000	294	800	548	2.909E-21	103
A0A5P8DHZ6	P59287	26.500	317	800	601	2.909E-21	103
A0A5P8DHZ6	A0A1U8QHE3	25.200	406	800	979	2.909E-21	103
A0A5P8DHZ6	C0KWV4	30.800	249	800	603	3.838E-21	103
A0A5P8DHZ6	Q308N0	30.000	249	800	603	3.838E-21	103
A0A5P8DHZ6	E3W203	28.100	254	800	569	6.684E-21	102
A0A5P8DHZ6	Q9AR04	26.900	262	800	546	8.820E-21	102
A0A5P8DHZ6	Q40577	26.000	294	800	548	8.820E-21	102
A0A5P8DHZ6	A0A1V0QSF3	25.100	325	800	551	1.164E-20	101
A0A5P8DHZ6	O49853	28.600	266	800	554	1.164E-20	101
A0A5P8DHZ6	Q39760	28.600	266	800	554	1.164E-20	101
A0A5P8DHZ6	J9RLZ7	26.800	298	800	563	1.536E-20	101
A0A5P8DHZ6	A0A1V0QSG6	26.400	344	800	567	2.027E-20	100
A0A5P8DHZ6	Q39761	27.700	343	800	554	2.674E-20	100
A0A5P8DHZ6	A0A7J6HK32	29.200	254	800	556	2.674E-20	100
A0A5P8DHZ6	A0A142BX70	29.400	254	800	548	3.529E-20	100
A0A5P8DHZ6	E3W202	28.700	254	800	569	3.529E-20	100
A0A5P8DHZ6	Q9XJ32	27.300	259	800	556	4.656E-20	99
A0A5P8DHZ6	K4L9M2	25.400	302	800	561	4.656E-20	99
A0A5P8DHZ6	Q9LLR9	24.600	319	800	547	6.144E-20	99
A0A5P8DHZ6	Q8SA63	28.600	254	800	548	6.144E-20	99
A0A5P8DHZ6	Q2XSC4	26.400	300	800	538	8.106E-20	98
A0A5P8DHZ6	Q84ZW8	23.900	287	800	590	8.106E-20	98
A0A5P8DHZ6	C8XPS0	25.600	333	800	595	8.106E-20	98
A0A5P8DHZ6	Q8H2B4	28.500	290	800	606	8.106E-20	98
A0A5P8DHZ6	H9L9E5	26.200	332	800	556	1.070E-19	98
A0A5P8DHZ6	O65323	29.200	255	800	559	1.070E-19	98
A0A5P8DHZ6	T1RR72	29.200	245	800	594	1.070E-19	98
A0A5P8DHZ6	T1RRJ4	29.200	245	800	594	1.070E-19	98
A0A5P8DHZ6	T1RRR9	29.200	245	800	594	1.070E-19	98
A0A5P8DHZ6	B6SCF4	24.700	326	800	613	1.070E-19	98
A0A5P8DHZ6	B9S9Z3	26.900	266	800	558	1.411E-19	98
A0A5P8DHZ6	P93665	27.800	266	800	554	1.862E-19	97
A0A5P8DHZ6	D0UZK2	26.000	287	800	548	2.457E-19	97
A0A5P8DHZ6	E3W204	28.100	254	800	569	2.457E-19	97
A0A5P8DHZ6	Q8L5K3	26.600	254	800	606	2.457E-19	97
A0A5P8DHZ6	Q5SBP0	24.800	305	800	601	3.241E-19	96
A0A5P8DHZ6	O81192	30.300	285	800	598	4.276E-19	96
A0A5P8DHZ6	A0A7G5KLV1	24.700	254	800	561	5.642E-19	96
A0A5P8DHZ6	A0A4Y5L9K3	26.200	338	800	571	5.642E-19	96
A0A5P8DHZ6	J7LH11	25.300	283	800	546	9.821E-19	95
A0A5P8DHZ6	Q6Q3H3	26.300	291	800	557	1.296E-18	94
A0A5P8DHZ6	O81193	29.900	254	800	590	1.296E-18	94
A0A5P8DHZ6	A0A7G5KLV0	28.500	286	800	590	1.709E-18	94
A0A5P8DHZ6	B1B1U3	26.200	291	800	548	2.255E-18	94
A0A5P8DHZ6	G0Y7D1	27.900	253	800	582	2.255E-18	94
A0A5P8DHZ6	A0A1W6QDI7	24.400	335	800	626	2.255E-18	94
A0A5P8DHZ6	K4LMW2	26.200	262	800	561	2.975E-18	93
A0A5P8DHZ6	Q5SBP1	24.200	300	800	599	2.975E-18	93
A0A5P8DHZ6	A0A1C9J6A7	26.300	256	800	607	2.975E-18	93
A0A5P8DHZ6	F8UL81	26.600	254	800	548	3.925E-18	93
A0A5P8DHZ6	A7IZZ2	26.200	336	800	615	3.925E-18	93
A0A5P8DHZ6	G8H5M8	25.700	342	800	545	5.177E-18	93
A0A5P8DHZ6	A6XH06	29.100	254	800	581	5.177E-18	93
A0A5P8DHZ6	L0HAM7	30.500	228	800	603	5.177E-18	93
A0A5P8DHZ6	A0A1V0QSH2	25.300	336	800	561	9.010E-18	92
A0A5P8DHZ6	E2E2P0	26.600	284	800	594	9.010E-18	92
A0A5P8DHZ6	A0A7G5KLV3	27.100	272	800	586	1.189E-17	91
A0A5P8DHZ6	Q5SBP2	25.000	294	800	598	1.189E-17	91
A0A5P8DHZ6	P0CV94	27.200	263	800	519	2.068E-17	91
A0A5P8DHZ6	Q9FXY7	27.300	255	800	577	2.068E-17	91
A0A5P8DHZ6	J9R5V4	27.500	266	800	562	2.728E-17	90
A0A5P8DHZ6	R4JQT5	27.600	252	800	597	2.728E-17	90
A0A5P8DHZ6	O23945	25.600	280	800	556	3.599E-17	90
A0A5P8DHZ6	Q94G53	27.800	294	800	582	6.262E-17	89
A0A5P8DHZ6	D5KXD2	25.200	342	800	548	8.260E-17	89
A0A5P8DHZ6	O64961	26.600	266	800	548	8.260E-17	89
A0A5P8DHZ6	R4JND9	27.700	252	800	597	1.090E-16	88
A0A5P8DHZ6	L0HB77	29.300	251	800	597	1.090E-16	88
A0A5P8DHZ6	A0A0M3Q1Q3	25.200	284	800	542	1.437E-16	88
A0A5P8DHZ6	G5CV54	26.200	262	800	568	1.896E-16	87
A0A5P8DHZ6	E2E2N3	29.600	251	800	595	2.500E-16	87
A0A5P8DHZ6	J7LQ09	26.100	294	800	542	3.298E-16	87
A0A5P8DHZ6	Q5SBP3	27.000	258	800	574	3.298E-16	87
A0A5P8DHZ6	Q8L5K4	25.700	253	800	600	3.298E-16	87
A0A5P8DHZ6	Q94JS8	25.900	287	800	560	4.350E-16	86
A0A5P8DHZ6	G1JUH1	25.700	276	800	607	4.350E-16	86
A0A5P8DHZ6	U3LVZ7	24.400	291	800	548	7.567E-16	85
A0A5P8DHZ6	P0CJ43	26.500	248	800	589	7.567E-16	85
A0A5P8DHZ6	A6XH05	26.100	292	800	591	7.567E-16	85
A0A5P8DHZ6	Q2XSC6	26.600	254	800	602	9.981E-16	85
A0A5P8DHZ6	Q43714	25.000	262	800	555	1.316E-15	85
A0A5P8DHZ6	A0A1V0QSF8	25.500	292	800	632	1.316E-15	85
A0A5P8DHZ6	R4YZC3	25.400	303	800	596	1.736E-15	84
A0A5P8DHZ6	G8GJ94	23.300	331	800	575	2.290E-15	84
A0A5P8DHZ6	E2E2P1	29.900	226	800	601	2.290E-15	84
A0A5P8DHZ6	A4FVP2	26.300	303	800	565	3.020E-15	83
A0A5P8DHZ6	O81191	25.800	292	800	591	3.020E-15	83
A0A5P8DHZ6	P0CV96	26.800	263	800	580	3.983E-15	83
A0A5P8DHZ6	G8H5M9	25.400	262	800	554	6.928E-15	82
A0A5P8DHZ6	G8H5N1	25.400	262	800	554	6.928E-15	82
A0A5P8DHZ6	R4YXW8	24.300	303	800	572	6.928E-15	82
A0A5P8DHZ6	I7GPX8	25.600	281	800	595	9.137E-15	82
A0A5P8DHZ6	E2E2N5	22.900	302	800	554	1.205E-14	81
A0A5P8DHZ6	J7LP58	24.200	311	800	564	1.589E-14	81
A0A5P8DHZ6	Q6USK1	26.600	258	800	567	1.589E-14	81
A0A5P8DHZ6	Q9SPN1	26.800	235	800	583	2.096E-14	81
A0A5P8DHZ6	I6RE61	26.400	244	800	596	2.096E-14	81
A0A5P8DHZ6	Q5SBP4	24.800	302	800	541	2.764E-14	80
A0A5P8DHZ6	A0A1W6GW18	26.600	262	800	546	2.764E-14	80
A0A5P8DHZ6	A0A1W6GW32	27.300	262	800	546	2.764E-14	80
A0A5P8DHZ6	I6QPS5	25.000	262	800	549	2.764E-14	80
A0A5P8DHZ6	U3LW50	25.200	247	800	555	2.764E-14	80
A0A5P8DHZ6	P0CV95	26.300	286	800	578	3.645E-14	80
A0A5P8DHZ6	A0A4Y5QWK5	25.400	292	800	633	3.645E-14	80
A0A5P8DHZ6	E2E2N4	23.300	302	800	554	6.339E-14	79
A0A5P8DHZ6	A0A2R4QKX7	22.900	321	800	561	8.359E-14	79
A0A5P8DHZ6	Q9SPN0	25.100	235	800	567	1.454E-13	78
A0A5P8DHZ6	Q5SBP6	22.900	287	800	546	1.917E-13	78
A0A5P8DHZ6	A0A1V0QSG1	26.000	288	800	640	1.917E-13	78
A0A5P8DHZ6	Q5SBP5	25.000	249	800	540	2.528E-13	77
A0A5P8DHZ6	Q49SP4	23.700	309	800	545	3.333E-13	77
A0A5P8DHZ6	Q0VHD6	23.900	269	800	550	5.796E-13	76
A0A5P8DHZ6	A7IZZ1	26.200	267	800	623	4.017E-12	73
A0A5P8DHZ6	Q49SP6	24.600	309	800	554	2.111E-11	71
A0A5P8DHZ6	Q9ZUH4	23.400	332	800	591	2.111E-11	71
A0A5P8DHZ6	Q84LB2	24.600	263	800	576	3.669E-11	70
A0A5P8DHZ6	A0A0D4D912	24.200	263	800	559	1.462E-10	68
A0A5P8DHZ6	B0FGA9	24.500	263	800	559	4.416E-10	66
A0A5P8DHZ6	Q84ND0	24.300	235	800	581	4.416E-10	66
A0A5P8DHZ6	Q84NC9	24.300	235	800	584	4.416E-10	66
A0A5P8DHZ6	P0DI76	23.700	298	800	600	7.675E-10	66
A0A5P8DHZ6	P0DI77	23.700	298	800	600	7.675E-10	66
A0A5P8DHZ6	H2ELN1	24.500	276	800	522	1.334E-09	65
A0A5P8DHZ6	Q9LRZ6	23.900	248	800	598	1.334E-09	65
A0A5P8DHZ6	A5Y5L5	25.000	248	800	610	7.002E-09	63
A0A5P8DHZ6	A0A1V0QSH1	24.500	299	800	594	1.217E-08	62
A0A5P8DHZ6	A0A1V0QSF4	22.400	288	800	615	8.417E-08	59
A0A5P8DHZ6	Q9AJE4	22.700	383	800	499	2.109E-05	51
A0A5P8DHZ6	I1M2G5	23.000	126	800	534	2.780E-05	51
P0DPR2	Q68DV7	45.400	555	689	783	6.094E-120	404
P0DPR2	Q9ULT6	34.400	358	689	936	9.266E-53	203
P0DPR2	Q5SSZ7	33.200	369	689	913	2.238E-52	202
P0DPR2	Q08D68	37.200	312	689	853	3.002E-52	201
P0DPR2	A5WWA0	33.500	374	689	868	1.360E-50	196
P0DPR2	Q4KLR8	36.100	324	689	784	6.287E-48	188
P0DPR2	Q8TEB7	30.900	199	689	428	2.259E-18	93
P0DPR2	Q9D304	30.400	199	689	428	1.582E-17	91
P0DPR2	Q5RF74	30.900	199	689	428	2.090E-17	90
P0DPR2	Q29RU0	28.400	261	689	431	3.643E-17	89
P0DPR2	Q8AWW4	26.600	201	689	404	1.022E-15	85
P0DPR2	Q9H6Y7	38.200	121	689	350	6.576E-14	79
P0DPR2	Q6AY01	23.400	199	689	381	2.633E-13	77
P0DPR2	Q91XF4	27.300	325	689	347	4.585E-13	76
P0DPR2	Q9NVW2	47.200	55	689	624	3.195E-12	73
P0DPR2	O54965	25.700	303	689	381	4.216E-12	73
P0DPR2	Q66HG0	26.100	303	689	380	5.563E-12	72
P0DPR2	Q90972	26.500	279	689	381	7.341E-12	72
P0DPR2	Q7T037	45.400	55	689	757	7.341E-12	72
P0DPR2	Q07G42	45.400	55	689	639	9.686E-12	72
P0DPR2	Q95K04	23.800	199	689	376	1.278E-11	71
P0DPR2	Q8WVZ7	23.800	199	689	376	1.686E-11	71
P0DPR2	Q0VD51	58.000	50	689	380	1.686E-11	71
P0DPR2	Q5RCV8	58.000	50	689	381	1.686E-11	71
P0DPR2	O43567	58.000	50	689	381	1.686E-11	71
P0DPR2	Q9LN71	37.600	113	689	408	2.225E-11	70
P0DPR2	Q641J8	46.100	52	689	622	2.225E-11	70
P0DPR2	Q84W40	45.700	59	689	404	5.111E-11	69
P0DPR2	Q8H7N9	47.200	70	689	353	8.896E-11	68
P0DPR2	Q9Y252	30.600	101	689	685	2.043E-10	67
P0DPR2	Q9DBU5	46.000	50	689	667	2.695E-10	67
P0DPR2	Q3U2C5	23.700	196	689	394	4.691E-10	66
P0DPR2	Q9VI20	41.300	58	689	536	8.164E-10	65
P0DPR2	O64763	53.100	47	689	378	1.421E-09	64
P0DPR2	Q93Z92	56.500	46	689	390	1.421E-09	64
P0DPR2	Q9DAH2	36.800	92	689	327	1.874E-09	64
P0DPR2	Q6NRX0	23.300	214	689	397	1.874E-09	64
P0DPR2	Q4R6Y5	38.000	69	689	429	1.874E-09	64
P0DPR2	Q8WWF5	38.000	97	689	429	1.874E-09	64
P0DPR2	Q7X843	53.000	49	689	349	2.472E-09	64
P0DPR2	Q9FHG8	55.300	47	689	210	3.261E-09	63
P0DPR2	Q86XS8	50.000	46	689	419	3.261E-09	63
P0DPR2	Q8NC42	24.000	248	689	400	4.302E-09	63
P0DPR2	Q8VEM1	47.800	46	689	419	4.302E-09	63
P0DPR2	Q6Y290	47.800	46	689	419	4.302E-09	63
P0DPR2	Q9H0F5	48.900	49	689	515	4.302E-09	63
P0DPR2	Q8BI21	48.900	49	689	464	5.675E-09	63
P0DPR2	Q9LZV8	41.900	61	689	159	7.486E-09	62
P0DPR2	Q9LS99	48.900	49	689	220	7.486E-09	62
P0DPR2	Q7XLY8	42.100	63	689	383	7.486E-09	62
P0DPR2	Q9LX93	33.900	100	689	301	9.875E-09	62
P0DPR2	Q9LY41	44.200	61	689	334	9.875E-09	62
P0DPR2	P93823	47.800	46	689	381	9.875E-09	62
P0DPR2	Q9LRB7	50.000	55	689	325	1.303E-08	61
P0DPR2	O64762	41.100	67	689	302	1.718E-08	61
P0DPR2	Q8GYT9	53.300	45	689	358	1.718E-08	61
P0DPR2	Q8GW38	48.000	50	689	369	1.718E-08	61
P0DPR2	Q9LSW9	46.200	54	689	375	1.718E-08	61
P0DPR2	Q67YI6	49.100	59	689	411	1.718E-08	61
P0DPR2	Q9ZT49	32.900	90	689	200	2.266E-08	61
P0DPR2	Q9SL78	54.700	42	689	390	2.266E-08	61
P0DPR2	Q7XTV7	41.400	70	689	667	2.266E-08	61
P0DPR2	Q94BY6	42.800	49	689	226	3.943E-08	60
P0DPR2	Q8LPN7	38.000	50	689	328	3.943E-08	60
P0DPR2	Q9VE61	46.600	45	689	147	5.201E-08	59
P0DPR2	O22755	52.300	42	689	185	5.201E-08	59
P0DPR2	Q9C7I1	45.400	54	689	327	5.201E-08	59
P0DPR2	Q9LUL6	50.000	42	689	204	6.860E-08	59
P0DPR2	E9QAU8	36.900	73	689	347	6.860E-08	59
P0DPR2	Q9FLC6	42.300	52	689	176	1.193E-07	58
P0DPR2	Q6NML0	42.800	49	689	225	1.193E-07	58
P0DPR2	Q852U6	47.000	51	689	250	1.193E-07	58
P0DPR2	Q6DIP3	40.700	54	689	311	1.193E-07	58
P0DPR2	Q6IRP0	40.700	54	689	312	1.193E-07	58
P0DPR2	P0CH30	33.300	57	689	338	1.193E-07	58
P0DPR2	Q5XF85	52.300	42	689	432	1.193E-07	58
P0DPR2	Q9LM69	54.700	42	689	197	1.574E-07	58
P0DPR2	Q9LZJ6	39.100	69	689	257	1.574E-07	58
P0DPR2	Q9LF64	50.000	42	689	362	1.574E-07	58
P0DPR2	Q0V9R0	42.800	56	689	954	1.574E-07	58
P0DPR2	Q6NRV8	42.800	56	689	959	1.574E-07	58
P0DPR2	Q5M974	44.400	45	689	156	2.076E-07	57
P0DPR2	Q6GPV5	44.400	45	689	156	2.076E-07	57
P0DPR2	Q8LC69	54.700	42	689	185	2.076E-07	57
P0DPR2	Q940Q4	48.900	47	689	472	2.076E-07	57
P0DPR2	Q9VHI7	42.800	49	689	380	2.738E-07	57
P0DPR2	Q8RXX9	41.600	60	689	398	2.738E-07	57
P0DPR2	Q9FMM4	41.100	51	689	691	2.738E-07	57
P0DPR2	Q90ZT7	42.800	56	689	923	2.738E-07	57
P0DPR2	Q66J97	42.800	56	689	967	2.738E-07	57
P0DPR2	Q9SG96	38.900	59	689	181	3.611E-07	57
P0DPR2	O22255	38.500	57	689	227	3.611E-07	57
P0DPR2	P0C041	46.800	47	689	310	3.611E-07	57
P0DPR2	Q7T0Q3	40.700	54	689	312	3.611E-07	57
P0DPR2	P0C035	47.600	42	689	310	4.763E-07	56
P0DPR2	Q5R476	48.800	45	689	986	4.763E-07	56
P0DPR2	Q99ML9	48.800	45	689	989	4.763E-07	56
P0DPR2	Q6ZNA4	48.800	45	689	994	4.763E-07	56
P0DPR2	Q9M0R7	44.600	47	689	132	6.282E-07	56
P0DPR2	Q9SRM0	46.100	52	689	158	6.282E-07	56
P0DPR2	Q9FG21	45.400	55	689	197	6.282E-07	56
P0DPR2	Q9BV68	37.000	54	689	311	6.282E-07	56
P0DPR2	O22197	39.200	56	689	328	6.282E-07	56
P0DPR2	Q9LQX2	25.400	99	689	204	8.285E-07	55
P0DPR2	Q9M0R6	47.800	46	689	302	8.285E-07	55
P0DPR2	Q8W571	41.500	53	689	323	8.285E-07	55
P0DPR2	Q9M0R4	49.000	51	689	357	8.285E-07	55
P0DPR2	Q8LGA5	38.400	65	689	368	8.285E-07	55
P0DPR2	Q9SZL4	41.100	67	689	145	1.093E-06	55
P0DPR2	Q9ZV53	46.800	47	689	423	1.093E-06	55
P0DPR2	Q8GXF8	35.100	54	689	283	1.441E-06	55
P0DPR2	Q91YL2	37.000	54	689	313	1.441E-06	55
P0DPR2	Q9XF63	42.500	47	689	324	1.441E-06	55
P0DPR2	Q9C919	44.800	49	689	178	1.900E-06	54
P0DPR2	Q9SJJ7	44.800	49	689	237	1.900E-06	54
P0DPR2	Q0II22	38.000	50	689	313	1.900E-06	54
P0DPR2	Q9M0R5	47.800	46	689	345	1.900E-06	54
P0DPR2	Q6NQG7	38.700	49	689	219	2.506E-06	54
P0DPR2	Q6NRL6	32.200	93	689	605	2.506E-06	54
P0DPR2	Q803I8	40.000	63	689	625	2.506E-06	54
P0DPR2	Q9Y4L5	46.300	41	689	304	3.305E-06	53
P0DPR2	Q9LT17	39.500	48	689	340	3.305E-06	53
P0DPR2	Q5XHH7	33.300	93	689	595	3.305E-06	53
P0DPR2	O49500	31.100	90	689	666	3.305E-06	53
P0DPR2	Q8RX29	42.400	65	689	217	4.359E-06	53
P0DPR2	O82353	43.100	51	689	214	5.748E-06	53
P0DPR2	Q94AK4	38.100	55	689	320	5.748E-06	53
P0DPR2	Q9SPL2	39.300	61	689	334	5.748E-06	53
P0DPR2	Q9P0P0	40.000	45	689	153	7.581E-06	52
P0DPR2	O80927	43.400	46	689	235	7.581E-06	52
P0DPR2	Q8RXD3	37.700	45	689	310	7.581E-06	52
P0DPR2	Q9ZQF9	37.000	62	689	704	7.581E-06	52
P0DPR2	Q6NKR1	44.000	49	689	254	9.997E-06	52
P0DPR2	Q9D0C1	43.900	41	689	305	9.997E-06	52
P0DPR2	Q9SNB6	42.200	45	689	395	1.318E-05	51
P0DPR2	Q9DBY1	31.100	103	689	612	1.318E-05	51
P0DPR2	Q6AXU4	37.700	45	689	165	1.739E-05	51
P0DPR2	Q9M313	36.300	65	689	212	1.739E-05	51
P0DPR2	Q08CN9	51.200	39	689	217	1.739E-05	51
P0DPR2	Q71FD5	51.200	39	689	238	1.739E-05	51
P0DPR2	Q8NHG8	51.200	39	689	242	1.739E-05	51
P0DPR2	O22283	30.600	97	689	401	1.739E-05	51
P0DPR2	Q9ZT42	32.200	62	689	375	2.293E-05	51
P0DPR2	Q86TM6	31.100	103	689	617	2.293E-05	51
P0DPR2	Q3T0W3	37.700	45	689	153	3.023E-05	50
P0DPR2	Q9SN28	33.300	59	689	236	3.023E-05	50
P0DPR2	Q570X5	36.700	49	689	261	3.023E-05	50
P0DPR2	Q9SKK8	42.800	49	689	377	3.023E-05	50
P0DPR2	Q940T5	40.000	45	689	407	3.023E-05	50
P0DPR2	Q84TF5	42.300	52	689	174	3.987E-05	50
P0DPR2	Q9EPZ8	33.300	78	689	682	3.987E-05	50
P0DPR2	Q9CY62	37.700	45	689	165	5.257E-05	49
P0DPR2	Q9SLC3	34.200	72	689	236	5.257E-05	49
P0DPR2	P0CH03	44.100	43	689	366	5.257E-05	49
P0DPR2	Q9D9X6	45.400	44	689	631	5.257E-05	49
P0DPR2	Q9FL42	39.100	65	689	159	6.933E-05	49
P0DPR2	Q9FGJ6	40.700	54	689	166	6.933E-05	49
P0DPR2	Q9ZV51	35.800	66	689	181	6.933E-05	49
P0DPR2	Q9R1W3	30.500	85	689	683	6.933E-05	49
P0DPR2	Q9FIR0	47.100	52	689	289	9.142E-05	49
P0DPR2	P0CH02	44.100	43	689	362	9.142E-05	49
P0DPR2	Q8LE94	36.100	47	689	231	1.205E-04	48
P0DPR2	Q5Z880	37.300	80	689	500	1.205E-04	48
P0DPR2	A8Y4B2	36.800	57	689	622	1.205E-04	48
P0DPR2	Q9LJL6	39.100	46	689	141	1.590E-04	48
P0DPR2	Q9SLC4	45.200	42	689	217	1.590E-04	48
P0DPR2	P0CH01	44.100	43	689	372	1.590E-04	48
P0DPR2	O55176	43.900	41	689	578	1.590E-04	48
P0DPR2	Q20798	42.200	45	689	610	1.590E-04	48
P0DPR2	Q8NEG5	45.400	44	689	633	1.590E-04	48
P0DPR2	Q4TU14	43.900	41	689	371	2.096E-04	48
P0DPR2	F7EP40	46.100	39	689	195	2.764E-04	47
P0DPR2	Q66KG7	46.100	39	689	195	2.764E-04	47
P0DPR2	Q8ND25	46.100	39	689	227	2.764E-04	47
P0DPR2	Q91V17	46.100	39	689	227	2.764E-04	47
P0DPR2	F1MM41	46.100	39	689	227	2.764E-04	47
P0DPR2	Q6P4U6	46.100	39	689	215	3.644E-04	47
P0DPR2	Q5RBT7	50.000	42	689	664	3.644E-04	47
P0DPR2	Q7TMV1	50.000	42	689	668	3.644E-04	47
P0DPR2	P90990	32.100	56	689	451	4.805E-04	46
P0DPR2	Q5SWK7	39.600	53	689	663	4.805E-04	46
P0DPR2	Q9CR50	41.600	48	689	261	6.336E-04	46
P0DPR2	Q96PM5	41.600	48	689	261	6.336E-04	46
P0DPR2	Q5QLR5	31.600	60	689	523	6.336E-04	46
P0DPR2	Q93ZF6	30.000	50	689	153	8.354E-04	46
P0DPR2	F1QB30	31.300	82	689	620	8.354E-04	46
A0A2K9RFZ8	A0A1X9IRQ7	54.100	786	814	798	3.592E-278	871
A0A2K9RFZ8	B8PQ84	55.700	720	814	793	1.359E-269	846
A0A2K9RFZ8	A0A2K9RFZ7	56.000	722	814	798	6.432E-266	835
A0A2K9RFZ8	A0A075FA51	52.300	766	814	785	1.286E-257	811
A0A2K9RFZ8	G8GJ95	51.400	722	814	785	4.016E-239	757
A0A2K9RFZ8	A0A075FAK4	50.700	721	814	776	4.911E-238	754
A0A2K9RFZ8	G8GJ96	51.200	722	814	784	1.535E-236	750
A0A2K9RFZ8	A0A0M4M0T9	49.000	743	814	815	5.236E-233	739
A0A2K9RFZ8	A0A0M5L832	48.800	743	814	815	1.338E-232	738
A0A2K9RFZ8	G3CCC0	50.200	731	814	802	4.556E-229	728
A0A2K9RFZ8	O04408	48.100	717	814	801	1.889E-224	715
A0A2K9RFZ8	E2IHE0	49.600	714	814	808	6.954E-219	698
A0A2K9RFZ8	A0A0U3LQ20	46.300	762	814	793	9.976E-214	683
A0A2K9RFZ8	G3E4M6	46.300	711	814	710	4.417E-207	664
A0A2K9RFZ8	Q38802	43.400	762	814	802	8.247E-207	663
A0A2K9RFZ8	A0A1W6QDJ1	44.500	763	814	796	1.664E-204	657
A0A2K9RFZ8	A0A0U2D9C5	45.900	732	814	776	2.274E-204	656
A0A2K9RFZ8	A0A2K9RG07	46.000	719	814	800	5.155E-203	652
A0A2K9RFZ8	G3E4M4	45.600	721	814	794	3.353E-202	650
A0A2K9RFZ8	A0A1S5RW73	44.400	742	814	787	3.071E-196	632
A0A2K9RFZ8	Q6ET36	42.300	747	814	867	4.511E-194	626
A0A2K9RFZ8	A0A1D6K6U5	41.800	734	814	825	5.465E-193	623
A0A2K9RFZ8	Q41771	41.000	744	814	824	3.808E-190	615
A0A2K9RFZ8	A0A1X9ISN9	45.600	665	814	664	5.575E-188	608
A0A2K9RFZ8	Q6Z5I0	40.100	733	814	800	1.967E-172	563
A0A2K9RFZ8	Q5MQ85	40.400	733	814	800	1.271E-171	561
A0A2K9RFZ8	J9QS23	39.800	739	814	739	3.013E-168	551
A0A2K9RFZ8	J9R388	39.800	740	814	740	5.610E-168	550
A0A2K9RFZ8	Q6E7D7	39.800	714	814	767	2.653E-167	548
A0A2K9RFZ8	Q0JF02	39.800	714	814	767	8.089E-166	544
A0A2K9RFZ8	A5A8G0	37.500	750	814	881	3.543E-162	533
A0A2K9RFZ8	Q38710	35.000	773	814	868	2.200E-149	496
A0A2K9RFZ8	M4HY05	35.900	757	814	857	2.999E-149	495
A0A2K9RFZ8	H8ZM70	35.000	773	814	844	7.593E-149	494
A0A2K9RFZ8	M4HXU6	35.800	757	814	857	4.866E-148	492
A0A2K9RFZ8	Q50EK2	35.800	757	814	850	6.632E-148	491
A0A2K9RFZ8	H8ZM73	35.500	750	814	867	6.632E-148	491
A0A2K9RFZ8	M4HYC6	35.700	757	814	850	9.038E-148	491
A0A2K9RFZ8	M4HXW5	35.400	774	814	876	1.996E-146	487
A0A2K9RFZ8	M4HYP3	35.300	774	814	876	1.996E-146	487
A0A2K9RFZ8	F2XFB2	37.200	670	814	859	3.234E-145	483
A0A2K9RFZ8	Q675L5	44.700	513	814	867	3.234E-145	483
A0A2K9RFZ8	Q675L4	37.300	670	814	859	6.003E-145	482
A0A2K9RFZ8	H8ZM71	35.900	719	814	852	8.180E-145	482
A0A2K9RFZ8	Q947C4	34.100	756	814	873	7.130E-144	479
A0A2K9RFZ8	M4HY08	32.900	779	814	868	4.425E-134	451
A0A2K9RFZ8	M4HYC8	32.700	779	814	868	2.069E-133	449
A0A2K9RFZ8	G1DGI7	34.800	747	814	750	4.598E-130	439
A0A2K9RFZ8	A0A1X9IRP7	50.000	423	814	419	3.025E-121	413
A0A2K9RFZ8	Q4QSN4	34.700	679	814	815	2.997E-115	395
A0A2K9RFZ8	A0A1L6Z3A5	34.100	643	814	814	4.026E-113	389
A0A2K9RFZ8	Q9FT37	39.100	503	814	862	1.370E-112	387
A0A2K9RFZ8	Q93YA3	38.700	503	814	862	1.584E-111	384
A0A2K9RFZ8	Q41594	38.500	503	814	862	9.924E-111	381
A0A2K9RFZ8	G9MAN7	36.700	525	814	867	2.431E-108	374
A0A2K9RFZ8	A0AA38CJ97	29.800	708	814	817	1.778E-89	318
A0A2K9RFZ8	A0A1L6Z3A0	35.400	489	814	846	8.967E-88	313
A0A2K9RFZ8	A0A1Z3GC64	26.600	746	814	794	4.990E-85	304
A0A2K9RFZ8	B9T625	33.500	501	814	738	3.029E-84	302
A0A2K9RFZ8	G3CCC1	28.200	776	814	792	6.723E-82	295
A0A2K9RFZ8	Q9XEH9	28.100	718	814	784	1.611E-78	285
A0A2K9RFZ8	A0A075FBT3	27.300	712	814	756	2.172E-78	284
A0A2K9RFZ8	A0A1Z3GBK8	27.800	753	814	806	1.303E-77	282
A0A2K9RFZ8	Q39548	27.400	737	814	789	2.572E-76	278
A0A2K9RFZ8	B9SIM2	31.000	507	814	778	3.465E-76	278
A0A2K9RFZ8	Q9SAK2	26.400	759	814	785	8.471E-76	276
A0A2K9RFZ8	Q9XEI0	27.500	718	814	784	2.070E-75	275
A0A2K9RFZ8	B9SIM3	26.600	723	814	774	6.809E-75	274
A0A2K9RFZ8	A0A5P8DI06	27.700	729	814	797	5.461E-74	271
A0A2K9RFZ8	B9SIL7	25.900	725	814	778	7.351E-74	271
A0A2K9RFZ8	H6VLG5	25.900	752	814	811	9.895E-74	270
A0A2K9RFZ8	C1K5M3	27.100	717	814	778	2.413E-73	269
A0A2K9RFZ8	Q66QH3	26.800	803	814	840	7.913E-73	267
A0A2K9RFZ8	Q0JEZ8	26.500	803	814	842	2.593E-72	266
A0A2K9RFZ8	Q0JA82	26.100	722	814	756	1.384E-68	254
A0A2K9RFZ8	B8XA41	27.100	716	814	777	2.498E-68	254
A0A2K9RFZ8	A0A1D6KUI6	30.400	506	814	848	2.930E-65	244
A0A2K9RFZ8	Q2QQJ5	30.700	505	814	815	3.931E-65	244
A0A2K9RFZ8	Q0E088	25.100	753	814	829	1.272E-64	242
A0A2K9RFZ8	A4KAG8	31.300	498	814	821	4.460E-62	234
A0A2K9RFZ8	Q0JA81	26.900	564	814	819	6.183E-61	231
A0A2K9RFZ8	Q6Z5J6	29.700	496	814	821	8.529E-60	227
A0A2K9RFZ8	A4KAG7	29.100	496	814	821	2.137E-57	220
A0A2K9RFZ8	Q6BDZ9	29.200	495	814	822	2.857E-57	219
A0A2K9RFZ8	Q1AHB2	27.800	495	814	816	2.228E-53	207
A0A2K9RFZ8	Q96376	26.000	726	814	870	1.652E-50	198
A0A2K9RFZ8	F2XF96	38.800	269	814	627	2.042E-46	185
A0A2K9RFZ8	O24474	32.100	346	814	627	2.715E-46	184
A0A2K9RFZ8	R9QMR3	36.500	287	814	629	4.794E-46	184
A0A2K9RFZ8	Q6XDB5	38.800	269	814	627	6.370E-46	183
A0A2K9RFZ8	F2XFA8	38.800	269	814	627	6.370E-46	183
A0A2K9RFZ8	R9QMY9	36.800	287	814	629	6.370E-46	183
A0A2K9RFZ8	F2XF95	38.500	269	814	627	1.125E-45	183
A0A2K9RFZ8	Q9M7C9	38.000	269	814	637	2.637E-45	181
A0A2K9RFZ8	O64404	32.100	368	814	581	3.502E-45	181
A0A2K9RFZ8	F2XFA1	38.800	269	814	624	3.502E-45	181
A0A2K9RFZ8	F2XFA4	38.800	269	814	624	4.652E-45	181
A0A2K9RFZ8	C0PTH8	38.500	269	814	624	1.921E-44	179
A0A2K9RFZ8	Q84KL3	36.600	269	814	628	4.497E-44	177
A0A2K9RFZ8	Q9M7D1	32.800	342	814	630	5.970E-44	177
A0A2K9RFZ8	Q20HU7	29.900	359	814	634	5.970E-44	177
A0A2K9RFZ8	R9QMR5	31.200	342	814	626	7.925E-44	177
A0A2K9RFZ8	C0PPR1	36.000	268	814	626	1.052E-43	176
A0A2K9RFZ8	Q20HU6	31.900	390	814	575	1.396E-43	176
A0A2K9RFZ8	R9QMQ9	37.000	269	814	627	2.459E-43	175
A0A2K9RFZ8	R9QMZ0	31.600	342	814	616	4.331E-43	174
A0A2K9RFZ8	R9QMW1	36.600	269	814	623	4.331E-43	174
A0A2K9RFZ8	F2XFA6	32.000	342	814	627	4.331E-43	174
A0A2K9RFZ8	R9QMR1	35.900	269	814	628	7.625E-43	173
A0A2K9RFZ8	Q84KL4	36.700	269	814	627	1.342E-42	173
A0A2K9RFZ8	R9QMR0	36.800	268	814	628	1.342E-42	173
A0A2K9RFZ8	R9QMW2	36.200	269	814	628	1.781E-42	172
A0A2K9RFZ8	Q9M7D0	31.900	342	814	630	1.781E-42	172
A0A2K9RFZ8	F1CKI9	34.300	309	814	627	7.311E-42	170
A0A2K9RFZ8	Q948Z0	37.600	269	814	618	9.695E-42	170
A0A2K9RFZ8	F1CKJ1	34.700	309	814	627	9.695E-42	170
A0A2K9RFZ8	O22340	36.200	269	814	637	9.695E-42	170
A0A2K9RFZ8	Q93YV0	23.100	747	814	877	1.286E-41	169
A0A2K9RFZ8	F1CKI8	36.100	269	814	627	1.705E-41	169
A0A2K9RFZ8	C0PT35	34.400	269	814	612	2.261E-41	169
A0A2K9RFZ8	F2XFA2	34.400	269	814	612	5.269E-41	168
A0A2K9RFZ8	Q84SM8	35.700	269	814	627	9.260E-41	167
A0A2K9RFZ8	F2XF98	34.000	269	814	612	1.227E-40	166
A0A2K9RFZ8	R9QMY8	34.000	269	814	619	1.227E-40	166
A0A2K9RFZ8	R9QMR4	33.700	269	814	621	1.548E-39	163
A0A2K9RFZ8	R9QMW7	33.700	269	814	621	1.548E-39	163
A0A2K9RFZ8	R9QMW8	32.400	287	814	626	8.366E-39	160
A0A2K9RFZ8	R9QMR6	32.400	287	814	626	8.366E-39	160
A0A2K9RFZ8	F2XFA0	36.100	268	814	578	1.108E-38	160
A0A2K9RFZ8	R9QMW4	33.100	287	814	626	1.108E-38	160
A0A2K9RFZ8	R9QMW3	33.400	269	814	624	1.944E-38	159
A0A2K9RFZ8	Q675L0	35.400	268	814	578	5.978E-38	158
A0A2K9RFZ8	F2XF99	34.800	260	814	580	7.916E-38	157
A0A2K9RFZ8	Q84KL5	35.200	256	814	574	5.643E-37	154
A0A2K9RFZ8	C0PPM5	35.600	268	814	579	5.643E-37	154
A0A2K9RFZ8	F1CKI6	34.300	260	814	627	2.850E-35	149
A0A2K9RFZ8	C7ASI9	33.900	260	814	627	3.771E-35	149
A0A2K9RFZ8	O50406	31.000	312	814	501	1.010E-32	141
A0A2K9RFZ8	A0A2K9RFZ2	24.900	500	814	589	5.019E-31	135
A0A2K9RFZ8	Q84ZW8	23.500	493	814	590	5.299E-28	125
A0A2K9RFZ8	Q6PWU2	33.000	251	814	590	6.999E-28	125
A0A2K9RFZ8	A0A075FBG7	22.900	501	814	580	8.550E-27	121
A0A2K9RFZ8	Q4JHG3	31.500	249	814	603	1.969E-26	120
A0A2K9RFZ8	A0A7G5KLV0	31.800	246	814	590	4.531E-26	119
A0A2K9RFZ8	Q308N0	30.700	249	814	603	1.377E-25	117
A0A2K9RFZ8	Q93X23	30.100	250	814	597	7.289E-25	115
A0A2K9RFZ8	G0Y7D3	30.800	253	814	580	9.623E-25	115
A0A2K9RFZ8	C0KWV4	30.300	249	814	603	9.623E-25	115
A0A2K9RFZ8	Q8H2B4	30.500	249	814	606	2.213E-24	113
A0A2K9RFZ8	A0A1W6QDI7	25.500	377	814	626	2.213E-24	113
A0A2K9RFZ8	G0Y7D1	31.100	252	814	582	2.922E-24	113
A0A2K9RFZ8	Q9SPN0	32.000	233	814	567	4.688E-23	109
A0A2K9RFZ8	E3W204	29.200	264	814	569	4.688E-23	109
A0A2K9RFZ8	C8XPS0	25.000	371	814	595	8.166E-23	108
A0A2K9RFZ8	E3W203	29.800	261	814	569	1.078E-22	108
A0A2K9RFZ8	E3W202	30.000	261	814	569	1.422E-22	108
A0A2K9RFZ8	A0A1C9J6A7	28.600	251	814	607	1.422E-22	108
A0A2K9RFZ8	J7LH11	28.500	266	814	546	1.877E-22	107
A0A2K9RFZ8	Q8L5K3	28.000	253	814	606	1.877E-22	107
A0A2K9RFZ8	B2KSJ5	25.300	342	814	571	2.477E-22	107
A0A2K9RFZ8	Q9SPN1	32.600	241	814	583	4.314E-22	106
A0A2K9RFZ8	Q39978	29.600	268	814	555	5.692E-22	106
A0A2K9RFZ8	Q9AR86	31.000	247	814	595	5.692E-22	106
A0A2K9RFZ8	O81192	29.800	249	814	598	7.512E-22	105
A0A2K9RFZ8	L0HB77	28.100	249	814	597	2.277E-21	104
A0A2K9RFZ8	Q50L36	30.200	247	814	595	3.005E-21	103
A0A2K9RFZ8	A0A0M3Q1Q3	26.200	275	814	542	3.965E-21	103
A0A2K9RFZ8	Q7XAS7	30.200	247	814	595	3.965E-21	103
A0A2K9RFZ8	Q2XSC4	28.000	274	814	538	6.904E-21	102
A0A2K9RFZ8	Q84LF0	28.600	264	814	548	9.109E-21	102
A0A2K9RFZ8	Q84LF1	28.600	264	814	548	9.109E-21	102
A0A2K9RFZ8	A0A1V0QSG6	30.000	263	814	567	1.202E-20	101
A0A2K9RFZ8	Q5SBP3	29.200	268	814	574	2.092E-20	100
A0A2K9RFZ8	A0A7G5KLV3	32.200	252	814	586	2.092E-20	100
A0A2K9RFZ8	T1RR72	28.500	245	814	594	2.760E-20	100
A0A2K9RFZ8	T1RRJ4	28.500	245	814	594	2.760E-20	100
A0A2K9RFZ8	T1RRR9	28.500	245	814	594	2.760E-20	100
A0A2K9RFZ8	B6SCF4	29.300	249	814	613	2.760E-20	100
A0A2K9RFZ8	G8GJ94	22.900	483	814	575	3.642E-20	100
A0A2K9RFZ8	B3TPQ7	28.600	250	814	592	3.642E-20	100
A0A2K9RFZ8	Q40577	28.600	264	814	548	4.805E-20	99
A0A2K9RFZ8	A0A7J6HK32	31.300	252	814	556	4.805E-20	99
A0A2K9RFZ8	B6SCF6	29.500	249	814	563	6.340E-20	99
A0A2K9RFZ8	O81193	29.700	250	814	590	6.340E-20	99
A0A2K9RFZ8	A0A1V0QSF6	28.900	251	814	551	8.364E-20	98
A0A2K9RFZ8	E2E2P0	25.800	275	814	594	8.364E-20	98
A0A2K9RFZ8	L0HAM7	26.200	249	814	603	8.364E-20	98
A0A2K9RFZ8	G5CV45	28.500	268	814	548	1.103E-19	98
A0A2K9RFZ8	A6XH06	29.700	250	814	581	1.103E-19	98
A0A2K9RFZ8	E2E2N3	28.000	249	814	595	1.103E-19	98
A0A2K9RFZ8	Q94G53	30.900	241	814	582	1.921E-19	97
A0A2K9RFZ8	R4JQT5	25.800	275	814	597	1.921E-19	97
A0A2K9RFZ8	A0A7G5KLV1	24.900	252	814	561	2.534E-19	97
A0A2K9RFZ8	R4JND9	25.800	275	814	597	2.534E-19	97
A0A2K9RFZ8	Q8GUE4	28.700	261	814	603	2.534E-19	97
A0A2K9RFZ8	J7LQ09	28.200	266	814	542	3.342E-19	96
A0A2K9RFZ8	Q9XJ32	28.700	268	814	556	3.342E-19	96
A0A2K9RFZ8	G5CV46	28.500	268	814	555	4.409E-19	96
A0A2K9RFZ8	B6SCF5	28.800	255	814	563	4.409E-19	96
A0A2K9RFZ8	Q5SBP0	26.400	250	814	601	5.817E-19	96
A0A2K9RFZ8	Q84LG0	28.200	264	814	548	7.674E-19	95
A0A2K9RFZ8	E2E2P1	26.900	249	814	601	7.674E-19	95
A0A2K9RFZ8	P59287	27.600	252	814	601	7.674E-19	95
A0A2K9RFZ8	Q8L5K4	28.000	253	814	600	1.012E-18	95
A0A2K9RFZ8	O65323	29.800	260	814	559	3.065E-18	93
A0A2K9RFZ8	G1JUH1	28.200	244	814	607	3.065E-18	93
A0A2K9RFZ8	Q5SBP4	28.300	253	814	541	5.333E-18	93
A0A2K9RFZ8	A0A4Y5QVX6	27.100	251	814	551	5.333E-18	93
A0A2K9RFZ8	A0A1V0E492	27.100	270	814	559	5.333E-18	93
A0A2K9RFZ8	Q39760	28.500	264	814	554	7.035E-18	92
A0A2K9RFZ8	Q6Q3H3	29.500	249	814	557	7.035E-18	92
A0A2K9RFZ8	O49853	28.500	264	814	554	9.280E-18	92
A0A2K9RFZ8	A0A1V0QSH2	29.000	245	814	561	9.280E-18	92
A0A2K9RFZ8	J9RLZ7	29.500	251	814	563	9.280E-18	92
A0A2K9RFZ8	B9S9Z3	24.000	333	814	558	1.614E-17	91
A0A2K9RFZ8	A0A4Y5L9K3	26.400	268	814	571	1.614E-17	91
A0A2K9RFZ8	Q9AR04	27.700	252	814	546	2.130E-17	91
A0A2K9RFZ8	Q43714	26.200	321	814	555	2.130E-17	91
A0A2K9RFZ8	Q5UB07	29.900	252	814	580	2.130E-17	91
A0A2K9RFZ8	O81191	31.100	226	814	591	2.130E-17	91
A0A2K9RFZ8	A0A6P6W6H5	27.900	241	814	606	2.130E-17	91
A0A2K9RFZ8	B1B1U3	27.900	277	814	548	2.809E-17	90
A0A2K9RFZ8	A0A1V0QSF3	27.100	251	814	551	2.809E-17	90
A0A2K9RFZ8	A0A4Y5QZ62	26.200	264	814	554	2.809E-17	90
A0A2K9RFZ8	Q6USK1	29.600	267	814	567	2.809E-17	90
A0A2K9RFZ8	A7IZZ2	29.000	245	814	615	2.809E-17	90
A0A2K9RFZ8	B2KSJ6	25.400	270	814	560	4.887E-17	89
A0A2K9RFZ8	A6XH05	31.500	226	814	591	4.887E-17	89
A0A2K9RFZ8	A4FVP2	29.400	245	814	565	8.501E-17	89
A0A2K9RFZ8	A0A4Y5QWA6	25.800	264	814	554	1.121E-16	88
A0A2K9RFZ8	Q39761	28.100	264	814	554	1.121E-16	88
A0A2K9RFZ8	H9L9E5	27.000	241	814	556	1.121E-16	88
A0A2K9RFZ8	Q672F7	26.300	270	814	595	2.572E-16	87
A0A2K9RFZ8	Q9LLR9	24.800	389	814	547	3.392E-16	87
A0A2K9RFZ8	R4YXW8	26.000	256	814	572	4.474E-16	86
A0A2K9RFZ8	I7GPX8	27.400	250	814	595	4.474E-16	86
A0A2K9RFZ8	R4YZC3	27.000	257	814	596	4.474E-16	86
A0A2K9RFZ8	J9R5V4	28.000	256	814	562	5.901E-16	86
A0A2K9RFZ8	A0A142BX70	28.100	252	814	548	7.782E-16	85
A0A2K9RFZ8	Q49SP3	28.200	260	814	552	7.782E-16	85
A0A2K9RFZ8	J7LP58	27.700	249	814	564	7.782E-16	85
A0A2K9RFZ8	A0A1V0QSF8	29.700	242	814	632	1.026E-15	85
A0A2K9RFZ8	Q5SBP6	26.800	274	814	546	1.353E-15	85
A0A2K9RFZ8	Q49SP5	25.200	260	814	554	1.353E-15	85
A0A2K9RFZ8	A7IZZ1	29.100	265	814	623	1.353E-15	85
A0A2K9RFZ8	A0A4Y5QWK5	29.100	242	814	633	1.353E-15	85
A0A2K9RFZ8	E2E2N4	26.400	274	814	554	1.785E-15	84
A0A2K9RFZ8	Q49SP7	27.500	263	814	545	2.354E-15	84
A0A2K9RFZ8	Q5GJ59	26.700	266	814	548	4.094E-15	83
A0A2K9RFZ8	D0VMR7	28.400	249	814	547	5.399E-15	83
A0A2K9RFZ8	U3LW50	25.900	256	814	555	5.399E-15	83
A0A2K9RFZ8	P0CJ43	26.300	245	814	589	5.399E-15	83
A0A2K9RFZ8	I6RAQ6	26.500	252	814	547	9.389E-15	82
A0A2K9RFZ8	A0A1V0QSG1	27.900	246	814	640	9.389E-15	82
A0A2K9RFZ8	Q9FXY7	26.800	252	814	577	2.153E-14	81
A0A2K9RFZ8	P0DI76	25.900	245	814	600	2.839E-14	80
A0A2K9RFZ8	P0DI77	25.900	245	814	600	2.839E-14	80
A0A2K9RFZ8	E2E2N7	25.900	241	814	555	3.744E-14	80
A0A2K9RFZ8	O23945	26.400	249	814	556	3.744E-14	80
A0A2K9RFZ8	Q84LB2	24.400	343	814	576	3.744E-14	80
A0A2K9RFZ8	D0VMR6	27.600	249	814	547	4.937E-14	79
A0A2K9RFZ8	Q49SP4	26.500	272	814	545	6.510E-14	79
A0A2K9RFZ8	Q0VHD6	24.900	276	814	550	6.510E-14	79
A0A2K9RFZ8	E2E2N5	24.200	274	814	554	6.510E-14	79
A0A2K9RFZ8	A0A1L2D3T3	25.600	257	814	563	6.510E-14	79
A0A2K9RFZ8	D0UZK2	25.100	267	814	548	8.584E-14	79
A0A2K9RFZ8	A0A1V0QSF4	28.300	252	814	615	8.584E-14	79
A0A2K9RFZ8	G8H5M7	25.900	268	814	544	1.132E-13	78
A0A2K9RFZ8	I6RE61	24.300	241	814	596	1.132E-13	78
A0A2K9RFZ8	Q5SBP5	26.700	241	814	540	1.492E-13	78
A0A2K9RFZ8	Q9FQ27	25.600	268	814	544	1.492E-13	78
A0A2K9RFZ8	A5Y5L5	26.500	236	814	610	1.492E-13	78
A0A2K9RFZ8	U3LVZ7	25.900	249	814	548	1.968E-13	78
A0A2K9RFZ8	F8UL80	25.100	261	814	559	1.968E-13	78
A0A2K9RFZ8	A0A1V0QSH1	28.600	238	814	594	1.968E-13	78
A0A2K9RFZ8	A0A1W6GW18	25.400	260	814	546	2.595E-13	77
A0A2K9RFZ8	Q94JS8	27.000	229	814	560	3.421E-13	77
A0A2K9RFZ8	F8UL81	24.400	309	814	548	4.511E-13	76
A0A2K9RFZ8	Q9LRZ6	25.200	245	814	598	4.511E-13	76
A0A2K9RFZ8	Q8SA63	24.100	309	814	548	5.948E-13	76
A0A2K9RFZ8	Q4U3F7	24.800	261	814	559	1.034E-12	75
A0A2K9RFZ8	Q9ZUH4	26.500	241	814	591	1.798E-12	74
A0A2K9RFZ8	A0A1W6GW32	25.000	260	814	546	2.370E-12	74
A0A2K9RFZ8	Q49SP6	25.700	272	814	554	2.370E-12	74
A0A2K9RFZ8	Q2NM15	26.400	266	814	533	4.121E-12	73
A0A2K9RFZ8	I6QPS5	27.700	252	814	549	4.121E-12	73
A0A2K9RFZ8	B0FGA9	25.000	261	814	559	7.163E-12	72
A0A2K9RFZ8	H2ELN1	25.800	236	814	522	9.444E-12	72
A0A2K9RFZ8	C7E5W0	26.100	266	814	533	9.444E-12	72
A0A2K9RFZ8	C7E5V9	26.400	266	814	533	1.642E-11	71
A0A2K9RFZ8	C7E5V7	26.400	266	814	534	1.642E-11	71
A0A2K9RFZ8	C7E5V8	26.100	266	814	533	3.762E-11	70
A0A2K9RFZ8	A0A0D4D912	24.200	261	814	559	4.959E-11	70
A0A2K9RFZ8	Q84ND0	26.200	225	814	581	1.801E-09	64
A0A2K9RFZ8	Q84NC9	26.200	225	814	584	1.801E-09	64
A0A2K9RFZ8	I1M2G5	21.900	274	814	534	3.121E-06	54
P0DQP1	P25239	21.200	429	1202	998	8.719E-06	53
A0A2S1WC15	I3PLQ7	99.400	339	339	339	2.972E-227	697
A0A2S1WC15	Q6WUC1	79.400	346	339	346	6.430E-183	569
A0A2S1WC15	Q5C9L7	58.900	350	339	350	1.621E-134	430
A0A2S1WC15	Q9LEL5	51.100	341	339	350	5.539E-109	356
A0A2S1WC15	Q7XB10	46.900	344	339	357	1.954E-102	337
A0A2S1WC15	Q7XB11	46.600	344	339	354	4.063E-100	330
A0A2S1WC15	Q93WU3	40.700	338	339	356	2.428E-75	258
A0A2S1WC15	Q6VMW0	38.500	352	339	366	1.160E-74	256
A0A2S1WC15	A0A0N9HMN6	41.300	345	339	372	5.542E-74	254
A0A2S1WC15	B6VJS4	39.800	342	339	357	9.247E-73	251
A0A2S1WC15	Q93WU2	39.700	339	339	357	3.230E-72	249
A0A2S1WC15	B0EXJ8	40.100	355	339	355	3.938E-71	246
A0A2S1WC15	B0ZB55	35.900	344	339	352	1.091E-68	239
A0A2S1WC15	I3PLQ6	37.100	346	339	356	5.202E-68	237
A0A2S1WC15	Q8GSN1	38.000	348	339	348	2.679E-65	229
A0A2S1WC15	Q8H9A8	35.700	335	339	351	4.441E-64	226
A0A2S1WC15	B0ZB56	35.600	344	339	360	8.288E-64	225
A0A2S1WC15	P0DH60	39.700	344	339	360	7.356E-63	222
A0A2S1WC15	Q29U70	38.400	348	339	364	1.372E-62	221
A0A2S1WC15	Q6WUC2	35.800	346	339	355	8.911E-62	219
A0A2S1WC15	Q84KK6	37.500	351	339	367	1.662E-61	218
A0A2S1WC15	Q84KK4	36.300	348	339	365	3.100E-61	217
A0A2S1WC15	Q9T003	35.600	358	339	382	5.783E-61	216
A0A2S1WC15	O24305	38.300	344	339	360	7.897E-61	216
A0A2S1WC15	A0A5A4PXL6	36.300	336	339	343	1.078E-60	216
A0A2S1WC15	Q84KK5	34.600	343	339	357	1.078E-60	216
A0A2S1WC15	P0DO86	35.200	339	339	363	1.078E-60	216
A0A2S1WC15	O22308	35.900	336	339	352	1.304E-59	213
A0A2S1WC15	O22309	35.900	336	339	352	1.304E-59	213
A0A2S1WC15	D3KY98	36.600	335	339	350	6.189E-59	211
A0A2S1WC15	D3KY99	37.100	329	339	350	2.150E-58	209
A0A2S1WC15	C6TAY1	33.000	343	339	358	6.599E-57	205
A0A2S1WC15	F2YTN5	34.900	343	339	355	6.175E-54	196
A0A2S1WC15	A0A3Q7GYG2	34.900	343	339	356	6.175E-54	196
A0A2S1WC15	K0II72	34.100	331	339	340	2.365E-49	183
A0A2S1WC15	K0I977	33.500	331	339	340	5.995E-49	181
A0A2S1WC15	Q8VWJ6	34.300	345	339	366	1.810E-47	177
A0A2S1WC15	Q6VMV8	34.000	334	339	343	8.511E-47	175
A0A2S1WC15	Q9FK25	32.900	314	339	363	8.511E-47	175
A0A2S1WC15	O81646	34.700	312	339	359	1.877E-45	171
A0A2S1WC15	Q6EPG8	32.300	344	339	364	1.877E-45	171
A0A2S1WC15	Q9FQY8	34.500	311	339	359	3.484E-45	170
A0A2S1WC15	Q6VMW1	31.900	341	339	344	4.746E-45	170
A0A2S1WC15	Q6VMW2	31.100	334	339	344	6.466E-45	169
A0A2S1WC15	Q8VWG4	32.600	357	339	366	1.043E-43	166
A0A2S1WC15	Q42653	31.900	311	339	343	1.420E-43	166
A0A2S1WC15	Q9XGW0	33.200	311	339	361	1.934E-43	165
A0A2S1WC15	Q8W013	34.000	311	339	363	6.649E-43	164
A0A2S1WC15	Q38J50	33.100	327	339	356	9.053E-43	163
A0A2S1WC15	Q8LL87	34.000	311	339	350	1.233E-42	163
A0A2S1WC15	A0A4P8DY91	32.700	333	339	364	1.233E-42	163
A0A2S1WC15	Q43046	32.400	327	339	365	1.678E-42	162
A0A2S1WC15	Q6T1F5	32.500	333	339	365	2.284E-42	162
A0A2S1WC15	Q00763	32.400	327	339	365	3.110E-42	162
A0A2S1WC15	Q43239	32.600	332	339	354	7.845E-42	160
A0A2S1WC15	Q43047	31.500	327	339	364	1.453E-41	160
A0A2S1WC15	P28002	31.300	316	339	365	1.453E-41	160
A0A2S1WC15	O04385	29.600	355	339	368	1.978E-41	159
A0A2S1WC15	O82054	32.300	329	339	362	2.692E-41	159
A0A2S1WC15	Q9XGV9	32.500	311	339	361	4.986E-41	158
A0A2S1WC15	Q41086	31.200	327	339	364	4.986E-41	158
A0A2S1WC15	Q8GU25	31.400	316	339	365	4.986E-41	158
A0A2S1WC15	Q43609	32.400	327	339	365	4.986E-41	158
A0A2S1WC15	P46484	31.700	316	339	366	7.971E-40	154
A0A2S1WC15	A8J6X1	31.500	314	339	359	2.007E-39	153
A0A2S1WC15	Q06509	29.100	355	339	364	1.270E-38	151
A0A2S1WC15	A0A166U5H3	31.800	314	339	359	1.727E-38	151
A0A2S1WC15	M9Z1G5	31.200	334	339	361	1.727E-38	151
A0A2S1WC15	A0A3Q7HYF0	30.600	334	339	361	5.067E-37	146
A0A2S1WC15	A0A088MF62	29.500	336	339	362	5.067E-37	146
A0A2S1WC15	Q6ZD89	29.900	335	339	368	1.478E-35	142
A0A2S1WC15	A0AA51VIL7	27.900	334	339	367	2.008E-35	141
A0A2S1WC15	P45986	30.600	328	339	365	5.032E-35	140
A0A2S1WC15	A8QW52	29.400	336	339	376	9.282E-35	139
A0A2S1WC15	F2YTN4	28.900	336	339	362	1.712E-34	139
A0A2S1WC15	Q0IP69	30.100	345	339	375	3.156E-34	138
A0A2S1WC15	Q9SWC2	30.400	297	339	313	4.286E-34	138
A0A2S1WC15	A0AA51VIL5	29.500	333	339	353	1.235E-32	133
A0A2S1WC15	P93324	29.200	318	339	372	1.235E-32	133
A0A2S1WC15	Q96565	25.500	338	339	376	5.675E-32	131
A0A2S1WC15	B8RCD3	27.600	351	339	358	2.193E-30	126
A0A2S1WC15	I1M2U5	28.600	352	339	355	1.841E-29	124
A0A2S1WC15	A9X7L0	26.400	329	339	364	2.085E-28	121
A0A2S1WC15	Q9SCP7	29.000	328	339	359	7.003E-28	119
A0A2S1WC15	Q39522	28.200	323	339	381	1.283E-27	118
A0A2S1WC15	I3V6A7	30.400	322	339	390	1.736E-27	118
A0A2S1WC15	P42712	25.700	335	339	376	1.065E-26	115
A0A2S1WC15	Q6K9X3	28.700	312	339	365	1.788E-24	109
A0A2S1WC15	Q92056	23.000	324	339	346	1.047E-20	97
A0A2S1WC15	Q9X5T6	24.200	300	339	349	1.621E-18	91
A0A2S1WC15	P16559	24.400	297	339	494	7.094E-18	89
A0A2S1WC15	D3KU67	22.800	255	339	387	1.805E-16	84
A0A2S1WC15	D3KU66	22.500	255	339	387	5.831E-16	83
A0A2S1WC15	Q06528	22.800	306	339	356	1.403E-15	81
A0A2S1WC15	Q55216	22.600	306	339	356	1.880E-15	81
A0A2S1WC15	Q9UQY0	23.600	311	339	386	2.597E-14	78
A0A2S1WC15	Q8KGE0	25.400	300	339	338	4.739E-13	74
A0A2S1WC15	B9WZX2	26.700	179	339	342	1.129E-12	72
A0A2S1WC15	A1DA61	25.600	179	339	411	1.508E-12	72
A0A2S1WC15	A0A067Z9B6	30.100	169	339	400	4.789E-12	70
A0A2S1WC15	P55790	24.100	303	339	418	6.390E-12	70
A0A2S1WC15	Q12120	24.400	303	339	418	8.526E-12	70
A0A2S1WC15	P54906	22.200	320	339	379	1.137E-11	69
A0A2S1WC15	P9WEP8	29.400	136	339	204	2.024E-11	68
A0A2S1WC15	Q0CCY5	24.700	182	339	486	2.686E-10	65
A0A2S1WC15	K4RFM2	21.600	315	339	347	4.764E-10	64
A0A2S1WC15	Q84HC8	22.600	304	339	332	1.497E-09	63
A0A2S1WC15	Q4WQZ7	24.100	182	339	482	1.992E-09	62
A0A2S1WC15	D3H5H5	21.100	347	339	467	1.901E-07	56
